cell_id,seed_x,seed_y,centroid_x,centroid_y,centroid_lat,centroid_lon,area_px,mean_elevation_m,min_elevation_m,max_elevation_m,mean_slope_deg,ruggedness_m,coast_distance_px,coast_distance_km,traversal_score,traversal_profile
0,19,18,16.81,18.39,24.393777,45.100419,1017,-5.44,-61.87,86.44,25.86,65.4,9.9,17.32,60.76,moderate
1,55,9,53.26,13.15,24.476771,45.677402,939,89.48,-61.24,223.22,34.21,93.97,18.19,31.84,58.21,moderate
2,84,16,84.69,16.37,24.425748,46.174972,1060,213.59,-12.88,339.57,39.27,128.32,18.84,32.98,56.09,rough
3,118,16,115.46,16.28,24.427127,46.66219,866,342.27,249.01,431.83,29.18,82.6,29.87,52.28,55.96,rough
4,138,12,143.46,15.22,24.443975,47.105387,979,293.6,221.79,401.45,30.91,77.53,53.88,94.3,54.61,rough
5,179,12,176.75,15.2,24.444292,47.632363,1139,279.69,213.87,348.8,29.02,67.63,84.76,148.33,52.65,rough
6,210,15,209.11,16.15,24.429172,48.144744,1009,274.41,194.18,337.91,24.98,59.81,115.45,202.03,54.24,rough
7,235,23,235.74,21.2,24.349292,48.566261,1134,246.05,183.33,326.27,26.28,61.04,140.39,245.68,52.71,rough
8,267,23,268.9,19.49,24.376322,49.091253,1446,220.43,154.53,328.51,22.44,57.88,167.48,293.09,58.88,moderate
9,309,9,303.25,13.1,24.477513,49.635114,919,152.54,122.5,191.02,19.6,44.74,179.15,313.51,64.52,moderate
10,330,8,333.73,11.76,24.498725,50.117568,685,157.34,121.71,188.59,21.48,46.94,183.73,321.53,61.29,moderate
11,365,7,364.42,11.71,24.499494,50.603459,850,169.0,135.83,214.21,18.77,40.16,179.8,314.65,65.94,moderate
12,397,17,395.28,16.51,24.42356,51.092035,988,181.16,139.22,206.78,12.72,28.55,165.13,288.98,76.27,easy
13,427,7,426.96,10.59,24.517303,51.593543,736,189.38,165.34,226.81,15.53,34.08,165.96,290.44,71.37,moderate
14,460,6,462.78,12.9,24.480665,52.160519,1039,204.05,175.06,229.4,13.38,28.88,164.09,287.17,75.01,easy
15,500,24,497.86,18.36,24.39418,52.715848,967,217.97,177.48,243.8,15.99,34.85,164.56,287.98,70.39,moderate
16,524,11,525.51,12.47,24.487409,53.153607,901,232.36,192.33,288.99,20.34,44.33,160.33,280.58,62.75,moderate
17,560,6,557.69,10.24,24.522822,53.663109,692,279.29,244.48,310.11,18.68,40.75,145.54,254.69,65.3,moderate
18,584,17,586.99,17.7,24.404678,54.126979,1096,302.88,261.89,333.91,18.02,40.49,128.28,224.49,66.23,moderate
19,622,10,622.7,15.37,24.441551,54.692322,1233,335.58,271.69,396.86,23.05,53.32,126.13,220.73,57.23,rough
20,660,6,659.32,12.9,24.480675,55.272014,1033,405.62,328.88,458.17,21.56,49.03,134.07,234.63,59.37,moderate
21,693,24,692.75,20.21,24.36489,55.801193,901,459.41,432.59,492.2,12.76,28.35,140.87,246.52,74.29,easy
22,716,9,716.45,12.38,24.488912,56.176379,818,470.27,450.08,492.9,12.9,28.91,160.48,280.83,73.96,easy
23,746,7,748.85,12.46,24.487647,56.689317,924,439.56,398.6,481.43,18.07,40.26,178.58,312.51,65.22,moderate
24,787,12,782.49,16.77,24.419375,57.221833,1129,430.91,379.06,468.81,18.15,40.65,182.75,319.82,65.14,moderate
25,811,13,812.17,15.5,24.439458,57.691674,881,433.06,401.38,460.98,10.46,23.09,193.62,338.84,78.46,easy
26,842,15,843.2,15.56,24.438622,58.183046,1096,409.04,290.48,459.05,16.69,40.69,205.37,359.39,67.7,moderate
27,876,23,875.61,20.05,24.367473,58.696006,1261,345.51,290.52,409.83,24.1,58.09,216.22,378.39,55.26,rough
28,908,21,907.87,17.41,24.409208,59.206737,1153,275.69,222.3,327.11,18.2,41.69,236.6,414.06,66.09,moderate
29,938,21,941.68,18.05,24.399155,59.742076,1355,285.16,201.77,412.12,29.7,83.56,256.88,449.53,51.64,rough
30,984,16,979.5,15.27,24.443217,60.340793,1168,380.97,314.07,643.84,29.18,108.8,283.41,495.97,50.09,rough
31,1009,19,1012.55,19.22,24.380561,60.863981,1196,366.3,297.84,566.84,26.34,76.11,304.07,532.12,51.34,rough
32,1047,6,1043.22,11.04,24.510106,61.34955,795,316.71,282.44,368.26,13.93,37.04,332.5,581.87,73.03,easy
33,1069,19,1072.34,18.87,24.386153,61.81055,1154,353.59,276.8,511.14,37.44,120.14,350.73,613.77,49.87,rough
34,1110,12,1107.64,13.34,24.473763,62.369382,1039,417.24,315.2,774.11,48.02,174.51,382.94,670.14,47.51,rough
35,1140,18,1139.58,18.37,24.394079,62.874917,1010,342.58,150.44,634.91,64.5,301.46,407.09,712.4,43.54,rough
36,1166,16,1166.94,17.39,24.40962,63.308055,1006,558.52,287.23,890.86,64.7,316.26,427.21,747.62,41.52,severe
37,1196,9,1197.72,13.73,24.467585,63.795441,1008,1141.73,645.82,1659.25,67.69,392.83,419.31,733.78,34.77,severe
38,1233,19,1232.68,17.53,24.407368,64.348877,1304,1624.57,1122.5,2009.13,68.47,428.08,384.51,672.9,30.18,severe
39,1272,14,1269.86,15.01,24.447296,64.93749,1032,1369.5,772.19,2091.67,77.12,753.82,347.29,607.75,20.43,extreme
40,1299,10,1301.48,14.24,24.459452,65.437942,938,1590.35,1064.94,2143.26,76.8,614.86,315.66,552.41,23.82,extreme
41,1335,9,1330.93,14.39,24.45708,65.904233,839,1351.01,994.32,1713.64,71.83,484.31,286.24,500.92,30.09,severe
42,1355,13,1358.46,17.61,24.406026,66.340099,1064,1098.98,772.65,1549.77,69.24,476.59,258.83,452.96,32.11,severe
43,1394,9,1393.91,11.3,24.506015,66.901262,961,1292.34,1023.07,1725.69,68.77,360.87,223.2,390.6,34.86,severe
44,1429,23,1430.15,17.05,24.414958,67.474976,1030,1205.66,963.7,1540.57,61.94,283.32,187.24,327.67,38.2,severe
45,1461,20,1460.62,17.24,24.411891,67.957336,1126,1197.26,945.71,1580.14,67.47,366.79,156.86,274.51,35.31,severe
46,1493,13,1491.96,15.74,24.435721,68.453553,1015,990.79,705.24,1448.4,68.14,380.09,125.57,219.74,36.27,severe
47,1520,17,1521.18,17.02,24.415519,68.916131,1063,1044.52,756.5,1713.48,64.1,338.11,96.57,169.0,37.38,severe
48,1553,21,1553.43,17.45,24.408641,69.426662,1168,1038.11,691.37,1699.35,73.13,587.56,64.7,113.23,30.57,severe
49,1590,7,1584.8,11.27,24.506521,69.923272,735,1307.47,817.21,1853.47,73.92,606.27,33.08,57.9,30.5,severe
50,1608,15,1612.27,18.26,24.395857,70.358034,1066,783.9,-27.94,1669.16,81.9,1078.15,13.75,24.06,28.07,severe
51,1651,8,1646.56,10.8,24.513913,70.90092,774,380.47,-57.85,1293.31,76.63,660.95,9.48,16.59,36.82,severe
52,1676,22,1675.16,21.75,24.340536,71.353717,837,625.43,-53.32,1964.83,76.96,798.67,9.96,17.43,30.22,severe
53,1696,18,1693.07,17.99,24.400015,71.637322,536,518.95,-58.52,1954.29,77.31,1019.38,7.63,13.35,30.38,severe
54,17,47,14.08,50.32,23.888261,45.05726,1036,17.82,-61.85,97.48,24.77,63.2,12.74,22.29,62.26,moderate
55,53,49,53.92,45.72,23.961098,45.687899,1084,59.53,-60.38,211.65,37.77,106.58,15.3,26.78,58.2,moderate
56,88,48,85.12,50.87,23.879533,46.181909,952,127.67,-61.09,337.44,44.66,150.84,12.48,21.85,56.38,rough
57,109,47,109.39,46.76,23.944601,46.566025,772,124.34,-50.93,384.3,53.0,253.78,14.51,25.39,52.61,rough
58,134,51,137.81,48.91,23.910519,47.015935,1053,245.01,3.34,443.09,49.82,190.16,40.93,71.63,51.97,rough
59,174,51,170.97,46.85,23.943154,47.540908,1075,287.43,71.65,446.7,46.62,163.93,73.52,128.65,50.07,rough
60,201,54,204.54,50.53,23.885007,48.072309,1055,335.08,238.4,391.44,31.99,78.89,106.96,187.18,51.46,rough
61,243,55,242.17,54.11,23.82819,48.668131,1087,307.57,243.81,364.99,23.98,55.96,138.25,241.94,55.8,rough
62,276,54,275.87,50.29,23.888712,49.201626,815,243.62,170.05,330.09,30.44,78.17,142.93,250.13,52.12,rough
63,309,48,307.02,47.39,23.934584,49.694644,999,161.06,81.4,206.7,24.22,57.31,145.1,253.92,56.38,rough
64,329,40,332.57,42.14,24.017776,50.099185,1069,134.1,73.47,174.5,22.15,52.12,153.83,269.19,60.17,moderate
65,364,43,364.66,45.23,23.968812,50.607262,1485,135.14,103.35,168.23,13.59,29.88,148.85,260.49,75.11,easy
66,408,41,405.22,46.47,23.949209,51.24936,1224,168.33,140.25,197.32,14.24,30.12,133.73,234.04,73.8,easy
67,434,38,437.63,38.41,24.076855,51.762481,1114,177.1,153.76,207.2,14.49,30.75,137.75,241.07,73.3,easy
68,471,56,467.59,50.43,23.886589,52.236704,866,195.74,165.43,221.57,13.57,29.16,127.39,222.93,74.74,easy
69,492,40,490.79,41.9,24.021612,52.603942,894,210.28,164.51,239.96,15.59,32.79,140.52,245.92,71.17,moderate
70,527,45,525.61,45.67,23.961925,53.155149,974,249.92,217.33,284.04,14.9,31.77,134.69,235.7,72.08,easy
71,553,40,554.06,40.53,24.043203,53.605547,1069,282.88,227.51,323.37,17.11,40.53,121.06,211.85,67.87,moderate
72,585,50,584.13,48.57,23.916009,54.081632,960,277.79,238.74,322.57,18.84,43.95,100.03,175.05,64.93,moderate
73,616,53,617.0,47.55,23.932097,54.60201,1039,330.58,263.81,415.02,26.85,67.72,94.01,164.51,51.89,rough
74,650,56,649.79,53.49,23.838046,55.121138,1389,420.64,351.72,492.8,28.01,65.06,92.68,162.2,51.36,rough
75,682,40,679.73,43.85,23.990736,55.595055,1114,470.38,425.07,522.81,18.87,42.38,114.07,199.63,63.61,moderate
76,719,48,716.81,46.52,23.948501,56.182054,980,474.62,449.23,508.49,17.24,36.68,134.71,235.75,66.47,moderate
77,745,45,749.69,43.95,23.989046,56.702573,1332,470.39,379.4,528.09,22.19,54.07,149.81,262.17,57.71,rough
78,790,56,787.38,49.4,23.902821,57.2993,1038,419.71,380.06,479.8,20.32,45.68,153.22,268.13,61.45,moderate
79,821,48,820.52,48.2,23.921847,57.823965,1126,436.45,398.11,466.73,15.35,32.9,166.49,291.36,70.0,moderate
80,851,51,851.85,47.76,23.928793,58.31995,880,421.0,373.78,470.96,15.83,37.61,180.32,315.56,69.14,moderate
81,885,56,883.22,55.77,23.801925,58.816485,788,352.88,288.48,395.69,23.23,53.8,191.16,334.53,56.81,rough
82,904,50,906.58,50.83,23.880151,59.186346,867,288.61,228.47,347.08,23.12,57.27,209.44,366.53,57.31,rough
83,937,53,937.08,53.33,23.840603,59.669141,1091,232.17,184.1,397.03,28.45,80.96,226.7,396.73,52.1,rough
84,973,48,971.1,46.0,23.956718,60.207804,1069,381.42,329.69,474.43,20.65,62.4,255.53,447.17,60.57,moderate
85,1004,55,1006.04,53.25,23.841851,60.760927,1091,399.13,313.42,499.84,34.15,96.84,277.1,484.92,50.38,rough
86,1045,47,1042.43,47.07,23.939684,61.336976,1343,274.72,233.29,419.34,19.23,56.07,310.09,542.66,63.88,moderate
87,1075,54,1073.86,52.92,23.847135,61.834512,906,357.43,243.05,562.9,46.64,168.19,333.24,583.17,48.15,rough
88,1103,45,1102.12,44.76,23.976232,62.281912,1028,425.92,229.07,866.81,58.64,269.86,361.8,633.16,44.08,rough
89,1130,50,1132.26,47.68,23.929991,62.759009,935,422.72,158.22,889.27,63.89,337.34,383.61,671.31,41.71,severe
90,1175,52,1172.87,51.55,23.868873,63.401954,1295,728.17,364.43,1169.17,66.36,338.22,401.09,701.91,39.57,severe
91,1205,51,1205.72,49.71,23.897887,63.92207,1224,1200.69,730.78,1869.28,73.58,575.6,408.36,714.63,27.9,severe
92,1240,50,1237.34,52.05,23.860902,64.422662,965,1568.78,1094.52,2011.47,74.23,586.61,382.1,668.68,24.96,extreme
93,1262,45,1264.99,45.34,23.967103,64.860341,1008,1571.8,874.03,2046.78,76.06,619.82,353.92,619.36,23.77,extreme
94,1299,49,1296.64,47.26,23.936644,65.361306,1139,1531.29,1094.15,2105.8,75.34,613.2,322.68,564.68,24.28,extreme
95,1326,53,1329.25,48.92,23.910511,65.877687,1165,1457.25,943.1,1900.61,72.43,504.1,290.54,508.44,28.65,severe
96,1368,54,1366.94,50.73,23.881751,66.474292,1066,1145.39,851.76,1509.48,65.38,351.89,253.55,443.72,36.2,severe
97,1394,41,1392.88,41.97,24.020474,66.884958,1064,1346.64,855.11,1730.97,68.95,384.61,226.65,396.64,33.65,severe
98,1421,38,1421.91,42.0,24.019983,67.344515,841,1326.92,1009.23,1635.59,65.08,338.29,197.89,346.31,35.42,severe
99,1460,50,1454.26,50.06,23.892401,67.856728,865,1125.7,827.24,1535.56,63.79,349.35,167.79,293.64,36.42,severe
100,1478,51,1484.33,50.7,23.882322,68.332709,1081,1154.27,810.22,1612.52,72.62,512.85,139.13,243.48,30.44,severe
101,1524,51,1521.03,50.96,23.878091,68.913727,1322,971.3,706.18,1387.69,70.75,433.25,104.79,183.38,34.52,severe
102,1559,45,1556.56,46.6,23.947201,69.476207,780,1143.06,774.56,1635.9,75.52,566.1,71.11,124.44,30.11,severe
103,1580,47,1581.84,43.96,23.988961,69.876417,841,1174.17,482.56,1679.5,73.9,602.55,49.47,86.58,30.28,severe
104,1606,55,1607.15,51.25,23.873533,70.277066,901,1227.48,358.43,1712.21,77.37,769.72,42.48,74.34,24.55,extreme
105,1645,40,1642.71,40.35,24.046088,70.840041,1228,956.76,170.87,1795.28,78.26,812.59,21.88,38.28,26.51,severe
106,1676,56,1674.9,55.64,23.804089,71.349574,866,1353.65,84.63,2183.01,80.79,1114.5,18.56,32.48,23.76,extreme
107,1701,53,1697.02,51.96,23.862327,71.699819,581,426.74,-60.95,1746.92,75.77,947.81,8.77,15.35,30.93,severe
108,23,87,18.69,83.09,23.369475,45.130256,1013,-4.37,-63.18,107.58,27.95,81.23,12.33,21.58,59.77,moderate
109,47,72,46.84,72.18,23.542245,45.575865,840,97.52,-45.83,232.05,33.89,90.85,23.19,40.58,57.88,rough
110,76,86,78.72,83.38,23.364974,46.080568,1125,261.56,151.86,383.25,27.65,71.72,34.38,60.16,56.55,rough
111,120,78,116.15,80.45,23.411336,46.673019,1169,316.39,41.18,445.21,41.22,132.76,39.36,68.88,53.62,rough
112,148,81,148.7,80.04,23.417806,47.188428,872,350.31,84.01,460.35,43.77,147.62,61.18,107.06,51.17,rough
113,176,75,174.65,79.08,23.433025,47.599139,823,300.74,169.85,411.33,41.45,117.57,83.61,146.31,50.83,rough
114,198,77,200.84,80.43,23.411564,48.013868,877,331.92,234.0,412.09,31.25,86.56,108.51,189.89,51.21,rough
115,236,82,235.05,82.4,23.380487,48.555325,1121,343.99,286.19,415.74,26.34,62.24,120.11,210.19,51.99,rough
116,279,71,274.01,75.51,23.489515,49.172179,734,244.96,100.84,345.72,39.54,107.63,118.1,206.67,51.07,rough
117,296,75,298.99,77.16,23.463343,49.567605,824,120.34,39.07,219.33,34.62,85.81,114.99,201.23,52.7,rough
118,328,88,330.3,84.89,23.341067,50.06327,1403,110.47,35.16,147.39,15.15,35.38,112.06,196.1,72.5,easy
119,373,83,367.24,80.43,23.411596,50.648067,1195,142.56,108.65,169.21,10.34,22.77,116.16,203.28,80.67,easy
120,390,87,395.1,81.26,23.398483,51.089186,948,151.16,99.14,187.25,11.94,28.87,103.9,181.82,77.76,easy
121,438,74,435.29,75.84,23.484208,51.725336,1488,181.93,150.79,211.38,11.39,24.53,100.59,176.03,78.61,easy
122,471,71,467.9,78.03,23.44957,52.241663,796,183.13,149.98,217.15,12.13,27.84,100.13,175.23,77.26,easy
123,492,78,493.5,81.81,23.389784,52.646904,1161,193.56,145.28,234.9,13.46,30.96,103.05,180.34,74.87,easy
124,525,76,524.25,76.22,23.478261,53.13363,1059,233.34,189.04,268.2,15.15,33.07,113.25,198.19,71.74,moderate
125,556,81,556.48,80.36,23.412746,53.643962,1158,258.67,199.84,299.0,18.84,44.39,89.06,155.86,65.12,moderate
126,588,75,587.0,79.03,23.433819,54.127048,987,295.92,221.39,329.39,21.63,53.08,71.22,124.63,61.33,moderate
127,616,75,619.17,78.27,23.445733,54.636438,1030,291.17,57.92,493.67,49.57,177.06,63.63,111.35,50.34,rough
128,663,88,658.57,86.12,23.321564,55.260078,1126,432.58,284.82,499.15,36.08,95.97,67.06,117.36,51.97,rough
129,695,82,694.05,79.92,23.41972,55.821795,1048,477.02,397.78,538.47,28.01,69.37,95.81,167.67,50.81,rough
130,719,75,719.86,76.72,23.470342,56.230351,887,492.48,411.73,574.37,34.94,89.1,113.81,199.16,50.01,rough
131,747,82,750.31,82.85,23.373229,56.712462,1319,506.62,443.13,584.31,29.72,75.1,111.7,195.48,50.41,rough
132,788,70,783.57,75.83,23.484493,57.239029,1008,461.47,405.75,550.36,31.66,77.59,127.15,222.51,50.63,rough
133,812,87,812.01,84.56,23.346242,57.689209,994,426.54,367.84,486.43,28.93,70.07,129.72,227.02,51.14,rough
134,851,73,847.57,75.63,23.487664,58.252152,955,436.65,392.87,474.64,15.95,38.78,154.27,269.98,68.79,moderate
135,876,80,878.01,82.73,23.375208,58.734108,962,380.84,321.51,417.52,21.45,47.47,166.77,291.85,59.79,moderate
136,917,87,917.26,85.8,23.326548,59.355352,1169,241.56,187.87,329.59,24.92,61.81,189.49,331.6,54.5,rough
137,951,83,949.29,82.23,23.383147,59.862499,942,237.52,180.62,502.77,34.65,119.23,214.89,376.06,50.71,rough
138,979,75,980.86,77.3,23.461118,60.362308,967,455.65,212.13,622.73,48.89,168.22,242.52,424.41,47.47,rough
139,1015,83,1012.2,83.79,23.358473,60.858399,999,294.18,157.16,482.94,37.84,128.47,264.56,462.98,49.99,rough
140,1037,87,1041.27,85.61,23.329547,61.318561,1111,214.34,157.33,310.79,21.73,59.1,288.76,505.33,60.06,moderate
141,1080,78,1077.63,81.39,23.396351,61.894284,1137,292.65,226.02,450.45,34.76,111.84,322.61,564.58,50.59,rough
142,1108,85,1107.52,83.69,23.35992,62.367483,939,526.44,175.91,811.12,65.21,361.21,341.28,597.24,40.15,severe
143,1135,71,1137.78,73.57,23.520147,62.8465,1010,309.96,127.72,617.72,54.38,223.01,365.1,638.93,46.54,rough
144,1169,87,1168.09,84.15,23.352662,63.326256,1034,605.47,277.58,975.27,61.58,277.6,369.9,647.33,42.56,rough
145,1205,88,1200.12,85.41,23.332687,63.833369,808,1048.53,622.68,1768.0,73.25,542.72,384.48,672.83,30.12,severe
146,1222,87,1226.37,84.66,23.344568,64.248969,905,1510.45,934.61,2002.58,74.96,591.36,392.51,686.89,25.2,extreme
147,1259,81,1261.07,80.87,23.404692,64.798277,1316,1634.34,1111.14,2077.48,68.24,433.38,363.04,635.32,29.93,severe
148,1303,79,1297.87,79.12,23.432365,65.380851,956,1386.65,984.97,1823.75,72.79,487.28,326.64,571.62,29.74,severe
149,1324,80,1326.52,80.13,23.416394,65.834347,732,1296.0,1076.67,1606.45,61.55,271.32,298.92,523.11,38.0,severe
150,1359,74,1356.68,75.24,23.493777,66.311823,883,1128.2,914.85,1359.88,61.0,273.96,268.5,469.88,39.07,severe
151,1388,88,1390.13,85.64,23.32906,66.841458,1016,991.87,783.26,1438.88,61.2,303.03,239.36,418.88,38.99,severe
152,1419,74,1420.48,73.63,23.519253,67.321805,1326,1237.3,786.29,1754.69,68.06,398.23,206.83,361.95,33.92,severe
153,1460,78,1457.08,77.22,23.462376,67.901306,881,1338.9,815.33,1701.64,71.48,476.26,173.64,303.87,30.46,severe
154,1486,88,1488.26,82.95,23.371766,68.394836,853,1390.43,764.77,1732.07,73.14,515.85,148.16,259.28,28.7,severe
155,1522,85,1519.23,82.75,23.374945,68.885267,950,1085.18,744.39,1524.63,74.73,539.51,122.2,213.85,29.98,severe
156,1550,77,1550.16,76.18,23.478947,69.3748,916,1192.8,777.92,1698.9,73.07,513.7,94.43,165.25,30.15,severe
157,1581,76,1583.03,77.93,23.451113,69.89521,1030,1398.25,897.94,1835.68,73.45,517.1,76.24,133.42,29.67,severe
158,1619,71,1620.91,75.21,23.494252,70.494806,1158,1284.09,671.74,1742.56,71.66,511.72,59.09,103.41,31.99,severe
159,1656,76,1653.98,75.96,23.482339,71.018404,1012,1132.24,417.09,1770.04,78.29,789.21,40.12,70.21,24.7,extreme
160,1688,88,1684.89,87.76,23.295522,71.507789,799,590.27,49.76,1555.04,77.13,760.32,22.05,38.6,30.88,severe
161,1707,84,1703.56,86.93,23.308742,71.803319,357,5.13,-61.62,369.81,49.35,270.2,5.47,9.58,53.55,rough
162,14,112,13.81,119.64,22.790935,45.05298,719,74.6,-64.25,315.38,53.84,203.9,8.4,14.71,55.19,rough
163,48,103,49.34,107.29,22.986383,45.615363,1039,79.6,-61.36,181.2,40.28,132.6,11.18,19.56,57.46,rough
164,82,112,82.63,113.25,22.89198,46.142382,1127,258.52,72.21,398.51,34.55,96.11,36.3,63.52,55.56,rough
165,118,118,116.37,115.76,22.852311,46.676525,1069,343.19,286.48,418.53,32.61,79.53,56.52,98.9,53.99,rough
166,147,108,148.89,109.16,22.956771,47.191411,1061,418.67,347.88,467.12,27.52,65.17,76.39,133.68,52.43,rough
167,183,119,181.41,119.11,22.79925,47.70625,1214,355.43,234.88,463.19,32.89,88.37,92.29,161.5,50.98,rough
168,208,112,210.42,111.42,22.921033,48.165415,1130,243.98,161.53,378.76,41.4,116.03,105.03,183.79,50.78,rough
169,248,110,243.44,111.87,22.913861,48.688227,789,278.8,150.36,355.21,32.85,88.0,90.57,158.5,51.53,rough
170,262,106,266.03,102.49,23.062373,49.045879,817,291.47,169.96,363.03,29.48,88.82,92.82,162.44,51.41,rough
171,297,111,299.09,111.54,22.919095,49.569192,1259,43.32,-0.06,227.9,22.19,65.82,80.88,141.54,60.96,moderate
172,340,117,338.95,115.52,22.856067,50.200206,1120,65.6,9.45,124.35,14.08,34.94,86.65,151.64,74.85,easy
173,375,118,372.63,115.42,22.857598,50.733448,843,77.41,38.15,126.1,15.86,37.58,83.18,145.57,72.0,easy
174,402,105,406.87,105.64,23.0125,51.275444,1022,121.99,65.13,178.76,13.56,32.12,77.01,134.76,76.18,easy
175,439,117,435.18,112.71,22.900589,51.723684,935,115.53,69.53,161.45,12.37,29.27,63.7,111.47,79.32,easy
176,457,119,461.85,111.92,22.913027,52.14585,940,116.39,63.29,165.74,15.82,36.63,65.82,115.18,73.19,easy
177,504,120,499.81,117.49,22.824853,52.746704,1156,146.48,95.73,184.43,12.12,30.5,73.35,128.37,78.72,easy
178,528,110,528.4,109.12,22.95734,53.199321,990,177.04,141.5,231.3,15.9,37.07,90.37,158.14,70.75,moderate
179,557,115,557.49,112.05,22.910988,53.65995,881,220.78,157.72,269.47,16.64,43.49,69.06,120.85,70.61,moderate
180,591,118,590.21,115.38,22.858286,54.177955,1044,204.48,72.69,276.52,30.96,80.69,40.79,71.38,56.13,rough
181,618,110,621.59,108.04,22.974459,54.674652,1213,160.75,-5.47,457.68,52.58,202.93,34.71,60.74,52.58,rough
182,663,119,658.65,118.08,22.815517,55.261336,869,389.32,270.73,490.19,42.2,132.01,44.59,78.03,52.74,rough
183,679,103,683.46,104.69,23.027613,55.654079,734,439.69,284.5,524.51,38.75,112.9,72.06,126.11,50.93,rough
184,721,117,719.2,114.41,22.873672,56.219983,1202,484.38,380.65,556.0,31.84,82.76,78.34,137.09,51.2,rough
185,752,119,752.59,116.55,22.839756,56.748525,977,494.17,397.99,567.28,33.13,82.1,78.94,138.14,51.11,rough
186,781,120,782.14,115.36,22.858633,57.21638,1205,438.58,395.05,520.55,28.5,72.3,89.9,157.33,50.98,rough
187,818,105,819.07,107.63,22.981011,57.801025,957,431.1,328.98,489.45,29.56,72.6,112.22,196.39,51.02,rough
188,853,110,851.4,107.1,22.989362,58.312818,926,432.98,353.38,484.05,20.19,48.09,131.23,229.66,61.48,moderate
189,878,118,877.81,117.45,22.825477,58.730883,820,341.99,258.84,408.36,24.27,62.83,139.47,244.06,54.84,rough
190,902,110,904.6,110.86,22.929851,59.154946,1019,249.16,167.98,372.99,30.24,72.33,162.81,284.91,52.29,rough
191,947,119,942.54,119.01,22.800911,59.755678,1097,232.88,158.59,423.08,36.73,122.45,187.1,327.42,50.63,rough
192,966,105,971.85,107.0,22.99091,60.219558,1067,205.23,155.97,399.79,33.29,127.52,218.14,381.74,50.64,rough
193,1011,119,1006.76,117.42,22.825934,60.77222,1264,304.42,156.02,635.99,53.17,267.09,243.53,426.17,45.02,rough
194,1042,118,1039.7,115.22,22.860888,61.293789,687,193.2,156.07,409.23,22.86,87.26,274.29,480.0,57.33,rough
195,1065,118,1068.47,111.72,22.916289,61.749179,888,249.71,156.33,387.91,25.44,77.46,297.75,521.07,53.04,rough
196,1107,115,1102.94,115.74,22.852557,62.294977,946,347.41,113.04,676.74,46.75,171.74,311.2,544.61,48.09,rough
197,1126,109,1131.02,107.39,22.984859,62.739463,956,257.56,91.46,698.35,56.12,262.89,332.36,581.63,45.49,rough
198,1169,108,1169.05,109.65,22.948989,63.341432,985,585.46,208.64,1186.32,67.69,363.35,347.94,608.89,39.67,severe
199,1208,112,1205.68,113.48,22.88844,63.921445,850,1359.55,647.36,1856.76,72.63,541.34,364.02,637.03,28.01,severe
200,1235,118,1235.58,117.77,22.820476,64.394804,842,1447.64,1027.12,1968.26,76.39,597.74,377.65,660.9,25.41,extreme
201,1259,115,1261.76,113.42,22.88939,64.809255,1030,1509.71,1098.29,1894.82,72.82,445.89,369.76,647.09,30.35,severe
202,1300,110,1297.67,111.39,22.921419,65.377712,1256,1472.67,1180.99,1854.67,67.35,353.28,335.2,586.6,33.88,severe
203,1332,105,1333.9,106.84,22.993477,65.951204,1029,1229.25,950.89,1607.49,67.51,337.31,299.35,523.86,36.13,severe
204,1367,103,1362.88,104.3,23.033705,66.410053,832,1074.86,863.94,1394.58,64.85,341.37,271.18,474.56,37.06,severe
205,1382,117,1383.79,117.94,22.817803,66.741008,796,1200.24,860.94,1521.62,68.34,444.23,257.06,449.86,32.55,severe
206,1419,112,1419.64,108.93,22.960362,67.308556,1111,1086.92,766.17,1600.17,67.05,430.11,220.95,386.67,33.83,severe
207,1457,103,1454.75,106.2,23.003628,67.864479,1148,1451.74,888.79,1822.59,70.97,450.96,188.91,330.59,30.57,severe
208,1489,105,1490.55,110.33,22.93822,68.431201,997,1033.11,732.12,1705.19,70.48,455.42,161.63,282.85,33.31,severe
209,1528,108,1526.42,111.54,22.919075,68.998974,992,993.68,661.17,1475.49,68.65,416.74,136.29,238.5,34.95,severe
210,1555,107,1553.36,108.37,22.969317,69.4255,756,1110.9,735.99,1703.88,72.46,499.2,117.11,204.95,31.23,severe
211,1574,107,1578.32,107.7,22.979918,69.820693,944,1165.12,771.31,1671.83,72.47,502.07,104.84,183.47,30.75,severe
212,1613,114,1613.13,111.91,22.913166,70.371723,1429,1129.38,730.97,1767.68,77.05,655.27,86.22,150.89,25.87,extreme
213,1652,106,1650.21,107.15,22.988544,70.958654,1273,1071.66,416.56,1836.87,77.93,778.53,54.95,96.16,24.34,extreme
214,1686,116,1682.67,116.33,22.843207,71.472548,851,716.17,87.54,1564.68,76.33,726.71,25.04,43.83,30.96,severe
215,1709,119,1706.17,116.75,22.836657,71.84463,495,21.74,-64.16,312.71,47.77,249.14,6.5,11.37,54.1,rough
216,4465,122,4465.22,128.17,22.65585,115.523166,89,-46.24,-180.7,-21.34,49.9,689.35,2.04,3.57,39.35,severe
217,14,150,15.8,147.39,22.35151,45.08442,1018,134.39,3.16,329.87,48.54,169.97,30.59,53.53,54.25,rough
218,49,151,47.88,144.55,22.39655,45.592269,1108,188.05,72.93,342.4,37.93,117.3,28.6,50.05,55.9,rough
219,82,146,80.33,145.66,22.37898,46.105966,1043,89.07,-58.67,339.77,41.12,137.71,21.0,36.75,56.45,rough
220,107,147,107.88,148.82,22.328897,46.542183,996,278.41,48.37,382.37,44.4,138.35,27.44,48.02,54.62,rough
221,139,142,138.75,142.31,22.43193,47.030797,984,362.35,268.49,435.51,32.95,80.61,52.83,92.44,54.1,rough
222,166,150,168.59,148.86,22.328354,47.503288,1108,343.82,183.67,482.68,39.65,113.37,63.95,111.92,52.21,rough
223,216,149,210.45,148.75,22.330037,48.166003,1053,295.05,208.64,378.35,35.04,92.92,74.0,129.51,52.49,rough
224,235,141,238.21,139.94,22.469561,48.605389,968,205.47,130.51,297.05,34.62,92.92,68.74,120.3,53.52,rough
225,273,134,270.65,136.87,22.518173,49.118891,1091,138.24,2.2,284.8,42.28,114.59,58.5,102.37,54.01,rough
226,296,149,298.94,148.05,22.341127,49.566876,1148,31.08,-7.26,136.99,19.14,53.46,44.83,78.45,69.32,moderate
227,339,144,333.42,146.07,22.372397,50.112697,1061,20.55,-0.41,65.78,12.5,28.61,58.16,101.78,80.22,easy
228,362,143,363.63,142.57,22.427791,50.59085,719,31.25,0.56,69.31,11.8,27.12,68.5,119.88,80.55,easy
229,391,135,394.38,138.13,22.498217,51.077739,1041,47.96,2.04,98.3,12.91,30.82,52.88,92.54,79.69,easy
230,431,142,430.56,142.74,22.42516,51.650555,1091,37.84,-2.7,82.12,13.12,30.67,35.21,61.62,80.78,easy
231,467,135,468.18,138.46,22.492861,52.245969,1004,52.07,1.67,139.3,16.47,39.61,41.49,72.61,74.35,easy
232,495,152,494.15,151.88,22.280423,52.65711,925,51.61,3.64,112.52,16.33,43.58,41.24,72.18,74.46,easy
233,522,146,525.14,146.13,22.371529,53.147707,1091,98.9,25.46,153.63,18.56,45.69,61.79,108.13,68.77,moderate
234,563,134,561.09,137.72,22.504681,53.716937,931,164.0,108.47,212.42,14.96,39.06,54.79,95.89,75.05,easy
235,590,148,589.97,147.89,22.343566,54.174053,883,164.93,105.09,222.71,21.1,61.6,24.76,43.33,66.42,moderate
236,623,141,621.71,139.74,22.47265,54.676537,845,42.05,-60.21,150.42,45.23,144.39,8.84,15.48,57.49,rough
237,647,143,648.9,145.31,22.384451,55.106954,1067,180.46,-53.68,383.11,49.42,182.33,20.56,35.99,54.27,rough
238,684,135,685.36,136.86,22.518273,55.68422,1113,372.61,291.12,488.35,35.63,92.73,51.13,89.48,53.73,rough
239,717,147,715.07,148.56,22.33307,56.154628,1031,420.7,320.92,509.68,30.54,79.97,44.19,77.34,54.39,rough
240,745,145,746.39,146.63,22.363579,56.650414,969,456.95,350.44,553.49,32.51,93.02,48.61,85.06,53.34,rough
241,783,148,783.52,148.32,22.336765,57.238222,959,489.59,431.07,548.33,22.98,55.29,60.19,105.34,58.53,moderate
242,814,138,814.91,140.53,22.460117,57.735134,1247,464.22,346.3,556.59,35.5,102.08,82.71,144.74,50.31,rough
243,849,135,848.23,136.67,22.521291,58.262597,1007,432.53,353.56,496.09,24.6,61.02,106.05,185.59,53.74,rough
244,885,146,881.83,146.44,22.366568,58.794471,824,269.35,163.57,383.14,36.44,99.08,122.01,213.51,51.2,rough
245,906,145,910.08,144.4,22.398926,59.241769,1061,183.33,155.0,278.16,25.29,67.72,146.03,255.56,54.08,rough
246,946,149,943.85,147.59,22.348358,59.776401,826,159.2,155.0,168.0,2.98,9.11,173.83,304.21,93.22,open
247,970,147,973.79,142.14,22.434653,60.25036,1000,161.14,155.72,340.17,6.74,38.71,203.2,355.6,85.93,easy
248,1013,148,1012.01,148.04,22.341214,60.855431,1109,177.42,156.0,513.37,17.39,94.23,235.94,412.9,66.24,moderate
249,1047,135,1044.85,140.23,22.464884,61.375308,765,205.71,156.0,434.66,27.76,104.86,263.26,460.71,51.44,rough
250,1069,135,1071.15,138.13,22.498215,61.791595,675,229.33,156.0,430.22,37.14,118.0,276.41,483.71,50.81,rough
251,1096,144,1099.74,144.38,22.399234,62.244301,1023,227.87,116.32,390.85,37.85,113.73,284.83,498.45,50.97,rough
252,1140,138,1136.66,140.21,22.465145,62.828721,1103,202.01,73.86,613.97,47.32,191.89,305.7,534.97,48.39,rough
253,1162,135,1164.79,137.72,22.504623,63.273987,997,568.45,229.53,1082.92,65.45,368.78,321.48,562.6,39.59,severe
254,1198,142,1194.35,143.72,22.409657,63.742043,1139,1147.0,562.94,1594.62,76.06,597.13,332.8,582.4,27.51,severe
255,1224,144,1227.12,145.13,22.387375,64.260874,997,1324.79,926.67,1967.42,74.16,565.99,351.98,615.96,27.38,severe
256,1272,142,1270.41,140.26,22.464423,64.946162,1002,1545.9,1088.89,1921.92,71.31,470.35,367.09,642.41,29.23,severe
257,1298,152,1298.88,148.61,22.332313,65.396818,834,1478.23,1147.31,1795.62,70.35,387.58,347.12,607.46,32.63,severe
258,1328,139,1327.8,136.8,22.519272,65.854617,999,1323.33,1027.03,1841.06,69.96,394.42,315.9,552.83,33.46,severe
259,1358,146,1357.21,145.07,22.388331,66.320273,1104,1161.96,887.45,1545.27,66.71,380.4,292.99,512.74,35.07,severe
260,1387,142,1389.58,143.41,22.414503,66.832736,928,1081.29,750.12,1470.86,69.92,470.94,263.82,461.68,32.43,severe
261,1421,135,1421.9,138.67,22.489554,67.344435,1153,1197.81,771.66,1743.05,72.95,508.93,233.88,409.29,30.28,severe
262,1457,145,1455.71,143.65,22.410784,67.879575,1301,1193.89,758.33,1604.51,73.95,507.82,209.71,366.99,30.35,severe
263,1487,145,1485.94,142.72,22.425409,68.358168,956,854.19,645.76,1211.31,63.26,292.14,186.72,326.77,40.33,severe
264,1513,143,1516.1,139.96,22.469186,68.835578,1041,885.24,704.45,1137.31,57.8,236.86,164.7,288.22,42.07,rough
265,1553,143,1549.6,141.61,22.443026,69.365988,1044,1137.38,813.98,1521.0,67.32,383.31,145.37,254.4,35.14,severe
266,1580,142,1582.42,139.4,22.478123,69.885546,934,1138.42,661.65,1669.32,75.66,541.42,117.72,206.01,29.54,severe
267,1614,146,1615.56,145.85,22.3759,70.410138,1110,1234.94,675.26,2256.12,77.77,716.24,85.4,149.45,23.05,extreme
268,1651,145,1649.97,142.62,22.427131,70.95496,1201,1803.44,1056.59,3005.31,74.6,816.51,51.21,89.61,18.23,extreme
269,1685,145,1683.61,146.61,22.363877,71.48743,940,1029.27,70.52,2673.39,79.73,1116.86,21.07,36.88,25.81,extreme
270,1711,144,1707.97,149.29,22.321425,71.873148,416,115.57,-64.5,678.17,65.66,423.52,7.74,13.54,47.19,rough
271,1730,157,1724.71,159.65,22.157475,72.138199,234,114.31,-62.1,353.3,67.75,365.71,6.34,11.1,49.35,rough
272,4456,143,4456.71,138.9,22.486027,115.388343,48,-69.5,-108.39,-36.32,58.68,736.24,1.18,2.07,37.87,severe
273,11,176,14.62,179.01,21.85098,45.065734,998,267.74,100.28,396.15,37.8,112.7,53.89,94.32,53.54,rough
274,52,170,47.84,172.63,21.951916,45.591623,779,232.35,46.3,381.73,47.52,154.89,31.43,55.01,54.04,rough
275,70,179,72.98,180.42,21.82867,45.989628,911,3.67,-63.06,339.79,36.48,127.83,8.77,15.35,58.34,moderate
276,115,183,114.38,178.94,21.852074,46.64497,762,183.63,-62.05,372.58,55.09,234.7,11.98,20.96,53.07,rough
277,140,178,141.74,175.41,21.907911,47.078162,923,235.52,99.28,389.12,37.37,108.14,34.6,60.54,55.43,rough
278,176,177,177.07,177.08,21.881595,47.637455,1090,201.96,79.0,308.83,38.55,101.76,38.5,67.38,55.58,rough
279,210,179,209.16,180.12,21.833439,48.145535,1093,226.1,109.43,295.05,32.83,89.26,50.72,88.76,54.9,rough
280,242,174,242.2,173.88,21.932159,48.66854,1112,170.65,61.59,288.78,32.45,93.28,41.76,73.09,55.84,rough
281,269,183,269.41,178.1,21.865397,49.099263,876,48.4,-60.11,154.59,27.09,75.54,20.4,35.71,58.98,moderate
282,297,176,300.81,175.72,21.903046,49.596488,1058,-3.2,-61.68,76.58,19.61,48.77,18.63,32.6,70.99,moderate
283,344,180,339.32,180.5,21.827378,50.205987,1098,21.33,-14.89,53.0,13.3,31.07,43.05,75.35,79.97,easy
284,362,167,365.11,167.67,22.030489,50.614374,787,10.34,-9.39,34.42,12.62,27.65,54.48,95.33,80.41,easy
285,397,175,396.03,174.55,21.921617,51.103895,1102,-18.95,-47.48,16.98,12.73,27.73,26.28,45.98,82.63,easy
286,423,169,423.78,168.15,22.022887,51.543153,933,-19.32,-62.07,25.3,15.69,36.06,13.65,23.89,78.42,easy
287,463,178,461.9,169.74,21.997777,52.146701,746,-22.98,-62.35,9.47,15.33,38.27,10.66,18.66,79.19,easy
288,488,178,489.43,177.21,21.879545,52.58242,778,-14.6,-60.61,30.44,14.84,37.68,18.49,32.36,79.35,easy
289,526,182,522.97,178.59,21.857632,53.113344,829,14.09,-34.6,60.29,15.13,35.87,33.1,57.92,77.61,easy
290,552,171,552.73,170.27,21.989398,53.58448,1118,74.93,37.26,132.38,14.69,36.17,51.99,90.98,76.44,easy
291,583,175,583.22,177.77,21.870632,54.067168,1072,85.67,-29.57,149.55,23.01,58.92,32.14,56.24,63.35,moderate
292,615,169,612.96,170.78,21.981218,54.538081,812,46.82,-66.75,155.0,43.29,160.56,7.09,12.41,57.02,rough
293,659,181,656.37,177.03,21.882332,55.225235,811,77.69,-64.31,307.29,50.38,184.56,10.33,18.08,55.7,rough
294,681,174,682.79,168.53,22.016898,55.643516,901,265.78,136.34,355.71,32.63,93.61,24.23,42.4,56.54,rough
295,715,181,715.8,178.74,21.855178,56.166051,972,212.52,-61.76,372.39,52.18,198.43,14.35,25.12,53.97,rough
296,750,179,748.84,179.62,21.841244,56.689099,1072,307.11,-54.39,424.71,43.18,172.06,18.18,31.81,53.95,rough
297,777,172,778.32,172.46,21.954739,57.155882,906,443.24,314.84,513.76,27.54,71.14,36.27,63.48,55.16,rough
298,816,184,816.27,181.04,21.818851,57.756666,1291,396.44,190.49,551.52,46.09,153.03,51.89,90.81,51.38,rough
299,850,168,848.25,167.86,22.027515,58.262906,1197,451.55,264.96,582.7,43.98,139.51,82.95,145.15,49.06,rough
300,881,175,881.53,176.68,21.887923,58.789809,1094,437.02,177.71,636.17,56.01,214.38,105.21,184.11,45.96,rough
301,918,181,914.58,180.38,21.829222,59.312939,848,302.39,155.62,475.41,47.4,162.52,134.16,234.78,48.73,rough
302,935,169,938.61,171.4,21.971396,59.69345,924,212.92,155.03,364.99,34.42,104.2,159.89,279.81,51.41,rough
303,978,168,978.11,172.84,21.948645,60.318718,1275,164.33,156.0,394.8,8.17,38.71,196.27,343.48,83.55,easy
304,1016,177,1013.17,179.8,21.838533,60.873695,1173,275.99,156.0,533.79,51.83,242.23,215.72,377.51,46.09,rough
305,1046,174,1046.96,174.25,21.926384,61.40876,1223,272.65,168.15,526.83,39.79,124.93,233.51,408.65,50.26,rough
306,1080,167,1078.47,168.88,22.011345,61.907539,1035,241.96,184.28,347.4,35.63,99.2,252.97,442.69,51.39,rough
307,1109,179,1105.79,179.5,21.843223,62.339972,926,308.71,113.55,423.12,40.35,134.04,256.86,449.51,49.69,rough
308,1129,176,1131.13,172.12,21.960012,62.741216,896,309.86,78.08,669.5,61.03,309.26,274.88,481.04,43.49,rough
309,1162,177,1165.22,172.54,21.953464,63.280934,1182,378.65,76.2,1157.01,58.88,371.51,292.51,511.9,40.81,severe
310,1208,178,1204.42,176.65,21.888293,63.901455,1055,1347.74,898.0,1818.67,71.28,470.18,313.31,548.29,30.61,severe
311,1233,175,1235.08,174.92,21.915762,64.38677,950,1369.93,902.73,1896.41,74.83,566.52,335.4,586.95,27.05,severe
312,1265,168,1261.96,168.19,22.022262,64.812354,897,1483.11,1157.33,1984.3,75.23,529.19,359.29,628.76,27.59,severe
313,1288,173,1289.34,176.68,21.887932,65.245739,870,1535.53,1255.85,1806.51,60.23,279.67,363.18,635.57,36.05,severe
314,1323,166,1324.08,168.98,22.009795,65.7957,1051,1377.2,958.25,1798.25,71.19,421.97,333.4,583.44,32.11,severe
315,1357,182,1354.96,181.71,21.80824,66.284623,1051,1071.63,740.11,1524.31,67.87,416.1,313.43,548.5,34.44,severe
316,1384,172,1387.33,172.3,21.957203,66.797043,1106,1054.67,739.16,1507.3,71.48,484.15,281.39,492.43,32.15,severe
317,1428,177,1426.32,172.47,21.954441,67.414307,1125,920.09,664.82,1303.54,72.01,429.8,250.73,438.77,35.0,severe
318,1457,181,1456.71,182.24,21.799772,67.895371,948,845.44,561.53,1523.11,63.95,434.75,235.41,411.97,35.34,severe
319,1481,177,1482.02,177.66,21.872321,68.296061,926,918.05,605.24,1258.39,63.87,303.27,214.85,375.99,39.49,severe
320,1510,167,1514.04,170.77,21.9815,68.8031,1168,895.51,596.32,1276.05,65.71,333.11,186.77,326.84,38.59,severe
321,1558,170,1552.27,175.81,21.901561,69.408219,1178,1147.69,950.95,1470.96,62.47,288.59,153.12,267.95,38.42,severe
322,1575,166,1578.53,168.78,22.012908,69.824043,778,1394.45,990.02,1673.11,68.87,414.39,125.88,220.3,32.26,severe
323,1608,175,1610.68,175.55,21.905684,70.332891,1165,1499.74,809.43,2387.69,74.99,710.05,97.73,171.03,21.08,extreme
324,1655,173,1650.69,171.66,21.967414,70.966393,931,2144.45,1421.91,2819.61,75.35,654.48,60.76,106.33,20.85,extreme
325,1678,180,1680.99,179.45,21.844,71.445966,938,2177.55,1233.98,4065.98,80.06,1128.24,45.95,80.42,15.92,extreme
326,1714,176,1710.24,175.28,21.910053,71.909121,797,792.99,49.33,2470.01,74.46,939.83,26.75,46.82,27.0,severe
327,1738,172,1736.0,176.9,21.884442,72.316951,405,3.01,-62.83,332.68,41.22,207.94,8.99,15.74,55.5,rough
328,15,215,14.75,211.45,21.337381,45.067857,888,354.11,268.19,426.22,34.95,93.02,49.03,85.79,54.02,rough
329,43,206,44.32,206.24,21.419851,45.53599,1262,298.83,-51.17,396.08,37.85,143.29,21.82,38.19,54.74,rough
330,82,210,79.61,208.46,21.384802,46.094543,818,-10.32,-62.79,42.42,32.2,90.72,6.24,10.92,59.95,moderate
331,111,207,113.44,209.84,21.362978,46.630091,682,0.82,-61.97,120.69,31.89,83.21,8.91,15.6,59.93,moderate
332,140,202,141.32,205.89,21.425436,47.071567,968,102.65,48.84,185.49,26.33,73.86,22.23,38.91,58.52,moderate
333,173,209,173.03,206.86,21.410085,47.573539,951,80.98,-60.38,229.32,41.11,133.92,12.47,21.81,57.3,rough
334,211,213,209.45,210.1,21.358799,48.150038,952,178.19,89.78,257.71,36.54,101.35,36.09,63.16,55.95,rough
335,242,214,242.3,213.93,21.29816,48.670125,1017,38.62,-16.63,170.34,22.99,64.73,28.02,49.03,63.81,moderate
336,266,203,263.36,206.31,21.418788,49.003492,625,-5.35,-61.6,60.19,24.47,64.52,9.26,16.2,63.14,moderate
337,309,206,309.68,205.16,21.436948,49.736847,943,-14.92,-61.89,51.21,21.68,50.74,14.67,25.67,67.89,moderate
338,335,213,338.26,210.39,21.354205,50.189314,859,27.32,-35.31,84.6,20.64,49.02,42.64,74.62,67.2,moderate
339,373,200,371.22,201.54,21.494295,50.711076,1126,-7.43,-48.22,31.37,15.67,37.53,49.68,86.94,75.52,easy
340,399,212,399.99,211.67,21.333903,51.166473,1105,-22.93,-50.05,13.43,13.67,30.36,32.1,56.17,80.54,easy
341,436,201,428.49,204.35,21.449807,51.617777,678,-22.01,-61.53,3.44,17.87,43.33,10.1,17.68,74.86,easy
342,454,213,456.18,219.96,21.202651,52.056135,761,-26.24,-61.7,22.53,25.69,64.72,8.45,14.79,61.31,moderate
343,495,201,500.47,196.94,21.567153,52.757197,440,-43.74,-62.08,-17.41,14.03,36.2,6.75,11.81,81.86,easy
344,531,199,532.6,203.62,21.461403,53.265916,1004,3.2,-61.55,66.46,25.04,66.16,17.61,30.82,61.43,moderate
345,567,212,563.59,208.7,21.380967,53.756504,965,49.24,-8.06,162.91,30.24,77.49,29.63,51.85,58.18,moderate
346,589,214,592.66,211.29,21.339894,54.2167,888,27.12,-33.62,118.49,24.77,65.42,21.66,37.91,61.43,moderate
347,622,206,618.13,205.03,21.439016,54.619944,888,2.93,-60.96,107.89,33.13,94.56,8.09,14.15,59.58,moderate
348,648,201,645.77,198.3,21.545522,55.057403,423,-16.66,-71.04,10.77,34.28,113.93,4.07,7.12,59.34,moderate
349,683,194,682.36,190.57,21.667939,55.63674,360,61.85,-65.06,194.79,56.59,249.56,5.03,8.8,53.93,rough
350,715,216,708.88,221.03,21.185753,56.056521,98,-47.89,-67.11,-11.06,38.98,129.26,1.71,2.99,59.2,moderate
351,753,215,756.78,211.03,21.344109,56.814842,506,-26.46,-75.37,142.64,40.69,147.53,3.14,5.5,58.29,moderate
352,787,200,785.89,200.9,21.504496,57.275638,1043,195.45,-32.62,452.78,49.9,183.0,18.7,32.72,54.29,rough
353,816,216,815.31,213.65,21.302645,57.741408,807,122.57,-3.48,340.69,46.27,171.65,30.0,52.5,54.32,rough
354,850,205,850.64,205.32,21.434425,58.300794,1283,383.9,175.55,546.08,52.99,189.58,66.23,115.91,49.06,rough
355,886,210,884.51,208.37,21.386149,58.836913,1013,338.85,245.84,496.54,37.04,121.48,98.16,171.78,49.93,rough
356,917,206,914.64,206.45,21.416596,59.313974,704,259.41,155.61,393.92,35.23,102.97,127.37,222.89,51.13,rough
357,937,209,941.29,206.54,21.415103,59.735842,937,196.14,155.56,336.35,19.76,57.86,149.67,261.92,63.49,moderate
358,972,211,974.02,208.62,21.382297,60.25395,1516,225.52,156.0,540.64,25.23,97.19,171.62,300.34,52.85,rough
359,1016,216,1009.3,212.07,21.327609,60.812431,829,308.39,156.01,547.99,41.85,178.91,184.31,322.54,48.11,rough
360,1031,212,1035.85,207.85,21.394477,61.232865,838,215.45,156.0,389.21,31.53,104.34,198.38,347.17,51.39,rough
361,1072,206,1072.36,204.47,21.447973,61.810836,1298,205.52,155.67,379.76,35.42,104.33,219.2,383.6,51.46,rough
362,1109,213,1105.82,213.3,21.308148,62.340452,959,345.52,216.41,476.67,36.93,109.69,226.67,396.68,50.3,rough
363,1131,203,1132.59,204.39,21.449163,62.764303,822,352.14,152.13,546.51,53.58,204.99,247.87,433.78,46.88,rough
364,1160,198,1161.26,202.57,21.478019,63.218155,986,237.24,71.84,521.26,54.87,232.3,265.89,465.31,46.71,rough
365,1195,205,1192.61,208.01,21.391804,63.714412,1271,593.03,55.37,1556.71,65.47,518.51,282.14,493.74,34.13,severe
366,1227,209,1227.33,210.82,21.347428,64.26415,1132,1183.78,373.68,1599.84,74.58,556.6,305.14,533.99,28.69,severe
367,1259,203,1260.49,202.44,21.480112,64.789106,1154,1593.45,1159.61,1998.14,65.59,391.0,335.87,587.77,31.71,severe
368,1300,206,1298.11,204.75,21.443438,65.384637,1042,1554.56,1176.38,2083.44,70.67,432.85,356.89,624.56,30.5,severe
369,1326,205,1328.61,204.48,21.4478,65.867507,1126,1294.84,949.16,1631.71,70.65,439.7,346.97,607.2,32.06,severe
370,1365,212,1360.5,212.68,21.318021,66.372367,897,933.22,650.06,1473.96,70.39,488.65,327.01,572.27,32.83,severe
371,1386,207,1388.37,205.02,21.439256,66.813488,855,939.66,585.83,1454.62,72.22,569.67,300.65,526.13,29.92,severe
372,1418,198,1416.13,198.56,21.541555,67.253012,918,940.17,646.81,1335.71,70.07,421.6,275.67,482.43,35.15,severe
373,1446,213,1448.62,213.32,21.307886,67.76739,1181,999.58,594.54,1596.22,74.26,525.26,261.14,457.0,31.07,severe
374,1494,209,1490.32,209.79,21.363667,68.427517,1266,717.77,515.59,1134.47,67.22,342.49,222.18,388.81,39.49,severe
375,1521,208,1521.77,204.36,21.449621,68.925364,1097,1039.17,626.93,1365.2,66.97,353.53,190.81,333.92,36.87,severe
376,1545,216,1549.63,211.39,21.338305,69.36642,1126,1134.06,881.53,1535.52,61.59,288.4,168.02,294.04,38.52,severe
377,1591,204,1585.1,204.72,21.443917,69.927959,1235,1283.09,869.64,1638.32,67.98,388.91,133.78,234.12,33.93,severe
378,1612,208,1616.43,206.34,21.418293,70.424017,916,1305.51,790.15,2332.67,78.33,776.4,108.88,190.54,20.07,extreme
379,1653,198,1649.6,200.77,21.506563,70.949087,1132,2649.5,1551.21,3956.59,80.56,1051.93,81.72,143.02,10.64,extreme
380,1682,211,1682.21,212.95,21.313671,71.465331,1169,2200.99,1183.83,3443.67,79.88,1036.39,69.35,121.35,13.94,extreme
381,1717,200,1716.89,204.09,21.453984,72.014287,1101,1488.35,113.83,2847.85,76.06,778.17,35.26,61.71,23.0,extreme
382,1749,199,1742.37,201.49,21.495071,72.41767,553,422.0,-61.84,1529.77,66.96,831.11,10.26,17.95,30.85,severe
383,1760,220,1749.96,221.8,21.173624,72.53782,369,291.53,-60.95,1426.33,70.17,577.9,9.85,17.24,40.35,severe
384,14,236,15.81,237.64,20.922878,45.084593,818,327.95,239.38,411.39,33.11,89.59,46.38,81.16,54.52,rough
385,49,247,46.91,244.25,20.818103,45.576931,1047,253.35,-58.15,387.04,51.19,224.44,15.42,26.99,52.68,rough
386,83,235,84.81,229.44,21.052632,46.17693,248,-36.71,-64.45,5.85,24.37,86.67,5.34,9.34,63.05,moderate
387,104,233,108.54,234.67,20.969839,46.552646,874,-11.8,-61.88,124.58,26.71,71.69,12.85,22.49,60.12,moderate
388,142,244,142.62,241.23,20.865949,47.092126,1277,88.79,-40.04,153.9,29.45,83.27,17.14,29.99,58.68,moderate
389,180,232,182.52,234.16,20.977904,47.723791,813,70.22,-61.6,204.79,47.09,149.94,9.0,15.75,57.08,rough
390,216,235,210.92,238.61,20.907429,48.173366,775,194.69,97.37,255.09,33.28,88.47,31.67,55.42,56.63,rough
391,230,241,235.32,244.67,20.811465,48.559646,940,92.32,17.58,159.42,29.96,79.94,38.93,68.13,57.08,rough
392,278,242,272.15,242.08,20.852559,49.14264,1018,-3.89,-62.09,36.47,16.91,40.15,14.85,25.99,76.05,easy
393,294,235,299.1,235.75,20.952782,49.569328,928,-27.57,-61.94,18.6,24.26,56.78,8.3,14.53,63.98,moderate
394,333,232,330.86,237.99,20.917344,50.072062,1086,45.04,-17.96,82.38,12.36,30.09,34.33,60.07,82.08,easy
395,363,242,364.73,240.07,20.884296,50.60837,1249,35.22,-11.53,83.47,13.53,32.94,39.65,69.39,79.7,easy
396,405,241,400.44,241.54,20.861054,51.173639,854,-8.18,-42.79,21.06,11.52,27.36,27.48,48.1,84.47,easy
397,423,240,426.43,236.71,20.937526,51.585159,860,-21.14,-57.15,21.46,15.54,35.89,27.36,47.88,77.62,easy
398,460,248,462.52,242.94,20.838909,52.156366,947,8.66,-52.7,55.89,20.64,48.94,26.31,46.05,68.59,moderate
399,502,236,497.14,237.01,20.932746,52.704486,967,27.01,-63.75,78.21,27.75,72.32,12.78,22.37,59.83,moderate
400,527,239,529.94,239.8,20.888686,53.223798,846,1.08,-61.49,57.17,27.83,70.58,9.19,16.08,60.35,moderate
401,559,239,555.73,240.82,20.872406,53.631992,812,22.04,-61.11,164.38,41.75,128.74,7.1,12.42,58.31,moderate
402,582,236,586.3,237.25,20.929045,54.115999,650,5.45,-63.92,160.41,41.83,134.76,6.24,10.93,58.28,moderate
403,623,239,621.15,243.46,20.830691,54.667695,791,49.91,-61.83,177.93,49.91,161.95,7.47,13.08,56.92,rough
404,657,244,657.17,243.78,20.82565,55.23793,732,77.86,-61.85,169.21,38.56,113.93,11.82,20.68,58.08,moderate
405,686,232,685.66,240.36,20.879807,55.689033,578,65.63,-64.12,171.54,44.59,148.97,8.38,14.67,57.2,rough
406,719,239,718.45,246.18,20.787632,56.208029,576,46.05,-69.73,163.97,41.82,136.52,7.81,13.67,57.82,rough
407,764,243,765.07,244.13,20.820136,56.946148,549,13.3,-64.06,87.46,30.15,84.27,9.21,16.11,59.78,moderate
408,785,236,789.97,237.46,20.925666,57.340356,805,64.83,-61.46,232.24,41.34,129.97,11.21,19.61,57.65,rough
409,821,233,818.65,237.24,20.929159,57.794396,816,187.89,34.97,269.42,35.37,115.22,33.44,58.52,55.59,rough
410,841,243,845.57,240.86,20.871846,58.220475,874,179.39,60.11,469.79,43.89,163.47,57.96,101.43,52.04,rough
411,880,240,876.71,242.45,20.846602,58.713409,1170,324.95,158.89,508.32,38.5,133.36,80.16,140.29,50.37,rough
412,904,233,905.64,236.07,20.94772,59.171465,917,412.74,358.11,529.78,27.17,80.27,104.9,183.58,50.87,rough
413,935,237,935.63,239.42,20.894637,59.646239,1101,399.86,266.72,532.88,32.45,88.62,123.41,215.97,50.67,rough
414,970,245,970.8,245.03,20.805857,60.203012,1266,407.32,247.92,546.15,41.76,139.3,140.37,245.64,48.82,rough
415,1012,237,1007.69,240.84,20.872137,60.786987,1062,373.92,278.49,510.31,32.5,90.52,156.9,274.58,50.78,rough
416,1038,236,1038.3,237.01,20.932853,61.271658,708,329.05,269.9,401.42,27.81,72.91,173.85,304.24,51.71,rough
417,1063,235,1066.45,235.81,20.951754,61.717255,1078,301.4,200.62,367.11,24.3,65.12,189.08,330.89,54.99,rough
418,1108,242,1104.1,242.33,20.848588,62.313321,1081,254.4,137.84,341.19,30.87,87.27,200.68,351.19,51.72,rough
419,1138,238,1136.63,235.08,20.9633,62.828238,789,277.46,99.13,489.27,58.12,224.1,225.07,393.87,46.72,rough
420,1158,241,1164.41,239.0,20.901346,63.267996,1209,163.31,50.23,409.88,42.43,132.26,240.27,420.47,50.76,rough
421,1206,246,1200.02,241.84,20.856243,63.831786,999,162.92,47.96,512.13,39.5,163.65,264.18,462.31,49.66,rough
422,1223,247,1227.37,243.84,20.824643,64.264703,811,628.7,177.29,1178.8,65.04,383.7,284.3,497.53,38.65,severe
423,1262,235,1258.58,234.16,20.977823,64.7588,1000,1218.6,661.81,1853.17,74.27,577.57,315.14,551.5,27.71,severe
424,1289,234,1289.91,235.27,20.960277,65.254903,1017,1512.31,921.63,1982.66,71.54,481.53,329.13,575.98,29.07,severe
425,1322,239,1324.7,239.85,20.887774,65.805522,1314,1453.24,1053.32,1753.13,72.34,455.08,333.06,582.86,30.42,severe
426,1366,241,1360.83,241.82,20.856651,66.377607,962,1268.96,816.26,1752.84,70.54,407.85,337.68,590.93,33.36,severe
427,1387,235,1389.47,237.92,20.918371,66.830919,867,1098.08,701.92,1469.51,72.23,472.96,321.79,563.14,32.24,severe
428,1416,231,1417.23,231.76,21.015854,67.270429,1066,876.15,576.26,1242.92,69.18,405.97,296.41,518.72,36.15,severe
429,1459,244,1459.61,243.06,20.837008,67.941319,1286,760.61,482.83,1184.9,68.57,411.58,262.93,460.12,36.75,severe
430,1496,246,1494.67,244.16,20.819537,68.49637,1052,838.01,525.41,1140.1,61.68,289.63,231.82,405.68,40.53,severe
431,1525,243,1523.87,242.66,20.843341,68.958641,882,900.96,512.65,1508.67,68.74,451.27,205.61,359.82,34.37,severe
432,1550,239,1551.53,238.7,20.906045,69.396573,691,1018.51,685.4,1499.6,71.18,446.63,180.09,315.16,33.72,severe
433,1577,245,1579.32,239.89,20.887146,69.836419,989,833.18,543.75,1316.87,65.31,379.5,158.85,277.98,37.38,severe
434,1617,233,1613.5,234.64,20.970225,70.37762,935,1126.02,762.0,1946.15,72.0,494.59,130.63,228.6,31.28,severe
435,1640,237,1643.62,237.53,20.924586,70.854395,1258,1915.1,991.68,3656.89,79.45,962.87,111.7,195.48,14.31,extreme
436,1679,248,1676.61,246.65,20.78011,71.376655,1133,1975.85,669.49,3976.52,83.53,1467.12,86.53,151.43,14.16,extreme
437,1709,240,1711.32,237.57,20.923954,71.926138,1203,1472.93,673.73,2234.84,75.27,638.96,51.45,90.03,26.77,severe
438,1748,245,1744.3,245.43,20.799475,72.44831,1061,1050.14,191.61,1849.46,77.67,786.81,29.45,51.54,26.18,severe
439,1767,234,1769.45,241.81,20.856808,72.846343,566,130.62,-63.86,407.38,63.11,333.48,9.98,17.46,50.1,rough
440,1803,247,1794.98,251.7,20.700279,73.250638,422,-21.03,-72.39,25.42,29.33,104.11,5.22,9.13,59.63,moderate
441,4462,237,4458.14,233.86,20.982651,115.411008,100,-37.05,-94.67,-10.72,50.69,602.07,2.02,3.54,42.38,rough
442,15,265,16.22,269.38,20.420295,45.091065,1281,253.42,76.95,366.39,37.21,104.81,44.2,77.34,54.67,rough
443,56,274,47.23,274.34,20.341837,45.582047,647,89.37,-61.54,248.16,51.34,185.84,14.01,24.51,55.29,rough
444,64,281,59.54,287.69,20.130484,45.776937,193,74.61,-61.85,247.21,63.45,311.89,6.11,10.68,51.55,rough
445,126,272,125.73,267.73,20.446509,46.824743,450,-40.29,-62.49,13.04,23.1,63.65,4.89,8.56,66.01,moderate
446,140,272,145.96,270.03,20.410061,47.144989,552,-8.77,-61.95,83.98,33.65,92.83,6.97,12.2,59.81,moderate
447,178,268,179.85,267.23,20.454367,47.681521,1003,7.35,-65.97,204.47,39.51,128.22,6.84,11.98,58.45,moderate
448,213,278,211.54,273.17,20.3603,48.18317,981,89.95,-46.96,229.81,35.07,102.88,17.89,31.3,57.92,rough
449,246,276,244.42,273.66,20.352505,48.703648,814,63.56,7.55,148.52,28.82,73.36,25.71,45.0,58.54,moderate
450,265,273,268.99,271.55,20.38601,49.092701,985,33.56,-56.91,167.89,28.66,88.09,21.1,36.93,58.58,moderate
451,309,280,304.93,272.43,20.372078,49.661665,850,-5.99,-55.34,47.59,21.61,58.84,18.69,32.71,67.34,moderate
452,327,279,330.82,274.7,20.336154,50.071424,1028,-4.9,-42.27,66.13,18.0,43.96,26.51,46.4,73.22,easy
453,364,271,361.53,271.03,20.394146,50.557621,1021,21.21,-60.66,66.79,24.32,62.52,17.54,30.69,62.63,moderate
454,395,271,396.58,264.9,20.491293,51.112524,636,-40.17,-62.21,-10.74,14.98,36.23,7.5,13.13,80.22,easy
455,435,263,431.51,267.14,20.455749,51.665568,930,-22.49,-54.92,20.5,13.54,31.3,22.12,38.71,81.51,easy
456,455,263,457.2,269.4,20.420065,52.072164,743,-7.41,-31.84,13.98,9.77,24.99,41.9,73.33,86.33,easy
457,489,266,488.47,266.28,20.469358,52.567183,1087,25.08,-6.52,73.44,16.05,34.86,42.26,73.96,75.33,easy
458,527,270,525.07,269.78,20.413974,53.146706,1022,59.22,21.0,151.09,25.28,57.97,31.0,54.25,59.89,moderate
459,550,280,553.13,277.76,20.287703,53.590948,1000,65.3,-19.48,151.94,24.06,62.29,27.42,47.98,61.99,moderate
460,588,269,586.33,268.29,20.43754,54.116512,1122,81.86,-59.68,195.8,32.68,92.44,18.36,32.13,58.31,moderate
461,616,275,619.56,272.68,20.368019,54.642582,1018,136.36,86.49,196.15,20.09,50.69,30.44,53.27,68.24,moderate
462,656,264,652.98,269.48,20.418786,55.171639,1107,124.74,79.82,162.87,20.34,45.49,36.35,63.62,67.64,moderate
463,685,272,686.08,272.67,20.368211,55.695627,1249,131.87,77.81,178.45,19.38,46.3,37.67,65.93,69.03,moderate
464,720,269,719.24,271.04,20.394091,56.220522,1139,89.99,-17.63,169.84,25.57,68.43,24.06,42.1,59.37,moderate
465,752,263,749.36,262.12,20.535262,56.697377,789,-17.72,-62.38,53.75,26.93,73.25,7.71,13.49,60.5,moderate
466,783,269,783.83,269.24,20.422605,57.243013,989,64.69,-59.61,160.35,27.22,81.04,16.09,28.15,59.01,moderate
467,811,278,810.09,275.16,20.32891,57.658788,961,112.15,-56.38,228.91,35.13,103.22,19.46,34.05,57.63,rough
468,838,264,840.94,266.09,20.472458,58.147163,1028,239.66,165.32,376.4,20.89,61.48,41.53,72.67,64.95,moderate
469,884,279,881.74,273.96,20.347848,58.793146,898,470.74,219.34,644.35,45.39,171.43,61.17,107.04,49.49,rough
470,909,277,909.43,271.79,20.382114,59.231399,885,622.04,458.2,705.32,42.35,132.22,82.21,143.87,48.19,rough
471,937,275,939.38,274.11,20.345475,59.705535,1205,493.5,383.94,623.01,34.16,93.15,100.23,175.4,49.86,rough
472,978,276,974.17,274.81,20.334401,60.256295,928,392.37,351.62,464.98,28.1,69.71,114.33,200.07,51.39,rough
473,1000,278,1003.75,275.75,20.31947,60.724603,1078,337.68,254.01,431.03,24.97,63.11,123.43,216.0,53.7,rough
474,1039,266,1037.81,268.79,20.429658,61.26389,1278,313.08,256.91,542.25,32.59,108.9,146.71,256.74,50.55,rough
475,1073,269,1071.08,267.85,20.444523,61.790536,1028,305.79,244.43,416.89,30.9,94.54,162.24,283.92,51.11,rough
476,1095,276,1097.54,276.06,20.314625,62.209405,958,283.08,234.52,380.29,24.24,60.04,168.92,295.61,55.39,rough
477,1129,263,1128.64,267.41,20.451519,62.701812,1041,184.51,70.5,265.39,35.48,96.91,195.16,341.53,51.87,rough
478,1159,273,1159.38,273.81,20.350235,63.188434,1120,113.1,22.24,247.25,35.03,97.28,212.52,371.91,52.35,rough
479,1197,271,1194.71,269.95,20.411374,63.747768,982,90.19,40.32,171.62,17.27,46.32,242.62,424.58,68.74,moderate
480,1232,269,1233.57,272.51,20.370786,64.362871,1116,388.75,147.28,707.75,47.54,230.12,273.41,478.46,45.74,rough
481,1267,262,1266.99,263.1,20.51973,64.891913,1025,1084.88,510.6,1657.63,67.91,503.49,297.69,520.95,31.25,severe
482,1299,275,1296.58,271.51,20.386575,65.360473,837,1283.73,662.26,1714.79,74.78,564.31,295.2,516.6,27.73,severe
483,1319,274,1324.52,270.08,20.409271,65.802742,875,1301.75,816.15,1828.76,76.18,675.5,304.13,532.23,23.67,extreme
484,1366,270,1361.71,271.94,20.379866,66.391564,1288,1387.24,879.26,1781.41,72.2,469.14,316.01,553.02,30.38,severe
485,1394,277,1394.92,274.03,20.346769,66.917213,1001,1275.96,729.77,1637.85,72.17,448.5,324.27,567.47,31.88,severe
486,1426,263,1425.21,263.73,20.509836,67.396788,1210,1020.48,576.47,1591.0,71.02,431.73,302.77,529.85,34.24,severe
487,1453,280,1452.87,279.96,20.252836,67.83466,1037,1014.45,642.05,1489.44,68.35,407.12,285.65,499.89,35.15,severe
488,1484,274,1483.61,274.15,20.344839,68.321239,994,672.01,480.75,977.57,68.78,352.32,256.38,448.66,39.46,severe
489,1516,275,1517.23,276.65,20.305206,68.853458,1122,709.97,471.25,1062.6,64.55,305.1,230.24,402.92,40.87,severe
490,1550,266,1549.05,268.37,20.436298,69.357276,974,866.08,556.85,1253.35,68.93,375.86,200.3,350.52,37.28,severe
491,1581,264,1581.97,267.69,20.447063,69.878416,879,722.11,550.85,1122.49,62.83,306.76,176.13,308.23,40.72,severe
492,1613,268,1614.45,267.06,20.457042,70.392643,1158,1049.57,609.36,2184.59,67.56,450.25,150.76,263.82,33.38,severe
493,1654,278,1650.38,272.71,20.36754,70.961493,947,1719.59,1162.18,2560.35,76.0,803.47,121.46,212.55,16.25,extreme
494,1679,280,1679.74,278.75,20.271937,71.426152,764,1482.37,531.72,2991.72,82.25,1149.48,99.65,174.39,17.31,extreme
495,1707,270,1709.78,268.92,20.427612,71.901852,992,1022.28,462.08,1591.81,75.42,678.0,70.08,122.63,27.06,severe
496,1748,277,1745.85,274.18,20.344402,72.472783,1003,1224.72,315.41,2364.37,79.69,951.27,48.1,84.18,22.35,extreme
497,1782,279,1778.85,274.12,20.345354,72.995287,765,202.69,-0.37,998.98,63.3,451.07,20.77,36.34,44.6,rough
498,1796,279,1796.73,279.03,20.267599,73.278303,394,-6.8,-62.38,237.35,39.84,171.52,7.88,13.8,56.94,rough
499,1871,279,1868.9,282.48,20.212941,74.420748,77,-45.05,-68.14,-15.81,42.41,189.64,1.94,3.4,57.02,rough
500,4437,280,4440.0,277.0,20.299703,115.123834,2,-141.67,-165.64,-117.7,77.74,1272.12,1.0,1.75,34.92,severe
501,23,310,18.26,305.59,19.847079,45.12338,1274,153.78,20.34,281.93,37.29,113.6,30.04,52.56,56.15,rough
502,50,307,48.28,303.52,19.879916,45.59869,685,284.48,164.51,367.23,37.04,119.12,20.63,36.1,55.78,rough
503,74,305,68.79,310.48,19.769671,45.923299,337,127.34,-80.17,336.28,67.16,385.41,5.37,9.39,48.64,rough
504,137,300,136.77,292.67,20.051557,46.999517,166,-51.48,-61.92,-33.66,16.18,45.83,3.09,5.41,78.31,easy
505,175,303,171.48,297.32,19.978026,47.548943,432,-45.72,-62.41,-3.83,23.9,64.45,3.05,5.34,64.84,moderate
506,209,300,208.06,293.32,20.041299,48.128086,251,-16.92,-62.68,29.46,42.48,131.41,3.75,6.55,58.75,moderate
507,232,295,237.3,298.05,19.966495,48.591056,690,50.7,-62.71,123.46,43.47,133.07,9.64,16.87,57.76,rough
508,275,304,272.21,303.22,19.884626,49.143715,994,162.71,45.89,336.95,40.73,127.15,36.31,63.55,55.12,rough
509,302,295,301.0,297.45,19.975886,49.59938,783,123.65,1.99,233.56,34.65,104.16,29.86,52.25,56.71,rough
510,335,308,330.76,305.25,19.852516,50.070532,626,14.27,-61.82,144.7,33.79,98.34,8.96,15.67,59.3,moderate
511,362,305,356.09,295.57,20.005684,50.47151,297,-32.35,-63.63,32.77,26.74,71.66,5.96,10.44,60.8,moderate
512,415,316,420.03,318.68,19.639824,51.483818,186,-24.88,-61.5,-10.11,19.89,66.03,6.63,11.61,70.99,moderate
513,422,304,428.01,297.63,19.973098,51.610077,650,-16.71,-62.08,24.21,17.49,40.64,9.98,17.47,75.55,easy
514,456,304,459.19,302.0,19.903856,52.103768,1317,19.35,-6.15,55.09,11.34,26.31,38.0,66.5,83.8,easy
515,498,294,495.3,295.46,20.007503,52.675358,1152,45.79,2.82,78.35,13.75,31.89,57.58,100.77,77.91,easy
516,523,308,523.01,309.17,19.79046,53.114102,1009,113.53,50.67,178.15,21.23,52.11,58.86,103.01,64.25,moderate
517,550,305,551.35,307.74,19.81305,53.562686,952,136.48,90.41,184.8,18.67,43.94,55.41,96.97,68.89,moderate
518,586,303,584.48,302.7,19.892827,54.08713,1041,90.41,55.42,145.46,20.03,48.44,48.83,85.45,67.31,moderate
519,614,297,618.63,299.3,19.946711,54.627794,1072,87.39,58.39,138.42,18.14,41.46,55.63,97.36,70.17,moderate
520,664,309,659.27,305.04,19.855862,55.271252,1298,151.76,95.58,206.02,19.34,47.88,66.68,116.7,66.65,moderate
521,692,311,692.29,310.64,19.76712,55.793992,1033,225.53,133.88,323.15,26.86,72.22,53.44,93.52,55.3,rough
522,719,308,719.43,305.74,19.844773,56.223611,995,205.36,24.57,351.93,39.34,121.62,34.42,60.24,55.17,rough
523,750,297,746.2,298.44,19.96029,56.647312,739,29.29,-61.44,220.45,41.96,139.54,10.04,17.57,57.65,rough
524,781,308,778.49,308.43,19.802153,57.158587,443,29.75,-62.31,193.39,51.62,195.32,5.76,10.09,56.01,rough
525,817,301,819.16,295.57,20.005762,57.802441,289,10.56,-61.92,147.33,49.01,169.84,5.81,10.16,57.04,rough
526,841,298,842.87,296.82,19.98596,58.177788,908,160.95,-61.65,311.71,40.31,142.43,18.08,31.65,56.01,rough
527,874,294,872.74,296.98,19.983376,58.650644,974,503.5,281.02,628.68,42.41,143.74,38.94,68.15,51.97,rough
528,910,300,910.0,304.94,19.857393,59.240459,1191,627.14,500.03,713.13,40.37,111.28,57.85,101.24,50.79,rough
529,949,309,947.21,308.68,19.798216,59.829528,1191,515.89,389.47,715.38,44.54,138.7,76.35,133.62,49.16,rough
530,980,303,980.29,304.66,19.861859,60.353265,975,434.92,312.09,535.11,34.26,105.17,87.66,153.4,50.02,rough
531,1016,308,1015.31,306.2,19.837438,60.907573,1015,294.37,231.41,449.48,31.35,88.9,103.66,181.4,51.39,rough
532,1044,309,1045.49,304.86,19.858578,61.385432,946,254.27,219.19,456.14,23.26,66.61,118.07,206.62,56.99,rough
533,1074,303,1074.43,302.28,19.899489,61.843533,1034,284.87,239.62,331.44,23.5,50.69,134.34,235.09,56.95,rough
534,1112,305,1112.38,302.35,19.898366,62.444291,1070,255.99,147.46,339.79,32.21,81.66,158.65,277.63,51.91,rough
535,1144,311,1143.28,308.18,19.806115,62.933491,1086,254.75,132.72,327.54,38.15,103.05,178.6,312.55,51.16,rough
536,1176,301,1175.3,302.12,19.902026,63.440508,990,137.23,22.25,290.2,43.03,131.79,208.52,364.9,50.96,rough
537,1201,297,1201.97,297.86,19.969476,63.862618,833,101.86,79.49,188.82,16.65,46.67,233.49,408.61,69.68,moderate
538,1223,310,1226.99,308.13,19.806823,64.258818,1083,153.38,90.43,241.46,22.85,62.99,246.87,432.03,58.49,moderate
539,1265,296,1260.7,296.49,19.991185,64.792427,1151,444.26,161.42,906.53,55.3,254.26,264.47,462.82,44.5,rough
540,1290,298,1292.08,302.19,19.900943,65.289215,965,573.57,328.86,1162.52,61.5,330.1,264.36,462.64,40.93,severe
541,1323,294,1327.25,298.42,19.960645,65.845993,1222,893.49,430.99,1542.17,72.68,525.03,278.33,487.08,31.82,severe
542,1368,311,1363.92,307.57,19.815795,66.426476,1169,1067.49,528.84,1641.29,73.51,541.29,285.06,498.85,30.04,severe
543,1398,300,1399.89,301.53,19.911346,66.995965,969,1275.23,711.85,1572.02,71.6,460.41,308.36,539.64,31.46,severe
544,1431,309,1427.07,307.56,19.815835,67.42621,1013,1283.24,814.73,1698.43,69.76,423.64,312.48,546.84,32.7,severe
545,1451,311,1454.18,310.47,19.769787,67.855316,769,1176.22,722.55,1710.1,72.29,491.25,300.95,526.66,31.05,severe
546,1485,307,1484.66,303.4,19.881762,68.337911,867,692.59,568.24,913.31,59.75,274.53,272.26,476.46,42.07,rough
547,1517,310,1519.74,308.43,19.802103,68.893201,1155,722.98,484.55,992.74,67.52,345.87,248.93,435.62,39.33,severe
548,1560,299,1557.82,301.25,19.915813,69.496135,1396,745.11,508.94,1270.16,68.18,410.11,215.33,376.83,36.91,severe
549,1591,301,1590.04,299.83,19.938313,70.006137,971,676.67,530.28,1151.21,52.64,219.49,187.45,328.04,44.12,rough
550,1618,298,1620.96,299.45,19.94424,70.495679,1078,1030.34,577.22,2179.43,67.71,525.35,160.3,280.53,30.86,severe
551,1655,296,1653.82,302.71,19.892634,71.015867,1033,1811.08,1021.65,2696.22,80.4,914.99,134.67,235.68,15.03,extreme
552,1688,305,1685.75,307.64,19.814625,71.521399,847,2064.32,998.13,2974.5,80.28,1014.56,111.43,195.01,13.28,extreme
553,1709,297,1712.05,298.42,19.960626,71.937683,903,941.82,293.13,1751.52,78.41,880.87,85.91,150.35,21.37,extreme
554,1742,303,1739.99,307.58,19.815574,72.379979,1091,994.23,232.31,1668.75,80.73,936.37,60.88,106.54,22.95,extreme
555,1766,295,1768.05,300.1,19.933929,72.824233,905,682.77,151.61,1372.42,78.97,827.49,34.64,60.63,27.15,severe
556,1805,300,1800.48,302.55,19.895269,73.337684,691,65.62,-62.0,607.31,43.4,250.16,10.01,17.52,53.49,rough
557,1824,315,1819.56,318.08,19.649408,73.639634,362,44.36,-59.9,190.04,61.35,259.7,4.54,7.95,53.73,rough
558,4431,293,4427.73,292.53,20.053795,114.92964,15,-68.22,-94.5,-59.2,54.55,524.49,1.0,1.75,45.37,rough
559,21,337,16.72,338.35,19.328551,45.098932,994,27.15,-61.53,283.61,46.76,166.95,7.33,12.82,56.91,rough
560,49,327,49.72,330.27,19.456357,45.621412,732,128.19,-62.71,350.05,64.79,283.55,7.33,12.83,52.08,rough
561,78,344,80.09,344.91,19.224593,46.102171,601,187.45,-61.9,506.38,65.12,329.94,9.63,16.85,49.86,rough
562,105,333,108.84,340.51,19.294353,46.557325,764,57.54,-63.46,341.71,51.2,212.74,8.36,14.63,55.0,rough
563,143,340,137.65,345.88,19.209204,47.013398,534,6.14,-62.01,86.63,39.2,122.97,7.74,13.54,58.58,moderate
564,173,320,168.63,315.47,19.690716,47.503837,94,-51.6,-62.41,-42.78,21.73,53.31,2.38,4.17,68.92,moderate
565,205,325,215.65,322.55,19.578586,48.248295,49,-34.11,-66.79,27.62,56.78,201.8,1.56,2.73,56.55,rough
566,234,330,239.14,328.43,19.485491,48.62013,1008,115.7,-61.81,344.1,55.68,226.24,11.71,20.48,53.86,rough
567,274,329,272.48,332.24,19.425164,49.147884,1164,383.48,217.19,502.07,43.63,142.28,35.67,62.41,53.11,rough
568,306,329,305.28,330.3,19.455862,49.667205,1072,248.11,70.74,453.33,42.85,150.5,31.95,55.91,54.05,rough
569,335,336,333.82,335.52,19.373238,50.118933,718,-12.5,-63.15,130.4,34.47,112.02,8.41,14.71,59.04,moderate
570,415,332,419.19,334.57,19.388278,51.470558,339,-13.89,-61.23,2.88,21.92,59.67,8.21,14.37,67.67,moderate
571,440,328,441.9,328.97,19.47696,51.830031,813,-24.89,-56.16,-0.44,10.19,23.75,21.12,36.96,87.41,easy
572,470,342,470.33,337.72,19.338523,52.280089,832,-14.67,-55.33,42.56,14.87,38.53,17.96,31.43,79.32,easy
573,497,334,495.14,330.24,19.456841,52.67284,953,42.39,-9.52,88.79,14.04,36.98,34.42,60.23,79.07,easy
574,519,344,523.56,342.84,19.257461,53.122737,1028,95.86,36.9,150.57,16.64,41.41,46.07,80.63,73.34,easy
575,565,337,561.34,337.06,19.348837,53.720925,1069,147.08,105.38,188.07,20.71,46.1,74.41,130.22,63.89,moderate
576,587,334,589.17,335.44,19.374615,54.161489,951,146.98,92.08,197.58,20.81,46.05,78.69,137.71,63.38,moderate
577,621,331,623.63,329.69,19.465566,54.706984,1233,129.18,83.58,187.1,18.76,44.74,80.87,141.52,66.78,moderate
578,661,336,655.83,337.61,19.340234,55.216779,990,81.91,12.63,178.3,28.73,81.78,60.37,105.64,55.42,rough
579,679,344,681.81,344.75,19.2271,55.627937,949,81.88,-22.83,238.56,37.88,117.83,36.05,63.08,56.03,rough
580,723,337,720.79,337.51,19.341818,56.245122,1000,280.15,63.17,405.08,34.51,107.82,29.07,50.87,55.56,rough
581,750,328,750.12,329.1,19.474928,56.709447,941,271.86,126.98,404.57,30.81,94.15,28.15,49.27,56.17,rough
582,778,330,776.27,333.83,19.399979,57.123466,815,190.64,-38.68,297.81,35.4,113.32,19.01,33.27,56.76,rough
583,800,340,794.22,341.33,19.281332,57.407596,357,66.76,-62.52,231.06,54.67,211.06,7.49,13.11,55.06,rough
584,857,326,857.46,321.44,19.596227,58.408743,616,188.55,-63.82,538.07,61.84,281.64,11.91,20.83,51.38,rough
585,874,335,880.03,331.16,19.442348,58.766034,861,421.35,-59.15,657.18,56.51,268.63,18.57,32.5,49.71,rough
586,915,342,915.81,338.28,19.329602,59.332415,1238,672.94,464.64,826.78,43.21,147.96,40.22,70.38,50.55,rough
587,952,340,949.52,340.04,19.301653,59.866166,1020,448.59,307.18,612.71,44.18,139.45,46.72,81.77,51.9,rough
588,982,338,979.46,335.49,19.373779,60.340032,672,366.62,221.91,545.17,43.1,132.52,59.58,104.26,51.71,rough
589,999,336,1003.28,336.56,19.356773,60.717131,914,290.03,189.31,415.55,28.33,73.09,72.21,126.37,53.36,rough
590,1037,329,1037.14,333.28,19.408701,61.253199,1017,240.66,188.45,290.58,24.7,58.24,88.92,155.6,55.07,rough
591,1079,333,1077.17,334.84,19.384008,61.887025,1196,267.18,168.01,314.86,25.04,61.77,110.98,194.21,54.12,rough
592,1110,331,1109.46,332.98,19.413561,62.398201,967,215.2,143.09,308.53,36.53,92.34,136.69,239.21,51.82,rough
593,1138,342,1137.41,342.19,19.26776,62.840686,870,222.19,134.14,323.17,36.6,100.55,155.71,272.49,51.48,rough
594,1165,334,1167.53,335.58,19.372256,63.317422,1085,177.12,51.36,349.67,48.31,184.66,185.72,325.01,48.81,rough
595,1202,338,1198.62,336.4,19.359364,63.809692,1041,241.53,118.23,362.77,35.31,109.54,212.84,372.47,51.02,rough
596,1228,336,1232.42,335.23,19.377879,64.344654,934,133.35,79.08,185.9,16.27,40.04,223.94,391.89,70.32,moderate
597,1272,330,1269.25,330.6,19.451151,64.927749,1325,193.68,76.66,393.97,38.39,123.92,232.0,405.99,50.85,rough
598,1303,344,1303.32,341.45,19.279441,65.46713,843,431.62,189.1,801.54,53.94,222.09,229.77,402.09,45.73,rough
599,1324,336,1325.87,333.03,19.412686,65.824093,1150,442.97,286.17,800.08,52.98,234.96,245.66,429.9,45.19,rough
600,1357,338,1355.02,337.06,19.348905,66.285539,944,610.49,375.59,1103.48,59.99,292.0,254.9,446.08,42.02,rough
601,1387,331,1390.24,331.58,19.435633,66.843132,1031,975.01,617.05,1431.38,67.96,397.23,278.34,487.1,35.77,severe
602,1432,342,1427.08,340.31,19.297411,67.426392,846,1188.56,843.05,1437.98,66.39,335.9,294.56,515.47,36.46,severe
603,1450,338,1454.61,339.74,19.306406,67.862147,855,1340.75,1036.63,1716.9,68.83,386.81,309.49,541.61,33.61,severe
604,1485,327,1484.07,332.0,19.429015,68.328505,1036,780.02,393.32,1416.73,70.93,453.92,291.09,509.41,35.12,severe
605,1515,339,1512.85,341.29,19.281917,68.784207,987,835.72,544.72,1110.49,62.7,309.16,274.61,480.57,39.85,severe
606,1542,340,1545.95,338.97,19.318709,69.308151,1383,915.51,658.97,1212.81,67.29,338.32,244.94,428.65,38.27,severe
607,1592,331,1585.7,331.99,19.429131,69.937548,1083,692.65,521.38,923.97,51.96,202.36,207.16,362.53,44.62,rough
608,1612,334,1613.18,334.02,19.396943,70.372532,844,710.22,519.27,1239.2,57.81,341.39,183.82,321.68,39.58,severe
609,1638,339,1640.7,334.72,19.385976,70.808159,1105,1265.37,868.22,1855.73,75.43,593.5,158.66,277.65,26.82,severe
610,1681,338,1676.94,336.34,19.360319,71.38183,1061,2008.42,1081.79,3674.57,79.93,1220.95,123.26,215.7,13.67,extreme
611,1706,336,1710.5,333.44,19.406268,71.913168,1076,979.83,291.22,2945.78,77.89,910.52,89.71,156.99,20.81,extreme
612,1750,344,1749.16,340.73,19.29077,72.525232,1263,1115.81,520.73,1527.95,73.86,572.13,51.38,89.91,31.62,severe
613,1784,336,1778.97,335.23,19.377818,72.997131,970,892.13,207.89,1505.52,77.7,773.61,22.22,38.88,28.31,severe
614,1798,332,1798.64,329.72,19.465124,73.308498,564,225.54,-88.41,771.86,74.13,569.56,5.6,9.81,41.43,severe
615,1840,327,1847.65,334.88,19.383404,74.08445,392,59.67,-63.0,372.98,69.76,446.21,3.16,5.52,47.13,rough
616,1879,344,1873.12,339.17,19.315493,74.487574,571,46.77,-62.85,466.8,66.59,367.42,3.16,5.54,50.01,rough
617,1894,332,1886.21,332.25,19.425081,74.694811,101,-46.05,-64.84,13.19,32.38,138.86,2.26,3.96,58.8,moderate
618,2005,337,2008.24,339.11,19.316455,76.62664,55,-58.17,-64.25,-53.92,13.15,51.61,1.73,3.02,83.27,easy
619,2016,349,2012.95,345.62,19.213454,76.701241,39,-60.12,-63.28,-57.28,7.56,41.86,1.6,2.81,92.88,easy
620,2097,345,2096.81,345.0,19.223197,78.028887,16,-61.45,-62.67,-60.23,6.84,29.45,1.18,2.06,94.56,easy
621,2131,337,2134.14,336.86,19.352106,78.619863,28,-57.03,-69.29,-46.38,24.79,106.3,1.4,2.46,62.1,moderate
622,2145,337,2141.41,337.22,19.346326,78.734868,27,-53.55,-66.07,-42.79,33.09,185.72,1.49,2.61,57.26,rough
623,4401,344,4402.55,347.91,19.177055,114.530944,164,-42.49,-84.98,-19.2,39.41,381.25,2.3,4.03,50.2,rough
624,4426,339,4421.0,343.17,19.252164,114.823045,47,-61.16,-146.25,-38.47,54.14,695.54,1.41,2.47,39.29,severe
625,24,368,18.47,365.91,18.892158,45.12663,953,157.86,31.55,286.38,43.49,130.42,22.69,39.7,56.1,rough
626,44,373,46.17,371.1,18.809957,45.565278,833,207.32,85.06,308.74,36.49,103.68,30.37,53.14,56.11,rough
627,71,361,69.71,363.46,18.930909,45.937945,851,247.0,94.65,401.84,45.96,154.23,25.0,43.74,54.46,rough
628,102,375,105.24,372.48,18.788176,46.500361,1217,190.33,59.36,371.3,40.79,131.19,36.1,63.17,54.81,rough
629,145,366,141.02,366.38,18.884768,47.066749,1001,113.53,4.66,181.9,32.7,92.15,24.81,43.42,57.6,rough
630,175,367,169.74,369.91,18.828859,47.521426,551,27.94,-59.25,110.59,40.98,127.38,9.09,15.91,58.17,moderate
631,193,381,183.61,383.56,18.612762,47.740977,168,-39.67,-64.6,0.26,31.24,88.06,3.72,6.5,60.44,moderate
632,255,369,256.41,362.54,18.945455,48.893572,566,86.85,-62.57,352.8,57.02,244.59,7.85,13.73,53.71,rough
633,273,369,275.2,365.93,18.891849,49.190951,732,317.96,88.43,484.08,50.01,210.78,24.2,42.36,52.03,rough
634,298,371,298.87,370.94,18.812589,49.565764,1079,307.96,-19.81,463.26,47.83,163.82,25.58,44.77,53.66,rough
635,326,363,323.87,365.62,18.896807,49.961542,922,150.35,-72.14,367.15,58.93,253.73,11.17,19.55,52.69,rough
636,378,383,376.93,387.89,18.544255,50.8014,283,7.49,-62.01,47.48,30.79,94.96,7.96,13.92,59.54,moderate
637,388,383,389.2,385.51,18.581932,50.995639,215,-0.7,-61.58,45.44,32.1,93.78,6.91,12.09,59.72,moderate
638,428,357,432.25,350.72,19.132705,51.677256,398,-40.74,-62.82,-9.13,17.43,45.62,6.31,11.03,75.93,easy
639,463,359,459.73,353.36,19.090925,52.112329,259,-55.98,-62.83,-46.22,12.4,28.78,3.05,5.33,85.19,easy
640,496,365,497.15,365.4,18.900191,52.704739,880,-14.61,-62.85,56.15,21.38,54.19,12.73,22.28,68.4,moderate
641,530,373,529.37,373.91,18.765466,53.214774,903,79.58,27.39,114.66,13.64,32.55,38.15,66.76,79.34,easy
642,554,367,557.07,367.62,18.86506,53.653226,1163,104.69,82.57,154.82,12.08,28.12,59.35,103.86,80.26,easy
643,598,373,592.11,370.16,18.824932,54.208011,820,111.09,76.26,159.31,19.52,44.31,64.49,112.86,66.94,moderate
644,614,360,616.72,358.3,19.012639,54.597629,889,165.15,113.22,243.34,25.22,60.41,82.05,143.59,55.2,rough
645,646,376,646.07,372.06,18.794734,55.062148,1142,220.88,118.16,335.0,26.79,68.86,61.82,108.18,54.8,rough
646,692,369,690.13,370.3,18.822709,55.75976,1038,64.45,-58.26,258.66,39.39,133.2,19.52,34.15,56.9,rough
647,719,365,719.49,364.18,18.919632,56.224547,690,30.73,-61.83,308.96,51.94,204.37,7.16,12.52,55.57,rough
648,751,367,752.54,364.93,18.907662,56.747697,992,123.53,-62.15,309.3,44.89,169.73,8.88,15.54,56.02,rough
649,792,367,783.7,360.01,18.985574,57.241006,401,174.2,-63.02,280.84,49.79,230.48,8.24,14.42,53.57,rough
650,803,363,799.62,357.91,19.018833,57.49306,121,37.03,-61.57,167.32,64.26,261.08,4.62,8.09,53.72,rough
651,886,359,889.13,355.8,19.052216,58.910142,511,307.6,-61.36,659.55,69.55,426.61,9.99,17.48,45.58,rough
652,909,366,913.93,366.69,18.879881,59.302654,781,477.83,219.39,761.2,53.62,240.56,22.58,39.51,50.0,rough
653,952,375,948.58,372.85,18.782263,59.851263,943,173.51,-61.5,468.68,54.78,212.27,15.87,27.77,53.63,rough
654,973,359,975.49,362.41,18.94756,60.277261,873,268.03,159.69,407.27,28.81,86.45,36.53,63.93,55.82,rough
655,1009,371,1008.69,368.32,18.854094,60.802879,1085,213.58,153.84,263.75,26.83,62.71,46.17,80.79,56.28,rough
656,1044,364,1043.88,361.05,18.969148,61.359861,1114,201.8,142.85,282.88,29.18,76.61,69.29,121.26,54.08,rough
657,1078,370,1077.08,368.85,18.845565,61.885494,1089,171.91,77.57,273.32,35.44,94.58,90.18,157.81,52.04,rough
658,1108,370,1108.21,367.24,18.871193,62.3784,974,142.74,91.17,236.13,31.67,78.58,118.8,207.9,52.8,rough
659,1138,370,1139.12,368.8,18.846474,62.867606,806,225.25,100.57,308.7,37.2,100.1,147.15,257.51,51.47,rough
660,1168,374,1170.56,371.76,18.799555,63.36545,1114,177.11,43.9,286.34,41.37,124.43,175.91,307.84,50.94,rough
661,1205,366,1202.81,365.05,18.905802,63.875915,878,128.47,46.39,322.62,40.44,120.5,194.3,340.03,51.42,rough
662,1234,362,1235.62,363.02,18.937922,64.395442,999,98.83,49.73,158.57,19.97,49.32,196.23,343.41,64.12,moderate
663,1262,374,1262.04,372.37,18.789825,64.813677,1059,104.36,50.44,294.62,24.05,75.94,189.57,331.74,56.39,rough
664,1290,358,1289.95,361.77,18.957755,65.255491,971,392.68,96.03,731.53,57.64,257.51,206.42,361.24,44.75,rough
665,1334,374,1331.7,369.21,18.839998,65.916418,885,671.34,389.65,1010.73,63.94,298.79,215.54,377.19,41.36,severe
666,1362,364,1364.53,364.29,18.917759,66.436148,933,580.91,393.58,898.0,57.52,247.36,236.87,414.52,43.8,rough
667,1398,360,1396.78,360.19,18.982731,66.946711,1034,893.22,528.29,1441.19,68.2,378.03,259.64,454.36,37.02,severe
668,1425,366,1426.1,367.97,18.859635,67.410869,891,937.81,708.74,1217.1,59.68,284.27,273.86,479.25,40.02,severe
669,1460,373,1456.72,370.47,18.819998,67.895591,838,1116.27,789.74,1667.73,65.03,372.82,294.72,515.76,35.66,severe
670,1479,374,1482.08,370.28,18.822995,68.297072,987,885.55,517.46,1321.28,68.7,362.98,307.52,538.15,37.6,severe
671,1513,374,1514.14,370.94,18.812594,68.804545,1105,781.61,559.97,1059.9,62.56,290.83,285.26,499.21,40.87,severe
672,1559,372,1555.64,371.76,18.799579,69.461609,1169,813.2,576.94,1151.21,62.55,301.22,244.74,428.3,40.29,severe
673,1584,367,1585.22,365.35,18.901077,69.929834,1114,747.3,490.15,999.17,58.46,255.05,215.01,376.27,42.38,rough
674,1620,368,1619.66,368.45,18.851935,70.475051,1085,1022.37,484.93,1878.09,72.59,596.74,180.69,316.21,28.39,severe
675,1652,361,1652.71,364.9,18.908144,70.998313,1111,971.89,662.53,1525.14,69.06,481.63,147.68,258.45,32.81,severe
676,1683,369,1682.06,370.41,18.821009,71.462925,975,727.94,519.91,1426.46,55.22,323.2,118.59,207.53,40.1,severe
677,1711,363,1712.69,363.9,18.923931,71.947899,977,611.29,338.7,1619.02,60.25,363.74,87.8,153.66,39.65,severe
678,1744,369,1744.99,369.8,18.830572,72.459134,945,941.73,580.14,1704.81,72.49,560.12,56.2,98.36,32.87,severe
679,1781,374,1779.68,372.44,18.788736,73.00841,1030,1676.2,485.99,2640.85,80.19,1023.96,25.01,43.76,21.02,extreme
680,1808,361,1805.3,365.51,18.898564,73.414013,646,268.19,-78.07,1308.28,74.97,727.8,6.63,11.6,35.46,severe
681,1839,368,1840.79,371.92,18.797033,73.975793,746,144.25,-80.66,773.36,76.13,670.89,3.56,6.23,38.57,severe
682,1872,367,1868.96,369.07,18.842105,74.421717,703,692.27,-55.34,1279.85,77.69,760.85,10.87,19.02,31.02,severe
683,1895,364,1894.64,371.07,18.810494,74.828344,476,249.42,-57.19,842.64,77.79,703.73,5.74,10.05,36.51,severe
684,1939,381,1933.33,385.61,18.580316,75.440852,243,152.08,-71.53,774.12,79.17,921.09,3.32,5.81,33.26,severe
685,1958,380,1960.12,386.4,18.567794,75.864911,25,-47.46,-71.8,2.78,53.23,309.11,1.31,2.29,52.87,rough
686,2015,352,2014.67,351.0,19.128211,76.728438,3,-62.18,-62.7,-61.9,4.84,19.39,1.0,1.75,98.23,easy
687,2041,376,2047.05,383.16,18.619044,77.241064,209,45.32,-60.54,158.89,65.48,261.77,3.7,6.48,53.71,rough
688,2065,367,2067.08,361.1,18.968245,77.558271,153,-58.66,-66.21,-43.22,10.8,42.68,2.23,3.91,87.43,easy
689,2095,361,2097.27,369.92,18.828671,78.036206,393,28.43,-63.95,228.46,48.4,202.19,5.43,9.51,55.8,rough
690,2131,374,2127.83,381.55,18.644519,78.519847,589,92.25,-61.69,499.67,64.41,346.5,6.5,11.38,50.17,rough
691,2175,361,2171.82,357.55,19.024445,79.216252,119,-55.09,-90.87,-42.81,28.59,252.22,1.8,3.16,54.89,rough
692,2183,364,2183.22,373.12,18.77795,79.396881,40,-57.15,-69.96,-45.92,31.11,194.27,1.41,2.46,56.99,rough
693,4398,361,4392.46,356.67,19.038502,114.371253,156,-38.13,-94.64,-16.56,32.09,386.66,3.24,5.67,49.91,rough
694,18,394,15.6,395.54,18.423119,45.081203,1058,139.36,81.02,252.64,22.75,61.3,51.63,90.34,61.8,moderate
695,48,400,48.51,402.59,18.311512,45.602282,1038,139.74,68.19,249.87,31.76,80.27,57.75,101.05,55.27,rough
696,82,396,81.23,396.17,18.413062,46.120295,1017,91.57,-2.68,244.93,37.74,104.74,45.58,79.76,55.69,rough
697,115,406,115.22,405.77,18.261183,46.658389,1193,81.75,0.7,194.3,32.99,90.98,32.92,57.62,57.23,rough
698,151,392,150.09,394.4,18.441115,47.210446,1117,32.41,-51.31,153.78,33.54,90.89,32.52,56.91,57.6,rough
699,182,407,178.81,407.51,18.233672,47.665028,809,105.01,-59.03,210.89,39.52,119.57,15.11,26.45,57.44,rough
700,202,403,198.03,407.67,18.231145,47.969374,233,0.04,-63.12,92.56,49.85,163.25,5.18,9.07,57.39,rough
701,269,397,273.84,396.64,18.405608,49.169469,749,52.95,-64.87,297.22,43.12,157.8,11.66,20.4,56.72,rough
702,308,408,306.55,402.44,18.313797,49.687209,772,117.96,-64.12,280.14,55.81,241.55,10.92,19.11,53.36,rough
703,343,406,347.75,410.64,18.184006,50.339563,182,34.22,-63.75,109.57,51.43,233.31,5.26,9.2,54.67,rough
704,362,402,366.88,405.11,18.271553,50.642394,550,34.32,-62.81,110.61,34.71,103.78,12.0,21.0,58.73,moderate
705,399,399,395.19,404.66,18.278649,51.090603,629,23.0,-61.3,87.14,28.29,75.13,13.3,23.28,59.72,moderate
706,424,413,419.16,416.82,18.086216,51.470009,300,-39.71,-62.38,-4.69,21.89,64.78,6.02,10.53,67.88,moderate
707,500,400,502.54,397.71,18.388807,52.78994,507,2.17,-61.25,60.15,33.44,81.0,8.18,14.32,60.05,moderate
708,520,400,524.72,401.61,18.32701,53.141083,930,89.64,36.27,114.0,13.63,32.88,29.21,51.11,79.98,easy
709,564,405,561.35,402.1,18.319317,53.720986,1129,76.41,17.39,115.93,16.6,37.95,31.1,54.42,74.83,easy
710,595,394,591.77,395.95,18.416559,54.202669,768,103.38,60.3,229.09,22.24,55.96,41.57,72.75,63.86,moderate
711,615,391,620.29,394.8,18.434788,54.654076,983,240.34,143.33,323.08,26.09,71.19,62.18,108.81,54.55,rough
712,660,394,658.67,397.72,18.388616,55.261729,1164,273.0,188.02,345.96,24.4,58.73,56.45,98.79,57.86,rough
713,688,404,686.65,405.11,18.27155,55.704654,983,244.45,177.09,311.52,29.76,83.69,39.2,68.6,55.87,rough
714,714,402,716.88,399.7,18.357166,56.183235,1040,278.15,27.79,424.97,51.72,184.87,21.67,37.93,53.42,rough
715,753,405,750.36,400.14,18.350264,56.713192,959,264.5,-15.26,497.09,58.12,229.65,20.03,35.06,52.06,rough
716,781,408,779.94,404.37,18.2833,57.181491,785,162.15,-65.65,474.73,56.12,262.27,10.6,18.56,52.35,rough
717,895,384,898.51,379.74,18.673295,59.058623,246,118.77,-64.02,416.72,72.99,498.11,5.55,9.71,44.7,rough
718,914,396,919.54,388.8,18.529831,59.391492,401,78.94,-63.35,331.53,58.08,271.66,7.69,13.46,52.82,rough
719,944,399,944.82,396.88,18.401943,59.791656,364,-21.93,-62.23,80.34,36.27,111.35,5.11,8.94,59.39,moderate
720,968,399,972.63,397.9,18.385727,60.232042,997,27.54,-39.18,242.75,25.31,85.69,18.34,32.1,60.06,moderate
721,1009,394,1009.49,395.96,18.41648,60.815457,1050,212.81,-13.37,324.23,45.03,159.24,22.67,39.67,54.7,rough
722,1046,390,1045.21,392.66,18.468667,61.380913,1117,235.6,157.91,311.7,27.44,69.67,51.27,89.72,55.49,rough
723,1079,406,1076.75,405.18,18.270525,61.880262,709,205.98,62.61,282.46,35.88,108.76,78.22,136.89,52.21,rough
724,1095,397,1097.61,395.86,18.41805,62.210469,723,183.1,92.27,254.6,33.56,84.86,100.24,175.42,52.3,rough
725,1129,393,1128.38,397.5,18.392149,62.697729,1006,200.04,103.7,286.42,33.65,88.49,130.33,228.07,52.06,rough
726,1159,399,1161.36,402.51,18.312758,63.219709,1208,239.36,176.49,318.77,25.87,63.3,154.86,271.01,52.88,rough
727,1206,390,1202.84,394.17,18.444752,63.87639,1225,173.23,48.46,275.97,28.89,79.15,166.08,290.64,52.57,rough
728,1235,403,1233.84,399.23,18.364618,64.367231,769,61.04,10.13,104.48,19.14,44.66,159.94,279.9,65.91,moderate
729,1256,404,1258.33,406.09,18.256102,64.754867,913,129.83,9.86,422.96,41.04,171.75,155.71,272.49,49.6,rough
730,1289,397,1289.66,395.06,18.430751,65.250917,1094,466.77,48.47,1006.68,64.88,356.44,174.7,305.72,40.73,severe
731,1326,391,1323.52,394.35,18.441929,65.786864,1027,608.24,335.73,1019.2,56.36,260.21,189.69,331.96,43.16,rough
732,1356,390,1358.86,396.37,18.409935,66.346379,1265,488.63,382.81,756.53,39.4,121.13,207.72,363.51,48.9,rough
733,1398,396,1393.84,396.68,18.405069,66.900087,1277,695.35,452.05,1061.16,60.07,254.21,230.79,403.88,42.77,rough
734,1424,398,1426.08,398.85,18.370703,67.410475,998,1004.38,713.99,1254.68,63.45,304.74,253.07,442.87,38.84,severe
735,1458,399,1457.38,400.31,18.347564,67.90612,954,990.81,652.15,1352.2,69.18,371.34,276.94,484.65,36.58,severe
736,1492,404,1490.58,405.13,18.271254,68.431633,995,626.32,322.94,984.77,67.99,392.61,299.0,523.25,38.35,severe
737,1518,396,1521.88,396.51,18.407813,68.927157,898,919.76,667.22,1169.78,65.2,327.53,280.36,490.62,38.62,severe
738,1557,405,1556.12,404.07,18.288125,69.469145,1122,974.54,717.26,1374.41,67.38,361.19,247.65,433.38,37.05,severe
739,1592,401,1590.25,399.9,18.354031,70.00958,978,820.44,466.76,1230.58,66.39,340.68,213.35,373.36,38.84,severe
740,1618,399,1617.45,398.2,18.381063,70.440104,814,939.08,462.16,1878.76,69.31,608.46,186.33,326.07,28.55,severe
741,1638,408,1640.16,402.98,18.305278,70.799691,855,1512.43,799.92,2016.65,76.24,655.39,165.23,289.15,22.92,extreme
742,1676,403,1672.88,400.01,18.352335,71.317615,1005,936.34,671.11,1266.07,57.37,255.21,132.99,232.74,41.06,severe
743,1705,399,1705.33,399.7,18.357308,71.831405,1029,738.66,599.61,1178.18,42.99,170.59,102.41,179.23,45.42,rough
744,1734,395,1734.39,396.94,18.401,72.291355,1046,815.2,579.82,1214.82,57.84,257.03,74.95,131.17,43.01,rough
745,1771,401,1770.61,402.23,18.317141,72.864763,1094,1289.6,674.98,2384.61,78.93,833.34,50.92,89.11,21.68,extreme
746,1805,399,1806.83,399.02,18.368026,73.438231,1277,1166.32,159.91,2986.01,82.57,1283.2,28.26,49.45,24.3,extreme
747,1846,408,1843.85,404.18,18.286374,74.024169,1099,730.29,-7.83,1570.85,79.39,854.27,18.5,32.38,28.08,severe
748,1879,393,1876.04,393.87,18.449543,74.533891,882,765.69,227.86,1303.09,74.89,592.9,22.3,39.03,35.57,severe
749,1899,403,1902.62,401.06,18.335652,74.954673,941,829.45,147.28,1539.41,78.44,779.86,20.37,35.64,28.66,severe
750,1935,400,1932.13,400.86,18.338914,75.421744,752,876.66,17.2,1343.39,78.27,942.22,14.22,24.88,27.4,severe
751,1965,399,1965.04,403.39,18.298834,75.942833,760,367.75,-58.69,1227.12,75.63,769.91,7.95,13.91,33.18,severe
752,1995,409,1991.51,410.51,18.186101,76.361812,380,85.27,-62.92,598.23,63.03,359.93,5.48,9.59,49.82,rough
753,2040,402,2045.19,403.9,18.290776,77.21168,532,39.71,-65.49,236.51,52.06,214.36,5.66,9.9,55.27,rough
754,2070,406,2068.91,407.86,18.228123,77.587144,702,66.43,-63.58,283.01,59.97,255.72,5.68,9.93,53.63,rough
755,2091,394,2093.81,392.28,18.474634,77.981347,966,248.08,-62.92,756.88,70.4,444.8,11.11,19.45,45.26,rough
756,2126,407,2124.84,402.99,18.30517,78.472547,836,431.42,-23.86,854.97,72.73,492.5,14.54,25.44,42.04,rough
757,2162,396,2157.81,398.01,18.384035,78.994503,661,114.34,-62.22,384.4,59.22,274.41,9.69,16.96,52.32,rough
758,2182,400,2184.65,398.24,18.380306,79.419458,728,-16.65,-61.84,123.97,33.08,107.95,6.91,12.09,59.33,moderate
759,2221,408,2219.15,410.1,18.192624,79.965679,518,-36.27,-62.74,-6.25,16.02,45.56,7.06,12.36,78.17,easy
760,2255,407,2249.13,410.98,18.178693,80.440206,186,-23.34,-64.27,60.43,41.09,156.1,4.15,7.26,57.89,rough
761,15,430,14.22,426.81,17.928077,45.059341,933,156.01,86.21,299.35,28.96,74.82,55.39,96.94,55.54,rough
762,39,439,41.96,434.91,17.799906,45.498556,814,188.76,62.96,337.81,42.49,125.48,50.48,88.34,53.9,rough
763,74,427,75.92,428.19,17.906255,46.036106,1295,81.23,-44.19,240.24,36.94,105.77,34.87,61.02,56.56,rough
764,120,438,114.3,435.5,17.790483,46.643704,799,59.08,-60.62,207.45,50.01,174.1,8.23,14.41,56.36,rough
765,141,431,142.42,427.33,17.919835,47.088952,849,188.26,106.31,230.99,24.56,67.06,26.92,47.1,60.19,moderate
766,170,434,171.3,434.67,17.803593,47.546112,1020,211.43,162.21,253.97,20.86,50.68,32.18,56.32,66.3,moderate
767,207,431,198.88,433.64,17.81995,47.982728,524,77.76,-60.8,204.23,48.55,177.76,8.92,15.61,56.05,rough
768,287,426,287.83,430.92,17.862969,49.390897,384,62.42,-60.7,351.21,54.9,228.02,5.95,10.41,54.61,rough
769,294,422,297.74,422.98,17.988711,49.547873,527,84.17,-52.93,295.01,49.75,201.76,9.69,16.96,55.1,rough
770,337,427,343.08,429.0,17.893395,50.265543,324,61.25,-69.3,141.48,47.33,266.32,5.69,9.96,53.29,rough
771,363,429,367.61,428.93,17.89447,50.653979,898,80.64,35.07,129.94,23.71,54.82,26.1,45.68,62.83,moderate
772,405,431,399.53,433.04,17.829506,51.159284,1037,48.44,-10.02,95.25,12.78,33.24,30.69,53.7,81.53,easy
773,427,438,426.21,438.3,17.746144,51.581547,574,-3.55,-60.62,31.46,14.74,39.76,16.11,28.19,79.56,easy
774,448,445,445.55,446.34,17.618829,51.887728,390,-12.3,-62.93,31.91,26.77,80.41,7.86,13.75,60.2,moderate
775,501,428,508.92,427.7,17.913911,52.89107,517,8.95,-61.6,81.43,35.57,93.03,8.55,14.96,59.55,moderate
776,536,435,535.14,432.74,17.834264,53.306082,1023,110.97,58.57,160.04,13.75,34.26,25.9,45.33,79.83,easy
777,565,430,563.59,431.24,17.857986,53.756471,731,22.31,-61.53,128.18,39.38,110.76,9.37,16.39,58.77,moderate
778,589,426,590.2,425.81,17.943819,54.177732,837,106.07,-4.13,268.07,36.8,113.03,21.41,37.47,57.17,rough
779,616,432,617.59,429.0,17.893379,54.611384,1047,330.52,196.52,449.12,36.43,108.66,43.22,75.63,54.08,rough
780,648,437,648.51,432.21,17.842596,55.10087,1159,332.95,252.71,527.93,36.31,112.37,51.44,90.02,53.29,rough
781,683,439,683.09,438.56,17.742022,55.648319,1189,339.01,216.34,528.76,43.77,145.41,58.91,103.09,51.5,rough
782,717,430,718.71,433.01,17.829946,56.212182,1270,234.86,10.46,425.39,49.81,171.24,34.44,60.27,53.21,rough
783,756,422,753.0,427.74,17.913411,56.755057,904,195.44,-61.2,507.81,61.34,266.02,12.49,21.86,51.84,rough
784,783,431,780.04,432.66,17.835412,57.183066,495,134.9,-65.19,339.48,61.89,287.86,6.38,11.17,51.96,rough
785,803,429,797.53,424.53,17.964106,57.460029,180,66.9,-63.61,228.41,68.49,342.58,4.19,7.34,50.67,rough
786,951,422,951.32,422.84,17.99091,59.894615,557,-8.99,-63.17,40.72,27.18,71.12,9.05,15.84,60.41,moderate
787,969,432,968.07,426.74,17.929128,60.159763,381,-24.28,-64.36,12.44,26.8,80.69,5.89,10.31,60.43,moderate
788,1001,422,1007.82,422.73,17.992621,60.789024,896,115.96,-61.33,318.55,50.9,199.97,10.36,18.14,54.89,rough
789,1047,431,1041.55,430.4,17.8712,61.323039,1107,111.29,13.3,322.52,35.25,105.67,41.73,73.02,55.82,rough
790,1063,423,1066.3,425.47,17.949313,61.714925,853,165.67,36.88,284.85,49.58,151.9,66.43,116.24,51.89,rough
791,1103,425,1102.81,425.2,17.953512,62.292813,1022,124.3,31.82,235.24,29.66,78.24,102.84,179.97,52.94,rough
792,1129,440,1131.2,434.74,17.802484,62.742285,979,95.96,26.24,257.15,30.52,78.0,118.26,206.96,53.15,rough
793,1166,435,1166.43,431.01,17.861578,63.299958,1127,142.16,7.77,289.36,40.35,124.21,131.84,230.73,51.19,rough
794,1202,437,1200.22,435.0,17.798487,63.834933,1211,64.93,11.97,253.51,24.42,72.83,125.87,220.27,56.16,rough
795,1226,423,1227.36,425.35,17.951126,64.264623,1005,22.24,6.0,128.54,11.49,43.99,133.83,234.2,78.86,easy
796,1272,437,1269.52,435.83,17.78526,64.931987,1074,552.58,17.04,1206.75,71.88,528.34,129.75,227.05,34.06,severe
797,1298,423,1296.6,422.59,17.994948,65.360668,781,633.62,311.04,1123.88,65.94,380.16,151.99,265.98,38.74,severe
798,1318,428,1323.02,427.85,17.91164,65.779008,1108,352.94,297.17,570.02,33.77,96.13,161.02,281.78,50.73,rough
799,1358,440,1358.14,435.73,17.786783,66.334935,1487,503.22,309.97,772.36,54.99,207.97,178.06,311.61,45.73,rough
800,1396,435,1391.51,431.33,17.856539,66.863234,1009,698.15,406.05,1043.88,62.1,307.98,205.8,360.15,40.85,severe
801,1419,432,1422.72,430.67,17.867015,67.357383,980,854.66,507.13,1146.98,63.68,313.12,231.21,404.62,39.58,severe
802,1458,429,1457.55,431.55,17.85306,67.908787,1307,633.78,397.98,1027.98,59.79,273.9,260.26,455.46,42.5,rough
803,1495,438,1493.71,438.64,17.74072,68.481187,1090,492.56,291.06,734.59,61.59,278.07,288.83,505.45,43.33,rough
804,1522,426,1523.39,427.93,17.910365,68.95106,1098,934.58,437.35,1398.53,71.51,483.67,284.54,497.95,33.0,severe
805,1555,434,1554.64,435.68,17.787616,69.445727,1040,1098.01,709.59,1421.84,70.47,411.98,256.35,448.62,34.4,severe
806,1587,432,1583.73,430.56,17.868689,69.906222,751,886.29,552.72,1311.6,71.24,417.74,227.04,397.31,35.66,severe
807,1606,433,1609.75,431.64,17.851599,70.318288,828,461.55,327.74,974.8,55.12,323.0,202.76,354.83,41.95,severe
808,1646,423,1647.02,426.72,17.929481,70.908198,898,1390.33,746.79,2057.11,76.54,788.56,166.28,290.99,19.06,extreme
809,1681,427,1680.56,430.02,17.877279,71.439258,1056,1185.33,900.95,2071.16,66.74,442.53,137.69,240.96,32.71,severe
810,1714,437,1715.08,434.9,17.799957,71.985639,1145,895.08,756.99,1273.07,60.48,299.9,112.34,196.6,39.77,severe
811,1750,428,1747.44,427.73,17.913577,72.497934,1066,1332.41,849.74,1813.09,67.43,428.45,84.63,148.1,32.61,severe
812,1774,439,1776.46,435.8,17.785727,72.957442,920,1497.61,537.01,2201.14,75.1,744.25,74.95,131.16,21.05,extreme
813,1812,433,1811.35,433.08,17.828753,73.50974,1262,685.42,18.29,1625.39,77.01,913.19,54.09,94.66,25.62,extreme
814,1848,430,1844.17,432.84,17.832631,74.02929,711,363.04,-5.47,1408.19,58.31,581.12,45.32,79.31,36.98,severe
815,1865,429,1868.41,427.61,17.915349,74.413111,742,307.31,-14.9,976.44,52.85,401.63,45.6,79.8,43.69,rough
816,1896,428,1897.64,429.03,17.892921,74.875827,970,174.92,42.44,702.17,46.88,251.52,44.95,78.65,49.97,rough
817,1938,424,1935.61,426.18,17.938096,75.476876,1038,235.81,-13.38,519.34,65.7,363.92,26.06,45.61,47.04,rough
818,1962,440,1959.31,439.31,17.730226,75.852121,769,10.88,-61.92,268.99,38.16,147.49,7.65,13.39,57.68,rough
819,1984,430,1980.73,430.3,17.872832,76.191236,532,3.29,-62.27,598.16,35.37,193.29,4.65,8.15,56.35,rough
820,2038,443,2038.47,451.05,17.544303,77.105284,293,214.19,-63.0,886.1,70.88,691.13,6.71,11.73,37.12,severe
821,2057,446,2059.25,450.26,17.556856,77.43418,426,353.45,-63.86,1013.67,76.52,751.41,7.88,13.79,33.94,severe
822,2099,425,2101.95,418.47,18.060045,78.110201,372,98.16,-65.96,423.29,71.93,408.23,4.36,7.64,48.11,rough
823,2132,422,2134.98,424.47,17.965121,78.633061,682,180.23,-61.66,435.09,59.06,279.56,9.69,16.96,51.68,rough
824,2163,425,2160.82,421.84,18.006811,79.042232,615,14.5,-61.55,186.32,43.38,153.54,7.66,13.4,57.44,rough
825,2197,419,2197.7,417.39,18.077168,79.626084,613,-29.15,-62.69,25.97,17.66,45.38,8.28,14.49,75.32,easy
826,2232,429,2229.77,423.49,17.980596,80.133718,303,-47.75,-62.88,-31.85,12.01,33.29,5.82,10.18,85.4,easy
827,2252,425,2248.59,420.77,18.023654,80.431708,206,-36.18,-62.51,21.69,25.33,84.88,5.58,9.76,61.49,moderate
828,4367,432,4369.14,436.21,17.779302,114.002018,29,-67.67,-202.61,-1.83,74.03,1629.46,1.2,2.09,34.91,severe
829,14,457,12.87,459.08,17.417209,45.037968,832,283.0,128.93,555.63,38.21,138.06,25.08,43.89,54.78,rough
830,39,457,41.75,462.78,17.358643,45.495315,954,252.03,83.05,359.72,44.19,140.31,28.16,49.27,54.67,rough
831,76,463,77.99,461.96,17.371679,46.068991,1300,206.92,21.87,421.41,53.84,187.01,32.85,57.49,52.97,rough
832,118,458,112.09,460.83,17.38942,46.608767,859,68.43,-61.29,190.55,47.99,184.3,8.12,14.22,55.95,rough
833,146,458,145.47,458.56,17.425466,47.13721,753,190.54,-62.07,274.59,39.93,159.58,14.2,24.85,55.5,rough
834,166,469,169.39,468.01,17.275844,47.515934,776,209.97,158.48,269.71,24.78,58.61,29.04,50.83,59.8,moderate
835,198,465,195.72,463.6,17.34569,47.932689,933,112.94,-63.25,219.96,43.34,136.48,14.2,24.84,56.86,rough
836,255,478,259.01,481.17,17.067494,48.934727,153,79.63,-59.2,232.6,70.42,387.89,3.45,6.04,49.03,rough
837,275,463,282.98,465.77,17.311355,49.314206,615,47.9,-61.19,216.67,53.08,206.56,6.75,11.82,55.41,rough
838,308,461,304.99,461.58,17.377656,49.662531,964,157.32,-60.96,387.31,61.23,281.38,10.92,19.11,51.68,rough
839,342,468,345.78,466.8,17.294997,50.308327,463,55.44,-63.8,223.48,57.94,293.74,5.68,9.94,52.36,rough
840,360,454,365.66,456.0,17.465929,50.623007,1088,71.7,-13.5,144.77,28.59,77.82,23.89,41.8,58.46,moderate
841,407,469,401.05,467.47,17.284432,51.183276,1149,31.35,-18.27,117.08,13.62,33.19,34.15,59.76,80.01,easy
842,430,462,430.59,463.63,17.345171,51.65098,678,12.06,-27.39,55.04,13.15,32.81,24.2,42.35,81.7,easy
843,462,464,455.51,466.53,17.299212,52.045411,304,3.0,-62.62,56.49,35.9,123.72,6.98,12.21,58.63,moderate
844,510,463,513.18,463.44,17.348181,52.958469,555,5.38,-61.71,74.9,37.81,96.45,7.96,13.93,59.5,moderate
845,531,462,532.21,465.05,17.322677,53.259699,829,124.03,49.65,176.07,22.77,60.23,24.31,42.55,64.04,moderate
846,559,463,556.34,461.46,17.379564,53.641684,667,108.48,-61.93,177.36,36.98,121.38,11.41,19.96,57.64,rough
847,582,459,587.29,460.16,17.400169,54.131726,777,112.58,-60.84,302.95,53.35,200.2,10.96,19.17,54.86,rough
848,617,460,616.12,461.71,17.375532,54.588072,1045,275.19,-21.06,477.24,50.64,202.05,19.81,34.67,52.98,rough
849,649,462,649.43,464.15,17.336921,55.115449,994,239.35,36.0,507.02,51.11,189.69,27.65,48.38,53.05,rough
850,684,471,685.44,468.7,17.264879,55.685515,1002,207.89,92.14,301.42,28.89,82.32,53.77,94.1,55.04,rough
851,725,470,726.24,466.97,17.292309,56.331463,1225,249.47,73.22,358.81,35.98,105.15,37.5,65.63,55.21,rough
852,760,465,755.86,461.88,17.372864,56.800357,1071,231.67,-40.58,394.04,48.11,190.39,19.49,34.1,53.72,rough
853,776,472,778.05,470.66,17.23386,57.151624,708,127.55,-33.29,272.81,46.72,154.89,16.03,28.05,55.96,rough
854,805,464,796.96,469.17,17.257507,57.450952,275,-20.38,-62.34,70.84,43.97,142.34,4.08,7.13,58.36,moderate
855,846,473,846.73,475.68,17.154444,58.238851,462,14.32,-65.52,225.24,50.78,219.06,6.75,11.82,55.2,rough
856,889,475,884.56,474.52,17.172705,58.837729,229,269.81,-57.35,551.62,76.18,593.44,5.55,9.72,40.28,severe
857,896,474,894.11,473.95,17.181834,58.988857,19,93.22,-43.06,324.26,83.68,785.48,1.89,3.31,35.0,severe
858,1006,462,1007.44,459.71,17.407209,60.782978,924,31.64,-61.81,88.48,31.6,92.87,12.66,22.16,59.08,moderate
859,1036,461,1035.25,460.34,17.397263,61.223288,1011,17.12,-11.14,78.22,16.34,36.67,39.78,69.61,75.05,easy
860,1065,467,1066.45,464.1,17.337677,61.717217,1066,15.64,-8.74,42.51,11.36,24.84,70.26,122.96,81.32,easy
861,1100,457,1097.4,455.62,17.471979,62.207285,1028,24.58,-1.06,56.13,12.83,30.18,91.1,159.43,77.12,easy
862,1130,459,1131.13,463.53,17.34677,62.74116,921,18.62,-3.29,75.57,14.9,34.86,90.67,158.67,73.57,easy
863,1166,457,1166.2,459.55,17.409709,63.296362,951,51.17,4.19,136.61,23.08,58.64,105.82,185.18,58.97,moderate
864,1199,469,1199.24,470.1,17.242753,63.81943,1219,25.27,8.44,144.63,11.02,33.28,91.7,160.48,80.0,easy
865,1238,460,1233.12,459.85,17.405002,64.355785,1070,190.04,10.18,739.36,49.31,309.5,99.43,174.0,44.31,rough
866,1254,462,1259.0,461.96,17.371565,64.765516,801,776.61,210.14,1151.12,71.87,465.8,101.65,177.89,34.72,severe
867,1296,458,1294.21,459.36,17.412814,65.322974,1115,578.72,308.28,1109.04,60.35,341.91,118.85,207.98,40.47,severe
868,1327,464,1327.14,460.94,17.387684,65.844144,917,463.37,326.41,732.46,54.72,197.48,138.21,241.87,46.38,rough
869,1356,471,1358.6,470.01,17.244129,66.34219,974,636.29,317.58,941.58,60.4,265.95,156.13,273.23,42.76,rough
870,1397,460,1391.63,462.94,17.356096,66.865103,945,692.58,413.97,988.86,66.13,330.26,187.54,328.2,40.1,severe
871,1417,460,1420.83,459.01,17.418355,67.327351,716,574.86,345.94,1015.07,65.44,312.39,214.74,375.79,41.54,severe
872,1447,471,1446.51,468.75,17.264181,67.733955,1105,339.58,235.15,541.82,46.64,154.26,233.71,409.0,48.76,rough
873,1479,469,1477.67,465.22,17.319954,68.227294,934,434.68,242.86,743.57,54.13,208.06,263.83,461.7,46.2,rough
874,1513,470,1513.27,465.97,17.308173,68.790882,935,531.63,229.27,1130.13,68.61,419.29,292.81,512.41,38.06,severe
875,1545,467,1547.29,466.85,17.294132,69.32941,1272,967.18,456.47,1241.54,67.99,397.31,273.82,479.19,35.82,severe
876,1587,459,1584.11,462.07,17.369915,69.912267,1153,749.24,426.96,1088.85,64.83,339.78,238.13,416.73,39.37,severe
877,1621,457,1620.41,457.67,17.439458,70.486946,874,394.42,296.94,866.4,49.18,222.22,203.7,356.47,45.98,rough
878,1644,457,1648.08,458.95,17.419316,70.925042,1210,1114.67,415.69,2787.32,74.73,762.36,180.5,315.88,21.89,extreme
879,1685,464,1682.96,462.49,17.363191,71.477154,1123,1310.61,818.54,2171.91,72.54,602.09,154.59,270.53,26.2,severe
880,1714,464,1715.72,466.0,17.307711,71.995795,1012,1067.56,719.36,1518.36,68.02,388.04,134.17,234.79,35.46,severe
881,1750,465,1748.41,465.71,17.312201,72.513279,1144,963.48,586.41,1510.79,73.68,519.02,115.1,201.43,31.54,severe
882,1778,460,1779.04,460.85,17.389171,72.998175,749,1115.04,361.69,1696.03,75.56,596.6,93.33,163.33,27.75,severe
883,1804,471,1806.2,469.66,17.249705,73.428214,968,286.79,45.08,1026.01,52.64,402.03,89.75,157.06,40.39,severe
884,1837,462,1836.92,462.69,17.360071,73.914468,1140,91.32,3.8,414.38,31.87,145.29,75.59,132.28,51.92,rough
885,1871,458,1871.18,459.52,17.410301,74.456982,1049,44.5,-31.5,322.4,36.3,134.04,65.36,114.38,53.44,rough
886,1903,457,1902.52,458.67,17.423702,74.953061,1052,2.18,-46.36,64.26,24.05,77.08,38.33,67.08,61.07,moderate
887,1930,462,1932.12,462.35,17.365354,75.421608,1206,46.8,-53.11,833.08,35.83,250.84,14.24,24.93,53.27,rough
888,1975,464,1971.96,466.06,17.306763,76.05236,966,268.28,-61.47,1485.19,56.95,565.73,14.43,25.24,40.58,severe
889,2000,469,2000.27,466.49,17.299968,76.50056,775,110.56,-63.26,580.85,43.08,252.03,16.65,29.14,52.6,rough
890,2024,470,2025.73,467.39,17.285593,76.903526,735,13.55,-62.86,321.75,36.18,168.04,17.49,30.6,56.17,rough
891,2059,470,2060.37,469.47,17.252772,77.451977,804,476.94,52.28,866.45,71.98,490.02,24.78,43.37,41.01,severe
892,2094,456,2091.7,459.83,17.405269,77.947894,751,519.84,-63.25,1479.77,79.17,841.68,10.92,19.12,30.12,severe
893,2121,463,2121.19,470.4,17.237956,78.414755,696,253.14,-68.16,889.13,68.76,478.21,10.23,17.9,44.11,rough
894,2159,470,2151.81,476.71,17.13812,78.899627,405,83.23,-64.0,275.85,62.45,301.56,7.05,12.34,51.78,rough
895,2183,479,2182.04,480.92,17.071402,79.378152,286,64.4,-63.07,355.24,65.8,407.91,5.21,9.12,48.29,rough
896,2234,476,2237.37,482.3,17.04964,80.254113,131,-25.96,-66.75,28.69,53.3,143.13,2.39,4.18,58.5,moderate
897,2255,463,2257.92,460.42,17.396038,80.579323,24,-60.56,-65.65,-54.75,24.07,96.21,1.15,2.02,63.69,moderate
898,14,492,14.57,488.45,16.952195,45.064905,852,216.57,-74.6,617.32,66.53,396.84,8.78,15.36,47.35,rough
899,49,503,48.03,502.44,16.730753,45.594629,1066,396.61,-52.8,713.31,61.83,335.98,19.51,34.14,47.43,rough
900,70,492,70.98,491.54,16.903284,45.958055,986,426.22,277.1,734.57,52.8,206.36,36.09,63.15,50.52,rough
901,103,501,107.66,498.1,16.799429,46.538724,1420,386.57,-65.8,714.21,70.38,448.37,15.52,27.17,43.83,rough
902,156,489,152.77,487.2,16.971979,47.25272,541,199.92,-87.09,320.58,52.58,360.97,8.73,15.28,48.74,rough
903,169,500,170.4,500.92,16.754798,47.53184,744,252.54,-48.91,386.45,37.85,147.88,18.34,32.09,55.17,rough
904,201,496,195.27,492.37,16.890168,47.925542,512,152.23,-62.67,288.11,49.15,200.71,10.63,18.61,54.59,rough
905,247,504,250.62,505.36,16.684535,48.80191,308,185.3,-68.2,317.96,55.88,325.57,6.69,11.71,50.25,rough
906,263,492,270.82,493.68,16.869417,49.121664,767,182.97,-12.47,276.12,44.77,158.32,15.97,27.94,55.46,rough
907,310,497,306.12,493.71,16.869043,49.680435,1073,233.13,-55.16,411.86,54.24,229.1,16.51,28.9,52.57,rough
908,341,495,344.19,490.75,16.915853,50.283116,187,56.37,-63.88,163.07,68.08,361.96,3.23,5.66,50.13,rough
909,362,495,368.92,492.49,16.888271,50.674632,1051,43.91,-60.87,138.08,37.69,108.09,13.63,23.85,58.38,moderate
910,405,497,401.39,498.5,16.793178,51.188681,1079,72.88,-20.27,152.17,30.3,83.31,22.06,38.61,58.4,moderate
911,431,495,427.94,494.84,16.851088,51.609003,549,-20.88,-62.6,92.25,31.1,86.73,6.19,10.83,60.17,moderate
912,450,487,449.13,485.36,17.001111,51.944514,548,13.8,-65.8,64.46,34.13,108.31,9.39,16.43,58.91,moderate
913,499,496,504.21,496.05,16.831906,52.816409,331,6.48,-61.37,113.89,40.84,145.23,5.42,9.48,57.97,rough
914,518,503,521.01,499.41,16.778721,53.082393,808,49.21,-0.3,143.73,27.59,77.38,19.44,34.01,58.98,moderate
915,558,490,552.6,491.08,16.910652,53.582528,842,140.39,-61.51,202.73,38.52,150.87,13.97,24.45,56.18,rough
916,591,495,595.44,489.47,16.936075,54.260688,696,89.02,-70.31,321.12,59.26,267.58,7.23,12.65,52.93,rough
917,623,495,627.3,492.09,16.894628,54.76499,705,37.98,-62.98,184.59,56.19,208.71,5.45,9.54,55.5,rough
918,663,493,658.99,492.0,16.89608,55.266819,862,173.8,11.29,250.97,29.02,94.11,24.9,43.57,57.1,rough
919,683,498,684.93,499.65,16.77499,55.677453,730,50.39,-8.78,182.08,35.45,119.74,32.79,57.39,56.44,rough
920,712,489,714.09,491.68,16.90117,56.138985,982,131.9,18.06,258.41,36.61,101.54,47.32,82.81,55.39,rough
921,757,504,753.33,501.2,16.750368,56.760289,1070,138.79,-47.48,279.13,38.88,128.77,21.87,38.28,56.35,rough
922,783,495,781.77,492.44,16.889021,57.210517,514,76.41,-61.66,264.06,56.81,227.63,7.68,13.43,54.39,rough
923,822,501,822.91,501.73,16.74204,57.861795,533,170.86,-59.95,305.62,48.22,225.57,10.78,18.86,53.57,rough
924,840,492,842.55,494.05,16.863549,58.172663,742,242.88,-49.28,358.54,47.77,189.9,21.43,37.51,53.51,rough
925,874,487,872.64,493.05,16.879379,58.649026,1064,228.49,-58.87,355.91,52.95,207.79,16.42,28.74,53.36,rough
926,896,480,891.77,489.19,16.940488,58.95189,161,113.8,-60.81,360.34,76.81,539.05,3.49,6.11,43.45,rough
927,1015,490,1013.07,491.08,16.910587,60.872135,972,-13.36,-61.62,32.64,10.7,31.13,17.06,29.85,86.53,easy
928,1039,498,1040.22,495.42,16.841892,61.301937,749,-10.17,-19.8,2.18,3.87,9.02,43.02,75.29,96.57,open
929,1067,493,1068.77,494.71,16.853073,61.753927,924,-3.17,-23.17,24.4,6.61,15.22,60.34,105.59,90.42,easy
930,1100,487,1101.62,490.4,16.921297,62.274062,1376,3.4,-25.58,34.32,9.83,20.72,61.43,107.5,84.78,easy
931,1144,494,1139.13,493.5,16.87227,62.867916,889,7.86,-5.98,34.38,8.78,21.23,65.63,114.86,86.14,easy
932,1159,490,1165.39,490.73,16.916081,63.283598,1065,28.21,1.9,92.74,14.93,33.31,78.69,137.7,74.38,easy
933,1206,501,1203.37,500.02,16.769099,63.884865,1231,7.38,-1.17,74.17,5.37,15.58,61.85,108.24,92.27,easy
934,1239,503,1237.33,500.79,16.756882,64.422448,835,153.01,-0.6,404.09,52.57,221.74,59.36,103.88,50.05,rough
935,1256,490,1262.03,490.84,16.914452,64.81341,1130,628.71,246.18,1038.14,66.57,362.56,76.12,133.2,40.48,severe
936,1303,491,1298.52,493.05,16.8795,65.391066,1222,429.12,291.9,844.49,41.85,166.57,95.58,167.26,47.71,rough
937,1326,488,1328.16,491.48,16.904303,65.860334,874,336.57,271.16,461.92,37.34,115.09,118.98,208.22,50.17,rough
938,1361,496,1358.82,496.98,16.817252,66.34581,870,419.78,266.92,700.96,54.01,211.09,142.27,248.97,46.2,rough
939,1382,504,1385.57,503.23,16.718288,66.76917,1073,444.77,257.05,716.58,51.75,202.59,164.38,287.67,46.33,rough
940,1414,486,1414.68,489.85,16.930059,67.230099,1177,490.84,245.02,869.75,57.27,246.48,196.28,343.5,44.46,rough
941,1461,496,1459.4,496.21,16.829344,67.938065,924,251.01,201.25,334.12,27.59,76.28,236.58,414.01,52.14,rough
942,1490,488,1491.15,493.5,16.872288,68.440607,947,258.65,160.52,538.77,36.63,126.32,267.97,468.94,50.31,rough
943,1522,492,1519.83,495.1,16.846906,68.894725,876,407.6,171.17,794.18,64.68,317.43,292.73,512.27,42.52,rough
944,1543,503,1544.62,500.69,16.75844,69.287157,789,758.74,479.47,1018.57,63.48,336.52,290.27,507.97,39.42,severe
945,1576,504,1576.44,501.15,16.751181,69.790862,1249,634.78,247.08,938.72,61.54,295.12,263.56,461.23,41.74,severe
946,1608,486,1607.97,487.27,16.970911,70.290087,1167,437.8,176.64,833.09,58.81,260.74,229.47,401.57,44.32,rough
947,1642,501,1642.34,497.16,16.814413,70.834117,1132,435.2,159.22,1112.13,57.81,336.85,207.89,363.81,41.64,severe
948,1677,492,1675.06,491.73,16.900302,71.352058,1104,1229.91,634.91,1848.67,73.33,556.36,180.41,315.71,28.38,severe
949,1710,500,1708.36,498.31,16.796208,71.879354,950,1121.73,687.04,1607.58,73.32,529.94,164.45,287.79,30.06,severe
950,1737,500,1740.52,499.44,16.778244,72.388454,1204,1065.77,376.14,1699.41,74.21,599.54,147.06,257.35,27.99,severe
951,1781,490,1776.72,491.22,16.908405,72.961535,1013,447.93,106.75,905.13,66.2,437.18,120.96,211.68,38.01,severe
952,1805,500,1807.06,502.07,16.73657,73.441873,980,367.84,116.11,999.81,60.72,335.9,120.18,210.32,42.14,rough
953,1840,498,1838.13,495.66,16.838171,73.933695,967,260.88,42.07,1037.3,59.2,336.44,103.12,180.47,42.87,rough
954,1869,493,1870.0,492.76,16.884046,74.438279,1148,778.62,50.28,2431.95,72.79,764.92,75.83,132.71,25.23,extreme
955,1903,497,1903.13,495.47,16.841128,74.962725,1203,915.8,18.63,1930.24,77.7,850.07,49.34,86.34,24.39,extreme
956,1940,496,1937.89,494.18,16.861481,75.512964,977,972.76,30.12,1752.15,78.31,849.6,32.36,56.64,25.32,extreme
957,1961,500,1961.41,498.77,16.788924,75.885371,839,839.2,213.42,1345.07,77.42,701.17,42.07,73.62,29.69,severe
958,1991,494,1991.65,495.67,16.837922,76.364074,922,509.62,34.38,1175.27,72.58,531.2,45.06,78.86,37.75,severe
959,2023,490,2023.34,495.99,16.832908,76.865682,1006,183.09,13.01,577.81,58.28,302.46,45.51,79.64,48.07,rough
960,2056,491,2056.33,496.91,16.818317,77.387963,1119,463.87,61.69,900.5,64.1,364.8,50.85,88.99,43.5,rough
961,2091,490,2089.93,491.47,16.904456,77.919924,1193,324.9,28.17,859.42,66.98,473.45,39.82,69.69,41.48,severe
962,2121,500,2122.54,496.14,16.830486,78.436251,964,310.45,6.0,913.46,67.24,389.2,33.24,58.17,45.07,rough
963,2163,494,2159.66,495.23,16.844966,79.023821,826,115.32,3.95,323.89,53.18,207.22,22.52,39.4,53.69,rough
964,2191,491,2194.15,495.16,16.845939,79.569832,861,278.76,-65.7,811.28,70.14,495.47,16.81,29.41,42.81,rough
965,2228,495,2226.93,498.47,16.79357,80.088732,592,125.29,-61.2,443.32,66.99,332.19,7.42,12.98,50.38,rough
966,2259,498,2254.66,506.08,16.673216,80.52781,252,27.08,-70.79,197.13,64.5,280.04,3.38,5.91,53.22,rough
967,2280,502,2279.44,510.62,16.601249,80.920086,206,92.83,-68.53,449.17,69.98,440.91,4.04,7.07,47.02,rough
968,2307,510,2299.87,516.64,16.506046,81.243443,211,25.92,-62.14,258.56,62.55,271.61,3.73,6.53,53.5,rough
969,2364,504,2367.15,510.56,16.60218,82.308528,144,-36.93,-61.55,-16.98,22.48,62.27,6.36,11.12,66.95,moderate
970,2372,500,2377.6,507.87,16.644786,82.474063,264,-40.69,-61.83,-9.84,21.63,48.32,5.29,9.26,68.96,moderate
971,4380,500,4382.6,502.22,16.73425,114.215136,50,-40.96,-101.96,-19.93,41.59,634.91,2.87,5.02,41.18,severe
972,4390,499,4392.62,497.91,16.802478,114.373757,234,-37.33,-180.35,-15.54,32.6,582.21,4.03,7.06,42.93,rough
973,16,518,14.99,513.83,16.550407,45.071636,377,115.61,-79.34,449.42,73.18,555.19,3.98,6.97,42.83,rough
974,38,531,43.52,532.24,16.259005,45.523227,896,303.77,-63.1,641.68,71.52,440.14,11.2,19.6,45.03,rough
975,88,526,81.79,526.36,16.352057,46.129137,1041,606.42,419.67,858.08,54.83,204.77,33.31,58.3,49.54,rough
976,107,532,111.66,532.04,16.262159,46.602023,957,346.96,-59.7,751.45,67.1,416.76,12.05,21.09,45.49,rough
977,152,535,153.95,532.94,16.247849,47.271528,578,364.97,-67.08,491.04,54.96,416.13,9.23,16.15,45.61,rough
978,174,526,176.06,527.33,16.336784,47.621469,774,346.21,-56.73,458.72,39.31,141.92,17.08,29.88,54.83,rough
979,199,515,193.65,516.94,16.501228,47.899971,429,211.88,-57.87,323.29,51.51,304.05,8.22,14.38,50.71,rough
980,239,527,244.12,530.86,16.280789,48.698982,419,220.31,-63.06,359.69,63.54,381.25,7.84,13.73,47.95,rough
981,264,522,269.94,522.35,16.415529,49.107753,1012,322.7,260.74,366.6,25.99,69.01,27.69,48.46,56.76,rough
982,310,519,303.64,520.81,16.439905,49.641231,936,274.56,-56.15,411.5,41.85,154.46,20.66,36.15,54.6,rough
983,327,528,321.7,528.44,16.319191,49.927069,267,67.95,-61.98,288.05,67.33,335.87,4.31,7.54,50.89,rough
984,358,525,364.53,525.68,16.362803,50.605194,720,66.32,-63.5,264.1,47.08,174.0,9.89,17.31,56.19,rough
985,395,531,393.14,529.26,16.306134,51.058051,1118,89.53,-33.94,172.06,41.26,117.43,15.57,27.24,57.59,rough
986,427,533,425.68,525.16,16.371152,51.573254,622,30.5,-61.84,152.82,39.79,110.93,10.34,18.1,58.63,moderate
987,494,525,501.24,525.61,16.363908,52.769477,533,91.27,-62.26,158.33,41.58,180.11,8.16,14.28,55.93,rough
988,530,520,530.2,519.28,16.464103,53.227831,696,41.03,-61.36,170.39,37.51,115.07,10.74,18.79,58.38,moderate
989,558,523,554.94,517.97,16.48492,53.619605,394,12.7,-64.33,131.65,47.59,157.55,5.41,9.47,57.49,rough
990,578,527,576.75,526.62,16.347895,53.964813,8,-62.94,-67.56,-58.89,33.72,117.06,1.05,1.84,59.78,moderate
991,657,522,659.22,515.11,16.530168,55.270367,458,19.82,-61.54,155.07,47.34,184.13,6.65,11.63,56.4,rough
992,688,528,687.76,527.58,16.332816,55.722248,703,155.24,-11.54,274.1,47.27,163.66,16.18,28.31,55.45,rough
993,710,523,713.88,520.7,16.441649,56.135716,959,167.87,67.11,266.27,32.77,94.92,22.05,38.59,57.34,rough
994,751,527,747.85,528.52,16.317875,56.673533,963,76.58,-60.06,199.0,45.54,164.63,8.12,14.21,56.59,rough
995,784,530,784.52,532.16,16.260304,57.254041,855,85.93,-61.78,200.92,41.89,144.71,12.46,21.8,56.89,rough
996,809,520,809.29,523.81,16.392482,57.646085,888,155.08,-55.12,273.71,38.65,136.57,19.36,33.87,56.16,rough
997,840,526,842.1,528.8,16.313433,58.165502,1383,180.59,97.31,312.95,30.43,79.52,40.75,71.31,56.34,rough
998,880,534,877.35,530.9,16.280228,58.723528,1292,186.38,22.81,311.1,34.95,103.75,24.59,43.03,56.7,rough
999,907,532,900.45,532.24,16.259025,59.089315,377,26.05,-69.87,171.38,52.32,208.99,6.15,10.76,55.52,rough
1000,986,527,990.12,527.51,16.333815,60.508867,208,-56.05,-63.33,-48.16,9.95,39.17,3.67,6.42,88.82,easy
1001,1001,525,1005.27,522.64,16.411029,60.748669,799,-40.22,-61.74,-23.61,6.04,17.11,14.83,25.95,95.1,easy
1002,1037,519,1035.21,520.31,16.447887,61.222642,829,-28.51,-40.64,-18.36,4.69,10.74,31.44,55.01,96.18,easy
1003,1068,526,1070.78,523.78,16.392857,61.785718,1060,-34.93,-51.16,-18.35,4.89,11.41,33.47,58.56,95.72,easy
1004,1111,534,1108.09,530.81,16.281616,62.376517,1078,-35.58,-57.57,-15.41,5.68,14.03,22.3,39.03,95.19,easy
1005,1132,520,1133.05,520.99,16.437168,62.77163,1135,-13.6,-34.29,6.25,5.62,14.58,39.42,68.99,93.78,easy
1006,1169,531,1168.76,529.26,16.306197,63.336863,1309,-5.71,-26.1,15.1,4.56,11.45,45.0,78.75,95.17,easy
1007,1201,533,1199.56,532.49,16.255115,63.824536,943,-6.09,-29.99,0.08,3.86,9.46,32.16,56.28,97.39,open
1008,1229,524,1229.11,526.27,16.353438,64.292297,833,5.52,-28.59,120.23,14.76,42.87,33.23,58.15,78.02,easy
1009,1261,531,1261.31,530.76,16.282357,64.80201,1191,297.37,11.14,767.34,58.56,267.8,42.88,75.03,48.71,rough
1010,1293,529,1294.48,525.73,16.361986,65.327187,1230,451.67,291.64,750.98,52.1,223.85,72.54,126.94,46.89,rough
1011,1335,527,1330.85,525.95,16.358553,65.902954,1161,341.15,292.16,632.48,28.98,140.65,105.4,184.45,49.23,rough
1012,1356,531,1358.35,532.45,16.255722,66.338343,959,595.28,346.15,796.08,64.7,296.59,129.92,227.36,41.96,severe
1013,1389,535,1391.13,534.29,16.226627,66.857173,1171,395.69,214.01,684.58,54.06,197.39,161.59,282.78,46.85,rough
1014,1432,523,1428.28,520.04,16.452123,67.445334,1165,306.95,156.01,653.29,51.88,202.53,200.73,351.28,47.28,rough
1015,1459,521,1461.41,522.92,16.406598,67.9698,975,176.67,137.98,238.53,18.96,46.66,232.71,407.24,65.34,moderate
1016,1493,535,1492.12,531.5,16.270752,68.45594,1205,147.16,127.89,201.38,8.38,26.33,261.91,458.35,83.77,easy
1017,1525,531,1523.48,529.99,16.294612,68.952514,976,305.52,138.21,651.32,50.96,217.44,292.31,511.55,46.77,rough
1018,1549,524,1553.01,528.81,16.313279,69.419965,982,771.44,292.05,1085.79,68.85,385.1,297.74,521.05,37.61,severe
1019,1591,533,1588.66,534.41,16.224632,69.984317,1143,566.92,269.96,1120.85,60.86,293.43,272.92,477.61,42.27,rough
1020,1617,523,1616.25,522.35,16.415569,70.421093,1005,209.34,130.9,478.17,39.2,165.39,244.09,427.16,49.27,rough
1021,1645,526,1647.36,529.8,16.297571,70.913601,1086,177.81,113.51,580.06,33.67,137.55,227.02,397.29,50.48,rough
1022,1682,524,1680.44,525.31,16.368688,71.437363,1165,561.08,132.59,1219.32,63.74,376.22,202.61,354.57,39.38,severe
1023,1715,528,1715.23,528.54,16.317567,71.98803,895,926.91,493.2,1705.43,69.55,454.37,185.38,324.41,34.08,severe
1024,1744,535,1744.1,531.99,16.262985,72.44508,873,1388.61,613.27,3424.4,76.61,963.67,172.15,301.27,17.96,extreme
1025,1778,525,1776.94,523.09,16.403876,72.964986,1092,1711.13,573.53,3711.02,81.41,1204.9,150.09,262.66,15.72,extreme
1026,1809,536,1809.86,533.51,16.238962,73.486199,994,974.89,172.78,1919.09,75.61,698.55,145.42,254.49,25.12,extreme
1027,1844,522,1844.08,525.75,16.361731,74.02795,1177,762.62,84.32,1360.44,73.69,597.5,114.2,199.84,30.16,severe
1028,1879,531,1876.23,527.94,16.327135,74.536796,896,1417.82,805.91,2366.06,78.13,747.68,90.69,158.71,20.31,extreme
1029,1902,530,1902.08,530.23,16.290784,74.946144,774,1300.61,674.02,1957.4,78.11,762.03,77.1,134.93,21.62,extreme
1030,1926,525,1930.05,524.65,16.379085,75.388907,1017,1050.8,320.73,1805.97,76.78,756.53,63.12,110.47,24.63,extreme
1031,1974,522,1970.2,524.38,16.383366,76.024423,939,593.44,108.97,1059.78,71.85,510.71,68.46,119.81,36.08,severe
1032,1995,530,1998.17,528.64,16.316048,76.467288,991,291.16,46.92,719.92,67.96,368.34,77.95,136.41,42.47,rough
1033,2033,534,2030.49,530.66,16.284035,76.978979,1155,136.73,12.1,397.75,43.49,185.1,80.46,140.8,49.82,rough
1034,2057,536,2060.85,528.87,16.31236,77.459516,921,97.57,12.05,292.45,37.36,132.94,81.54,142.69,51.85,rough
1035,2098,529,2095.43,525.94,16.358799,78.007063,1067,109.41,15.99,402.57,41.83,155.18,69.99,122.49,51.88,rough
1036,2125,518,2127.83,522.61,16.411533,78.519941,965,73.17,4.67,253.21,31.81,92.79,56.76,99.33,55.37,rough
1037,2162,520,2161.68,521.34,16.431633,79.055827,1052,23.65,-9.86,62.33,15.76,43.8,46.86,82.0,75.14,easy
1038,2193,534,2191.89,534.18,16.228331,79.534034,1104,-2.68,-32.75,59.78,13.02,34.76,52.37,91.64,79.76,easy
1039,2216,518,2215.91,520.31,16.447882,79.914299,977,182.94,-7.39,551.47,53.45,290.65,30.4,53.2,49.66,rough
1040,2247,525,2245.89,528.32,16.321062,80.3889,1100,144.12,-5.18,552.47,57.52,298.14,24.57,43.0,50.12,rough
1041,2278,528,2276.58,530.04,16.293859,80.874738,913,220.89,-20.59,744.57,65.27,392.82,21.17,37.05,46.5,rough
1042,2314,534,2311.4,535.2,16.212162,81.42604,543,184.13,-60.42,883.79,67.38,529.83,8.51,14.89,42.9,rough
1043,2357,523,2364.61,523.55,16.396566,82.26834,247,-9.54,-63.17,46.11,46.39,115.2,5.29,9.26,59.15,moderate
1044,2382,536,2378.14,529.9,16.296088,82.482599,410,-28.17,-62.36,25.56,30.99,80.97,5.65,9.89,60.46,moderate
1045,4380,513,4383.06,510.23,16.607432,114.222381,52,-46.93,-86.19,-28.43,35.51,244.33,3.03,5.3,55.02,rough
1046,4392,514,4391.02,509.77,16.614796,114.348363,64,-48.06,-208.27,-29.08,37.48,582.26,2.62,4.59,43.11,rough
1047,14,562,16.88,560.9,15.80528,45.101579,1116,738.25,-65.22,1531.83,74.31,661.3,13.17,23.05,34.05,severe
1048,55,563,51.61,559.98,15.819796,45.651314,731,384.2,-59.58,898.42,77.8,745.43,6.13,10.72,34.07,severe
1049,76,561,76.63,554.73,15.902915,46.047407,671,595.68,338.28,936.27,60.77,327.0,17.27,30.23,46.54,rough
1050,102,564,100.03,559.1,15.833712,46.417801,545,398.19,-73.07,853.97,75.72,667.62,8.53,14.93,36.54,severe
1051,139,554,143.15,558.3,15.846449,47.100548,510,225.69,-65.16,423.1,67.28,565.96,5.35,9.36,41.58,severe
1052,173,556,170.55,552.84,15.932914,47.534254,612,261.57,-56.53,416.31,58.78,389.16,8.22,14.39,47.36,rough
1053,239,559,240.23,554.33,15.909329,48.637445,503,158.86,-68.08,367.57,64.83,337.19,6.39,11.18,50.05,rough
1054,267,553,269.91,550.52,15.969662,49.107288,911,206.55,-60.55,364.38,48.99,185.34,14.19,24.84,54.48,rough
1055,303,557,297.39,551.92,15.94746,49.542266,757,191.19,-59.54,310.09,49.56,203.55,12.42,21.73,54.08,rough
1056,322,553,316.59,547.29,16.020785,49.846283,219,92.96,-61.11,220.63,63.44,294.63,4.55,7.96,52.15,rough
1057,367,559,372.24,549.87,15.979879,50.727227,366,48.36,-74.21,182.27,62.25,254.49,5.0,8.76,53.85,rough
1058,397,563,390.52,559.15,15.833022,51.016586,189,-37.09,-63.87,58.31,48.93,138.69,2.08,3.64,58.76,moderate
1059,424,544,415.92,542.03,16.104033,51.418677,206,-1.96,-62.11,75.67,46.2,141.02,5.12,8.96,58.2,moderate
1060,527,545,521.81,538.39,16.161609,53.095081,334,48.19,-62.68,170.83,57.18,209.75,5.78,10.12,55.37,rough
1061,671,544,675.31,540.38,16.130119,55.525073,257,27.27,-61.98,152.21,56.48,194.15,5.28,9.24,56.1,rough
1062,687,559,693.88,554.83,15.901426,55.819076,330,25.86,-63.7,171.39,54.82,213.73,4.62,8.09,55.47,rough
1063,718,550,720.9,553.4,15.923995,56.246882,1083,97.49,-61.58,255.46,47.23,153.47,10.13,17.73,56.68,rough
1064,756,563,753.8,562.4,15.781575,56.767756,1058,155.23,83.56,278.42,29.11,85.79,25.38,44.42,57.49,rough
1065,781,561,781.39,562.18,15.785077,57.204448,928,113.31,72.54,162.99,19.91,47.31,33.85,59.24,68.56,moderate
1066,809,565,811.55,559.92,15.820749,57.681935,1097,98.07,74.44,135.06,15.02,34.78,49.55,86.72,75.98,easy
1067,854,568,849.36,563.49,15.764277,58.280436,960,101.03,23.81,161.27,23.76,56.17,53.42,93.48,60.43,moderate
1068,873,566,877.74,564.19,15.753143,58.729752,856,50.97,-10.31,123.7,23.8,60.75,37.62,65.83,61.79,moderate
1069,912,553,907.06,556.15,15.880415,59.193899,751,8.39,-63.53,114.19,21.34,68.14,17.43,30.51,67.45,moderate
1070,929,561,923.75,563.95,15.756981,59.458103,268,-32.23,-70.37,-20.33,15.99,72.08,6.99,12.23,77.26,easy
1071,1009,553,1012.21,545.49,16.049271,60.858537,428,-49.62,-68.42,-39.74,7.4,29.11,7.7,13.48,93.05,easy
1072,1041,546,1041.74,543.91,16.074264,61.326115,741,-50.3,-62.11,-37.61,5.4,13.3,10.72,18.77,96.69,easy
1073,1078,550,1078.71,547.69,16.014471,61.911398,756,-49.66,-61.98,-34.39,5.34,12.68,10.83,18.95,96.8,easy
1074,1110,559,1112.08,554.55,15.90576,62.439613,374,-56.71,-62.04,-42.56,6.0,14.14,5.98,10.46,96.08,easy
1075,1129,568,1130.59,560.13,15.817458,62.732622,518,-51.52,-61.93,-31.63,5.37,12.97,10.01,17.52,96.81,easy
1076,1158,562,1158.0,556.54,15.874311,63.166568,861,-39.06,-61.57,-17.66,7.31,18.15,19.26,33.71,92.62,easy
1077,1206,560,1200.96,555.99,15.882988,63.846739,621,-36.94,-62.02,-14.84,11.14,30.66,11.14,19.49,86.46,easy
1078,1231,559,1236.28,555.77,15.886433,64.405815,811,-19.23,-62.75,104.36,22.8,65.32,10.89,19.06,65.83,moderate
1079,1271,567,1270.76,566.77,15.712426,64.951679,961,607.63,78.14,1096.08,71.55,484.41,39.24,68.68,39.18,severe
1080,1293,556,1294.15,557.48,15.859365,65.321904,913,660.93,422.07,1043.76,63.08,329.17,62.86,110.0,42.46,rough
1081,1322,563,1321.83,561.14,15.801551,65.760128,1036,627.31,310.19,1090.69,61.63,275.4,90.17,157.8,42.49,rough
1082,1353,568,1354.73,566.7,15.713538,66.280969,1163,658.75,394.57,981.73,55.72,226.83,122.94,215.15,43.99,rough
1083,1393,564,1393.07,561.84,15.790357,66.887916,963,518.39,378.33,646.99,57.8,216.22,161.11,281.95,45.33,rough
1084,1430,550,1427.95,552.33,15.940968,67.440141,1141,305.6,168.51,608.28,41.94,157.65,196.18,343.32,48.88,rough
1085,1459,558,1459.86,557.87,15.853215,67.945348,1099,178.73,129.09,513.71,20.05,69.48,225.7,394.98,62.72,moderate
1086,1492,564,1490.87,562.0,15.787919,68.436186,717,126.82,116.08,148.77,5.7,14.81,251.28,439.75,88.74,easy
1087,1519,560,1520.56,560.47,15.812106,68.906292,931,135.24,106.68,266.61,15.19,55.52,277.39,485.43,71.55,moderate
1088,1551,568,1550.21,564.12,15.754249,69.375584,1064,352.5,103.06,798.32,55.12,301.1,300.0,524.99,43.48,rough
1089,1582,567,1582.87,564.71,15.744941,69.892713,1066,466.54,195.75,1014.82,54.95,238.6,297.2,520.1,44.9,rough
1090,1619,561,1618.72,559.47,15.827861,70.460258,1143,238.06,97.87,577.88,56.0,260.37,268.22,469.39,45.71,rough
1091,1651,567,1651.71,565.27,15.736176,70.982494,1197,142.04,83.5,304.31,33.38,111.11,251.79,440.63,51.66,rough
1092,1685,562,1682.16,562.8,15.775182,71.464463,1009,179.75,113.85,313.54,30.05,85.93,232.35,406.62,52.29,rough
1093,1703,555,1707.47,557.1,15.865497,71.865253,1033,288.72,143.69,738.36,47.91,234.27,213.12,372.96,46.29,rough
1094,1748,555,1744.11,558.02,15.850888,72.4453,765,405.18,187.69,863.27,56.93,303.01,195.18,341.56,43.05,rough
1095,1768,552,1772.65,553.15,15.927985,72.897009,889,945.47,322.86,3135.81,72.0,909.61,179.54,314.19,21.03,extreme
1096,1811,557,1808.01,558.38,15.845211,73.456932,899,927.95,430.33,1846.4,69.09,566.38,162.19,283.83,30.12,severe
1097,1839,566,1841.05,562.19,15.784823,73.979986,1048,1061.95,345.76,1675.68,72.93,538.21,139.69,244.45,30.18,severe
1098,1877,555,1875.59,556.88,15.868882,74.526746,1068,1368.28,609.06,2106.53,76.98,674.2,113.81,199.16,23.25,extreme
1099,1911,561,1907.76,563.5,15.764162,75.036052,946,809.14,294.03,1690.02,70.0,608.34,105.56,184.73,29.45,severe
1100,1931,555,1933.24,554.02,15.914133,75.439299,812,476.39,264.79,1274.47,59.07,348.41,91.52,160.15,40.95,severe
1101,1960,558,1961.85,555.06,15.897743,75.892231,1102,477.65,265.98,834.48,61.86,288.14,95.1,166.42,43.07,rough
1102,2001,557,1997.8,557.1,15.865481,76.461409,951,286.1,134.49,473.75,52.26,182.16,105.88,185.28,48.15,rough
1103,2024,567,2027.97,565.64,15.730266,76.93906,831,163.04,71.88,391.61,41.78,143.56,115.01,201.27,50.36,rough
1104,2058,551,2058.6,555.75,15.886764,77.423986,868,104.42,22.49,291.24,34.64,109.35,107.55,188.21,51.98,rough
1105,2095,551,2095.63,555.84,15.88542,78.010147,1231,31.16,-8.32,86.89,17.52,41.4,98.03,171.55,68.91,moderate
1106,2134,562,2128.22,561.4,15.797438,78.526058,1076,9.21,-20.55,49.98,14.95,35.11,93.84,164.22,73.53,easy
1107,2153,553,2155.5,550.61,15.968225,78.958032,984,-10.88,-31.4,22.33,8.23,20.22,76.2,133.36,86.4,easy
1108,2187,567,2184.87,567.69,15.697739,79.423,1087,-33.79,-47.13,-21.17,3.93,9.46,67.74,118.55,94.71,open
1109,2216,564,2216.23,558.74,15.839524,79.919396,914,-36.93,-50.54,15.53,7.0,18.38,51.85,90.73,90.57,easy
1110,2246,566,2250.6,563.82,15.759046,80.463479,1302,-33.82,-59.95,39.58,10.29,28.45,27.74,48.55,86.62,easy
1111,2292,551,2289.79,555.37,15.892904,81.083963,1157,330.22,-29.29,1535.7,58.37,542.31,28.7,50.23,39.87,severe
1112,2326,552,2324.04,556.43,15.876081,81.626165,794,261.85,-64.94,813.34,73.83,541.42,11.75,20.56,41.7,severe
1113,2351,565,2351.77,567.04,15.708152,82.065116,892,116.93,-63.98,476.48,62.83,313.83,8.98,15.71,50.96,rough
1114,2380,559,2373.27,563.48,15.764523,82.405401,381,21.07,-62.92,212.85,57.38,239.1,4.67,8.18,54.61,rough
1115,4380,566,4377.0,567.0,15.70872,114.126482,49,-74.47,-204.05,-29.84,69.19,1418.12,1.71,3.0,34.87,severe
1116,6,591,11.92,586.98,15.392491,45.023007,527,600.46,-65.61,1214.15,78.34,818.62,10.01,17.52,29.68,severe
1117,47,590,42.24,583.34,15.450077,45.503021,530,547.89,-86.57,1140.53,79.98,879.49,7.37,12.89,30.2,severe
1118,74,576,76.41,574.18,15.59504,46.043935,271,245.73,-61.45,531.78,75.99,652.56,4.99,8.72,38.4,severe
1119,182,602,181.62,605.53,15.098736,47.70953,145,181.65,-60.89,425.97,80.42,806.25,3.7,6.47,33.51,severe
1120,197,607,200.37,609.14,15.041577,48.00639,459,289.31,-59.91,618.42,69.14,445.19,7.82,13.68,45.22,rough
1121,243,599,240.15,605.72,15.095721,48.636117,438,197.92,-66.74,385.44,60.38,345.75,6.64,11.62,49.46,rough
1122,265,599,262.87,606.81,15.078456,48.99582,266,100.06,-61.54,252.51,61.13,263.9,5.99,10.48,53.08,rough
1123,298,594,304.93,599.98,15.186687,49.661577,366,98.21,-63.33,215.88,57.3,243.47,6.36,11.14,53.79,rough
1124,334,591,327.89,600.84,15.173052,50.025088,349,10.75,-62.71,116.73,55.26,187.2,4.38,7.66,56.54,rough
1125,366,590,363.42,584.95,15.424475,50.587645,111,-14.36,-63.47,49.41,62.93,213.04,2.2,3.85,55.96,rough
1126,403,600,406.23,606.44,15.084346,51.265315,300,-36.43,-66.01,9.69,27.42,92.29,4.26,7.46,60.23,moderate
1127,607,607,606.08,613.7,14.969419,54.429193,263,89.94,-59.94,214.51,53.4,228.63,7.68,13.44,54.27,rough
1128,622,607,621.5,607.6,15.065955,54.673249,118,126.8,-60.94,268.99,71.35,428.76,4.14,7.25,47.21,rough
1129,640,606,638.83,611.79,14.999594,54.947533,155,161.19,-57.26,277.05,61.89,476.76,4.93,8.63,45.21,rough
1130,694,576,704.35,577.32,15.545326,55.984793,548,142.77,-62.12,260.86,48.82,245.43,9.37,16.39,53.17,rough
1131,728,599,723.71,596.45,15.242508,56.291386,928,264.04,-50.7,381.88,42.53,173.57,17.69,30.95,54.23,rough
1132,745,591,748.61,589.89,15.34635,56.685518,999,230.49,45.14,401.31,43.6,150.17,32.74,57.29,54.12,rough
1133,790,598,787.7,595.68,15.254715,57.304405,1091,117.33,49.88,209.66,23.7,60.46,49.85,87.23,60.55,moderate
1134,818,584,818.42,586.6,15.398414,57.790689,840,118.07,60.56,186.04,27.72,66.37,61.6,107.81,55.61,rough
1135,843,591,843.64,590.79,15.332083,58.189866,699,95.59,11.96,157.77,25.05,63.54,40.55,70.96,59.07,moderate
1136,874,591,874.97,590.37,15.338773,58.685871,776,-3.56,-32.21,46.55,14.61,37.48,20.77,36.35,79.49,easy
1137,911,591,904.94,585.54,15.415231,59.160447,681,-29.32,-63.59,-8.08,10.63,33.77,11.6,20.3,87.09,easy
1138,932,583,925.11,579.46,15.511448,59.479709,180,-43.39,-62.68,-27.79,14.56,47.69,5.5,9.63,80.67,easy
1139,1133,576,1137.4,571.6,15.635973,62.840525,42,-60.83,-63.26,-58.0,6.18,19.83,1.57,2.76,95.95,easy
1140,1163,576,1165.71,574.19,15.594898,63.288602,374,-51.77,-85.06,-31.1,8.31,51.35,7.64,13.37,90.77,easy
1141,1189,581,1184.98,572.68,15.618848,63.593693,356,-43.96,-62.88,-23.13,10.33,38.98,8.19,14.34,87.78,easy
1142,1232,593,1237.13,593.96,15.281854,64.419328,472,-38.06,-64.01,-6.42,14.9,50.9,7.65,13.39,79.79,easy
1143,1257,586,1259.28,587.67,15.381479,64.769981,939,186.63,-30.57,803.33,55.56,305.58,28.41,49.71,49.26,rough
1144,1303,600,1299.11,597.34,15.228457,65.400467,1033,1012.61,329.94,1390.51,71.28,492.64,66.16,115.77,33.99,severe
1145,1324,592,1326.01,590.63,15.334589,65.826251,798,1051.33,786.56,1370.78,66.2,308.23,93.18,163.07,38.39,severe
1146,1358,599,1360.15,596.59,15.240217,66.366811,909,1016.46,641.19,1442.32,69.88,416.19,121.62,212.84,34.81,severe
1147,1393,584,1389.21,587.42,15.385411,66.826831,852,729.05,436.02,1005.95,61.18,259.79,151.55,265.22,42.34,rough
1148,1416,590,1418.28,586.9,15.39369,67.287057,896,678.41,376.49,898.37,59.04,237.7,177.14,310.0,43.47,rough
1149,1450,591,1450.36,588.64,15.366127,67.794932,1063,484.53,219.68,725.6,56.4,238.11,202.9,355.07,44.8,rough
1150,1490,583,1485.62,587.78,15.379797,68.353052,938,246.71,126.22,647.12,37.39,178.65,233.54,408.69,48.54,rough
1151,1512,592,1514.06,591.54,15.320249,68.803269,906,231.96,110.24,440.95,48.41,164.52,257.16,450.03,49.15,rough
1152,1556,591,1552.35,591.43,15.321895,69.409522,796,134.13,94.12,318.57,28.43,104.55,292.3,511.53,51.94,rough
1153,1580,594,1583.26,596.02,15.249254,69.898901,904,223.6,92.36,470.07,49.93,220.77,312.32,546.56,47.21,rough
1154,1616,592,1614.68,592.84,15.29972,70.396224,1136,391.46,133.94,675.58,62.49,293.72,296.17,518.29,43.47,rough
1155,1648,599,1647.87,599.24,15.198342,70.921659,1016,273.83,81.18,541.33,57.23,240.73,281.81,493.18,46.16,rough
1156,1680,597,1681.16,596.78,15.237348,71.448642,1197,205.01,70.74,338.26,40.28,119.14,260.67,456.18,50.94,rough
1157,1718,600,1714.02,597.86,15.220118,71.968863,990,368.89,191.19,582.4,57.92,219.81,244.35,427.61,46.24,rough
1158,1737,584,1737.42,583.23,15.451817,72.339322,1062,240.57,168.7,368.15,31.71,100.49,220.88,386.54,51.35,rough
1159,1772,585,1773.59,586.51,15.399911,72.911921,1358,290.13,184.3,471.56,36.86,109.45,205.76,360.08,50.69,rough
1160,1814,584,1811.79,587.08,15.390768,73.516752,1141,283.64,136.42,649.54,42.19,149.37,177.99,311.49,49.32,rough
1161,1847,591,1844.23,595.5,15.257537,74.030283,972,320.7,120.93,1294.96,48.25,290.69,163.12,285.45,44.07,rough
1162,1869,588,1872.69,588.36,15.370569,74.480799,1072,674.06,248.29,1597.52,65.65,469.8,142.13,248.72,35.29,severe
1163,1906,599,1902.82,595.77,15.253196,74.957853,992,379.74,137.38,596.85,56.44,240.51,137.94,241.4,45.44,rough
1164,1935,588,1934.43,588.99,15.360583,75.458255,987,223.61,112.99,556.53,38.72,140.69,126.33,221.08,50.05,rough
1165,1962,584,1966.7,585.16,15.421229,75.969121,1056,289.03,178.79,591.73,46.91,163.57,125.48,219.58,48.78,rough
1166,2008,583,2003.68,587.2,15.388931,76.554489,1074,269.2,168.38,443.76,43.98,132.19,135.88,237.8,50.03,rough
1167,2036,595,2035.44,595.92,15.250867,77.057308,1017,151.78,71.71,286.31,34.86,104.81,145.76,255.08,51.81,rough
1168,2067,585,2067.23,584.14,15.437405,77.560554,1165,102.17,27.85,292.81,29.94,83.66,133.47,233.57,52.9,rough
1169,2095,597,2095.36,595.28,15.261022,78.005887,1240,68.31,6.77,281.04,33.17,110.51,130.86,229.0,52.19,rough
1170,2130,598,2127.61,594.71,15.269984,78.516516,828,9.71,-9.26,37.34,12.27,28.45,104.58,183.01,78.2,easy
1171,2151,584,2155.72,585.2,15.420549,78.961456,1005,-10.0,-27.84,15.6,7.67,18.24,81.53,142.68,86.96,easy
1172,2198,599,2196.86,597.18,15.230975,79.612749,984,-36.69,-49.95,-16.76,4.01,8.98,40.14,70.24,96.76,easy
1173,2223,582,2223.07,585.64,15.413682,80.027687,757,-50.55,-60.28,-40.5,3.39,7.66,32.05,56.08,98.55,open
1174,2247,600,2245.84,596.04,15.249005,80.388095,719,-58.04,-61.98,-50.77,1.93,4.68,10.76,18.82,100.0,open
1175,2287,591,2284.82,583.26,15.451257,81.005185,870,-42.9,-62.14,23.04,11.74,32.0,10.78,18.87,85.47,easy
1176,2317,592,2315.84,588.36,15.370583,81.496253,955,-20.24,-61.79,225.82,17.5,71.06,18.04,31.58,73.86,easy
1177,2342,595,2346.02,594.73,15.269685,81.974023,995,63.99,-35.65,498.14,37.5,191.62,20.7,36.23,54.74,rough
1178,2388,591,2381.58,591.6,15.319244,82.537031,852,65.8,-62.32,695.62,56.04,306.49,5.46,9.56,51.85,rough
1179,2409,592,2413.5,594.37,15.275474,83.042402,744,-28.34,-63.99,120.31,28.75,99.2,5.17,9.05,59.86,moderate
1180,2449,591,2445.23,597.24,15.230045,83.54461,186,-40.35,-66.22,-4.17,33.85,109.32,2.51,4.4,59.79,moderate
1181,2464,607,2458.14,608.27,15.055379,83.74912,215,-32.42,-61.99,7.43,24.81,79.44,4.96,8.69,62.57,moderate
1182,88,632,94.47,635.62,14.622456,46.329904,245,557.4,-56.33,1011.28,78.78,939.94,7.39,12.94,30.14,severe
1183,111,625,113.97,630.15,14.709033,46.638561,339,248.37,-89.84,798.01,77.67,722.15,5.04,8.83,35.92,severe
1184,149,629,148.88,628.08,14.741738,47.19119,980,448.57,-69.34,712.92,61.34,380.21,13.57,23.74,45.96,rough
1185,180,618,178.08,622.91,14.823567,47.653532,779,476.45,-48.25,648.34,56.4,265.77,17.82,31.18,49.49,rough
1186,211,630,207.41,630.95,14.696398,48.117823,717,359.74,17.28,504.25,47.87,183.18,21.21,37.12,52.95,rough
1187,230,624,232.2,623.6,14.812631,48.510175,850,310.65,3.68,386.39,40.17,143.45,21.52,37.65,54.67,rough
1188,266,629,264.76,631.2,14.692352,49.025772,1009,196.54,-62.63,353.8,45.96,166.82,14.18,24.81,55.21,rough
1189,303,623,308.37,621.5,14.845996,49.716115,738,140.78,-61.49,222.47,40.34,169.48,11.26,19.7,55.73,rough
1190,339,628,336.22,626.39,14.768525,50.156968,919,61.09,-64.31,168.09,37.34,123.28,12.12,21.22,57.84,rough
1191,367,623,373.77,625.21,14.787149,50.751449,305,41.16,-64.32,182.12,60.67,226.12,5.36,9.38,54.87,rough
1192,391,617,393.85,620.99,14.853942,51.069372,666,70.26,-61.66,212.34,40.58,135.98,11.06,19.36,57.41,rough
1193,436,625,425.07,626.39,14.768559,51.563603,111,-35.98,-68.32,33.47,48.84,147.72,2.1,3.68,58.43,moderate
1194,473,623,473.58,630.09,14.709869,52.331489,433,25.77,-62.02,106.82,49.46,163.38,5.24,9.17,57.21,rough
1195,490,625,487.21,629.97,14.711872,52.547293,220,-6.12,-67.0,102.59,58.49,207.98,3.03,5.31,56.02,rough
1196,519,617,520.96,624.71,14.795055,53.081639,531,46.84,-62.89,159.85,44.35,145.03,8.63,15.11,57.45,rough
1197,552,623,552.82,629.72,14.71586,53.585914,712,71.26,-62.98,187.57,46.96,155.91,9.03,15.81,56.86,rough
1198,590,625,588.91,628.51,14.734999,54.157368,956,81.06,-60.6,211.73,39.72,122.53,14.77,25.85,57.53,rough
1199,625,614,624.3,622.99,14.822351,54.71757,574,211.17,6.64,279.59,34.72,140.65,11.85,20.74,56.21,rough
1200,654,623,645.33,625.69,14.779628,55.050514,263,119.98,-63.48,271.46,66.8,407.78,4.76,8.33,47.95,rough
1201,720,622,722.53,615.15,14.946439,56.272617,324,112.95,-69.37,324.74,66.01,458.99,4.74,8.29,46.19,rough
1202,757,625,758.52,620.59,14.860347,56.842368,833,96.73,-67.27,248.37,46.89,192.24,12.96,22.67,55.09,rough
1203,788,621,785.3,621.85,14.840322,57.266381,714,208.91,115.96,280.51,40.04,105.81,31.13,54.48,55.96,rough
1204,807,629,810.72,628.48,14.735444,57.668825,962,140.29,11.3,253.38,30.66,80.13,35.48,62.09,57.01,rough
1205,840,614,839.87,616.19,14.929977,58.130271,1052,26.92,-32.31,131.76,22.51,58.47,32.0,56.0,64.61,moderate
1206,879,612,872.85,610.89,15.013891,58.652363,493,-37.72,-61.77,-6.43,15.92,45.11,6.75,11.82,78.38,easy
1207,1233,623,1237.91,619.02,14.885116,64.431571,322,-51.66,-71.78,-42.3,10.65,67.46,5.91,10.34,86.46,easy
1208,1257,618,1259.35,617.12,14.915222,64.77098,869,-24.55,-51.82,140.45,13.84,54.67,24.93,43.64,79.98,easy
1209,1289,623,1289.52,625.46,14.78331,65.248637,1205,258.59,-21.92,1084.43,58.46,373.81,46.22,80.88,44.97,rough
1210,1331,619,1329.06,621.59,14.844576,65.874691,987,1375.62,620.23,2101.29,72.37,524.59,82.52,144.42,29.08,severe
1211,1357,618,1360.4,624.31,14.801475,66.370719,1074,1306.26,856.92,1725.31,72.85,482.11,108.38,189.67,30.48,severe
1212,1400,621,1396.09,621.66,14.84339,66.935782,1087,962.07,648.18,1397.74,68.94,408.43,139.58,244.27,35.47,severe
1213,1420,614,1423.8,617.61,14.907529,67.374452,908,833.51,628.66,1073.64,58.95,248.66,165.15,289.01,42.01,rough
1214,1455,615,1457.1,617.22,14.913708,67.901687,1175,697.41,378.76,1219.6,64.61,335.03,194.77,340.86,39.89,severe
1215,1493,629,1490.62,623.84,14.80889,68.432313,1005,617.25,377.03,937.08,67.99,397.69,222.87,390.01,38.23,severe
1216,1522,614,1524.31,617.01,14.917054,68.965576,1079,478.48,146.59,967.77,63.53,334.5,256.49,448.85,41.43,severe
1217,1557,617,1554.58,619.15,14.883063,69.444782,945,332.29,95.3,743.12,54.51,263.99,283.44,496.02,44.93,rough
1218,1580,630,1582.95,628.84,14.7297,69.893924,1076,412.39,100.17,915.85,61.98,313.73,306.2,535.86,42.62,rough
1219,1623,626,1620.56,623.5,14.814222,70.489306,1008,563.48,161.62,1081.66,70.71,454.38,317.06,554.85,36.6,severe
1220,1653,632,1654.34,629.77,14.714947,71.024042,814,396.98,74.92,722.97,67.58,360.1,303.03,530.29,41.09,severe
1221,1682,632,1681.21,629.57,14.718225,71.449436,785,155.71,65.29,322.01,43.05,152.63,288.1,504.17,50.1,rough
1222,1706,631,1707.27,629.05,14.726427,71.862099,820,259.08,167.71,398.17,43.19,129.27,275.11,481.44,50.21,rough
1223,1735,620,1739.07,619.17,14.882792,72.365489,1043,332.59,183.96,624.06,54.72,201.39,251.61,440.32,47.15,rough
1224,1778,623,1775.32,620.67,14.859138,72.93931,1152,361.7,153.24,742.74,59.97,285.42,227.48,398.09,43.97,rough
1225,1806,622,1809.19,622.04,14.837437,73.475541,1395,295.92,116.29,838.75,51.93,243.21,205.58,359.77,45.92,rough
1226,1848,632,1842.44,628.1,14.741431,74.001915,960,143.19,107.22,278.98,26.86,91.53,191.48,335.08,52.34,rough
1227,1869,628,1871.93,624.4,14.799987,74.468716,1002,240.6,131.7,483.52,49.39,170.29,174.99,306.24,48.88,rough
1228,1910,618,1909.81,620.7,14.858629,75.068408,907,165.91,83.51,419.13,36.3,118.0,160.69,281.21,51.25,rough
1229,1940,627,1938.5,628.5,14.735077,75.522698,1055,127.04,66.09,440.12,32.88,120.82,165.72,290.01,51.42,rough
1230,1963,616,1964.59,615.67,14.938222,75.93575,1019,136.35,67.22,364.02,35.37,110.15,154.89,271.06,51.73,rough
1231,1994,623,1994.19,619.7,14.874429,76.404327,1163,220.71,114.61,536.55,45.03,184.79,165.69,289.96,48.51,rough
1232,2026,631,2024.63,627.74,14.7472,76.886141,896,339.72,172.64,633.99,54.37,238.81,176.88,309.54,45.77,rough
1233,2054,621,2057.58,621.35,14.848258,77.407804,1201,210.91,91.36,444.34,51.58,195.03,166.13,290.74,48.21,rough
1234,2102,628,2099.34,629.61,14.717561,78.068831,1135,218.91,20.88,565.95,61.87,267.05,130.29,228.0,45.61,rough
1235,2126,618,2126.12,621.69,14.842992,78.492819,789,77.22,6.99,290.14,40.53,133.25,103.24,180.66,51.32,rough
1236,2154,619,2156.95,621.14,14.851593,78.980878,1250,-0.79,-30.13,141.72,16.17,45.01,72.84,127.48,72.58,easy
1237,2192,618,2190.14,621.97,14.83844,79.506412,1120,-32.16,-49.89,-7.59,5.88,14.18,39.82,69.68,93.46,easy
1238,2230,627,2228.88,626.94,14.759762,80.119664,1019,-52.71,-61.37,-46.33,3.32,7.82,12.04,21.07,100.0,open
1239,2250,615,2248.92,619.7,14.874501,80.436927,384,-59.68,-62.24,-54.36,2.71,6.41,3.96,6.94,100.0,open
1240,2275,639,2266.07,641.65,14.526967,80.708337,378,-54.48,-62.08,-47.27,4.7,11.1,7.74,13.55,98.18,easy
1241,2326,619,2330.85,613.72,14.969071,81.733965,352,-51.08,-62.71,-28.68,10.93,31.59,5.88,10.28,87.28,easy
1242,2359,626,2361.58,621.33,14.84867,82.220443,844,13.94,-61.8,219.14,33.6,125.81,11.3,19.77,58.15,moderate
1243,2392,619,2387.7,619.01,14.885397,82.633951,708,244.49,-37.65,799.78,60.7,452.27,18.2,31.85,44.47,rough
1244,2407,622,2411.69,622.44,14.831073,83.013673,798,49.85,-59.6,406.78,49.37,239.0,12.79,22.38,53.78,rough
1245,2447,623,2442.5,624.11,14.804635,83.501493,442,-41.64,-61.83,20.34,29.72,96.11,3.51,6.14,60.19,moderate
1246,2469,623,2464.21,621.72,14.842477,83.845134,110,-57.25,-63.93,-42.72,9.58,35.06,3.03,5.3,89.64,easy
1247,82,646,83.31,653.65,14.336898,46.153194,781,338.59,-85.37,1010.18,68.62,526.11,11.34,19.84,41.74,severe
1248,119,649,118.47,652.4,14.356708,46.709823,1015,885.09,-55.39,1742.39,74.61,564.19,16.52,28.91,36.21,severe
1249,149,656,148.26,655.64,14.305442,47.181442,761,817.06,397.56,1527.52,67.71,435.06,25.82,45.19,40.52,severe
1250,177,657,178.73,654.91,14.317004,47.663841,1044,359.78,-56.84,676.17,62.17,290.41,18.55,32.46,49.37,rough
1251,216,654,214.44,653.77,14.335083,48.229066,714,233.66,1.46,407.43,56.01,198.5,17.85,31.24,53.54,rough
1252,239,658,240.42,657.34,14.278614,48.640436,902,203.13,-60.06,359.11,50.07,168.49,21.5,37.63,54.53,rough
1253,270,664,268.86,659.63,14.242293,49.090565,741,144.92,-60.58,287.25,44.34,153.4,14.99,26.23,55.98,rough
1254,310,651,316.08,649.64,14.400419,49.838223,497,51.72,-66.39,140.59,51.27,192.79,6.74,11.8,55.87,rough
1255,338,657,338.87,657.51,14.275849,50.198931,850,-10.89,-62.55,94.33,31.37,85.29,7.98,13.96,60.01,moderate
1256,370,652,370.42,652.55,14.354412,50.698347,865,37.21,-60.38,221.03,42.66,130.89,10.56,18.49,57.86,rough
1257,400,647,400.66,649.16,14.408022,51.177099,1145,101.57,-41.81,226.77,41.75,123.07,19.18,33.56,57.02,rough
1258,431,650,428.56,657.08,14.282611,51.618768,767,65.02,-61.75,204.08,46.86,137.41,10.85,18.99,57.42,rough
1259,458,663,451.65,666.49,14.133705,51.984328,378,19.66,-67.32,105.4,52.14,180.19,5.62,9.84,56.62,rough
1260,503,648,504.8,650.31,14.389883,52.825709,872,72.52,-61.95,213.09,41.97,130.34,11.59,20.29,57.56,rough
1261,533,653,532.97,653.52,14.339069,53.271666,1081,118.01,9.84,212.28,33.25,86.64,20.47,35.83,58.1,moderate
1262,564,660,565.27,654.89,14.317407,53.78306,873,85.44,-61.9,187.98,39.56,126.8,11.45,20.04,57.6,rough
1263,600,656,599.7,655.55,14.306892,54.32818,1057,134.67,-28.76,399.46,48.81,175.78,19.4,33.96,54.91,rough
1264,630,654,626.75,654.22,14.327992,54.756429,761,179.96,-60.38,442.91,66.58,368.62,10.39,18.17,48.48,rough
1265,652,653,653.96,656.58,14.290618,55.187141,438,175.28,-59.84,459.58,68.47,406.56,7.81,13.67,47.37,rough
1266,680,667,675.46,668.35,14.104194,55.527442,396,150.5,-84.18,348.76,64.23,381.99,6.31,11.04,48.53,rough
1267,764,652,769.17,645.74,14.462232,57.011068,236,55.51,-80.07,124.68,46.45,305.44,5.42,9.49,51.96,rough
1268,784,654,785.96,649.22,14.407075,57.276871,524,150.14,-61.57,282.87,49.19,210.88,10.9,19.08,54.23,rough
1269,810,661,813.52,655.97,14.300228,57.713159,612,59.57,-74.49,188.21,36.7,163.48,9.82,17.18,56.61,rough
1270,844,649,840.33,648.84,14.413101,58.137477,942,-18.65,-69.13,45.75,14.7,43.93,15.21,26.62,79.65,easy
1271,864,647,859.51,639.96,14.553714,58.441153,362,-45.75,-62.52,-24.55,13.11,32.75,6.06,10.61,83.58,easy
1272,1245,646,1248.37,638.59,14.575332,64.597154,172,-52.76,-68.99,-48.31,8.99,50.03,5.14,9.0,89.9,easy
1273,1258,650,1265.62,649.86,14.39696,64.87032,766,-39.53,-64.12,13.07,10.91,31.91,13.9,24.32,86.59,easy
1274,1298,663,1294.6,659.18,14.24942,65.329135,961,74.73,-26.35,258.65,33.47,104.04,34.64,60.63,56.68,rough
1275,1324,654,1326.42,651.28,14.37451,65.832763,1153,761.5,136.93,1895.27,73.65,656.16,65.29,114.25,30.02,severe
1276,1365,664,1361.4,660.23,14.232794,66.386583,1151,1253.02,499.52,2072.95,78.25,740.52,90.23,157.91,21.71,extreme
1277,1393,653,1393.83,650.93,14.379968,66.899924,1115,1316.68,882.23,1730.59,73.57,491.62,123.43,216.0,30.07,severe
1278,1432,658,1428.97,653.96,14.332,67.456343,1018,1270.24,816.21,1688.85,69.16,402.08,154.38,270.16,33.56,severe
1279,1456,652,1458.76,650.19,14.391794,67.927932,1061,1061.74,656.09,1613.33,72.12,494.77,183.24,320.66,31.72,severe
1280,1492,647,1487.14,653.2,14.344101,68.3771,843,1008.98,646.04,1421.31,71.75,437.01,208.22,364.38,34.13,severe
1281,1510,651,1515.03,650.56,14.385827,68.818655,960,779.61,496.19,1124.25,66.11,363.54,235.14,411.5,38.32,severe
1282,1554,655,1551.89,654.12,14.329455,69.40216,1310,622.34,250.09,1105.99,66.09,365.79,268.0,469.0,39.33,severe
1283,1589,660,1587.76,662.13,14.202796,69.970131,927,288.96,156.28,716.86,45.33,183.07,298.25,521.93,48.1,rough
1284,1610,651,1610.24,650.64,14.384542,70.326004,805,400.11,178.08,857.63,60.63,324.8,323.26,565.71,42.31,rough
1285,1639,649,1640.49,653.59,14.337902,70.804882,897,464.62,208.87,809.13,63.98,301.24,330.07,577.63,42.7,rough
1286,1676,656,1673.2,659.49,14.244544,71.322624,1000,356.71,72.18,633.86,61.17,296.92,317.98,556.47,43.6,rough
1287,1705,656,1707.09,659.51,14.244216,71.859209,1026,199.46,53.1,825.58,49.54,270.7,301.63,527.85,45.62,rough
1288,1741,649,1740.87,652.06,14.36206,72.393936,1249,183.76,63.92,440.5,44.81,145.77,274.03,479.56,50.14,rough
1289,1774,651,1773.42,653.08,14.34605,72.909336,1103,243.99,111.39,392.09,49.66,163.08,252.25,441.43,49.11,rough
1290,1804,663,1807.38,661.48,14.213024,73.446831,1315,282.38,93.67,639.04,49.57,211.32,238.4,417.19,47.14,rough
1291,1848,652,1843.97,655.61,14.305977,74.02609,1019,283.52,110.04,446.32,51.4,189.78,215.02,376.29,47.9,rough
1292,1878,659,1877.88,659.8,14.239601,74.562995,751,340.48,185.51,633.29,52.69,209.34,206.28,360.99,46.81,rough
1293,1895,646,1900.3,647.27,14.437992,74.91787,1084,268.96,138.76,495.4,46.53,162.7,188.57,329.99,48.95,rough
1294,1940,662,1936.62,658.92,14.253561,75.492943,1018,233.53,135.06,401.31,49.79,155.53,196.21,343.37,49.45,rough
1295,1969,656,1968.25,652.23,14.359433,75.993549,871,318.63,155.61,674.33,63.55,279.19,191.5,335.12,44.49,rough
1296,1996,652,1996.6,651.45,14.371763,76.44244,832,376.35,165.31,663.92,54.33,222.82,196.88,344.54,46.09,rough
1297,2029,652,2032.57,653.59,14.337978,77.011809,918,534.94,289.31,888.45,67.06,338.92,195.68,342.45,40.88,severe
1298,2072,653,2070.32,650.57,14.385746,77.609504,1099,549.48,159.6,944.85,70.35,437.41,161.67,282.92,37.3,severe
1299,2098,664,2100.19,662.98,14.18924,78.082286,970,404.46,88.39,848.86,61.94,298.32,135.78,237.62,43.22,rough
1300,2134,659,2131.86,655.36,14.30997,78.583795,1019,136.5,0.49,386.82,51.64,181.41,103.47,181.07,49.21,rough
1301,2158,662,2159.33,660.36,14.230803,79.018621,1014,51.03,-12.96,294.79,34.83,134.41,80.67,141.17,52.19,rough
1302,2187,660,2185.88,656.78,14.28749,79.438979,1019,-2.2,-37.02,175.75,19.54,68.09,56.89,99.56,67.44,moderate
1303,2216,651,2216.76,650.5,14.386825,79.927737,999,-43.17,-49.98,-35.46,3.84,8.39,33.73,59.03,97.6,open
1304,2256,663,2256.46,661.87,14.20689,80.556222,1139,-47.01,-53.08,-42.36,2.13,5.0,28.32,49.56,100.0,open
1305,2285,647,2283.66,656.42,14.293169,80.986893,473,-55.99,-62.35,-49.85,3.29,8.04,9.04,15.82,100.0,open
1306,2386,651,2389.75,644.27,14.485403,82.666335,519,-43.27,-61.98,-16.8,12.95,33.62,7.51,13.14,83.67,easy
1307,2424,648,2422.32,646.56,14.449172,83.181977,852,31.15,-61.25,456.03,40.46,187.41,13.21,23.12,55.7,rough
1308,2450,654,2447.78,654.54,14.322948,83.585004,620,300.58,-60.86,1551.99,75.84,929.38,11.0,19.25,31.63,severe
1309,2469,671,2468.09,671.09,14.060852,83.906516,405,194.66,-60.41,791.35,73.05,544.17,7.51,13.14,42.39,rough
1310,4374,659,4376.15,663.55,14.180239,114.113026,20,-88.35,-164.17,-49.5,70.47,1440.71,1.02,1.79,34.92,severe
1311,80,688,82.35,682.78,13.875744,46.138014,528,357.69,-63.66,1086.09,78.33,861.61,6.63,11.61,31.58,severe
1312,102,684,105.15,682.21,13.884853,46.49892,1102,1120.42,-72.71,1841.02,78.12,794.9,18.41,32.22,26.27,severe
1313,147,681,141.21,680.27,13.915492,47.069777,717,1034.0,-33.52,1755.41,76.55,694.91,17.2,30.09,30.5,severe
1314,162,684,163.15,679.26,13.931582,47.417134,358,190.83,-60.74,600.99,75.07,610.66,6.43,11.25,40.15,severe
1315,204,675,203.11,667.69,14.114732,48.049685,298,69.15,-62.82,334.78,65.74,285.85,5.09,8.91,52.59,rough
1316,250,686,251.89,685.11,13.838971,48.821942,701,111.32,-61.76,233.14,57.16,222.66,11.61,20.31,54.02,rough
1317,278,678,277.4,681.7,13.892969,49.225767,589,128.22,-62.72,310.05,51.87,199.41,13.51,23.64,54.58,rough
1318,298,695,298.58,698.89,13.620802,49.561185,590,80.89,-61.29,275.13,56.2,220.88,8.94,15.65,54.5,rough
1319,333,691,325.33,691.84,13.732414,49.98459,512,13.43,-61.62,213.56,51.7,176.43,5.05,8.84,56.85,rough
1320,367,680,374.15,680.32,13.914826,50.757443,818,91.44,-63.89,217.58,41.26,143.07,11.51,20.15,56.98,rough
1321,407,691,405.1,686.91,13.810404,51.247413,1220,123.21,-22.17,250.5,47.12,148.77,24.29,42.5,55.57,rough
1322,439,692,434.96,687.07,13.807829,51.720077,661,49.4,-61.54,204.81,54.59,205.64,6.53,11.42,55.45,rough
1323,458,688,460.58,688.88,13.779235,52.125736,677,56.07,-63.41,163.95,53.17,192.62,8.0,14.01,55.75,rough
1324,498,685,502.77,675.78,13.986593,52.79356,413,111.01,-61.97,247.67,60.22,276.83,6.96,12.19,52.47,rough
1325,527,689,530.97,684.26,13.85237,53.24009,660,62.93,-65.73,158.81,46.7,168.93,8.1,14.18,56.53,rough
1326,559,687,551.35,684.59,13.84716,53.562667,446,28.6,-64.81,128.79,45.81,152.75,6.83,11.95,57.44,rough
1327,591,687,596.38,683.43,13.865558,54.275639,552,128.95,-59.74,385.87,61.34,283.77,9.97,17.45,51.87,rough
1328,626,686,625.42,687.56,13.800138,54.735317,1084,364.02,68.89,581.99,55.67,258.42,27.8,48.65,49.75,rough
1329,655,678,654.53,679.81,13.922809,55.196133,805,349.14,58.62,611.91,67.06,342.04,20.56,35.97,47.46,rough
1330,687,687,680.93,687.85,13.795619,55.614126,401,95.66,-61.58,333.65,68.2,318.12,4.52,7.91,51.31,rough
1331,709,703,702.41,706.28,13.50382,55.954169,245,30.94,-74.08,117.07,58.68,278.89,4.29,7.5,53.16,rough
1332,1267,684,1275.22,680.78,13.907478,65.022282,567,-46.92,-65.41,-23.69,11.49,54.19,7.34,12.85,85.41,easy
1333,1303,683,1300.08,687.31,13.804154,65.415797,862,-10.87,-50.11,128.41,16.4,53.1,23.73,41.52,75.8,easy
1334,1327,683,1329.95,682.32,13.883028,65.888667,821,346.73,-7.18,1027.86,63.82,418.75,52.47,91.82,42.28,rough
1335,1356,695,1357.77,694.42,13.691538,66.329148,924,390.5,121.11,816.72,56.67,276.71,73.22,128.14,45.39,rough
1336,1385,680,1386.51,683.72,13.860893,66.784142,972,906.3,358.28,1552.36,71.79,504.65,103.73,181.54,32.45,severe
1337,1419,683,1417.59,685.43,13.833878,67.276121,1108,866.12,378.41,1502.71,66.89,385.41,131.79,230.62,36.94,severe
1338,1451,680,1455.26,681.75,13.892175,67.872428,1127,1345.81,762.83,1710.3,73.06,538.99,168.15,294.26,28.19,severe
1339,1495,695,1492.81,689.88,13.763353,68.466906,1099,1150.57,602.36,1609.23,74.48,510.12,199.93,349.88,30.56,severe
1340,1520,679,1519.96,679.37,13.929815,68.896693,1012,800.24,425.88,1165.42,70.72,418.02,229.0,400.74,36.25,severe
1341,1545,689,1545.13,689.38,13.771278,69.295257,987,625.86,243.03,1121.84,72.45,504.2,248.62,435.08,34.41,severe
1342,1577,690,1578.66,689.95,13.762349,69.826105,1170,292.96,152.85,591.92,50.31,199.87,278.45,487.29,47.47,rough
1343,1624,681,1622.23,682.98,13.872592,70.515839,1310,239.68,154.34,429.23,41.46,133.34,320.59,561.03,50.2,rough
1344,1654,696,1654.05,690.19,13.758427,71.019555,904,357.59,113.64,728.94,59.32,256.9,342.55,599.46,45.01,rough
1345,1684,691,1685.4,689.4,13.770999,71.515773,1041,437.93,126.82,991.13,62.92,356.75,337.85,591.24,40.92,severe
1346,1718,694,1718.4,689.41,13.770772,72.038219,1017,350.7,55.96,752.86,59.44,339.88,316.24,553.42,42.12,rough
1347,1750,693,1747.45,686.34,13.819466,72.498144,817,154.28,63.95,463.41,47.3,189.01,294.34,515.1,48.82,rough
1348,1772,691,1773.32,687.46,13.801695,72.907751,873,199.53,75.93,333.16,49.56,159.38,279.11,488.44,49.55,rough
1349,1802,692,1805.32,690.51,13.753396,73.414217,958,132.28,52.1,288.5,40.13,126.92,264.07,462.12,51.17,rough
1350,1848,690,1844.12,690.22,13.75799,74.028486,1246,137.71,31.24,391.96,40.87,128.63,246.5,431.37,51.07,rough
1351,1870,683,1871.06,685.17,13.837962,74.455022,867,207.62,25.58,683.71,50.37,208.14,232.48,406.84,47.77,rough
1352,1901,690,1902.64,686.24,13.821011,74.954896,1027,188.6,34.58,403.33,46.39,140.65,226.37,396.14,50.29,rough
1353,1934,683,1932.82,684.26,13.852428,75.432718,942,199.74,78.61,398.23,46.77,139.56,221.58,387.76,50.25,rough
1354,1970,679,1970.34,682.73,13.876528,76.026732,1021,193.24,24.32,604.33,55.94,254.13,222.03,388.55,46.25,rough
1355,2004,678,2000.55,679.54,13.92718,76.504934,742,189.61,27.72,408.16,54.34,233.84,224.14,392.25,46.99,rough
1356,2022,678,2026.1,680.54,13.91121,76.90942,901,420.95,163.38,929.55,65.62,339.49,211.46,370.06,41.65,severe
1357,2063,681,2059.12,680.91,13.905453,77.432184,1038,411.72,157.11,861.73,60.06,295.67,180.38,315.66,43.26,rough
1358,2087,689,2089.77,689.54,13.768813,77.917405,854,301.27,59.04,725.16,61.22,279.45,155.42,271.98,44.6,rough
1359,2128,686,2125.48,686.06,13.823944,78.482684,961,213.76,39.52,447.11,55.35,226.46,122.52,214.4,47.08,rough
1360,2159,696,2160.1,691.33,13.740525,79.030814,768,67.41,-13.14,257.67,43.39,152.59,98.75,172.81,50.71,rough
1361,2196,685,2192.9,689.1,13.775752,79.550074,947,-17.86,-45.88,111.32,17.82,48.41,77.57,135.75,69.48,moderate
1362,2216,681,2218.65,681.26,13.899898,79.957665,867,-37.32,-47.49,-27.69,3.69,8.46,61.3,107.27,95.66,open
1363,2247,685,2248.22,687.4,13.802742,80.425761,1062,-41.67,-47.08,-34.86,2.18,4.61,47.66,83.41,99.38,open
1364,2295,696,2284.4,693.56,13.705143,80.998519,669,-52.89,-61.96,-46.31,3.19,7.01,13.81,24.17,100.0,open
1365,2304,679,2292.53,675.35,13.993454,81.127244,347,-57.82,-62.04,-50.46,2.79,6.94,7.82,13.69,100.0,open
1366,2422,673,2426.73,668.37,14.10392,83.251772,364,-38.75,-62.11,24.63,20.33,73.8,6.65,11.63,70.1,moderate
1367,2451,683,2449.69,678.73,13.939904,83.615233,428,41.65,-62.07,289.8,53.79,276.84,7.95,13.91,52.87,rough
1368,2479,687,2477.95,682.45,13.881043,84.062624,247,82.92,-61.87,724.11,66.61,545.84,3.9,6.83,43.39,rough
1369,2505,687,2504.07,686.51,13.816691,84.476154,348,-32.9,-61.61,49.56,42.62,107.69,2.83,4.96,59.77,moderate
1370,4374,690,4375.24,696.78,13.654181,114.098577,118,-39.03,-169.02,-2.37,47.89,1054.18,2.3,4.03,34.66,severe
1371,4385,690,4380.86,692.29,13.725325,114.187544,35,-59.79,-238.23,-17.3,65.64,1131.84,1.35,2.35,34.88,severe
1372,81,720,84.54,725.12,13.205475,46.172588,138,63.2,-90.62,294.14,75.3,554.94,2.94,5.14,43.28,rough
1373,115,734,114.02,740.91,12.955607,46.639398,300,243.99,-59.96,913.29,81.02,847.39,4.08,7.14,32.56,severe
1374,132,705,126.46,697.35,13.645211,46.83632,439,671.59,-60.15,1471.29,81.44,1027.12,7.74,13.55,29.32,severe
1375,175,721,181.02,729.05,13.143283,47.700094,406,222.07,-68.36,827.86,74.59,487.99,8.44,14.77,44.12,rough
1376,207,719,209.5,726.13,13.189581,48.150817,684,211.37,-63.55,813.0,67.87,396.25,8.96,15.67,47.4,rough
1377,246,711,246.82,715.49,13.358003,48.741636,821,142.68,-61.66,407.28,69.87,373.19,5.76,10.07,48.94,rough
1378,278,714,276.03,713.8,13.38479,49.204045,874,189.0,-61.84,366.05,62.09,280.41,11.62,20.33,51.44,rough
1379,305,725,308.77,720.84,13.273236,49.722449,643,135.08,-60.24,308.61,52.22,211.17,10.75,18.81,54.33,rough
1380,339,716,335.51,717.07,13.332893,50.145779,711,210.7,-54.78,372.86,59.38,243.71,13.31,23.3,52.46,rough
1381,364,716,371.38,709.49,13.452924,50.713614,268,33.24,-70.74,160.41,59.19,219.91,4.08,7.14,55.25,rough
1382,399,719,397.13,712.33,13.408064,51.121254,515,70.6,-62.74,278.44,54.36,242.06,8.16,14.27,53.89,rough
1383,425,715,421.13,711.03,13.428526,51.501271,386,37.33,-61.31,195.44,56.94,256.64,6.1,10.67,53.76,rough
1384,468,716,467.06,711.16,13.426472,52.22829,410,6.71,-68.09,80.51,46.85,182.13,4.69,8.21,56.72,rough
1385,531,719,536.55,714.95,13.366553,53.328414,387,38.0,-64.01,122.22,45.27,169.15,7.4,12.95,56.75,rough
1386,560,710,554.28,712.31,13.408379,53.609079,444,22.16,-65.43,111.43,42.7,150.15,6.41,11.22,57.61,rough
1387,597,709,605.55,707.08,13.491157,54.420821,465,120.46,-65.04,406.59,59.64,300.35,8.03,14.05,51.49,rough
1388,631,725,630.7,722.69,13.243957,54.818948,998,76.96,-71.98,314.11,47.66,169.57,10.94,19.15,56.19,rough
1389,660,710,656.55,707.85,13.478859,55.228053,803,168.47,-64.4,465.1,64.38,293.12,10.98,19.22,51.18,rough
1390,687,719,687.01,717.3,13.329334,55.710318,451,9.88,-71.22,105.64,50.11,190.44,4.2,7.35,56.44,rough
1391,719,725,720.01,729.85,13.130706,56.232803,234,12.71,-63.5,134.21,55.33,249.56,3.8,6.64,54.36,rough
1392,1302,727,1301.63,722.76,13.242936,65.440372,765,-42.06,-64.4,-25.1,7.41,25.64,11.41,19.97,92.82,easy
1393,1319,711,1320.14,711.64,13.419003,65.733354,891,-8.15,-38.62,106.04,13.95,42.41,32.3,56.53,79.55,easy
1394,1350,717,1350.1,718.86,13.304591,66.207737,937,76.77,-6.91,228.19,29.31,91.71,56.98,99.72,55.36,rough
1395,1395,721,1393.08,718.15,13.315887,66.888107,1257,265.13,125.6,580.29,41.05,141.03,96.91,169.6,49.75,rough
1396,1428,721,1426.44,720.71,13.275414,67.416275,913,430.53,260.08,698.37,53.27,199.89,127.12,222.46,46.52,rough
1397,1448,713,1452.47,713.35,13.391923,67.828347,1125,742.94,419.46,1343.46,63.58,323.1,154.04,269.57,40.0,severe
1398,1490,712,1485.47,715.19,13.362728,68.350712,995,1227.05,672.55,1621.16,74.28,537.89,184.01,322.02,29.05,severe
1399,1516,728,1516.11,724.5,13.215349,68.835868,953,1073.25,623.51,1472.46,75.26,577.21,207.11,362.44,28.73,severe
1400,1547,720,1548.53,718.31,13.313303,69.349008,1000,814.71,396.32,1107.23,70.6,433.69,238.9,418.07,35.59,severe
1401,1585,720,1582.4,719.23,13.298814,69.885291,845,533.57,276.22,1025.81,67.8,393.36,269.2,471.1,38.97,severe
1402,1606,721,1610.48,719.67,13.291742,70.329832,1190,342.92,167.76,767.86,57.45,254.45,293.89,514.31,45.2,rough
1403,1647,714,1642.09,717.96,13.31888,70.830254,1018,279.92,145.79,617.43,55.39,227.4,320.77,561.35,46.59,rough
1404,1673,717,1676.27,720.31,13.281616,71.371225,1030,160.12,65.21,322.34,45.99,161.53,342.4,599.19,49.75,rough
1405,1715,716,1712.79,720.78,13.274288,71.949406,1199,175.13,49.6,513.63,41.74,158.47,342.08,598.65,49.75,rough
1406,1750,710,1749.5,713.6,13.387914,72.530571,798,190.5,44.64,529.38,51.02,188.33,314.31,550.04,48.59,rough
1407,1783,717,1780.53,719.03,13.301877,73.0218,829,223.91,42.41,491.48,54.03,240.44,301.22,527.13,46.52,rough
1408,1804,716,1805.56,717.07,13.332917,73.418034,671,223.69,73.99,462.58,51.35,195.98,287.06,502.36,48.09,rough
1409,1831,721,1834.38,717.89,13.319923,73.874363,970,59.45,28.55,258.87,22.51,61.88,275.72,482.51,59.74,moderate
1410,1877,726,1872.86,724.86,13.209719,74.483576,1139,52.92,24.42,122.27,18.13,45.21,270.3,473.02,67.62,moderate
1411,1897,712,1900.31,714.93,13.366825,74.918066,1002,76.95,25.63,187.41,32.63,89.95,255.11,446.44,52.86,rough
1412,1939,713,1934.91,716.46,13.342582,75.465799,1200,77.02,13.45,265.11,31.45,91.8,253.66,443.9,52.79,rough
1413,1962,716,1964.48,716.26,13.345721,75.933971,1105,60.89,14.42,285.76,33.39,104.55,254.61,445.57,52.45,rough
1414,2001,711,2000.45,711.3,13.424334,76.503408,1243,52.24,9.41,315.66,26.75,93.82,243.76,426.58,52.89,rough
1415,2038,713,2034.48,711.07,13.427926,77.04214,964,46.59,5.25,258.49,22.34,89.42,214.55,375.47,59.14,moderate
1416,2057,716,2059.19,715.03,13.365207,77.433343,749,64.05,4.46,325.18,25.93,93.39,194.29,340.01,52.93,rough
1417,2086,714,2088.73,715.47,13.358279,77.900997,1034,33.37,1.94,206.78,16.27,44.64,169.32,296.31,70.85,moderate
1418,2134,710,2130.27,713.6,13.38791,78.558487,1068,13.11,-13.36,192.91,15.61,47.57,135.68,237.44,71.98,moderate
1419,2163,710,2164.77,712.25,13.409259,79.104721,674,-18.82,-36.49,8.49,8.56,22.02,111.79,195.63,84.77,easy
1420,2182,728,2183.52,726.6,13.182145,79.401522,965,-19.82,-39.12,-9.87,4.91,10.72,109.35,191.37,91.22,easy
1421,2219,718,2219.3,717.94,13.319234,79.96806,1309,-31.19,-38.75,-23.03,2.19,5.57,75.98,132.97,97.06,open
1422,2257,717,2257.36,715.97,13.350388,80.570541,1177,-43.54,-49.89,-35.17,1.75,4.17,38.3,67.03,100.0,open
1423,2294,719,2286.11,719.04,13.301794,81.025589,462,-54.58,-61.98,-47.27,3.64,7.66,9.58,16.76,99.91,open
1424,2512,711,2513.52,710.22,13.441389,84.625774,425,67.73,-63.02,621.18,63.9,504.57,3.47,6.08,44.99,rough
1425,2543,719,2539.5,723.81,13.226322,85.037062,470,133.08,-62.28,510.01,71.08,448.75,4.34,7.6,46.44,rough
1426,2564,723,2560.49,730.34,13.122836,85.369277,268,236.51,-60.38,517.48,76.2,494.69,6.09,10.66,43.96,rough
1427,84,742,86.37,738.06,13.000738,46.201661,161,83.4,-65.29,397.58,76.96,565.77,2.54,4.45,42.79,rough
1428,105,758,105.88,756.28,12.712181,46.510516,586,606.52,-24.83,1047.51,77.93,726.3,10.04,17.57,32.9,severe
1429,142,759,140.84,755.63,12.722571,47.063855,831,475.5,-55.43,939.28,72.71,544.43,15.14,26.5,39.85,severe
1430,166,747,169.27,748.47,12.835819,47.513983,957,448.99,-53.83,1000.92,73.64,545.3,16.55,28.96,39.89,severe
1431,216,751,213.47,750.91,12.797208,48.21373,1220,574.67,-60.91,1311.94,72.3,496.24,19.57,34.25,40.52,severe
1432,246,749,242.37,743.49,12.914749,48.671217,685,170.03,-61.91,561.41,71.33,390.73,8.84,15.46,47.89,rough
1433,270,753,268.16,758.07,12.683922,49.079509,454,1.84,-66.65,223.57,46.76,200.74,4.46,7.81,56.11,rough
1434,308,747,313.1,742.47,12.930936,49.791049,172,-21.27,-62.73,53.6,37.69,134.28,4.73,8.28,58.6,moderate
1435,328,747,330.11,746.05,12.874149,50.060228,556,20.85,-63.11,268.69,53.14,198.57,5.47,9.57,55.98,rough
1436,355,736,350.89,734.39,13.058732,50.389206,377,86.73,-62.47,340.17,63.83,290.99,5.54,9.69,52.25,rough
1437,463,751,467.85,753.34,12.758752,52.240749,123,-25.54,-63.62,14.32,48.5,245.67,2.3,4.03,54.88,rough
1438,483,755,478.22,759.9,12.654849,52.405022,189,-2.45,-66.04,36.2,38.99,151.33,4.17,7.3,57.91,rough
1439,532,741,535.22,737.93,13.002754,53.307423,98,-2.17,-84.59,68.21,55.69,345.53,2.66,4.66,51.16,rough
1440,545,737,544.79,730.36,13.122574,53.45885,214,14.17,-62.2,128.24,50.04,212.18,5.14,8.99,55.57,rough
1441,600,752,605.41,755.64,12.722382,54.418524,144,-18.59,-87.61,35.24,53.05,245.73,2.78,4.86,54.79,rough
1442,622,753,624.96,757.27,12.696504,54.727947,223,-17.07,-66.9,29.03,51.88,216.76,2.64,4.62,55.82,rough
1443,661,755,659.48,755.56,12.723588,55.274525,869,37.16,-63.27,153.14,48.43,164.39,6.87,12.02,56.97,rough
1444,685,756,688.19,757.47,12.693367,55.729028,776,57.07,-60.51,126.58,42.6,143.45,10.64,18.63,57.27,rough
1445,717,743,715.29,746.85,12.861556,56.157968,840,57.9,-61.53,164.39,40.64,136.72,9.1,15.93,57.63,rough
1446,746,753,744.67,752.75,12.768091,56.623109,475,-5.24,-68.77,59.29,27.97,111.54,6.43,11.26,59.16,moderate
1447,1300,747,1307.69,747.89,12.844981,65.536287,408,-46.21,-87.25,-33.02,10.45,80.88,7.61,13.31,86.16,easy
1448,1332,755,1332.37,753.47,12.756643,65.926973,1108,-16.3,-40.75,5.26,7.5,17.94,28.07,49.12,91.46,easy
1449,1361,743,1362.11,745.11,12.889084,66.397781,1103,56.39,1.18,190.29,22.1,62.21,58.69,102.71,62.87,moderate
1450,1392,752,1390.54,754.85,12.734867,66.847886,1015,111.52,32.51,249.63,28.6,84.36,82.28,143.99,53.42,rough
1451,1416,748,1418.05,749.47,12.820036,67.283444,944,191.77,101.95,308.6,32.37,99.49,109.22,191.13,51.72,rough
1452,1454,753,1454.27,748.93,12.828647,67.856851,1101,336.89,152.26,633.76,45.59,155.56,141.18,247.07,48.74,rough
1453,1490,748,1488.68,749.88,12.813534,68.401604,1278,645.16,356.54,1189.16,59.69,293.94,171.49,300.12,41.71,severe
1454,1524,752,1521.74,757.37,12.695012,68.924875,919,1124.47,692.38,1603.97,72.33,505.92,198.15,346.76,30.89,severe
1455,1542,744,1545.26,745.96,12.875663,69.297326,782,961.24,633.5,1232.75,71.18,404.15,224.19,392.34,35.62,severe
1456,1577,748,1576.37,748.12,12.841429,69.789738,1017,855.62,503.51,1279.85,72.42,478.82,250.53,438.42,33.71,severe
1457,1610,756,1611.9,755.12,12.730628,70.352218,1246,521.9,170.54,1114.49,70.69,444.29,274.05,479.58,37.24,severe
1458,1652,753,1648.08,750.92,12.797062,70.924975,1134,202.92,108.17,406.85,49.69,210.47,301.14,526.99,47.72,rough
1459,1676,754,1680.26,750.58,12.802465,71.434426,1034,228.65,49.75,862.23,47.7,345.38,323.82,566.69,42.77,rough
1460,1719,758,1716.61,756.21,12.713307,72.009841,1268,75.57,44.58,239.18,19.56,57.65,346.45,606.28,64.65,moderate
1461,1747,742,1746.48,742.5,12.930412,72.482758,1118,71.34,37.11,236.3,20.9,64.58,339.53,594.17,62.22,moderate
1462,1777,750,1778.17,748.8,12.830674,72.984426,967,104.49,33.7,369.83,36.85,147.27,328.08,574.13,50.64,rough
1463,1813,745,1809.94,746.3,12.870206,73.487427,810,123.18,32.21,419.09,45.09,218.53,311.44,545.02,47.99,rough
1464,1831,742,1837.45,746.33,12.869676,73.922983,950,91.7,34.85,292.11,34.13,100.53,301.11,526.94,52.38,rough
1465,1875,754,1871.1,755.46,12.72524,74.455703,1152,197.67,32.02,523.0,50.86,189.33,300.43,525.74,48.51,rough
1466,1904,755,1904.75,749.28,12.823093,74.98828,963,122.18,18.59,395.65,40.43,131.41,288.44,504.77,51.08,rough
1467,1933,759,1936.64,755.51,12.724442,75.493182,1260,79.32,16.12,221.8,31.22,99.87,292.19,511.33,52.49,rough
1468,1974,748,1970.6,749.89,12.81333,76.030778,1207,126.02,11.57,370.41,43.49,152.07,284.19,497.34,50.32,rough
1469,1998,745,2000.62,745.79,12.878327,76.506048,1110,39.96,7.58,198.94,21.99,76.68,260.46,455.8,60.21,moderate
1470,2034,745,2031.61,746.45,12.867772,76.996719,1055,9.59,5.05,30.18,3.58,8.71,234.12,409.71,93.28,open
1471,2058,744,2062.27,747.09,12.857752,77.482031,1126,7.73,1.76,22.68,5.22,11.03,209.25,366.19,90.49,easy
1472,2102,742,2098.97,739.77,12.973579,78.06298,1002,2.84,-4.8,12.87,3.62,8.44,176.26,308.45,93.26,open
1473,2118,751,2122.31,752.23,12.776403,78.432527,1002,8.19,-5.04,33.14,5.78,14.3,166.33,291.08,89.45,easy
1474,2153,742,2153.46,744.99,12.890904,78.925722,1289,6.78,-17.88,46.41,11.45,27.38,137.84,241.22,79.62,easy
1475,2198,749,2196.04,749.5,12.819641,79.599684,957,-24.66,-31.43,-13.36,2.26,5.39,97.86,171.26,95.81,open
1476,2223,758,2223.21,756.46,12.709305,80.029928,841,-34.8,-42.09,-27.88,2.12,4.73,70.34,123.1,97.67,open
1477,2249,749,2249.45,749.48,12.819886,80.445269,1065,-42.3,-46.72,-36.47,1.49,3.49,44.77,78.34,100.0,open
1478,2281,744,2279.32,746.2,12.871773,80.918161,984,-52.02,-61.99,-44.03,2.99,6.54,15.5,27.12,100.0,open
1479,2543,749,2543.96,740.68,12.959151,85.107621,372,243.09,-79.69,636.98,76.89,798.32,5.5,9.62,33.23,severe
1480,2577,746,2573.17,746.66,12.864465,85.57006,363,49.0,-59.21,233.37,66.19,302.96,3.81,6.67,52.22,rough
1481,2592,760,2587.26,764.16,12.587547,85.793076,282,25.54,-61.94,275.94,59.88,305.32,4.87,8.52,52.22,rough
1482,87,778,90.11,779.54,12.343969,46.26079,557,210.43,-65.27,740.67,74.68,546.05,5.68,9.94,42.36,rough
1483,111,774,113.41,778.64,12.358229,46.629631,753,548.76,-54.77,1122.06,73.67,528.45,15.24,26.68,39.9,severe
1484,141,778,143.18,784.22,12.269947,47.101,1124,368.61,-50.6,903.64,65.89,368.84,18.27,31.98,46.55,rough
1485,183,776,180.7,774.87,12.41794,47.694926,1120,549.48,-60.15,1126.3,69.5,426.77,19.61,34.32,43.15,rough
1486,206,786,206.55,784.79,12.260827,48.104209,709,205.67,-60.18,681.8,65.16,354.12,8.84,15.47,48.94,rough
1487,229,787,225.62,787.06,12.225004,48.406035,457,110.72,-65.38,301.14,60.03,277.97,7.71,13.5,52.37,rough
1488,280,786,273.11,778.05,12.367546,49.157923,340,22.05,-67.79,86.1,46.64,208.78,4.73,8.27,55.67,rough
1489,306,784,316.52,780.56,12.327824,49.845062,395,-0.59,-67.93,84.91,42.26,154.37,5.28,9.24,57.7,rough
1490,341,791,338.91,784.5,12.265536,50.199567,741,32.46,-62.39,123.2,47.92,151.82,6.09,10.66,57.5,rough
1491,360,790,360.07,792.02,12.146377,50.534529,425,-16.65,-64.42,32.57,37.73,115.43,4.43,7.75,59.26,moderate
1492,399,790,402.08,796.66,12.072973,51.199679,262,12.97,-67.2,84.63,51.14,201.73,4.32,7.57,56.01,rough
1493,431,783,427.37,789.23,12.190578,51.599987,216,-0.3,-76.17,67.38,59.67,267.16,2.71,4.75,53.91,rough
1494,475,780,477.96,773.87,12.433722,52.400928,165,-0.45,-62.19,33.66,43.88,223.82,3.35,5.87,55.4,rough
1495,486,785,483.45,784.64,12.263324,52.487855,99,-11.73,-72.31,62.31,64.0,279.68,2.12,3.71,53.6,rough
1496,543,796,549.27,797.62,12.057803,53.529783,270,14.84,-62.91,59.93,37.91,158.14,5.8,10.15,57.42,rough
1497,566,784,565.01,788.41,12.203512,53.778891,345,18.71,-69.49,69.52,32.42,133.59,7.83,13.71,58.11,moderate
1498,583,788,580.02,792.76,12.134724,54.016603,233,-0.48,-72.76,49.97,37.2,164.14,5.73,10.02,57.32,rough
1499,625,789,629.56,787.33,12.220663,54.800871,447,-11.09,-63.76,30.71,34.12,110.86,5.45,9.54,59.3,moderate
1500,655,786,654.11,782.89,12.290892,55.189438,847,53.52,-52.42,97.02,20.82,56.43,14.82,25.94,68.61,moderate
1501,694,783,692.67,780.24,12.332867,55.799963,694,30.04,-61.13,90.29,24.61,73.19,13.49,23.61,62.02,moderate
1502,719,783,716.52,776.5,12.392146,56.177465,493,-5.12,-62.74,45.47,20.99,63.05,10.56,18.48,68.85,moderate
1503,739,769,736.69,767.83,12.529306,56.49688,503,-2.41,-64.77,54.47,23.28,63.61,9.18,16.07,65.12,moderate
1504,1309,783,1314.7,778.47,12.36098,65.647355,325,-46.61,-88.75,-37.3,16.31,177.85,5.26,9.2,73.21,easy
1505,1331,785,1332.69,784.95,12.258378,65.932017,761,-27.2,-51.26,-0.24,6.26,19.41,19.05,33.33,94.24,easy
1506,1359,789,1358.4,783.66,12.278809,66.339057,825,2.93,-17.39,31.76,7.99,20.74,41.53,72.67,89.38,easy
1507,1383,788,1385.92,783.96,12.274057,66.774843,960,43.23,0.36,149.36,21.27,56.76,64.57,112.99,64.07,moderate
1508,1431,780,1427.52,780.03,12.336258,67.433284,1093,93.12,19.56,204.57,30.55,77.96,103.44,181.02,53.17,rough
1509,1455,775,1458.24,778.56,12.359572,67.919714,945,220.05,112.51,458.09,42.34,132.74,132.17,231.3,50.35,rough
1510,1487,791,1486.47,788.98,12.194527,68.366631,1226,343.55,151.39,657.4,49.56,166.82,152.26,266.46,48.29,rough
1511,1520,792,1521.43,788.43,12.203277,68.919981,1125,829.97,370.22,1583.06,69.52,478.71,183.4,320.94,33.89,severe
1512,1557,780,1552.65,780.73,12.325139,69.414273,1062,1192.05,692.62,1572.99,74.98,591.34,213.94,374.39,27.4,severe
1513,1575,779,1579.93,781.17,12.318162,69.846091,992,1066.62,497.77,1574.7,74.18,534.97,233.67,408.92,30.27,severe
1514,1615,787,1612.32,786.99,12.226021,70.358972,1087,757.7,156.92,1280.69,74.07,555.11,250.39,438.17,31.69,severe
1515,1646,784,1647.24,784.89,12.259376,70.911699,1155,234.14,38.21,652.45,59.78,274.6,276.36,483.63,45.24,rough
1516,1683,778,1682.9,781.09,12.319523,71.476281,1134,327.31,62.61,792.43,63.45,400.61,305.64,534.87,40.14,severe
1517,1713,792,1710.94,789.59,12.184876,71.920203,796,198.42,79.99,367.91,51.67,182.95,322.89,565.06,48.73,rough
1518,1739,786,1740.43,782.74,12.293381,72.386942,873,262.39,72.89,454.79,53.78,188.99,350.36,613.13,48.07,rough
1519,1769,776,1769.41,779.34,12.34723,72.84578,1157,374.75,212.29,612.27,49.49,172.11,349.73,612.02,47.89,rough
1520,1803,775,1803.33,777.89,12.370185,73.382841,1274,507.75,175.31,695.19,58.57,236.16,335.7,587.47,44.7,rough
1521,1840,785,1839.03,780.39,12.330474,73.947971,1153,292.93,57.85,602.09,58.07,220.74,324.81,568.42,46.74,rough
1522,1872,789,1872.29,788.16,12.207527,74.474444,1094,156.65,-15.73,450.58,46.29,186.87,310.28,543.0,48.88,rough
1523,1909,775,1906.85,777.25,12.380327,75.021525,790,302.58,78.82,480.44,49.19,175.58,305.57,534.75,48.27,rough
1524,1934,789,1936.39,788.89,12.196029,75.489303,975,296.75,99.97,493.2,53.21,188.76,288.32,504.56,47.84,rough
1525,1974,789,1971.39,784.42,12.266749,76.043349,1050,77.37,6.17,315.38,38.62,138.41,282.53,494.43,51.14,rough
1526,2003,785,2001.74,783.5,12.281236,76.523717,917,21.62,4.1,145.35,18.69,53.4,263.78,461.62,66.62,moderate
1527,2024,782,2026.87,781.5,12.313011,76.921569,1099,22.84,6.47,39.9,8.67,18.89,247.72,433.5,84.4,easy
1528,2060,786,2060.11,785.19,12.254593,77.44778,1336,9.46,-0.8,30.89,4.46,10.36,224.65,393.13,91.77,easy
1529,2094,775,2090.89,775.24,12.412014,77.935196,1164,8.15,-1.19,17.33,4.32,9.38,197.98,346.46,92.03,easy
1530,2118,788,2118.8,788.69,12.199183,78.376955,1035,5.37,0.12,15.06,2.01,6.11,170.01,297.53,95.99,open
1531,2150,784,2151.96,781.81,12.308101,78.901969,1343,-4.25,-18.03,24.85,4.72,11.9,137.91,241.35,91.37,easy
1532,2191,780,2187.61,778.04,12.367706,79.46626,1121,-21.43,-28.95,-14.51,1.81,4.56,103.32,180.82,96.57,open
1533,2224,783,2224.79,785.0,12.257567,80.054955,994,-34.18,-42.23,-26.1,2.53,6.09,65.75,115.06,97.3,open
1534,2260,786,2260.26,782.31,12.300201,80.616458,1010,-45.79,-55.75,-40.47,2.25,5.0,31.66,55.4,100.0,open
1535,2293,780,2285.24,778.56,12.359542,81.011868,564,-58.41,-61.98,-49.89,2.62,5.99,8.36,14.63,100.0,open
1536,2576,780,2582.38,776.56,12.391141,85.715932,272,192.47,-68.62,484.83,76.74,761.01,5.04,8.81,34.93,severe
1537,2607,783,2603.47,785.68,12.24676,86.049739,438,238.44,-88.34,1334.78,76.75,982.35,4.69,8.21,32.56,severe
1538,2629,794,2626.47,795.53,12.090943,86.413845,139,-25.74,-62.51,44.54,43.84,231.24,2.93,5.13,55.34,rough
1539,15,812,17.1,810.76,11.849731,45.104931,21,-58.81,-84.26,-41.15,54.15,324.95,1.13,1.99,52.4,rough
1540,111,815,114.78,816.2,11.763697,46.65142,672,256.49,-66.8,662.58,74.12,605.0,6.48,11.34,39.89,severe
1541,136,823,140.29,820.35,11.697945,47.055223,1135,739.67,-59.15,1318.29,72.7,622.04,17.38,30.42,35.1,severe
1542,176,812,171.77,813.23,11.810659,47.553619,1348,256.66,-45.14,565.11,62.96,325.63,20.03,35.05,48.72,rough
1543,202,816,200.83,819.72,11.707903,48.013615,795,224.2,-61.78,456.76,69.53,405.19,8.09,14.16,47.06,rough
1544,238,803,234.54,802.97,11.973132,48.547333,424,64.12,-67.48,210.68,56.79,268.09,5.48,9.59,53.22,rough
1545,277,821,276.79,827.66,11.582163,49.21623,312,86.21,-65.17,400.68,67.15,384.44,5.52,9.66,48.95,rough
1546,300,820,298.18,828.14,11.574582,49.554833,267,185.8,-58.8,634.33,71.63,602.82,5.84,10.21,40.51,severe
1547,341,819,344.02,818.45,11.727976,50.280511,530,23.0,-70.06,112.51,37.87,142.99,6.81,11.93,57.82,rough
1548,368,817,365.79,817.24,11.747137,50.625103,499,14.6,-67.11,61.82,32.27,122.77,7.47,13.07,58.55,moderate
1549,399,815,404.33,812.72,11.818762,51.235223,486,33.21,-66.91,112.69,44.24,171.25,6.47,11.32,56.78,rough
1550,429,826,428.35,824.02,11.639788,51.615448,513,35.94,-61.45,133.5,43.49,139.93,8.3,14.52,57.73,rough
1551,459,822,452.98,826.13,11.606415,52.005351,251,16.87,-67.73,89.96,51.71,230.34,4.14,7.25,54.99,rough
1552,532,815,540.51,818.14,11.732861,53.391092,208,-8.83,-68.85,37.11,48.73,206.76,3.52,6.17,56.05,rough
1553,563,813,561.39,812.23,11.826491,53.721637,596,33.98,-62.92,81.49,28.55,91.68,11.07,19.37,59.23,moderate
1554,583,816,589.61,816.89,11.752762,54.168433,709,-1.77,-66.46,45.29,34.07,115.73,5.68,9.95,59.05,moderate
1555,626,807,625.56,809.06,11.876614,54.737583,486,-22.91,-66.64,26.4,35.31,104.53,4.04,7.06,59.72,moderate
1556,664,803,662.35,802.17,11.985817,55.320012,350,2.69,-63.45,41.39,29.39,102.21,7.47,13.07,59.36,moderate
1557,679,801,678.35,795.32,12.094117,55.573199,308,7.09,-61.28,63.78,29.81,94.61,8.29,14.51,59.53,moderate
1558,1328,815,1334.65,812.72,11.818721,65.963053,444,-35.94,-76.23,-23.09,15.53,124.38,6.81,11.91,76.2,easy
1559,1358,810,1359.4,814.61,11.788754,66.355001,981,-14.82,-24.61,0.71,3.94,9.94,27.85,48.73,97.63,open
1560,1393,808,1392.92,812.42,11.823471,66.885584,1015,10.99,-5.56,29.56,6.67,14.79,59.41,103.96,90.33,easy
1561,1420,809,1419.92,809.85,11.864126,67.312969,1011,44.64,10.1,102.24,12.27,30.85,84.53,147.93,78.3,easy
1562,1450,819,1451.11,814.56,11.789663,67.806745,996,130.36,58.87,272.53,26.04,72.39,108.97,190.69,53.11,rough
1563,1482,822,1481.49,822.62,11.661981,68.28773,1049,172.81,91.48,303.93,30.71,89.12,133.25,233.19,52.22,rough
1564,1516,815,1516.35,816.44,11.759792,68.839531,914,407.29,251.05,716.09,42.74,151.8,165.65,289.9,48.38,rough
1565,1551,821,1548.29,817.93,11.73624,69.345238,997,772.55,390.77,1406.67,65.1,365.73,185.61,324.82,38.29,severe
1566,1577,820,1578.88,815.14,11.780476,69.829549,996,789.5,535.67,1355.24,64.73,368.49,207.12,362.45,38.07,severe
1567,1619,815,1616.24,814.77,11.786248,70.420978,969,524.12,108.16,986.88,69.55,407.7,233.27,408.22,38.52,severe
1568,1645,820,1646.08,818.5,11.727175,70.893398,880,117.99,22.07,466.3,46.08,176.51,253.55,443.72,49.51,rough
1569,1674,821,1674.98,817.99,11.735335,71.350789,1166,75.24,14.15,204.85,33.67,102.28,277.21,485.11,52.43,rough
1570,1712,812,1710.04,813.48,11.806744,71.905929,813,192.88,14.51,562.32,54.52,247.83,308.91,540.59,46.47,rough
1571,1741,809,1741.59,811.48,11.838357,72.40532,891,265.51,93.88,480.23,44.28,155.88,333.62,583.84,49.22,rough
1572,1768,821,1771.3,817.07,11.749802,72.875761,1160,310.43,93.02,512.62,53.41,199.04,321.51,562.65,47.38,rough
1573,1810,817,1806.81,814.56,11.789539,73.437829,1280,193.53,-5.11,513.91,48.93,188.65,309.75,542.06,48.56,rough
1574,1840,809,1841.82,810.81,11.848924,73.99215,1010,101.14,-16.6,442.06,36.96,160.72,302.84,529.97,50.19,rough
1575,1879,821,1874.69,820.65,11.693169,74.512428,921,-17.19,-19.79,-11.2,2.3,5.87,281.13,491.98,95.68,open
1576,1902,806,1902.58,805.38,11.934869,74.954062,909,109.72,-17.59,441.11,41.95,173.52,283.1,495.42,49.67,rough
1577,1931,818,1931.42,820.24,11.69961,75.410619,1067,113.93,-4.38,376.21,39.7,151.49,259.5,454.13,50.42,rough
1578,1965,812,1961.73,812.74,11.818438,75.890401,830,134.32,16.94,320.78,40.43,137.53,259.55,454.21,50.78,rough
1579,1991,812,1994.99,812.81,11.817258,76.416976,931,77.39,3.04,305.14,32.21,94.21,246.89,432.05,52.7,rough
1580,2037,820,2033.35,815.93,11.767895,77.02416,1076,12.62,4.52,72.24,6.53,16.43,219.9,384.83,88.1,easy
1581,2068,821,2069.11,820.6,11.694013,77.590374,1090,9.45,-0.5,71.09,6.27,15.04,196.18,343.31,88.61,easy
1582,2099,819,2098.46,814.89,11.784389,78.054965,994,44.33,-1.81,239.1,30.11,104.63,183.93,321.89,52.56,rough
1583,2136,820,2132.12,817.18,11.748116,78.587808,703,-5.13,-26.63,21.57,7.85,25.4,155.79,272.64,85.73,easy
1584,2152,817,2158.69,817.4,11.744619,79.008532,1036,-9.55,-24.56,50.32,9.45,25.08,129.31,226.3,83.12,easy
1585,2194,806,2189.91,808.32,11.888341,79.502663,1096,-19.65,-28.48,-11.41,2.66,5.85,98.3,172.03,95.1,open
1586,2215,819,2215.81,818.51,11.727033,79.912742,929,-28.62,-35.54,-22.02,2.26,5.17,72.59,127.04,97.2,open
1587,2251,808,2248.6,810.74,11.850148,80.43186,987,-41.22,-48.47,-30.44,2.84,6.12,40.0,70.0,98.83,open
1588,2281,811,2278.29,812.49,11.822389,80.901931,773,-55.28,-62.0,-45.76,3.4,7.33,11.01,19.27,100.0,open
1589,2622,803,2622.41,799.4,12.029543,86.349654,109,-23.56,-80.87,178.43,51.87,587.82,2.38,4.17,42.76,rough
1590,2640,826,2639.11,826.61,11.598789,86.614037,106,-29.64,-66.9,51.12,55.76,238.46,1.94,3.4,55.19,rough
1591,4273,815,4273.77,813.85,11.800904,112.492238,26,-96.97,-216.92,-59.61,65.47,1526.05,1.0,1.75,34.92,severe
1592,23,852,15.74,851.86,11.199143,45.083453,218,113.59,-81.14,443.33,76.2,859.45,2.56,4.47,33.59,severe
1593,35,854,31.11,855.5,11.141483,45.326856,44,-9.28,-66.8,85.66,69.87,396.55,2.05,3.59,49.45,rough
1594,95,854,95.43,860.06,11.069242,46.345053,79,100.09,-62.38,322.24,77.09,715.94,2.97,5.19,37.33,severe
1595,102,854,109.11,853.21,11.177744,46.561594,506,262.33,-62.21,778.21,72.44,531.09,8.25,14.43,42.33,rough
1596,134,848,135.77,848.22,11.256778,46.983718,1027,855.72,83.42,1377.33,71.54,531.72,29.44,51.52,36.55,severe
1597,184,856,178.24,849.62,11.234546,47.656039,951,439.78,172.97,1037.8,58.6,337.52,30.45,53.28,46.22,rough
1598,204,855,206.52,849.12,11.242499,48.103679,722,404.07,3.83,763.01,72.63,439.4,15.35,26.86,44.04,rough
1599,239,847,234.41,846.56,11.283046,48.545288,830,205.28,-62.95,486.71,72.02,485.53,6.45,11.29,44.48,rough
1600,272,845,270.96,847.82,11.263095,49.123887,995,413.93,-60.62,1202.19,75.78,601.22,14.6,25.55,38.31,severe
1601,302,849,299.7,850.59,11.21921,49.578899,837,515.45,-54.59,1245.83,75.66,571.18,14.03,24.56,38.71,severe
1602,326,853,321.17,860.21,11.066877,49.91877,348,130.66,-71.53,372.69,65.58,423.9,6.16,10.78,47.2,rough
1603,364,839,367.39,839.99,11.386993,50.650391,734,47.92,-75.95,162.49,50.95,206.66,7.01,12.26,55.39,rough
1604,407,837,408.94,837.54,11.425756,51.308274,497,57.33,-68.91,121.77,35.53,138.0,9.57,16.75,57.55,rough
1605,433,841,435.01,844.85,11.310004,51.720963,662,87.18,-51.55,153.79,35.12,107.77,12.57,22.0,58.18,moderate
1606,463,843,456.62,840.3,11.382045,52.063055,161,-5.13,-82.77,60.13,60.13,278.48,2.62,4.59,53.55,rough
1607,526,852,533.69,844.93,11.308815,53.28313,429,22.64,-63.23,73.38,41.02,187.49,5.6,9.8,56.35,rough
1608,566,841,560.03,844.85,11.310025,53.700073,369,-5.94,-62.1,38.5,32.36,109.05,5.09,8.9,59.36,moderate
1609,583,847,587.84,840.93,11.372177,54.140336,166,-37.73,-71.27,-0.6,44.44,183.51,2.28,3.99,57.16,rough
1610,1340,847,1344.88,838.08,11.417328,66.125002,291,-40.01,-67.43,-20.88,16.18,68.08,6.52,11.42,77.17,easy
1611,1357,852,1359.27,847.16,11.27359,66.352934,580,-23.13,-61.79,-7.75,8.96,25.99,14.68,25.69,89.86,easy
1612,1383,850,1387.12,847.13,11.274061,66.793809,1276,0.5,-11.29,23.6,3.76,9.8,37.92,66.36,97.05,open
1613,1429,844,1423.14,843.75,11.327567,67.364063,1018,37.62,1.2,62.14,9.39,23.35,71.51,125.14,84.39,easy
1614,1447,841,1452.37,845.54,11.299211,67.826697,911,59.69,26.62,102.14,12.28,28.45,98.31,172.05,77.84,easy
1615,1490,855,1485.69,855.72,11.137962,68.354183,1034,129.88,55.91,295.26,32.12,89.34,117.45,205.54,52.51,rough
1616,1510,844,1514.62,844.78,11.311174,68.812158,1046,302.07,190.72,391.18,33.69,87.22,143.96,251.92,51.39,rough
1617,1555,845,1553.37,849.45,11.23723,69.425609,1268,563.38,333.26,964.77,52.79,204.62,164.6,288.06,45.43,rough
1618,1590,838,1591.28,841.02,11.370722,70.025877,1021,533.73,365.56,953.01,53.8,237.54,197.13,344.97,44.47,rough
1619,1624,846,1619.79,846.38,11.285808,70.47716,806,491.85,295.33,705.42,58.16,254.78,215.75,377.57,44.16,rough
1620,1641,848,1646.09,850.98,11.212996,70.893452,926,222.81,18.69,774.65,56.86,313.62,234.84,410.97,43.94,rough
1621,1681,850,1680.3,852.4,11.190508,71.43514,1111,86.73,10.81,211.34,40.15,131.92,263.48,461.09,51.3,rough
1622,1707,838,1709.85,840.64,11.376727,71.902956,1137,86.33,-0.72,599.95,32.91,155.13,295.04,516.32,50.49,rough
1623,1750,845,1746.03,846.37,11.286012,72.475703,1185,160.68,36.75,488.48,49.93,201.84,307.63,538.36,48.32,rough
1624,1779,848,1782.04,846.36,11.286173,73.045791,913,206.77,64.32,602.83,54.87,271.62,290.5,508.38,45.53,rough
1625,1816,847,1812.94,848.87,11.246408,73.534855,884,119.04,4.94,449.54,48.6,178.19,275.45,482.04,49.44,rough
1626,1835,842,1838.15,840.15,11.384499,73.93394,837,22.63,-16.59,432.84,20.73,90.2,275.62,482.34,61.93,moderate
1627,1865,853,1866.84,852.38,11.190915,74.388217,1033,-10.08,-21.93,147.77,10.3,36.58,256.09,448.16,81.31,easy
1628,1895,838,1898.02,840.6,11.377316,74.881746,1053,-10.12,-20.01,45.97,7.43,18.54,252.79,442.39,86.7,easy
1629,1934,853,1934.0,850.58,11.219331,75.451336,1133,-3.9,-12.03,4.12,2.1,5.98,229.93,402.38,95.91,open
1630,1972,840,1967.99,840.9,11.372564,75.989487,920,6.64,0.92,76.85,5.62,18.28,230.77,403.84,89.59,easy
1631,1994,841,1999.42,842.88,11.341304,76.48711,1105,8.58,1.74,49.64,7.95,20.58,220.95,386.67,85.64,easy
1632,2039,839,2034.18,842.2,11.352106,77.037384,885,7.27,2.91,11.84,1.93,4.31,199.05,348.33,96.18,open
1633,2057,853,2061.83,851.65,11.202464,77.475003,875,5.8,-1.41,19.43,3.53,9.31,174.3,305.02,93.36,open
1634,2104,840,2100.71,846.71,11.280569,78.090549,1183,3.37,-17.21,200.37,11.98,42.81,157.65,275.89,78.23,easy
1635,2130,841,2128.55,844.4,11.317215,78.531321,771,-2.88,-22.91,92.98,19.12,58.33,144.43,252.75,65.91,moderate
1636,2151,854,2152.91,850.74,11.216864,78.916916,795,109.25,-15.64,231.57,45.91,140.37,124.9,218.58,50.85,rough
1637,2187,851,2186.01,847.48,11.26845,79.44095,1265,-18.1,-28.25,53.97,8.79,23.94,99.01,173.27,84.31,easy
1638,2224,842,2226.21,843.09,11.337928,80.077411,1065,-33.58,-41.97,-25.84,2.4,5.61,60.43,105.76,97.94,open
1639,2263,843,2258.86,841.26,11.366868,80.594248,939,-44.88,-56.13,-38.37,2.73,5.81,28.5,49.88,99.95,open
1640,2281,849,2279.96,847.1,11.274476,80.928237,484,-58.15,-62.02,-48.71,3.23,7.13,7.46,13.06,100.0,open
1641,2643,840,2644.91,836.09,11.44883,86.705873,70,71.98,-58.99,255.78,80.43,479.32,2.27,3.98,45.94,rough
1642,2663,853,2659.07,855.38,11.14331,86.929908,91,44.5,-74.31,235.22,78.58,589.79,2.07,3.63,42.24,rough
1643,15,879,12.42,883.71,10.694956,45.030904,816,261.03,-73.29,866.32,66.9,444.73,8.54,14.94,45.37,rough
1644,42,888,41.79,888.11,10.625221,45.495933,451,315.21,-63.54,787.02,74.64,603.06,6.51,11.39,39.55,severe
1645,89,876,93.79,876.93,10.802181,46.31903,253,222.7,-60.57,744.38,80.76,841.38,3.5,6.13,32.76,severe
1646,109,881,114.49,883.8,10.693503,46.646745,1038,743.15,-2.4,1491.32,76.94,705.03,17.96,31.44,32.09,severe
1647,148,872,148.13,874.19,10.845591,47.179346,1227,1280.81,603.26,1722.62,74.09,563.59,38.91,68.09,31.75,severe
1648,182,874,179.12,878.68,10.774484,47.669985,831,425.28,-60.29,1296.72,74.05,636.15,16.36,28.63,36.86,severe
1649,209,870,211.93,872.46,10.873033,48.189331,643,304.85,-61.04,770.43,69.44,427.47,9.9,17.33,45.57,rough
1650,239,879,237.12,880.49,10.745893,48.588099,817,181.14,-61.26,537.72,69.4,440.56,5.72,10.01,46.29,rough
1651,265,883,268.07,881.77,10.725677,49.078185,1108,698.54,-35.32,1338.22,78.22,761.98,18.89,33.06,30.32,severe
1652,306,882,304.56,881.26,10.733718,49.655844,1076,341.69,-59.57,1182.23,71.25,490.02,15.71,27.5,42.65,rough
1653,344,887,335.45,890.06,10.594311,50.144837,347,51.15,-65.71,218.77,59.21,304.88,6.61,11.56,51.92,rough
1654,352,895,348.73,899.54,10.444232,50.355006,184,49.07,-64.05,220.96,65.53,341.3,3.99,6.98,50.85,rough
1655,415,864,420.52,859.42,11.079443,51.491526,339,44.07,-62.33,134.65,47.34,181.16,6.38,11.16,56.36,rough
1656,436,879,439.84,873.87,10.850743,51.797452,371,30.79,-68.94,125.74,40.41,176.25,6.13,10.72,56.65,rough
1657,458,871,456.23,870.76,10.899871,52.056936,584,27.19,-70.51,139.08,39.82,142.23,6.86,12.01,57.82,rough
1658,538,867,541.09,858.34,11.0966,53.400247,182,-1.8,-69.04,44.98,39.56,189.38,4.5,7.88,56.54,rough
1659,562,864,559.22,857.53,11.109293,53.687356,210,-22.33,-66.92,23.24,36.03,136.31,3.39,5.93,58.64,moderate
1660,1361,870,1362.96,875.88,10.818798,66.411239,676,-38.76,-63.59,-10.87,10.97,27.97,9.0,15.75,87.01,easy
1661,1389,884,1389.36,882.87,10.708254,66.829195,977,-6.7,-32.46,5.41,4.94,11.08,31.99,55.98,95.56,easy
1662,1422,875,1421.3,875.42,10.826091,67.33483,1212,9.87,0.44,37.4,5.1,12.38,60.12,105.21,92.96,easy
1663,1456,884,1455.73,880.5,10.745652,67.87986,1120,41.31,14.57,75.17,7.82,18.86,79.41,138.97,86.51,easy
1664,1486,886,1485.57,887.03,10.642396,68.35235,1002,88.38,41.89,149.84,17.8,44.67,92.98,162.71,67.94,moderate
1665,1517,881,1519.04,877.04,10.800454,68.882169,1075,297.78,105.41,456.5,34.48,110.83,121.2,212.1,50.59,rough
1666,1556,886,1556.02,884.53,10.681839,69.467591,1291,533.54,374.96,848.69,43.91,148.08,142.25,248.93,47.64,rough
1667,1590,877,1588.56,875.91,10.818317,69.982703,1214,542.93,284.96,918.33,58.94,254.29,173.29,303.26,43.82,rough
1668,1619,878,1618.7,878.97,10.769997,70.459862,1022,497.21,243.09,975.7,61.57,313.27,196.86,344.51,42.05,rough
1669,1646,888,1645.19,887.82,10.629852,70.87919,1035,387.35,81.31,592.82,53.82,239.14,216.06,378.1,45.43,rough
1670,1674,883,1674.74,880.31,10.748733,71.347088,1013,174.69,17.66,543.22,57.99,267.78,246.02,430.54,45.89,rough
1671,1720,879,1717.09,875.96,10.817546,72.01756,1298,18.9,-3.57,206.91,18.95,61.03,285.51,499.63,65.94,moderate
1672,1748,885,1749.38,883.22,10.702625,72.528741,903,27.41,-10.64,172.45,26.37,75.34,276.29,483.52,53.72,rough
1673,1775,872,1774.32,874.2,10.845402,72.923569,903,175.52,51.89,525.85,54.7,228.46,269.89,472.31,47.28,rough
1674,1803,879,1805.51,879.93,10.754713,73.417273,1178,292.06,31.77,627.91,62.49,333.68,250.05,437.59,42.75,rough
1675,1844,872,1839.64,874.13,10.846572,73.957543,1002,152.73,5.44,497.61,51.13,201.29,242.73,424.78,48.39,rough
1676,1864,885,1866.99,885.51,10.666397,74.390648,963,27.97,-19.52,328.02,25.58,95.56,224.6,393.06,53.69,rough
1677,1904,876,1902.6,873.78,10.852059,74.954324,1152,-16.38,-20.29,-11.16,1.66,3.71,221.19,387.08,96.81,open
1678,1937,877,1938.49,880.07,10.752555,75.522442,1051,-7.02,-14.97,1.0,2.41,5.82,200.61,351.07,95.43,open
1679,1973,873,1972.48,875.38,10.8267,76.060612,1297,-3.65,-18.78,4.99,2.5,5.53,196.1,343.18,95.27,open
1680,2006,880,2002.22,879.98,10.753948,76.531445,977,-4.04,-15.87,5.62,2.69,6.53,187.96,328.94,94.92,open
1681,2024,878,2027.11,876.54,10.808352,76.925461,1035,0.49,-11.22,12.12,4.11,13.89,180.12,315.2,92.28,easy
1682,2058,872,2058.47,876.39,10.810726,77.421839,1028,23.08,-14.1,211.14,23.73,84.54,157.51,275.64,57.17,rough
1683,2089,887,2091.85,880.52,10.745393,77.950337,1206,-13.61,-24.11,-1.64,3.16,7.88,133.51,233.65,94.17,open
1684,2136,881,2129.91,878.24,10.781448,78.552924,994,-22.38,-30.77,-3.87,3.74,11.81,115.52,202.16,93.12,open
1685,2156,872,2161.9,876.79,10.804417,79.059218,921,19.92,-36.18,156.64,31.35,91.13,99.37,173.9,53.21,rough
1686,2199,877,2194.69,881.71,10.726493,79.57843,1104,-29.34,-40.34,-17.65,3.17,7.67,75.57,132.24,95.38,open
1687,2219,872,2222.99,871.87,10.882313,80.026324,946,-37.35,-41.42,-28.06,1.98,4.87,58.43,102.26,98.85,open
1688,2260,874,2253.69,875.13,10.830761,80.512488,957,-45.12,-54.15,-39.96,2.44,5.93,28.59,50.04,100.0,open
1689,2275,875,2274.9,876.25,10.813007,80.848179,458,-57.01,-62.0,-49.64,3.74,8.38,8.0,14.0,99.86,open
1690,2324,892,2324.0,892.0,10.563652,81.625487,1,-62.72,-62.72,-62.72,1.59,6.83,1.0,1.75,100.0,open
1691,2367,895,2367.96,899.75,10.441006,82.321354,182,-52.95,-61.69,-42.83,9.49,20.16,5.39,9.44,90.11,easy
1692,2381,891,2377.86,895.03,10.515672,82.478168,65,-59.93,-62.39,-57.03,5.61,15.75,2.31,4.04,96.97,easy
1693,2410,883,2404.06,884.01,10.690077,82.892857,142,-28.09,-63.89,57.6,49.85,135.32,2.15,3.76,58.81,moderate
1694,22,918,17.54,916.58,10.174507,45.112027,1058,605.09,371.6,752.49,41.57,152.26,30.53,53.43,51.62,rough
1695,41,903,45.44,907.43,10.319411,45.553729,848,509.05,-58.73,889.18,64.85,405.36,14.06,24.6,44.62,rough
1696,92,911,97.67,905.61,10.348182,46.380477,244,374.07,-60.95,941.38,79.22,876.1,5.42,9.49,31.56,severe
1697,106,919,114.0,914.82,10.202317,46.638957,667,553.04,-64.08,1244.79,78.25,742.45,8.84,15.47,32.8,severe
1698,151,912,145.18,909.09,10.293177,47.132626,1127,906.42,210.01,1748.65,74.7,678.42,25.62,44.84,31.31,severe
1699,168,916,170.16,913.5,10.223297,47.528157,775,742.72,243.33,1281.93,75.08,608.2,30.32,53.06,34.56,severe
1700,198,906,200.75,905.16,10.355396,48.012349,1187,368.83,-59.71,927.97,73.15,516.3,13.58,23.76,41.7,severe
1701,242,911,240.38,910.16,10.276166,48.639738,983,206.28,-59.08,785.01,70.49,462.59,9.11,15.94,45.07,rough
1702,276,914,274.6,915.32,10.194418,49.181413,989,663.76,77.43,1322.56,74.55,624.22,22.87,40.02,35.12,severe
1703,300,910,302.59,911.57,10.253898,49.624592,1017,978.33,73.32,1689.99,78.08,838.78,24.97,43.7,25.86,extreme
1704,338,914,334.82,914.19,10.212387,50.134846,918,500.19,42.31,1537.36,73.28,578.97,16.3,28.53,38.36,severe
1705,370,907,361.87,916.77,10.171488,50.562981,171,32.21,-69.79,193.33,67.13,344.28,3.25,5.69,50.92,rough
1706,392,920,390.96,920.82,10.107341,51.023497,267,5.36,-82.39,112.75,54.9,253.5,3.88,6.8,54.27,rough
1707,463,897,460.86,889.0,10.611066,52.130161,200,-21.45,-72.46,25.21,43.01,160.69,3.67,6.42,57.75,rough
1708,1359,911,1362.07,902.14,10.403104,66.39722,601,-41.52,-63.26,-21.24,12.52,46.07,8.2,14.36,83.89,easy
1709,1392,909,1393.58,908.99,10.294677,66.895959,940,-5.9,-67.25,5.14,5.85,18.42,21.24,37.16,94.63,easy
1710,1432,912,1428.89,910.63,10.268708,67.455027,921,7.11,-0.44,25.4,3.69,8.73,39.52,69.15,97.03,open
1711,1451,911,1456.14,913.79,10.218771,67.886396,987,26.25,9.03,49.61,6.3,14.33,54.15,94.76,91.26,easy
1712,1495,918,1493.64,918.64,10.141862,68.480156,1214,65.05,24.92,133.91,14.15,36.27,73.46,128.55,75.73,easy
1713,1524,903,1522.62,904.43,10.366873,68.938911,807,228.88,78.98,427.94,38.89,124.76,103.76,181.59,50.57,rough
1714,1542,916,1542.46,917.51,10.159738,69.252904,916,337.97,90.35,601.29,44.68,157.61,111.7,195.48,48.66,rough
1715,1587,914,1583.67,910.25,10.27475,69.905275,895,734.93,359.79,1087.03,62.49,310.34,151.0,264.25,40.51,severe
1716,1609,917,1612.96,915.04,10.198982,70.368999,1050,536.58,233.23,1010.75,67.4,382.51,175.69,307.45,39.33,severe
1717,1652,919,1653.03,917.68,10.157057,71.003309,1049,408.03,53.34,672.82,60.4,289.43,212.57,372.01,43.51,rough
1718,1687,903,1688.18,903.94,10.374551,71.559847,1018,114.32,-4.65,428.75,47.75,205.21,250.16,437.79,48.52,rough
1719,1719,915,1716.82,918.21,10.148724,72.0132,1010,-3.02,-20.28,31.01,9.5,26.26,266.09,465.66,82.95,easy
1720,1736,906,1738.84,907.58,10.317052,72.361821,759,-11.65,-18.41,6.01,2.72,7.62,264.01,462.02,94.88,open
1721,1773,913,1772.57,912.98,10.231457,72.895799,1177,124.02,-11.75,432.52,42.47,160.7,238.67,417.67,50.03,rough
1722,1802,912,1804.01,910.5,10.270802,73.393608,1037,243.05,44.1,496.51,54.6,229.8,223.67,391.43,46.76,rough
1723,1842,914,1837.67,910.19,10.2757,73.926339,999,223.86,38.07,611.97,59.56,269.84,209.4,366.44,45.48,rough
1724,1863,915,1866.42,913.49,10.22337,74.381499,758,131.95,-22.03,540.25,48.98,205.36,197.52,345.66,48.39,rough
1725,1900,903,1898.83,905.62,10.348,74.894672,1183,-17.91,-28.42,-14.11,2.32,5.61,195.4,341.95,95.66,open
1726,1932,913,1930.79,911.58,10.253693,75.400545,1034,-19.94,-25.95,-11.62,2.16,5.26,174.72,305.77,95.95,open
1727,1962,916,1964.37,913.03,10.230782,75.932201,1282,-22.02,-26.31,-12.82,1.88,4.23,161.32,282.31,96.46,open
1728,2005,915,2002.93,912.29,10.242392,76.542598,1078,-21.31,-35.42,-10.09,3.59,8.21,156.08,273.14,93.5,open
1729,2036,914,2037.62,913.56,10.222404,77.091771,1184,-22.56,-32.5,-7.64,3.78,8.67,148.6,260.05,93.16,open
1730,2068,914,2066.05,912.62,10.237149,77.541956,937,-22.77,-26.97,-13.24,2.01,4.73,127.3,222.77,96.24,open
1731,2090,904,2095.84,909.67,10.283993,78.013518,998,-24.07,-29.42,-16.8,1.86,4.21,107.76,188.57,96.52,open
1732,2134,903,2128.17,905.84,10.344631,78.525323,994,-26.39,-31.82,-21.74,1.68,3.94,93.01,162.77,96.84,open
1733,2153,914,2156.64,909.91,10.280116,78.976084,824,-30.89,-36.95,-25.79,2.35,6.15,74.45,130.28,96.89,open
1734,2185,920,2186.79,917.08,10.166672,79.453279,1379,-37.75,-45.44,-22.4,2.48,5.98,52.36,91.62,98.45,open
1735,2228,905,2226.74,904.4,10.36737,80.085699,1302,-41.59,-50.04,-33.12,3.01,6.68,37.88,66.28,98.69,open
1736,2259,920,2253.24,915.53,10.191078,80.505309,464,-54.13,-61.98,-47.15,3.23,8.07,12.16,21.28,100.0,open
1737,2272,908,2266.05,900.87,10.423216,80.708115,403,-57.83,-62.15,-47.17,3.38,7.88,9.12,15.96,100.0,open
1738,2356,911,2361.79,912.15,10.244672,82.223731,228,-50.66,-62.16,-28.59,12.3,34.04,5.4,9.45,84.96,easy
1739,2382,912,2376.48,912.36,10.241297,82.456345,207,-34.34,-61.94,23.35,28.52,66.97,5.61,9.82,61.0,moderate
1740,2700,914,2695.93,917.6,10.158437,87.513448,109,95.8,-58.62,372.2,81.71,688.04,2.3,4.03,38.4,severe
1741,4254,899,4254.0,899.0,10.452835,112.179272,1,-268.06,-268.06,-268.06,87.09,2767.61,1.0,1.75,34.92,severe
1742,4260,898,4259.5,898.0,10.468666,112.266342,2,-151.83,-180.24,-123.41,76.2,1939.02,1.0,1.75,34.92,severe
1743,18,945,15.26,943.02,9.755951,45.075875,789,496.7,179.53,624.3,44.79,164.81,27.9,48.83,52.13,rough
1744,46,943,42.17,935.96,9.867645,45.501913,484,210.75,-60.77,417.06,67.96,440.13,7.07,12.37,46.0,rough
1745,113,942,116.51,940.25,9.799827,46.678696,615,139.01,-59.2,542.19,69.1,401.54,7.18,12.57,47.85,rough
1746,142,945,143.25,944.97,9.725007,47.102092,1078,542.15,-5.22,1236.1,74.94,587.91,16.24,28.42,37.76,severe
1747,178,939,175.66,941.15,9.785628,47.615147,803,591.55,114.24,1214.77,74.8,679.34,22.36,39.13,33.71,severe
1748,199,937,205.19,939.43,9.812731,48.082631,1199,347.79,-60.01,875.82,73.2,588.34,10.04,17.57,39.57,severe
1749,245,939,239.15,943.48,9.748654,48.62026,1201,151.78,-62.05,604.78,60.9,382.12,7.73,13.53,48.4,rough
1750,273,951,275.46,948.1,9.675504,49.195046,716,103.15,-76.3,562.97,65.8,395.46,6.36,11.13,48.38,rough
1751,302,948,303.68,944.44,9.733489,49.641842,1027,832.97,80.45,1639.89,73.52,579.13,22.68,39.7,35.56,severe
1752,341,939,338.64,938.52,9.82724,50.195288,901,580.58,-58.68,1383.67,73.93,620.57,14.15,24.76,36.5,severe
1753,357,955,354.01,953.53,9.589514,50.438691,416,176.25,-77.54,519.43,74.8,475.57,6.66,11.65,45.01,rough
1754,398,935,397.28,934.26,9.894699,51.123564,250,-4.02,-67.48,107.51,52.2,191.7,3.89,6.81,56.52,rough
1755,1395,936,1395.93,929.38,9.971963,66.93326,293,-16.76,-62.11,12.67,26.49,81.27,6.39,11.18,60.32,moderate
1756,1416,935,1421.15,937.78,9.838899,67.332451,976,-14.91,-62.74,16.61,13.81,37.33,13.86,24.26,81.44,easy
1757,1459,950,1454.24,946.02,9.708452,67.85627,1111,12.44,-56.21,32.95,8.07,21.45,27.09,47.41,90.27,easy
1758,1487,950,1487.9,947.54,9.684377,68.389276,857,27.0,10.18,55.42,8.33,17.89,50.01,87.51,88.09,easy
1759,1519,951,1520.33,948.03,9.676672,68.902636,1172,81.29,18.59,236.21,21.0,56.76,77.82,136.18,63.22,moderate
1760,1560,935,1557.54,938.66,9.824964,69.491607,1053,382.79,145.48,614.59,54.41,205.33,115.62,202.33,46.66,rough
1761,1583,937,1583.91,940.03,9.803318,69.909081,779,584.6,357.0,860.23,60.01,247.22,139.98,244.97,43.78,rough
1762,1612,949,1612.31,950.28,9.640946,70.358714,976,601.72,387.09,835.21,62.17,278.58,165.26,289.2,42.55,rough
1763,1640,939,1641.81,941.22,9.784382,70.825795,1025,271.04,44.92,775.0,60.98,339.86,195.92,342.87,42.67,rough
1764,1686,937,1682.27,936.55,9.858324,71.466221,1080,109.83,7.24,325.54,48.43,183.6,236.46,413.8,49.32,rough
1765,1702,951,1706.27,951.11,9.627906,71.846232,1041,31.8,-23.61,250.56,29.77,104.12,250.89,439.06,52.67,rough
1766,1751,941,1745.63,939.59,9.810231,72.469264,1070,-1.5,-23.88,57.65,11.86,28.43,236.28,413.49,78.96,easy
1767,1766,952,1771.24,948.52,9.6689,72.874774,734,42.97,-7.72,178.82,22.21,66.88,212.03,371.06,60.18,moderate
1768,1808,939,1805.13,938.98,9.819845,73.411195,957,268.96,51.77,491.15,53.42,224.81,198.77,347.85,46.76,rough
1769,1835,940,1836.61,942.95,9.757127,73.909602,1001,117.32,5.07,792.33,50.71,257.74,179.78,314.61,46.64,rough
1770,1869,937,1869.78,939.71,9.808428,74.43481,1039,231.13,-28.37,774.87,61.91,318.76,171.43,300.0,43.7,rough
1771,1902,946,1902.8,943.94,9.741447,74.957422,1149,-21.96,-30.97,139.81,6.44,32.16,159.96,279.93,87.93,easy
1772,1934,941,1934.12,944.07,9.73939,75.453369,1129,-28.61,-32.93,-20.97,1.65,4.05,144.61,253.06,96.9,open
1773,1968,948,1967.25,949.92,9.646795,75.977786,1064,-28.3,-35.07,-23.94,2.44,5.63,125.26,219.2,95.53,open
1774,1994,939,1993.27,940.91,9.789303,76.389691,937,-29.63,-36.46,-21.06,3.98,8.86,128.16,224.28,92.88,open
1775,2022,945,2024.4,946.55,9.700095,76.882457,1183,-30.09,-35.79,-25.54,2.41,5.18,122.38,214.16,95.62,open
1776,2072,942,2068.79,940.5,9.79579,77.585239,917,-28.43,-37.96,-22.42,2.74,5.76,109.85,192.24,95.03,open
1777,2094,950,2096.93,947.03,9.692412,78.030783,1063,-32.76,-40.22,-26.91,1.99,4.52,82.58,144.52,96.92,open
1778,2131,944,2127.57,944.3,9.735705,78.515878,1250,-35.85,-41.25,-28.62,1.87,4.41,61.08,106.9,98.82,open
1779,2152,934,2155.42,936.99,9.851429,78.956714,834,-37.82,-42.94,-32.2,2.0,4.71,52.86,92.5,99.24,open
1780,2198,949,2196.49,947.54,9.684473,79.606825,1046,-48.41,-59.05,-40.99,2.89,6.82,22.22,38.89,100.0,open
1781,2231,938,2227.07,936.42,9.860496,80.091063,898,-52.63,-62.31,-40.4,3.26,8.27,14.08,24.64,100.0,open
1782,2255,935,2249.34,931.58,9.937083,80.443548,197,-58.93,-61.99,-51.79,3.4,8.0,5.68,9.94,100.0,open
1783,2379,928,2373.96,923.73,10.061263,82.416449,162,-38.83,-61.83,17.33,31.04,77.46,4.26,7.45,60.77,moderate
1784,2717,933,2715.79,936.55,9.858369,87.827876,118,-35.99,-63.03,12.98,49.35,244.71,2.15,3.76,55.0,rough
1785,2725,955,2720.7,956.59,9.54114,87.905569,263,-2.56,-67.96,75.42,58.6,264.34,2.97,5.2,54.01,rough
1786,4253,955,4253.0,955.0,9.566301,112.163441,1,-189.62,-189.62,-189.62,85.24,1984.42,1.0,1.75,34.92,severe
1787,17,966,13.24,970.61,9.319173,45.043961,865,258.33,-65.44,503.62,59.68,259.73,16.69,29.2,51.3,rough
1788,38,968,32.89,964.88,9.409813,45.355023,252,134.82,-61.06,380.78,72.27,444.95,5.08,8.88,46.51,rough
1789,88,984,96.89,986.84,9.062226,46.368224,302,354.93,-55.08,704.67,78.54,677.47,7.44,13.02,36.58,severe
1790,109,966,113.56,970.16,9.326303,46.632063,775,412.81,-60.4,862.85,77.82,661.92,12.36,21.64,36.34,severe
1791,142,979,139.89,978.32,9.197063,47.048915,1078,1090.55,170.89,1831.33,76.98,686.76,35.63,62.35,28.96,severe
1792,176,972,174.62,970.04,9.328201,47.598716,997,1246.83,396.17,1769.95,75.45,653.65,27.49,48.1,29.68,severe
1793,199,984,200.48,977.0,9.21804,48.0081,772,351.04,-83.55,907.58,75.81,652.59,8.15,14.26,37.43,severe
1794,252,981,249.17,979.58,9.177241,48.778896,389,185.83,-79.75,534.97,75.02,658.15,4.46,7.8,38.66,severe
1795,274,981,275.58,989.98,9.01255,49.197018,332,261.58,-100.69,530.35,74.13,646.89,5.21,9.12,38.48,severe
1796,307,971,309.21,970.3,9.324037,49.729351,574,320.63,-66.86,1195.92,73.08,656.29,8.19,14.33,37.5,severe
1797,333,972,331.04,971.71,9.301761,50.074954,787,506.48,38.06,1355.54,66.85,478.15,17.15,30.01,41.82,severe
1798,353,977,349.2,976.62,9.224069,50.36253,280,78.29,-66.86,302.77,62.81,338.5,5.22,9.14,50.65,rough
1799,1367,989,1369.21,993.3,8.959996,66.510287,365,-56.36,-63.13,-52.0,3.9,12.53,6.5,11.37,99.56,open
1800,1391,975,1392.61,980.64,9.160471,66.880724,455,-57.48,-61.94,-52.91,2.96,7.01,8.08,14.14,100.0,open
1801,1415,984,1414.59,984.67,9.096618,67.228588,697,-54.16,-62.82,-47.86,4.37,12.4,11.94,20.89,98.36,easy
1802,1463,967,1459.94,970.13,9.326852,67.946594,750,-17.99,-61.93,20.18,16.15,40.71,14.77,25.85,77.4,easy
1803,1486,975,1488.31,978.88,9.188274,68.395768,1024,-2.9,-46.76,34.24,11.37,29.13,39.32,68.81,83.7,easy
1804,1528,975,1528.04,973.57,9.272297,69.024683,896,58.59,21.16,142.17,16.31,39.57,78.65,137.63,71.68,moderate
1805,1558,980,1557.49,978.19,9.199147,69.490854,1088,103.25,8.86,361.1,32.46,116.44,108.03,189.05,51.74,rough
1806,1586,973,1584.57,971.43,9.306174,69.919581,934,362.31,96.19,698.32,59.1,240.71,135.19,236.58,45.55,rough
1807,1608,983,1610.16,983.84,9.109719,70.324686,975,357.15,102.99,627.5,57.85,243.92,160.43,280.75,45.47,rough
1808,1644,974,1643.03,973.74,9.269568,70.845117,1175,366.31,84.84,718.17,57.81,240.36,193.39,338.43,45.53,rough
1809,1675,976,1675.38,975.21,9.2463,71.357237,1250,84.86,-32.87,301.09,37.82,120.44,225.69,394.96,51.72,rough
1810,1715,978,1714.72,978.03,9.201733,71.980005,1043,-28.45,-34.7,-19.64,3.01,7.89,236.18,413.32,94.51,open
1811,1744,976,1742.4,975.4,9.243271,72.418234,941,-19.82,-27.11,-8.68,3.55,9.59,215.21,376.61,93.5,open
1812,1768,968,1771.25,972.48,9.289533,72.874895,808,4.49,-18.8,33.67,9.76,23.64,194.96,341.19,82.56,easy
1813,1805,967,1803.08,969.08,9.343441,73.378746,1123,128.83,-1.33,416.85,44.08,149.49,175.73,307.53,50.39,rough
1814,1833,978,1835.67,976.14,9.231585,73.894792,1125,114.41,-10.82,306.55,44.58,154.17,151.15,264.51,50.33,rough
1815,1875,974,1870.18,975.04,9.249076,74.441112,1151,10.12,-37.34,266.89,20.48,82.03,137.42,240.48,62.73,moderate
1816,1894,972,1899.01,974.92,9.250903,74.897445,1024,-29.15,-36.88,-0.05,2.3,7.58,131.2,229.61,95.7,open
1817,1941,983,1937.86,977.95,9.203049,75.512546,957,-33.56,-38.56,-28.64,1.6,3.76,114.42,200.23,97.03,open
1818,1963,982,1966.17,981.23,9.150982,75.960619,972,-30.42,-37.54,-24.7,2.76,8.05,96.72,169.26,94.94,open
1819,2001,982,2002.85,978.24,9.198387,76.541394,1166,-31.65,-44.05,100.03,10.03,35.65,90.44,158.27,81.94,easy
1820,2040,977,2037.55,979.54,9.177862,77.090672,1146,-33.33,-42.26,-28.03,3.32,7.15,92.35,161.61,94.06,open
1821,2060,966,2062.23,967.9,9.362077,77.481371,1073,-36.38,-42.93,-28.81,2.05,4.59,101.56,177.72,96.27,open
1822,2101,977,2098.71,976.99,9.218125,78.058897,1052,-40.27,-46.49,-33.89,2.78,5.85,67.29,117.76,96.81,open
1823,2131,984,2132.75,980.68,9.159768,78.597858,955,-46.22,-55.45,-36.94,2.78,6.07,35.41,61.96,99.32,open
1824,2165,969,2162.04,966.67,9.381565,79.061527,1034,-47.16,-56.98,-39.15,2.92,6.96,24.33,42.58,99.93,open
1825,2182,979,2181.77,979.76,9.174361,79.373864,677,-57.65,-62.0,-49.65,3.16,7.61,7.14,12.5,100.0,open
1826,2214,971,2210.82,963.76,9.427654,79.833662,314,-59.93,-62.16,-55.58,2.78,7.03,4.26,7.45,100.0,open
1827,2713,983,2713.08,980.9,9.156315,87.784989,215,123.53,-92.9,530.37,75.64,809.75,3.09,5.41,33.84,severe
1828,2729,982,2726.28,982.18,9.136076,87.993947,176,32.51,-60.12,184.55,65.22,260.02,3.41,5.97,53.88,rough
1829,9,1009,5.58,999.9,8.855412,44.922615,368,17.65,-66.64,189.19,47.68,178.56,5.76,10.08,56.69,rough
1830,92,1006,94.87,1005.63,8.764743,46.336147,416,312.79,-55.5,705.21,74.2,534.46,8.57,14.99,41.84,severe
1831,110,1013,116.35,1011.07,8.678662,46.676254,1047,899.04,66.38,1663.63,75.89,644.35,28.59,50.03,32.33,severe
1832,152,1002,148.91,1005.67,8.764117,47.191753,1048,1493.09,857.68,1812.57,72.62,530.94,35.46,62.06,31.7,severe
1833,177,1003,177.87,1005.2,8.771662,47.650151,876,618.43,-59.36,1507.09,77.28,712.98,12.38,21.67,33.11,severe
1834,209,1007,213.28,1011.88,8.66584,48.21074,1072,449.59,-81.5,1049.65,75.83,610.44,12.14,21.24,37.93,severe
1835,248,999,242.87,1002.59,8.812923,48.679097,878,488.27,-62.67,1104.38,77.95,666.66,12.54,21.95,35.64,severe
1836,265,1014,266.23,1015.71,8.605229,49.048931,881,281.02,-53.36,832.93,73.44,519.8,9.21,16.11,42.53,rough
1837,298,1007,292.23,1010.28,8.691113,49.460574,632,237.15,-67.03,536.36,72.58,512.31,6.85,11.98,43.28,rough
1838,336,1006,332.57,1002.31,8.817398,50.099137,601,114.77,-66.55,450.05,68.41,493.05,6.03,10.56,44.87,rough
1839,355,994,349.0,991.27,8.992045,50.359308,186,83.82,-64.75,289.58,66.77,302.77,5.56,9.73,51.85,rough
1840,1354,1014,1359.51,1012.87,8.650239,66.356599,356,-53.78,-63.99,-48.18,5.78,19.18,7.09,12.41,96.15,easy
1841,1382,1008,1387.09,1009.83,8.698316,66.793322,1019,-44.64,-54.51,-34.03,4.13,9.47,27.74,48.55,97.56,easy
1842,1425,1002,1423.21,1007.66,8.732703,67.365092,1041,-48.47,-57.7,-40.34,2.37,5.52,30.46,53.31,100.0,open
1843,1451,999,1454.59,1001.21,8.834732,67.861956,1269,-49.13,-62.57,-41.51,3.31,7.41,22.25,38.93,99.45,open
1844,1496,1012,1493.49,1008.57,8.718161,68.477687,1004,-32.71,-44.97,-7.24,5.37,13.99,52.18,91.31,93.36,easy
1845,1523,998,1522.79,1000.27,8.849626,68.941491,1006,1.64,-28.33,46.38,11.22,26.75,75.8,132.65,81.17,easy
1846,1553,1014,1551.71,1012.14,8.661698,69.39933,849,-14.01,-27.32,22.34,7.21,16.08,106.67,186.67,87.18,easy
1847,1580,1009,1582.54,1008.76,8.715247,69.887514,1057,0.84,-25.41,273.55,17.15,74.29,135.73,237.53,68.57,moderate
1848,1619,1013,1617.97,1014.08,8.631037,70.448387,1178,102.51,-23.18,331.24,38.03,132.46,171.49,300.11,51.18,rough
1849,1650,1009,1650.75,1006.99,8.743225,70.967353,1055,186.21,82.8,347.21,41.49,139.77,202.63,354.61,50.34,rough
1850,1688,1010,1684.87,1007.03,8.742621,71.507447,743,-16.8,-46.65,112.73,17.01,52.76,234.43,410.24,69.69,moderate
1851,1706,1007,1710.58,1007.6,8.733518,71.914421,946,-37.01,-46.38,-24.3,3.59,8.0,225.67,394.93,93.61,open
1852,1750,1007,1747.56,1006.22,8.755396,72.49987,1060,-28.27,-39.76,-11.84,4.4,9.89,193.76,339.09,92.15,easy
1853,1780,1005,1782.28,1003.24,8.802627,73.049499,1158,-18.65,-31.12,12.15,5.15,13.31,166.73,291.77,90.71,easy
1854,1816,1006,1813.77,1006.12,8.75706,73.548012,1072,3.85,-45.53,97.34,16.54,49.8,141.08,246.88,70.42,moderate
1855,1843,1007,1843.14,1007.72,8.731628,74.013046,953,47.61,-57.95,372.89,38.58,173.26,120.79,211.39,50.11,rough
1856,1867,1014,1871.69,1013.47,8.64062,74.465014,1248,-44.3,-58.35,-19.4,4.17,9.83,101.35,177.36,92.63,easy
1857,1912,1009,1906.28,1009.08,8.710199,75.012581,1069,-40.65,-47.54,-33.99,1.75,3.98,96.68,169.19,96.81,open
1858,1929,1000,1929.42,1000.1,8.852338,75.378839,757,-37.07,-41.41,-31.71,2.09,4.51,102.52,179.41,96.22,open
1859,1960,1016,1960.45,1016.14,8.598415,75.870073,1103,-34.64,-40.0,-17.86,2.92,10.14,71.04,124.31,96.1,open
1860,1994,1001,1995.46,1004.87,8.776871,76.424434,1098,17.19,-34.83,272.25,31.42,105.83,65.26,114.21,54.63,rough
1861,2040,1016,2035.29,1013.2,8.644935,77.054891,1164,-39.12,-48.64,19.69,5.87,17.06,60.08,105.14,91.86,easy
1862,2067,1013,2069.58,1009.68,8.700702,77.5977,1197,-44.7,-51.77,-34.41,3.13,6.73,67.83,118.71,96.18,open
1863,2102,1005,2098.99,1006.97,8.743566,78.063374,997,-46.93,-53.32,-42.27,2.01,4.58,49.36,86.39,99.56,open
1864,2126,1005,2127.75,1005.89,8.760702,78.518707,640,-49.81,-54.79,-45.35,1.71,3.91,29.89,52.31,100.0,open
1865,2159,1007,2155.23,1005.12,8.772891,78.953711,757,-57.42,-62.39,-51.18,2.85,6.17,9.45,16.55,100.0,open
1866,2198,1013,2198.92,1022.42,8.49893,79.64529,227,-57.18,-62.16,-32.42,6.6,20.21,4.91,8.59,94.95,easy
1867,2212,1012,2208.84,1019.14,8.550857,79.802397,119,-60.04,-62.1,-55.4,3.03,9.19,3.24,5.68,100.0,open
1868,2719,992,2723.16,992.19,8.97757,87.944512,122,74.96,-55.57,207.46,69.47,348.24,3.75,6.56,50.44,rough
1869,2735,1007,2733.7,1004.86,8.776917,88.111408,212,14.89,-65.88,132.41,63.53,315.47,2.92,5.12,52.08,rough
1870,28,1046,26.05,1048.98,8.078448,45.246733,610,238.46,-63.45,469.38,65.64,392.51,10.26,17.95,47.24,rough
1871,47,1039,53.71,1041.87,8.190996,45.684631,708,209.06,-61.95,502.5,65.26,336.69,8.23,14.41,49.58,rough
1872,95,1037,94.93,1035.64,8.289642,46.337208,353,393.29,-60.38,973.56,81.8,927.93,5.84,10.21,31.39,severe
1873,106,1040,111.79,1041.41,8.198332,46.603977,696,1125.01,700.19,1469.34,71.49,554.29,21.44,37.53,34.51,severe
1874,145,1046,141.62,1043.24,8.169437,47.076227,1080,1238.66,535.94,1784.63,72.13,527.28,39.53,69.18,33.27,severe
1875,168,1038,171.21,1034.64,8.305487,47.544719,995,621.02,-5.15,1474.97,72.3,534.73,16.31,28.55,39.09,severe
1876,211,1047,209.54,1043.04,8.172561,48.151591,1135,954.37,68.03,1709.9,76.33,749.27,30.49,53.36,28.09,severe
1877,243,1046,240.03,1043.42,8.166536,48.634212,1054,1061.02,263.63,1646.22,76.26,657.18,33.91,59.35,30.35,severe
1878,265,1043,268.91,1043.57,8.164172,49.091335,932,603.26,235.4,1136.78,71.61,470.41,26.65,46.64,40.68,severe
1879,304,1041,298.98,1038.63,8.242279,49.567504,808,202.44,-92.09,538.0,62.73,347.35,14.42,25.23,48.76,rough
1880,320,1045,319.08,1040.66,8.210168,49.88563,291,77.66,-72.22,189.93,61.39,289.0,5.39,9.43,52.39,rough
1881,1367,1035,1365.43,1035.99,8.284221,66.45045,689,-50.81,-62.2,-41.75,3.55,8.79,13.39,23.44,99.7,open
1882,1385,1044,1389.9,1040.95,8.205564,66.837781,805,-38.38,-47.46,-28.83,3.36,7.71,34.79,60.89,98.3,open
1883,1422,1045,1419.89,1041.53,8.196461,67.312592,1151,-38.95,-47.67,-28.12,3.53,7.63,54.01,94.52,96.53,open
1884,1450,1042,1452.35,1039.13,8.234431,67.82639,1263,-44.74,-48.16,-39.78,1.53,3.26,57.74,101.05,99.75,open
1885,1492,1031,1486.17,1032.58,8.338129,68.361741,903,-43.8,-47.12,-36.19,1.68,3.99,63.54,111.19,99.01,open
1886,1514,1040,1516.33,1037.17,8.265411,68.839353,852,-38.76,-46.37,-26.64,2.7,7.0,87.46,153.06,95.32,open
1887,1548,1036,1546.13,1038.64,8.242143,69.311108,948,-34.33,-41.73,-25.55,2.69,6.28,112.39,196.69,95.14,open
1888,1577,1041,1578.68,1040.13,8.218597,69.826272,1017,-31.45,-39.56,-23.43,2.77,6.32,141.96,248.42,94.99,open
1889,1617,1048,1615.87,1043.36,8.167545,70.415085,956,13.73,-36.54,340.18,23.16,103.8,177.39,310.43,57.51,rough
1890,1656,1036,1653.55,1038.61,8.242648,71.011529,1022,82.02,-34.91,372.77,38.79,159.87,211.62,370.33,50.35,rough
1891,1680,1030,1679.12,1032.56,8.338376,71.416427,742,-15.66,-51.48,153.01,18.39,55.15,232.68,407.18,67.32,moderate
1892,1702,1043,1703.16,1044.88,8.143401,71.796992,1090,-49.04,-58.54,-41.03,4.07,9.42,219.27,383.72,92.85,easy
1893,1736,1036,1735.41,1036.87,8.270234,72.307611,1176,-40.17,-45.73,-32.44,2.07,4.73,191.37,334.9,96.27,open
1894,1769,1033,1770.45,1036.69,8.273139,72.862235,1218,-31.54,-47.55,-22.93,3.7,8.84,159.29,278.76,93.36,open
1895,1809,1040,1807.71,1040.34,8.215258,73.452183,1352,-46.79,-55.97,-16.88,5.69,14.22,124.86,218.5,89.97,easy
1896,1845,1047,1841.34,1045.59,8.132136,73.984512,964,-48.06,-56.85,-36.5,4.04,10.38,94.3,165.03,92.86,easy
1897,1864,1047,1867.56,1043.56,8.16427,74.399614,736,-48.72,-55.23,-41.97,2.87,6.72,77.58,135.77,95.88,open
1898,1907,1043,1902.41,1041.37,8.198963,74.951376,1035,-46.91,-53.39,-41.14,1.65,4.06,65.31,114.29,98.94,open
1899,1931,1037,1933.78,1035.81,8.286927,75.447961,933,-38.82,-45.88,-30.89,2.18,5.17,71.09,124.4,97.52,open
1900,1973,1046,1972.08,1045.3,8.136719,76.054294,809,-0.01,-40.65,378.07,22.57,117.88,43.14,75.49,61.72,moderate
1901,1995,1038,1998.68,1035.29,8.295189,76.475428,1107,21.62,-42.79,403.9,28.32,115.23,35.3,61.77,56.6,rough
1902,2036,1043,2031.59,1042.8,8.176396,76.996277,914,-46.54,-52.13,-41.53,2.5,5.82,32.52,56.91,100.0,open
1903,2061,1041,2065.06,1040.46,8.213371,77.526246,870,-45.37,-50.69,-37.68,2.29,5.22,45.16,79.02,99.39,open
1904,2104,1045,2099.55,1042.43,8.182181,78.07218,1016,-54.88,-60.85,-47.66,2.12,4.74,25.77,45.09,100.0,open
1905,2126,1030,2126.72,1030.7,8.367917,78.502299,833,-55.81,-61.92,-50.96,2.19,5.28,14.18,24.82,100.0,open
1906,2157,1036,2157.02,1034.03,8.315217,78.982088,508,-60.84,-62.07,-56.82,2.06,3.94,2.72,4.76,100.0,open
1907,2182,1042,2184.45,1039.68,8.225683,79.41628,786,-40.95,-61.92,94.92,15.59,44.23,10.03,17.56,78.73,easy
1908,2217,1042,2208.78,1040.77,8.208457,79.801392,363,-44.09,-61.9,56.24,17.73,51.42,7.68,13.44,75.14,easy
1909,2741,1042,2744.8,1044.42,8.150711,88.287144,179,1.76,-149.66,142.3,56.94,543.89,3.06,5.36,44.09,rough
1910,2759,1049,2756.21,1052.99,8.014964,88.467734,160,-0.8,-68.47,154.09,61.97,303.98,2.31,4.04,52.65,rough
1911,14,1069,14.68,1072.61,7.70442,45.066685,1182,352.23,-51.33,566.85,60.01,311.55,13.15,23.02,49.09,rough
1912,53,1070,53.42,1070.31,7.740883,45.679941,1151,418.39,-61.9,813.41,65.76,388.97,15.33,26.83,45.73,rough
1913,87,1073,93.07,1074.06,7.681481,46.307611,475,431.4,-66.32,1122.26,75.63,783.29,6.96,12.18,32.34,severe
1914,115,1069,116.12,1070.2,7.742614,46.672603,993,801.39,136.43,1217.14,74.1,616.87,25.32,44.32,34.24,severe
1915,146,1076,147.14,1075.52,7.658362,47.163717,880,591.7,276.96,927.84,60.84,345.16,47.72,83.5,43.56,rough
1916,176,1062,177.08,1063.75,7.844615,47.637602,997,781.84,115.68,1328.95,73.23,597.01,39.82,69.68,33.95,severe
1917,209,1071,210.24,1071.74,7.718242,48.162544,897,994.21,207.39,1707.51,79.82,833.12,35.16,61.52,24.95,extreme
1918,245,1080,239.8,1079.27,7.598955,48.630637,798,571.59,5.55,1183.83,77.98,718.61,12.47,21.81,33.23,severe
1919,262,1076,265.89,1074.09,7.680952,49.043653,790,579.49,38.69,1126.11,74.08,578.18,16.62,29.08,37.82,severe
1920,299,1068,291.33,1064.1,7.839103,49.446359,537,256.29,-62.08,744.74,75.03,545.39,8.13,14.22,41.88,severe
1921,322,1056,315.47,1054.67,7.988362,49.828525,89,5.91,-63.18,99.18,67.08,310.22,2.89,5.06,52.33,rough
1922,1363,1068,1363.95,1060.89,7.889976,66.427009,342,-54.21,-62.66,-47.18,7.26,23.59,5.87,10.28,93.65,easy
1923,1383,1064,1386.48,1068.3,7.772701,66.783561,822,-43.54,-61.18,-32.86,3.55,9.5,16.91,29.59,99.35,open
1924,1419,1073,1420.03,1074.74,7.670719,67.314748,1160,-39.84,-45.65,-33.87,1.73,4.04,42.45,74.29,100.0,open
1925,1458,1073,1456.47,1073.91,7.683796,67.891606,1043,-41.59,-46.46,-36.74,1.54,3.48,75.52,132.16,98.31,open
1926,1484,1065,1484.8,1066.05,7.808302,68.340117,1125,-41.87,-46.59,-35.77,2.34,5.03,90.95,159.16,95.82,open
1927,1516,1062,1516.31,1066.26,7.805011,68.838993,1020,-42.81,-46.8,-34.73,2.38,5.11,108.47,189.83,95.75,open
1928,1546,1074,1546.42,1075.2,7.663353,69.315698,1328,-43.63,-48.27,-37.63,2.02,4.37,134.46,235.3,96.38,open
1929,1585,1066,1585.55,1069.69,7.750687,69.935114,1222,-42.42,-54.33,-33.88,2.78,6.16,161.83,283.21,95.05,open
1930,1621,1063,1620.99,1068.4,7.771112,70.496106,929,-42.56,-52.88,-26.21,4.66,15.14,188.43,329.74,91.63,easy
1931,1651,1072,1647.97,1072.3,7.709342,70.92322,963,-45.44,-53.23,-22.59,3.68,9.26,200.04,350.07,93.48,open
1932,1671,1076,1673.74,1073.91,7.683812,71.331289,974,-50.64,-56.65,-29.06,3.44,8.57,208.52,364.91,93.92,open
1933,1704,1078,1704.12,1076.39,7.644623,71.812137,1015,-54.53,-60.19,-48.2,2.68,5.89,208.2,364.34,95.31,open
1934,1737,1073,1737.29,1071.91,7.715485,72.337333,1214,-47.65,-51.2,-37.29,1.63,3.88,180.07,315.13,97.07,open
1935,1771,1076,1771.39,1073.96,7.683035,72.877174,1352,-45.66,-49.73,-34.98,2.24,5.19,146.38,256.17,96.01,open
1936,1808,1076,1805.24,1071.59,7.720529,73.412968,893,-42.79,-55.56,123.81,10.43,46.59,114.08,199.64,80.98,easy
1937,1835,1078,1837.79,1077.45,7.627838,73.92829,1028,51.04,-49.92,295.97,41.65,173.14,81.5,142.63,50.76,rough
1938,1874,1064,1874.95,1067.7,7.782079,74.516533,1049,-36.48,-53.16,118.83,7.2,25.16,55.02,96.29,89.74,easy
1939,1909,1073,1904.89,1074.9,7.668121,74.990578,906,-44.2,-48.75,-35.96,2.13,5.18,32.67,57.17,100.0,open
1940,1929,1066,1931.24,1066.63,7.799035,75.407637,761,-43.87,-49.05,-36.09,3.16,6.65,42.26,73.95,98.13,open
1941,1958,1063,1957.98,1065.5,7.816962,75.831106,976,-33.3,-50.4,-12.35,4.63,12.43,46.93,82.13,95.05,easy
1942,2001,1069,2000.34,1069.13,7.759453,76.501556,1122,-6.66,-61.81,108.96,28.19,78.38,12.59,22.04,59.87,moderate
1943,2038,1070,2036.14,1068.39,7.771153,77.068414,669,-53.32,-58.91,-49.17,2.65,5.96,16.55,28.96,100.0,open
1944,2061,1066,2064.43,1066.9,7.794787,77.516223,865,-50.47,-58.47,-45.01,2.56,6.32,19.99,34.98,100.0,open
1945,2099,1073,2092.48,1072.13,7.711986,77.96024,674,-56.54,-62.02,-50.03,2.87,6.13,12.99,22.72,100.0,open
1946,2112,1067,2111.55,1063.02,7.856284,78.262217,292,-59.69,-61.99,-56.49,2.65,5.9,5.28,9.23,100.0,open
1947,2171,1060,2176.06,1056.73,7.955867,79.283454,183,-52.66,-62.0,-26.87,12.02,27.95,4.2,7.36,85.75,easy
1948,2191,1071,2192.16,1066.01,7.808927,79.538271,352,-41.25,-62.22,17.09,17.26,45.3,7.66,13.41,76.11,easy
1949,2212,1062,2205.92,1058.02,7.935362,79.756214,273,-41.92,-61.96,82.02,19.12,61.99,7.49,13.1,72.47,easy
1950,2767,1071,2762.42,1075.24,7.662856,88.566064,412,40.12,-122.19,296.66,63.62,581.38,3.18,5.57,42.48,rough
1951,17,1114,14.39,1115.36,7.027615,45.062074,688,401.49,-90.55,909.21,73.46,672.99,9.37,16.4,36.26,severe
1952,47,1103,47.72,1098.27,7.298256,45.589816,830,501.88,-67.23,951.07,78.08,924.99,8.21,14.37,30.46,severe
1953,83,1104,83.92,1102.99,7.223465,46.162832,425,274.38,-92.17,649.75,74.24,782.82,3.99,6.98,33.68,severe
1954,106,1107,108.57,1102.91,7.224672,46.553011,759,389.78,-60.86,828.69,75.67,591.83,8.71,15.24,39.26,severe
1955,141,1100,141.44,1102.99,7.223489,47.073381,1101,424.64,115.66,1082.3,69.42,458.81,38.18,66.82,41.44,severe
1956,177,1100,174.91,1100.47,7.263368,47.60328,1068,1349.46,331.1,1913.42,77.44,683.46,54.72,95.76,25.8,extreme
1957,202,1096,205.64,1097.0,7.318367,48.089801,976,1277.24,636.5,1873.4,78.31,732.93,36.07,63.12,26.0,severe
1958,247,1105,242.24,1106.17,7.173114,48.669128,818,554.55,-60.46,1265.74,79.76,788.22,11.9,20.82,30.93,severe
1959,273,1102,275.35,1093.15,7.379231,49.193388,304,55.49,-63.83,307.39,66.62,459.47,4.51,7.89,46.59,rough
1960,1400,1102,1397.57,1097.75,7.30638,66.959267,818,-53.02,-61.96,-42.31,3.54,8.66,13.5,23.63,99.73,open
1961,1417,1111,1421.76,1108.33,7.138864,67.342159,765,-46.96,-53.37,-39.88,2.1,5.29,35.14,61.49,100.0,open
1962,1455,1104,1455.42,1103.48,7.215784,67.875004,1219,-42.85,-47.5,-39.18,1.47,3.24,67.47,118.08,99.07,open
1963,1496,1106,1490.83,1101.54,7.24638,68.435622,928,-43.86,-47.25,-40.16,1.2,2.77,94.96,166.19,97.79,open
1964,1512,1107,1517.81,1101.72,7.243613,68.862637,904,-45.37,-53.32,-40.31,2.01,4.82,112.73,197.28,96.39,open
1965,1559,1109,1551.99,1106.65,7.165527,69.403779,818,-48.2,-52.6,-44.31,1.89,4.08,136.13,238.24,96.64,open
1966,1574,1105,1579.27,1102.3,7.234465,69.835621,1011,-46.31,-49.94,-38.64,2.38,5.27,152.92,267.61,95.76,open
1967,1616,1105,1614.22,1102.79,7.226639,70.388916,1434,-49.02,-56.0,-39.54,2.78,5.94,160.4,280.71,95.1,open
1968,1651,1109,1649.29,1108.53,7.135717,70.944159,1078,-52.39,-55.83,-48.91,1.41,3.27,167.56,293.23,97.49,open
1969,1679,1107,1678.39,1104.68,7.196745,71.404927,737,-54.91,-57.85,-51.53,1.77,3.42,181.54,317.7,96.9,open
1970,1706,1105,1707.58,1104.89,7.19337,71.866953,821,-53.66,-57.77,-49.04,1.4,3.22,192.91,337.6,97.51,open
1971,1737,1109,1738.28,1109.09,7.126976,72.353013,1262,-47.67,-51.11,-43.87,1.01,2.31,175.97,307.95,98.15,open
1972,1777,1109,1777.9,1107.88,7.145986,72.980238,1093,-41.12,-47.41,-8.49,3.21,13.59,136.37,238.65,94.07,open
1973,1810,1094,1809.8,1099.88,7.272675,73.485265,1001,59.57,-46.14,438.61,37.26,189.62,104.67,183.18,49.45,rough
1974,1845,1109,1843.12,1110.09,7.111117,74.012748,1122,315.46,63.09,532.91,63.16,269.29,71.62,125.33,46.29,rough
1975,1873,1103,1874.14,1099.59,7.277307,74.503713,1089,61.04,-38.51,363.12,37.14,169.38,41.3,72.28,53.95,rough
1976,1909,1107,1906.66,1108.9,7.129941,75.01866,963,22.9,-60.72,263.76,32.95,109.88,12.21,21.37,58.58,moderate
1977,1928,1098,1933.2,1099.52,7.278479,75.438667,1065,-12.55,-53.78,171.43,24.42,83.07,16.87,29.52,62.03,moderate
1978,1969,1097,1966.2,1095.99,7.334244,75.961197,1138,-41.01,-57.97,71.37,9.79,32.76,29.83,52.19,87.18,easy
1979,1995,1102,1995.6,1097.28,7.31389,76.426526,653,-53.92,-62.1,-35.45,4.9,12.16,9.7,16.98,97.66,easy
1980,2032,1088,2031.75,1083.07,7.538857,76.998921,323,-59.3,-62.0,-55.18,3.64,7.87,4.19,7.34,100.0,open
1981,2070,1097,2073.85,1089.15,7.442645,77.665351,364,-59.62,-62.54,-55.24,2.7,5.78,5.62,9.84,100.0,open
1982,2095,1101,2093.64,1096.47,7.326702,77.978708,392,-60.52,-62.39,-58.52,1.52,4.11,5.11,8.94,100.0,open
1983,2179,1088,2178.5,1087.5,7.468696,79.32208,4,-62.82,-63.27,-62.38,6.77,18.66,1.0,1.75,95.07,easy
1984,2775,1112,2772.65,1109.31,7.12343,88.728103,294,-19.22,-104.26,98.34,51.98,429.86,2.9,5.08,48.28,rough
1985,23,1136,16.41,1139.66,6.643027,45.09404,879,736.13,355.42,998.45,61.51,291.17,30.57,53.5,45.8,rough
1986,40,1137,42.52,1136.82,6.687972,45.507505,789,643.62,-59.58,978.81,70.22,584.78,16.98,29.72,37.11,severe
1987,64,1149,61.58,1148.02,6.51053,45.809171,605,185.15,-59.55,539.85,67.74,479.13,9.42,16.49,44.61,rough
1988,118,1127,117.25,1129.72,6.800352,46.690427,1062,426.31,-52.33,736.86,66.0,427.11,19.15,33.51,44.02,rough
1989,147,1144,144.18,1141.3,6.617066,47.116859,813,881.36,171.39,1474.78,77.58,696.33,38.42,67.23,29.85,severe
1990,167,1138,170.13,1135.95,6.701623,47.527612,1043,1079.2,227.16,1655.57,73.33,604.69,42.05,73.59,31.44,severe
1991,201,1127,200.85,1129.83,6.798548,48.014016,1228,762.8,91.2,1635.9,75.15,701.45,21.43,37.5,31.82,severe
1992,234,1132,232.67,1130.56,6.787011,48.517632,980,363.99,-57.44,1255.39,75.32,593.09,11.01,19.27,39.22,severe
1993,1399,1128,1397.58,1130.99,6.78027,66.959344,787,-57.49,-62.11,-51.98,1.97,4.48,10.72,18.77,100.0,open
1994,1424,1134,1424.31,1137.08,6.683726,67.382487,876,-51.59,-56.08,-47.41,1.38,3.07,32.09,56.15,100.0,open
1995,1452,1134,1455.51,1132.93,6.749445,67.876505,928,-48.01,-50.28,-44.54,1.28,2.85,50.68,88.7,100.0,open
1996,1493,1131,1489.83,1132.15,6.761852,68.419706,957,-47.97,-51.46,-45.26,1.24,2.58,71.81,125.66,99.17,open
1997,1520,1128,1523.79,1130.72,6.784445,68.95737,1030,-47.42,-54.41,-36.22,3.35,7.7,99.69,174.46,94.09,open
1998,1560,1131,1555.73,1133.08,6.747179,69.462984,826,-38.94,-46.26,-30.03,2.95,6.89,120.42,210.73,94.71,open
1999,1580,1139,1582.69,1138.79,6.65677,69.889805,954,-34.35,-50.41,-24.9,3.89,8.75,118.4,207.19,93.07,open
2000,1616,1138,1616.02,1135.03,6.716233,70.417477,934,-51.22,-54.3,-42.15,1.65,4.1,130.53,228.43,97.05,open
2001,1647,1142,1648.09,1139.74,6.64169,70.925193,930,-52.92,-55.13,-50.56,1.0,2.16,138.05,241.59,98.21,open
2002,1684,1128,1680.69,1130.47,6.788454,71.441232,776,-54.49,-55.28,-53.02,0.58,1.26,159.34,278.85,98.95,open
2003,1704,1134,1708.94,1138.07,6.668049,71.888531,1137,-51.08,-55.04,-45.95,1.32,3.14,168.37,294.66,97.64,open
2004,1751,1144,1746.52,1145.38,6.552465,72.483424,1043,-45.86,-48.08,-44.73,0.87,1.97,170.7,298.72,98.37,open
2005,1766,1133,1768.67,1133.43,6.741615,72.834142,851,-42.49,-47.6,-9.85,3.83,10.13,148.21,259.36,93.18,open
2006,1803,1139,1802.12,1135.39,6.710552,73.363595,1172,143.94,-29.21,671.66,50.39,210.16,116.05,203.08,48.14,rough
2007,1837,1142,1837.85,1138.34,6.663867,73.929246,962,293.12,109.11,709.4,61.97,299.31,83.18,145.57,44.49,rough
2008,1879,1130,1876.65,1130.9,6.781691,74.543471,1012,90.88,-2.64,436.85,44.65,164.54,45.54,79.69,53.58,rough
2009,1902,1143,1901.81,1144.23,6.570661,74.94185,1020,232.16,75.84,430.52,53.6,204.7,35.5,62.13,51.96,rough
2010,1933,1142,1932.91,1136.86,6.687301,75.434078,941,338.04,-16.36,626.22,67.19,349.2,18.85,32.98,47.41,rough
2011,1965,1132,1961.95,1129.6,6.802156,75.893866,961,59.25,-62.03,374.96,41.13,169.78,16.81,29.42,55.85,rough
2012,1990,1121,1984.0,1120.34,6.948829,76.242997,378,-58.5,-62.05,-52.13,2.94,8.38,8.12,14.21,100.0,open
2013,2767,1128,2769.67,1123.2,6.90353,88.680878,100,86.52,-139.6,393.25,75.57,1226.6,2.37,4.15,33.79,severe
2014,2790,1149,2790.43,1149.29,6.490568,89.009507,7,-86.06,-94.72,-66.93,68.84,557.04,1.0,1.75,44.22,rough
2015,22,1172,17.82,1171.5,6.138925,45.11636,1307,598.22,145.95,942.76,68.63,380.91,27.86,48.76,43.79,rough
2016,52,1173,49.04,1172.6,6.121432,45.610689,728,375.09,36.86,660.4,60.31,309.87,19.66,34.4,48.49,rough
2017,75,1169,76.23,1168.85,6.180786,46.04108,301,134.39,-66.92,321.96,72.15,647.92,3.71,6.49,39.44,severe
2018,110,1163,107.79,1161.68,6.294364,46.540646,1254,465.25,-59.62,779.77,64.15,389.87,14.39,25.19,45.44,rough
2019,142,1167,139.58,1166.53,6.217621,47.043978,666,587.58,17.6,1315.73,73.92,611.46,18.63,32.61,36.43,severe
2020,167,1169,172.61,1166.36,6.220309,47.5669,823,448.61,-56.46,1201.99,75.37,609.52,15.3,26.78,37.72,severe
2021,208,1173,200.42,1164.22,6.254081,48.007066,643,130.98,-61.23,522.33,62.85,344.81,11.06,19.35,49.61,rough
2022,227,1164,219.98,1155.28,6.395616,48.316734,335,205.67,-60.52,585.52,64.31,453.54,7.02,12.29,45.56,rough
2023,1392,1165,1395.9,1155.76,6.388142,66.932734,483,-59.36,-62.05,-54.44,1.98,4.75,6.88,12.04,100.0,open
2024,1420,1174,1420.52,1169.22,6.174998,67.322459,761,-57.27,-62.43,-52.48,2.41,6.28,9.14,15.99,100.0,open
2025,1449,1158,1450.47,1160.97,6.305633,67.796681,1079,-52.5,-58.87,-49.4,1.54,3.55,25.0,43.75,100.0,open
2026,1489,1161,1488.35,1161.21,6.30174,68.39636,1171,-49.55,-53.35,-46.8,1.25,2.68,54.15,94.76,100.0,open
2027,1525,1166,1522.57,1166.84,6.212736,68.938053,1223,-43.77,-50.04,-35.46,2.11,5.04,76.71,134.24,97.24,open
2028,1552,1165,1553.53,1165.06,6.24086,69.42818,1100,-30.82,-40.44,-22.09,3.03,6.9,91.14,159.49,94.53,open
2029,1588,1172,1587.11,1172.05,6.130168,69.959838,898,-33.65,-47.47,-23.41,3.44,7.49,86.75,151.8,94.11,open
2030,1608,1158,1609.6,1161.43,6.298353,70.31583,854,-47.55,-51.84,-34.14,2.9,6.26,103.77,181.59,94.89,open
2031,1642,1166,1640.78,1169.97,6.16314,70.809464,1078,-51.45,-54.16,-49.52,1.11,2.44,107.29,187.76,98.01,open
2032,1673,1162,1674.54,1164.34,6.252257,71.343928,1259,-53.39,-57.38,-51.03,1.6,3.36,127.12,222.47,97.18,open
2033,1709,1176,1708.83,1171.37,6.141008,71.886816,1015,-48.64,-52.97,-44.67,1.14,2.68,143.52,251.16,97.92,open
2034,1739,1174,1740.56,1173.14,6.112896,72.388985,1160,-45.9,-48.6,-42.09,1.04,2.33,165.54,289.7,98.08,open
2035,1781,1172,1780.01,1171.68,6.135966,73.013553,1346,-24.53,-46.95,24.3,8.55,21.05,149.52,261.65,84.85,easy
2036,1816,1159,1815.3,1163.84,6.260187,73.572303,983,122.78,3.52,735.9,43.33,175.25,114.74,200.8,49.52,rough
2037,1848,1163,1845.3,1166.82,6.213016,74.047239,780,106.74,0.97,335.91,47.01,159.33,91.5,160.13,50.2,rough
2038,1865,1164,1870.36,1165.02,6.241542,74.443957,1063,152.42,39.11,371.84,53.37,198.4,69.78,122.11,50.07,rough
2039,1912,1175,1911.53,1175.05,6.082686,75.09575,1009,335.96,113.4,604.36,62.94,270.44,34.13,59.72,49.03,rough
2040,1936,1161,1935.66,1164.93,6.242841,75.477646,727,171.57,-59.67,469.95,64.46,291.55,13.11,22.95,51.05,rough
2041,1961,1161,1956.21,1160.07,6.319866,75.802976,467,-17.14,-61.71,356.69,32.2,163.66,6.27,10.97,57.41,rough
2042,2778,1152,2777.25,1151.25,6.459472,88.800877,4,-126.4,-138.45,-110.58,80.0,1182.09,1.0,1.75,34.92,severe
2043,2791,1153,2790.75,1152.0,6.447598,89.014595,4,-87.07,-104.22,-66.78,62.14,556.48,1.0,1.75,44.24,rough
2044,23,1206,16.7,1202.62,5.64616,45.098646,898,281.81,-59.53,976.77,72.44,562.7,7.96,13.93,41.1,severe
2045,45,1205,44.34,1203.02,5.639891,45.536204,628,269.43,-62.5,565.66,68.74,447.95,6.56,11.49,45.35,rough
2046,67,1191,61.16,1188.92,5.863041,45.802489,253,280.53,-58.91,526.24,72.87,619.44,5.72,10.01,39.28,severe
2047,124,1193,123.25,1183.97,5.941541,46.78542,267,121.78,-60.95,468.78,71.96,426.82,5.12,8.95,47.23,rough
2048,142,1191,139.22,1184.86,5.927438,47.038244,161,131.17,-65.54,380.46,74.23,464.27,4.74,8.29,45.87,rough
2049,160,1184,157.9,1179.39,6.014066,47.334044,174,165.59,-68.86,542.27,77.01,603.8,4.53,7.92,40.72,severe
2050,1435,1198,1439.12,1196.98,5.735587,67.616984,497,-59.13,-62.43,-56.49,2.85,7.25,5.36,9.37,100.0,open
2051,1460,1197,1459.85,1194.98,5.767223,67.945157,843,-56.87,-61.06,-50.37,1.4,3.25,18.04,31.58,100.0,open
2052,1483,1192,1487.23,1192.77,5.802096,68.378622,1167,-53.57,-57.87,-49.93,1.18,2.75,34.34,60.09,100.0,open
2053,1524,1208,1520.84,1205.64,5.598433,68.910693,1018,-48.61,-53.05,-43.26,1.66,3.72,50.88,89.04,100.0,open
2054,1545,1200,1547.55,1197.5,5.727272,69.333572,944,-38.39,-45.38,-27.63,2.63,6.28,60.85,106.49,97.54,open
2055,1584,1196,1583.58,1199.03,5.703,69.903932,1196,-33.81,-45.07,-21.51,3.91,8.72,60.06,105.1,95.35,open
2056,1622,1204,1619.48,1199.92,5.688918,70.472262,1102,-50.19,-53.33,-42.34,1.68,3.98,72.27,126.47,98.37,open
2057,1648,1206,1650.03,1203.54,5.631614,70.955942,1069,-51.44,-53.44,-50.62,0.53,1.17,80.99,141.74,99.71,open
2058,1682,1207,1680.37,1204.27,5.620078,71.436246,911,-50.33,-52.48,-47.6,0.49,1.17,100.51,175.9,99.07,open
2059,1702,1195,1703.43,1197.6,5.725663,71.801288,896,-48.97,-51.55,-46.31,0.87,1.92,122.49,214.36,98.41,open
2060,1739,1206,1740.7,1202.76,5.643976,72.391264,1007,-45.15,-49.34,-32.62,1.83,4.81,151.08,264.39,96.68,open
2061,1780,1207,1775.71,1204.97,5.60909,72.945457,949,-13.77,-41.79,98.37,12.36,34.69,149.49,261.61,77.99,easy
2062,1802,1204,1803.55,1200.09,5.686331,73.386324,837,18.47,-18.35,201.05,22.13,71.93,130.95,229.17,60.29,moderate
2063,1830,1199,1830.89,1196.76,5.73908,73.819122,1103,75.33,-6.42,292.89,36.87,132.65,112.08,196.14,51.36,rough
2064,1864,1204,1861.95,1200.65,5.677378,74.310834,982,167.14,77.67,325.28,47.34,151.5,86.14,150.75,50.36,rough
2065,1896,1195,1895.5,1195.44,5.759851,74.841977,1117,207.22,50.66,404.98,56.44,196.84,54.24,94.92,50.96,rough
2066,1939,1206,1933.32,1205.76,5.596534,75.440634,898,54.76,-60.94,326.69,37.99,177.79,20.23,35.41,55.33,rough
2067,1952,1200,1948.78,1192.52,5.806065,75.685462,418,-19.47,-62.09,243.1,27.04,108.98,6.89,12.06,59.32,moderate
2068,2768,1209,2771.09,1211.7,5.502461,88.703322,57,73.74,-60.98,285.53,80.43,816.52,2.28,3.99,34.01,severe
2069,16,1236,12.84,1235.1,5.13202,45.037624,729,350.65,-66.11,746.46,74.05,686.16,6.36,11.13,36.38,severe
2070,41,1238,33.05,1239.44,5.063353,45.357588,164,273.74,-98.62,690.43,83.33,1149.82,3.07,5.37,32.44,severe
2071,1425,1231,1432.17,1225.97,5.276617,67.507,248,-60.28,-63.11,-57.13,3.07,8.42,2.86,5.0,100.0,open
2072,1458,1226,1457.39,1223.94,5.308698,67.906205,664,-59.57,-62.03,-56.08,2.76,5.42,4.4,7.71,100.0,open
2073,1481,1232,1481.91,1230.95,5.197732,68.294364,912,-56.62,-61.3,-53.88,1.49,3.45,15.36,26.88,100.0,open
2074,1510,1230,1509.98,1229.79,5.21603,68.73876,965,-50.97,-54.94,-45.43,1.38,3.12,34.34,60.1,100.0,open
2075,1555,1227,1554.76,1226.73,5.264605,69.447722,1053,-36.7,-46.19,-27.17,2.73,6.46,31.23,54.66,99.65,open
2076,1586,1237,1585.63,1232.59,5.171795,69.936361,915,-44.93,-51.98,-33.13,3.28,8.35,30.1,52.67,98.82,open
2077,1618,1230,1616.34,1230.46,5.205534,70.4226,913,-50.74,-52.69,-43.41,1.21,2.83,42.69,74.7,100.0,open
2078,1644,1239,1643.61,1239.51,5.062275,70.854319,913,-52.09,-54.88,-51.03,0.53,1.14,49.68,86.93,100.0,open
2079,1674,1229,1673.11,1230.95,5.197682,71.321331,866,-50.28,-51.9,-49.0,0.54,1.12,78.63,137.61,99.87,open
2080,1705,1238,1705.67,1234.36,5.143785,71.836728,932,-49.14,-49.94,-46.6,0.67,1.49,106.56,186.47,98.76,open
2081,1736,1224,1735.84,1228.39,5.238266,72.314417,1025,-41.94,-49.83,-24.34,3.4,8.87,137.0,239.75,93.93,open
2082,1772,1234,1769.71,1236.24,5.114063,72.850593,1128,8.53,-32.83,69.26,15.63,37.15,138.12,241.71,72.36,easy
2083,1802,1229,1802.45,1232.28,5.176745,73.36878,919,106.56,20.82,299.38,39.53,140.93,111.9,195.83,50.85,rough
2084,1832,1231,1833.24,1230.39,5.206648,73.856288,1022,253.9,71.33,472.35,53.82,204.12,90.03,157.56,47.59,rough
2085,1873,1222,1873.12,1224.69,5.296879,74.48766,945,222.46,50.26,343.92,52.39,171.31,72.16,126.28,50.36,rough
2086,1908,1230,1906.95,1230.44,5.205864,75.023131,1190,81.11,-34.18,481.12,41.03,195.5,46.17,80.8,52.5,rough
2087,1936,1238,1933.05,1239.04,5.069728,75.436397,770,-41.39,-54.99,-5.75,7.52,17.7,21.61,37.81,92.12,easy
2088,1954,1237,1951.05,1236.15,5.115414,75.72134,392,-56.83,-62.39,-49.62,4.79,11.84,5.75,10.07,98.18,easy
2089,2770,1220,2773.2,1216.83,5.421355,88.736762,80,78.77,-79.46,308.19,78.35,692.85,2.64,4.61,38.32,severe
2090,2803,1231,2807.23,1231.19,5.194016,89.275413,151,-39.89,-104.46,3.34,51.17,466.2,1.86,3.25,47.21,rough
2091,17,1263,12.53,1265.63,4.64868,45.032617,512,279.03,-80.79,666.16,78.75,825.4,4.6,8.06,32.28,severe
2092,47,1264,41.28,1271.79,4.55126,45.487807,164,35.2,-71.67,212.06,72.62,476.77,2.9,5.07,46.24,rough
2093,1436,1270,1441.94,1271.48,4.556148,67.661686,90,-60.91,-62.57,-59.08,2.68,7.84,2.62,4.59,100.0,open
2094,1450,1263,1456.17,1262.6,4.696678,67.886904,679,-57.87,-62.21,-51.45,2.73,6.98,6.89,12.06,100.0,open
2095,1485,1262,1485.32,1261.92,4.707395,68.348417,1039,-54.89,-61.58,-51.31,2.35,5.28,14.12,24.71,100.0,open
2096,1521,1257,1519.46,1255.23,4.813402,68.888893,843,-49.8,-62.01,-42.7,3.56,8.9,13.84,24.22,99.64,open
2097,1549,1256,1549.53,1252.95,4.849528,69.364944,664,-46.92,-62.32,-35.39,7.92,17.97,8.74,15.3,92.48,easy
2098,1588,1255,1584.88,1257.85,4.771874,69.924422,738,-55.06,-62.0,-50.06,3.08,7.1,11.93,20.88,100.0,open
2099,1609,1263,1613.49,1262.37,4.700291,70.377465,915,-55.28,-61.97,-51.02,2.15,4.66,14.85,25.99,100.0,open
2100,1654,1265,1654.54,1265.91,4.644252,71.027318,1086,-52.18,-56.41,-50.02,0.78,1.78,49.49,86.61,100.0,open
2101,1688,1259,1686.15,1260.86,4.724283,71.527635,952,-49.86,-50.81,-49.0,0.51,1.08,81.3,142.28,99.71,open
2102,1716,1261,1716.49,1260.85,4.724342,72.007985,778,-46.31,-49.75,-39.12,2.19,5.65,111.27,194.73,96.07,open
2103,1739,1268,1741.38,1263.13,4.688305,72.402049,886,-20.94,-41.89,22.52,9.86,25.75,135.34,236.85,82.5,easy
2104,1773,1270,1771.71,1268.39,4.60498,72.882134,1007,59.29,3.14,203.41,28.09,77.74,125.74,220.04,53.41,rough
2105,1802,1269,1804.87,1267.19,4.623969,73.407085,1244,186.08,48.63,597.04,47.9,171.81,94.19,164.83,49.21,rough
2106,1841,1256,1840.91,1259.81,4.740799,73.977639,1268,326.8,118.6,607.33,55.12,209.94,65.09,113.91,48.82,rough
2107,1874,1254,1873.83,1255.59,4.807612,74.49885,1203,260.21,50.82,412.71,49.85,172.87,46.37,81.14,52.05,rough
2108,1902,1271,1900.87,1265.74,4.647018,74.926957,820,97.03,2.8,334.41,42.66,144.28,28.55,49.96,55.58,rough
2109,1931,1271,1928.98,1271.05,4.562871,75.371915,847,-32.56,-61.77,5.65,12.53,29.65,15.36,26.87,83.84,easy
2110,1952,1270,1947.02,1271.46,4.556377,75.65758,341,-57.45,-62.26,-46.58,5.91,13.42,4.63,8.1,96.36,easy
2111,1994,1279,1990.38,1284.73,4.346304,76.344004,517,-55.85,-62.11,-48.22,4.25,9.88,6.79,11.89,99.05,easy
2112,2776,1259,2778.63,1260.18,4.734937,88.822749,38,-8.13,-91.97,96.32,77.09,591.58,1.43,2.5,42.59,rough
2113,2793,1264,2794.11,1258.46,4.762288,89.067767,46,-50.03,-80.61,-21.7,54.21,301.29,1.36,2.38,53.16,rough
2114,21,1287,16.28,1290.43,4.256105,45.092079,808,384.22,-64.04,965.25,76.96,687.67,7.1,12.42,36.04,severe
2115,46,1295,38.59,1294.91,4.185141,45.445254,346,149.14,-62.92,559.62,74.34,505.88,4.04,7.07,44.33,rough
2116,1457,1295,1464.67,1290.57,4.253894,68.021518,135,-58.74,-62.48,-54.29,6.92,17.44,2.43,4.25,94.72,easy
2117,1484,1292,1480.34,1284.84,4.344637,68.269477,365,-57.7,-62.18,-51.47,5.89,14.53,3.78,6.61,96.42,easy
2118,1516,1286,1518.54,1291.11,4.245291,68.874345,580,-49.22,-62.26,-31.48,9.81,23.53,6.65,11.64,89.33,easy
2119,1544,1299,1546.7,1296.43,4.161204,69.319997,1192,-36.42,-56.64,-25.48,4.96,13.01,19.77,34.6,96.62,easy
2120,1585,1290,1581.86,1294.44,4.192604,69.87667,1170,-51.38,-61.94,-31.68,4.12,10.44,14.01,24.51,98.65,easy
2121,1613,1293,1612.25,1295.91,4.169417,70.357727,963,-53.0,-61.6,-44.41,2.37,5.1,20.9,36.58,100.0,open
2122,1639,1291,1640.39,1290.37,4.257019,70.80323,976,-51.61,-57.07,-48.52,1.1,2.76,38.03,66.55,100.0,open
2123,1683,1296,1679.55,1294.88,4.18574,71.423226,1084,-48.47,-51.0,-45.34,0.86,2.1,76.27,133.47,99.48,open
2124,1709,1292,1710.23,1290.79,4.250401,71.908884,871,-41.68,-49.7,-10.32,4.25,11.39,105.46,184.56,92.43,easy
2125,1742,1288,1743.84,1293.79,4.202857,72.440948,1108,56.65,-36.91,393.32,34.03,129.36,135.54,237.2,51.6,rough
2126,1782,1298,1778.35,1299.67,4.109801,72.987355,1004,283.29,94.59,594.22,61.52,286.1,116.07,203.12,44.49,rough
2127,1805,1302,1805.73,1302.62,4.063211,73.420749,889,268.55,135.75,507.01,56.49,212.61,89.04,155.83,47.27,rough
2128,1836,1300,1837.63,1294.68,4.1888,73.925775,1073,417.47,140.25,689.56,66.18,326.35,57.22,100.14,44.69,rough
2129,1871,1299,1868.63,1294.64,4.189486,74.416535,1127,167.24,-51.59,610.08,55.51,292.44,27.34,47.84,49.94,rough
2130,1903,1285,1903.46,1291.52,4.238803,74.967895,867,-17.98,-61.92,47.22,25.39,65.77,7.65,13.39,61.78,moderate
2131,1943,1304,1936.0,1302.27,4.068643,75.482998,676,-19.34,-61.9,61.04,23.68,59.32,7.99,13.99,64.82,moderate
2132,1958,1304,1964.17,1302.83,4.059814,75.929084,864,-43.71,-61.94,48.45,10.18,29.35,14.29,25.01,87.89,easy
2133,2001,1302,2001.1,1305.85,4.011951,76.513649,1111,-42.71,-56.76,-26.87,4.44,10.22,26.52,46.41,97.09,easy
2134,2029,1289,2028.17,1294.47,4.192157,76.942146,753,-51.59,-62.14,-35.73,4.5,10.67,12.33,21.58,98.15,easy
2135,2058,1297,2057.89,1301.9,4.074523,77.412695,786,-47.66,-62.3,33.01,9.3,30.51,11.8,20.65,89.53,easy
2136,2095,1297,2091.89,1304.27,4.037094,77.950945,532,-10.56,-61.83,156.59,36.01,122.4,8.21,14.37,58.68,moderate
2137,2128,1311,2122.4,1312.07,3.913525,78.433915,340,-5.34,-62.6,137.16,42.29,157.93,6.57,11.5,57.51,rough
2138,2776,1297,2779.86,1295.33,4.178606,88.842175,92,14.17,-63.4,119.67,68.13,359.08,2.54,4.45,50.58,rough
2139,2789,1302,2786.63,1300.12,4.102714,88.949319,75,-3.92,-68.41,73.31,66.11,430.04,2.21,3.87,48.22,rough
2140,17,1320,14.3,1319.6,3.794296,45.060604,1050,399.59,-7.71,1012.6,73.42,551.89,12.0,21.0,40.35,severe
2141,43,1327,36.23,1325.31,3.703869,45.407802,344,117.22,-60.17,440.43,69.51,368.74,5.01,8.76,49.33,rough
2142,1487,1327,1490.27,1331.9,3.599627,68.426802,444,-57.91,-62.05,-53.27,3.86,9.29,6.59,11.54,99.74,open
2143,1515,1326,1515.45,1322.5,3.748469,68.825364,916,-36.84,-61.96,-17.39,6.43,14.97,19.73,34.54,94.12,easy
2144,1545,1325,1547.27,1327.33,3.672023,69.329097,1121,5.73,-31.11,212.88,18.99,59.51,45.22,79.13,69.51,moderate
2145,1583,1336,1583.38,1330.93,3.614904,69.900745,1206,-2.73,-44.35,286.93,18.84,78.17,48.88,85.54,68.86,moderate
2146,1619,1331,1618.17,1329.83,3.632426,70.451493,1201,-41.68,-48.46,-33.46,2.1,4.76,53.86,94.25,99.03,open
2147,1650,1318,1651.63,1321.71,3.760852,70.981207,1296,-45.54,-49.3,-41.8,1.03,2.35,64.65,113.14,100.0,open
2148,1687,1327,1684.23,1329.82,3.632542,71.497306,1086,-43.64,-48.46,-24.45,2.44,6.81,94.85,165.98,95.6,open
2149,1710,1319,1712.4,1319.47,3.796324,71.943336,897,-14.71,-46.67,49.04,15.99,48.11,114.93,201.13,71.53,moderate
2150,1738,1333,1739.26,1329.23,3.641931,72.368483,1038,289.68,16.2,877.64,63.23,347.3,141.92,248.37,42.28,rough
2151,1772,1333,1771.69,1328.21,3.657977,72.881849,1029,455.54,136.92,928.39,68.14,371.49,126.78,221.87,40.28,severe
2152,1812,1336,1812.47,1335.71,3.539232,73.527399,859,483.41,251.05,805.39,61.22,280.99,91.24,159.67,43.29,rough
2153,1830,1319,1834.31,1321.86,3.758542,73.873144,874,325.65,190.64,637.68,57.06,259.25,65.56,114.73,47.05,rough
2154,1880,1318,1879.14,1321.18,3.769294,74.58297,1131,248.82,-52.7,827.99,54.98,266.92,29.53,51.68,50.11,rough
2155,1911,1332,1911.88,1327.29,3.672636,75.101292,976,113.42,-7.93,326.88,35.74,109.17,30.83,53.95,56.53,rough
2156,1941,1325,1941.06,1328.51,3.653263,75.563231,895,99.07,7.56,378.05,41.02,149.46,32.07,56.12,55.11,rough
2157,1974,1334,1970.57,1332.88,3.584166,76.030413,834,43.41,-43.19,206.62,34.09,109.36,42.9,75.08,56.07,rough
2158,1990,1336,1995.62,1334.64,3.556156,76.426928,892,-21.03,-43.14,19.44,6.27,17.17,53.99,94.48,91.54,easy
2159,2040,1329,2037.19,1326.69,3.682082,77.085055,1175,-16.19,-43.74,51.53,11.32,28.29,40.98,71.72,83.77,easy
2160,2071,1331,2071.69,1329.99,3.629852,77.63121,1040,118.99,-32.32,515.56,50.62,200.22,36.22,63.39,52.85,rough
2161,2103,1326,2102.05,1328.15,3.658993,78.111849,962,184.55,10.74,392.41,58.37,230.02,26.24,45.92,52.12,rough
2162,2131,1328,2126.46,1332.38,3.592081,78.498175,445,11.36,-61.96,259.8,39.73,170.01,9.58,16.76,56.73,rough
2163,24,1351,16.38,1353.53,3.257142,45.093598,1123,364.78,-57.49,884.68,72.53,528.0,12.91,22.59,41.37,severe
2164,41,1359,34.52,1364.88,3.077549,45.38077,260,152.84,-59.93,653.56,74.6,534.26,5.73,10.02,43.17,rough
2165,1461,1365,1470.52,1366.83,3.046685,68.11411,438,-58.21,-62.35,-54.03,3.19,7.26,5.93,10.37,100.0,open
2166,1495,1355,1491.83,1356.8,3.205478,68.45136,799,-52.28,-61.41,-44.77,2.32,5.6,20.32,35.56,100.0,open
2167,1512,1350,1518.42,1353.62,3.255781,68.872344,975,-35.02,-53.73,-6.59,5.84,13.2,40.63,71.1,93.52,easy
2168,1559,1361,1552.89,1360.45,3.147616,69.418135,1091,101.81,-19.68,440.65,41.2,156.45,71.33,124.83,51.78,rough
2169,1579,1357,1583.95,1359.31,3.165754,69.90983,819,103.11,-35.57,448.51,40.97,190.89,76.77,134.35,50.13,rough
2170,1624,1361,1619.74,1357.71,3.190946,70.476382,769,-39.16,-41.82,-35.2,1.1,2.81,80.8,141.4,98.64,open
2171,1639,1367,1644.6,1362.32,3.117977,70.869939,885,-43.96,-48.61,-40.47,1.45,3.25,93.65,163.89,97.35,open
2172,1680,1364,1679.6,1362.16,3.120509,71.424068,1366,-22.28,-49.17,232.12,13.72,47.52,112.83,197.46,75.35,easy
2173,1718,1356,1714.65,1355.02,3.23367,71.978953,990,222.76,-30.21,622.25,57.66,268.47,134.05,234.59,45.53,rough
2174,1745,1360,1746.4,1362.93,3.108438,72.481504,889,662.07,286.85,1063.08,69.82,416.43,157.34,275.35,37.26,severe
2175,1771,1353,1770.87,1356.34,3.21276,72.868909,750,680.48,377.11,1113.64,72.08,459.11,137.33,240.32,35.62,severe
2176,1799,1351,1800.31,1355.04,3.233216,73.334999,935,698.09,252.17,1056.57,69.98,415.17,111.0,194.26,37.05,severe
2177,1847,1354,1842.75,1354.66,3.239255,74.006772,1250,409.58,216.42,806.04,51.75,212.82,77.61,135.81,47.17,rough
2178,1866,1357,1870.0,1358.43,3.179578,74.43828,1125,456.48,179.14,858.16,59.47,254.44,66.05,115.58,46.28,rough
2179,1901,1350,1898.12,1353.2,3.262383,74.883446,988,197.28,63.94,473.16,49.59,184.62,55.79,97.63,51.34,rough
2180,1932,1361,1932.86,1359.84,3.157285,75.433433,1020,171.01,55.26,456.25,43.57,157.68,63.44,111.02,51.88,rough
2181,1965,1365,1965.47,1363.96,3.092037,75.949544,1045,101.42,-12.41,388.9,47.37,199.97,69.87,122.26,50.36,rough
2182,2003,1361,2001.9,1360.8,3.142013,76.526263,902,0.63,-16.79,37.11,7.54,26.48,78.82,137.94,87.02,easy
2183,2031,1354,2032.45,1357.16,3.199772,77.009912,1189,27.92,-17.29,183.6,22.14,60.48,71.31,124.8,62.08,moderate
2184,2070,1361,2066.73,1362.71,3.111878,77.552706,1118,183.85,13.27,503.27,49.75,207.88,66.57,116.5,49.77,rough
2185,2097,1364,2097.78,1362.4,3.116732,78.044161,988,192.25,-22.88,520.05,55.68,245.81,43.28,75.74,50.18,rough
2186,2130,1359,2126.17,1357.12,3.200407,78.493639,731,-23.41,-62.15,176.08,18.71,69.84,14.59,25.54,72.18,easy
2187,2144,1374,2140.13,1378.1,2.868209,78.714669,289,-47.37,-61.82,-28.47,12.52,35.14,5.81,10.16,84.49,easy
2188,2797,1359,2797.0,1362.0,3.123093,89.113539,7,-90.72,-113.32,-80.78,61.76,519.85,1.0,1.75,45.54,rough
2189,6,1398,7.89,1390.14,2.677539,44.959186,630,733.81,197.64,1201.29,73.31,625.16,23.67,41.42,34.54,severe
2190,32,1392,26.37,1386.21,2.739809,45.251801,526,282.27,-61.42,1132.15,75.56,695.19,9.19,16.09,36.32,severe
2191,1421,1407,1428.06,1412.32,2.326435,67.441939,220,-59.13,-61.98,-55.51,2.67,7.03,5.52,9.67,100.0,open
2192,1452,1393,1461.65,1397.1,2.56746,67.973627,470,-56.83,-61.92,-50.96,5.23,10.64,4.46,7.81,97.58,easy
2193,1491,1387,1489.95,1389.84,2.682433,68.421707,1275,-49.02,-57.27,-42.59,2.26,5.36,25.25,44.19,100.0,open
2194,1523,1393,1522.74,1389.66,2.685217,68.940726,1160,-36.22,-45.62,-14.27,3.19,8.05,56.24,98.42,96.89,open
2195,1554,1394,1552.45,1391.65,2.653672,69.411079,753,2.45,-33.85,280.98,21.11,101.76,85.24,149.18,61.4,moderate
2196,1576,1389,1579.38,1389.93,2.680973,69.837402,980,99.91,-30.05,436.07,47.16,202.53,103.66,181.41,48.72,rough
2197,1614,1383,1611.87,1386.64,2.73302,70.351744,1183,-40.05,-48.26,-15.93,4.57,11.12,106.73,186.77,91.9,easy
2198,1648,1389,1645.66,1391.13,2.661926,70.886637,834,-44.84,-47.51,-40.57,1.54,3.59,120.57,211.0,97.21,open
2199,1670,1392,1675.59,1390.98,2.664324,71.36059,865,7.06,-46.7,243.47,24.49,88.1,133.52,233.67,55.91,rough
2200,1720,1385,1713.11,1385.81,2.746093,71.954444,1006,422.65,68.18,720.19,63.0,312.24,153.0,267.76,42.6,rough
2201,1735,1393,1740.44,1394.19,2.61354,72.387175,946,812.18,526.33,1249.01,64.02,323.17,174.25,304.93,39.52,severe
2202,1783,1386,1781.5,1386.14,2.740945,73.03715,1235,901.45,537.65,1205.42,69.05,394.74,144.09,252.16,36.37,severe
2203,1815,1389,1813.81,1386.58,2.73402,73.548622,1141,787.57,385.04,1045.66,64.21,327.33,120.42,210.74,39.54,severe
2204,1833,1400,1834.14,1396.28,2.580485,73.870517,767,570.98,344.87,970.96,65.31,337.36,115.76,202.58,40.69,severe
2205,1865,1397,1868.5,1392.06,2.647242,74.414545,1168,404.21,152.43,624.89,58.04,214.66,98.4,172.2,46.18,rough
2206,1912,1385,1907.65,1387.57,2.718336,75.034281,1394,133.94,7.15,352.3,48.79,168.59,90.48,158.35,49.68,rough
2207,1942,1393,1941.16,1391.87,2.650173,75.564739,843,40.31,3.01,212.29,29.36,87.7,95.13,166.49,53.19,rough
2208,1968,1393,1971.66,1393.0,2.632315,76.047562,882,14.09,-1.59,86.38,15.45,41.02,99.27,173.72,72.46,easy
2209,2005,1387,2002.15,1387.01,2.72714,76.530297,883,32.38,0.36,174.1,19.94,59.79,103.21,180.62,64.26,moderate
2210,2024,1398,2029.64,1394.83,2.603317,76.965538,999,25.44,6.95,87.77,14.11,31.95,107.35,187.87,74.93,easy
2211,2066,1398,2064.38,1394.16,2.613947,77.515458,1072,237.16,21.96,673.86,55.1,257.76,82.39,144.17,46.41,rough
2212,2098,1394,2097.57,1396.06,2.583824,78.040906,997,529.38,80.76,972.33,70.53,443.93,51.8,90.65,40.18,severe
2213,2124,1387,2123.4,1389.98,2.680207,78.449797,872,82.59,-39.01,652.8,43.11,214.97,25.7,44.98,53.4,rough
2214,2152,1405,2147.37,1408.15,2.392558,78.82919,829,9.92,-62.61,242.74,31.38,116.65,13.86,24.25,58.3,moderate
2215,14,1414,12.25,1414.42,2.2932,45.028235,443,293.43,-61.42,805.73,72.45,603.22,8.3,14.52,39.56,severe
2216,1392,1423,1395.43,1429.53,2.054066,66.925388,290,-54.57,-61.95,-50.22,5.6,14.74,6.83,11.95,96.63,easy
2217,1414,1422,1416.89,1428.38,2.0722,67.26511,725,-54.78,-62.35,-50.38,1.99,5.34,14.78,25.87,100.0,open
2218,1451,1422,1452.26,1421.33,2.183811,67.824968,940,-53.7,-61.73,-49.03,3.49,7.48,13.16,23.02,99.88,open
2219,1486,1432,1487.37,1427.39,2.087916,68.380813,1125,-47.42,-51.44,-40.97,2.0,4.74,27.95,48.91,100.0,open
2220,1521,1424,1519.1,1425.36,2.120087,68.883166,1117,-36.87,-43.21,-25.01,1.96,4.7,54.45,95.28,99.18,open
2221,1548,1415,1551.34,1419.68,2.209965,69.393553,1065,-30.25,-35.61,-22.46,2.22,5.06,84.48,147.85,96.37,open
2222,1592,1422,1589.51,1421.17,2.186378,69.997733,1290,-34.38,-43.15,-24.91,2.66,8.16,121.28,212.24,95.13,open
2223,1621,1429,1619.1,1426.8,2.097209,70.466255,936,-44.12,-49.32,-40.46,1.74,3.97,144.83,253.46,96.86,open
2224,1643,1424,1644.38,1423.38,2.151321,70.866471,937,-40.07,-49.53,-1.31,5.31,15.4,150.69,263.71,90.53,easy
2225,1671,1414,1675.64,1417.47,2.244989,71.361316,1153,115.35,-41.34,617.89,41.84,198.49,156.69,274.21,48.75,rough
2226,1717,1422,1711.04,1421.58,2.179888,71.921663,1261,528.48,242.03,980.64,64.15,315.65,178.79,312.88,41.75,severe
2227,1740,1429,1742.45,1429.27,2.058088,72.418994,903,778.31,487.23,1080.4,70.92,386.13,197.66,345.91,37.53,severe
2228,1768,1415,1768.26,1414.93,2.285171,72.82755,1174,864.08,538.91,1224.99,64.81,300.92,172.75,302.32,39.95,severe
2229,1800,1431,1801.77,1426.21,2.106589,73.358015,1082,648.1,308.61,966.19,61.9,310.46,158.82,277.94,41.1,severe
2230,1839,1416,1837.07,1419.51,2.212695,73.916933,741,531.39,205.31,1000.23,67.63,356.45,134.87,236.03,40.29,severe
2231,1864,1416,1865.69,1418.4,2.230177,74.369929,707,351.45,194.94,658.16,59.2,279.21,124.19,217.33,44.26,rough
2232,1894,1428,1896.59,1424.56,2.13267,74.859173,1291,172.48,27.95,433.53,47.57,197.13,126.92,222.1,48.4,rough
2233,1940,1419,1934.48,1419.82,2.207759,75.458927,1023,66.85,17.32,319.09,28.9,98.7,123.26,215.71,52.62,rough
2234,1966,1420,1970.05,1422.59,2.163955,76.022062,1068,32.27,-1.43,145.67,14.13,40.88,127.86,223.76,74.54,easy
2235,2008,1418,2002.58,1421.12,2.187158,76.537044,1087,120.91,3.18,447.9,40.15,167.63,134.65,235.64,49.81,rough
2236,2030,1427,2030.12,1429.37,2.056492,76.973107,879,141.99,7.5,524.41,42.95,212.67,126.48,221.34,48.07,rough
2237,2058,1419,2056.76,1420.0,2.204955,77.394795,808,201.82,50.65,464.6,47.08,183.76,98.41,172.22,48.67,rough
2238,2086,1428,2086.1,1427.01,2.09393,77.859249,949,477.16,183.41,911.97,63.95,321.58,75.43,132.01,43.03,rough
2239,2120,1432,2123.0,1429.01,2.062221,78.443539,1204,264.32,50.77,749.18,61.58,287.37,45.75,80.06,48.02,rough
2240,2166,1432,2161.03,1434.99,1.967567,79.045579,819,53.13,-46.61,279.13,43.91,166.16,19.41,33.98,55.82,rough
2241,2177,1424,2174.46,1426.27,2.10562,79.258164,214,-50.37,-62.25,-37.96,15.15,41.98,3.65,6.38,80.1,easy
2242,2746,1428,2745.97,1430.38,2.040582,88.305613,29,-67.67,-114.87,-49.86,47.36,1126.59,1.06,1.86,34.92,severe
2243,3,1440,4.17,1431.97,2.015374,44.900315,141,122.83,-61.09,384.58,72.23,419.71,5.19,9.08,47.47,rough
2244,1390,1452,1395.03,1449.46,1.738482,66.91893,489,-58.3,-62.34,-51.83,3.85,8.8,5.49,9.6,99.88,open
2245,1417,1463,1416.86,1461.38,1.549872,67.264525,1013,-48.55,-55.85,-45.71,1.81,4.37,21.52,37.66,100.0,open
2246,1449,1447,1447.25,1448.92,1.747104,67.745654,1006,-48.69,-51.56,-45.01,0.93,2.3,38.5,67.37,100.0,open
2247,1479,1451,1479.72,1454.16,1.664079,68.259651,920,-47.32,-50.26,-43.29,1.35,3.19,46.24,80.93,100.0,open
2248,1519,1462,1515.81,1460.3,1.566885,68.831019,1068,-37.76,-43.59,-31.69,1.63,3.65,70.57,123.5,98.51,open
2249,1546,1457,1549.24,1451.69,1.703138,69.360331,1081,-31.66,-36.89,-20.45,2.41,5.43,92.26,161.46,95.61,open
2250,1589,1456,1587.24,1455.75,1.638972,69.961915,1313,-37.46,-43.93,-30.35,1.49,3.45,128.43,224.76,97.24,open
2251,1624,1458,1621.41,1457.33,1.61398,70.502763,790,-41.29,-45.29,-38.08,1.5,3.41,161.01,281.76,97.25,open
2252,1646,1458,1647.36,1456.83,1.62182,70.913627,765,-30.38,-45.6,-2.5,7.92,22.21,181.18,317.06,85.9,easy
2253,1674,1455,1677.07,1450.1,1.728356,71.384029,1110,142.8,-8.06,390.03,49.8,174.27,186.86,327.0,49.42,rough
2254,1714,1459,1710.84,1458.68,1.592552,71.918622,1138,380.4,108.34,897.53,64.44,320.77,209.58,366.76,42.59,rough
2255,1738,1457,1740.31,1456.27,1.630676,72.385085,842,579.47,324.37,843.06,65.91,319.77,217.59,380.79,41.25,severe
2256,1782,1451,1776.17,1450.83,1.716892,72.952867,971,694.93,527.61,849.91,58.47,231.51,193.8,339.15,43.57,rough
2257,1800,1454,1803.91,1458.54,1.594823,73.391923,859,557.3,372.65,760.06,59.92,240.36,184.75,323.32,44.21,rough
2258,1835,1447,1834.35,1451.04,1.713503,73.873809,1275,473.95,223.21,831.77,63.71,305.23,164.92,288.61,42.49,rough
2259,1865,1447,1866.08,1450.78,1.717688,74.376167,1199,404.74,129.21,844.9,63.59,311.16,155.78,272.61,42.76,rough
2260,1906,1455,1907.01,1456.53,1.626668,75.02416,1333,357.62,30.08,710.03,65.94,342.8,159.2,278.6,41.97,severe
2261,1944,1448,1941.69,1451.11,1.712471,75.57311,1188,169.07,23.98,464.05,45.65,203.42,154.32,270.06,48.21,rough
2262,1971,1459,1970.98,1458.31,1.598469,76.036805,1139,52.78,4.6,158.79,26.2,75.43,163.24,285.66,53.54,rough
2263,2001,1463,2002.52,1459.83,1.574401,76.536142,1183,58.32,1.82,254.76,36.62,126.35,162.25,283.94,51.7,rough
2264,2037,1459,2033.52,1457.77,1.606927,77.026953,803,263.02,50.25,619.09,59.39,295.27,136.3,238.52,44.31,rough
2265,2058,1452,2062.44,1451.44,1.707161,77.484679,951,168.63,57.55,527.45,48.77,215.17,108.35,189.61,47.79,rough
2266,2101,1449,2096.6,1453.48,1.67484,78.025526,958,430.96,169.09,732.65,66.39,335.68,81.26,142.2,42.4,rough
2267,2121,1464,2122.24,1463.52,1.515985,78.43137,838,319.15,177.36,518.5,56.8,214.16,65.24,114.16,48.71,rough
2268,2153,1462,2153.45,1462.23,1.536368,78.925592,1209,229.94,2.11,548.72,58.28,250.68,35.32,61.82,50.37,rough
2269,2194,1453,2184.13,1454.86,1.653098,79.411268,471,-36.05,-62.24,98.03,21.15,71.94,7.35,12.87,68.72,moderate
2270,2743,1464,2737.67,1466.62,1.466785,88.174277,245,63.0,-133.07,422.67,66.4,667.93,3.44,6.02,39.25,severe
2271,2764,1449,2762.93,1448.59,1.752239,88.574122,204,12.92,-64.82,135.29,67.13,343.71,2.72,4.76,51.11,rough
2272,1370,1490,1378.07,1494.82,1.020482,66.650533,234,-56.72,-62.06,-50.28,4.45,9.79,6.31,11.04,98.77,easy
2273,1382,1479,1390.56,1482.49,1.215694,66.84815,711,-52.42,-61.9,-47.61,3.18,7.78,12.87,22.52,100.0,open
2274,1430,1484,1427.72,1487.65,1.133915,67.43642,1172,-43.29,-49.41,-40.36,1.38,3.28,42.31,74.04,100.0,open
2275,1458,1484,1458.25,1485.06,1.174941,67.919778,1059,-42.34,-45.33,-39.91,0.75,1.81,65.78,115.11,100.0,open
2276,1486,1485,1487.23,1483.57,1.198554,68.378524,986,-43.46,-46.41,-39.91,1.53,3.48,76.13,133.23,98.3,open
2277,1524,1490,1523.93,1493.17,1.046466,68.959624,1069,-36.89,-41.08,-32.87,1.56,3.54,100.89,176.56,97.12,open
2278,1550,1478,1551.84,1479.44,1.263841,69.401393,847,-36.41,-40.82,-32.77,1.33,2.93,109.88,192.29,97.52,open
2279,1580,1490,1583.39,1490.02,1.09643,69.900856,1166,-39.64,-42.53,-37.51,0.79,1.8,141.27,247.22,98.47,open
2280,1622,1484,1619.63,1485.68,1.16517,70.474696,1095,-38.36,-41.03,-33.96,1.48,3.25,170.14,297.75,97.27,open
2281,1655,1485,1653.85,1488.12,1.12652,71.016311,889,-11.36,-36.46,119.28,13.54,47.95,202.14,353.74,75.56,easy
2282,1676,1478,1678.96,1480.05,1.254239,71.413803,832,120.15,-4.21,327.51,44.65,151.34,214.78,375.87,50.39,rough
2283,1705,1493,1707.85,1491.7,1.069883,71.871231,1147,275.24,50.96,551.44,53.38,215.57,237.4,415.45,47.04,rough
2284,1751,1478,1747.97,1479.7,1.259708,72.506433,1000,532.55,208.93,752.52,55.84,228.17,233.1,407.92,44.81,rough
2285,1773,1486,1775.84,1486.23,1.156472,72.947582,995,588.74,386.61,878.65,58.74,228.21,222.93,390.13,44.42,rough
2286,1809,1492,1807.27,1489.94,1.097694,73.445099,1131,428.82,225.95,580.2,53.47,188.77,211.2,369.61,46.93,rough
2287,1835,1496,1838.4,1492.15,1.062701,73.937977,1265,354.68,170.27,628.83,50.69,184.45,202.44,354.26,47.59,rough
2288,1877,1488,1873.57,1483.01,1.207348,74.494761,1122,161.43,90.9,298.96,39.45,116.88,186.53,326.42,51.32,rough
2289,1903,1492,1903.68,1488.55,1.119739,74.971378,829,138.43,38.15,317.3,45.86,157.5,190.83,333.96,50.04,rough
2290,1933,1495,1935.04,1490.15,1.094423,75.467943,1188,74.71,13.23,329.0,40.24,155.74,193.42,338.49,50.55,rough
2291,1970,1494,1965.74,1494.09,1.032049,75.953818,981,80.02,4.57,192.95,37.78,116.44,197.85,346.24,51.9,rough
2292,1990,1490,1993.64,1490.75,1.084899,76.39557,898,161.9,7.21,574.6,47.42,189.29,186.7,326.73,48.76,rough
2293,2033,1486,2029.61,1486.19,1.157026,76.965014,837,392.82,48.4,764.33,67.85,358.83,154.71,270.75,41.16,severe
2294,2055,1479,2060.24,1479.63,1.260968,77.449903,897,314.05,136.44,747.86,61.27,293.82,125.55,219.72,44.01,rough
2295,2091,1496,2088.18,1491.82,1.067954,77.892221,1113,371.06,161.75,637.33,54.74,216.81,104.22,182.39,46.33,rough
2296,2118,1488,2120.3,1488.55,1.119746,78.400658,945,416.8,216.29,740.38,56.97,242.87,72.46,126.8,46.46,rough
2297,2162,1496,2158.24,1495.62,1.007749,79.001392,1041,439.8,107.18,944.39,67.67,373.19,42.05,73.59,44.06,rough
2298,2186,1487,2186.75,1485.68,1.165068,79.452681,991,119.01,-61.64,657.18,60.2,297.38,14.3,25.02,51.12,rough
2299,2217,1493,2210.44,1496.1,1.00015,79.827676,517,35.35,-62.1,370.38,44.56,224.79,5.44,9.51,54.95,rough
2300,2730,1486,2733.23,1482.42,1.216765,88.103996,261,157.37,-91.79,419.03,77.74,856.23,3.55,6.21,33.21,severe
2301,1370,1517,1376.18,1521.11,0.604194,66.620496,348,-60.05,-62.01,-54.07,2.16,5.44,5.34,9.35,100.0,open
2302,1394,1520,1396.82,1516.2,0.681935,66.947271,1048,-50.64,-59.73,-42.05,3.3,7.44,23.35,40.86,99.39,open
2303,1428,1524,1426.75,1519.87,0.62381,67.421192,968,-41.64,-45.47,-39.82,0.61,1.57,52.29,91.5,100.0,open
2304,1456,1525,1458.45,1523.16,0.571703,67.922953,1192,-39.99,-46.27,-36.11,0.99,2.41,83.19,145.59,98.66,open
2305,1495,1510,1492.09,1509.84,0.782601,68.455501,902,-40.12,-45.37,-37.03,1.55,3.57,101.49,177.61,97.17,open
2306,1510,1526,1515.88,1524.36,0.552791,68.83211,894,-40.1,-45.68,-36.52,1.49,3.31,124.23,217.4,97.27,open
2307,1560,1511,1555.52,1512.27,0.744201,69.459691,1126,-40.9,-43.52,-38.17,0.94,2.32,135.52,237.16,98.22,open
2308,1583,1527,1584.06,1525.93,0.52792,69.911582,1058,-38.24,-43.43,-30.25,1.78,4.54,165.06,288.85,96.73,open
2309,1622,1517,1619.42,1517.26,0.665173,70.471352,1176,-34.35,-38.52,-29.15,1.67,3.93,186.38,326.16,96.91,open
2310,1649,1520,1650.96,1521.3,0.601273,70.970639,1160,20.64,-34.95,548.45,23.93,120.19,214.91,376.1,55.6,rough
2311,1685,1519,1682.53,1519.67,0.627045,71.470457,1183,260.41,6.06,671.12,58.21,271.35,241.59,422.78,45.17,rough
2312,1714,1521,1715.88,1521.45,0.598857,71.998361,1004,207.55,37.34,446.49,54.07,222.39,266.68,466.68,47.27,rough
2313,1749,1515,1746.1,1513.47,0.725171,72.476797,1059,291.56,42.55,680.49,60.42,275.09,261.79,458.13,44.82,rough
2314,1773,1518,1777.14,1518.21,0.650151,72.968149,990,326.05,71.08,553.17,52.87,214.56,249.93,437.38,46.73,rough
2315,1814,1523,1811.48,1521.71,0.594658,73.511763,956,492.72,244.13,644.1,46.65,150.8,239.0,418.25,47.83,rough
2316,1846,1528,1846.58,1527.74,0.499272,74.06754,995,484.66,345.63,674.43,53.09,182.9,234.96,411.19,46.75,rough
2317,1874,1511,1874.05,1514.21,0.713417,74.502401,1039,375.92,95.62,581.14,57.13,239.15,217.46,380.55,45.51,rough
2318,1909,1513,1906.56,1517.45,0.662192,75.016939,912,352.85,101.29,557.46,61.14,252.19,219.83,384.7,45.21,rough
2319,1935,1523,1938.24,1521.91,0.591489,75.518561,843,82.19,15.79,326.9,36.73,131.34,225.09,393.9,51.36,rough
2320,1975,1526,1972.56,1523.82,0.561391,76.061881,733,79.31,7.49,256.73,34.73,116.94,220.36,385.63,51.89,rough
2321,1994,1526,1996.73,1527.14,0.508831,76.444491,898,179.54,14.56,353.72,50.76,192.13,201.44,352.52,48.53,rough
2322,2022,1512,2021.08,1512.41,0.741907,76.830028,978,271.57,48.6,585.83,56.51,245.21,173.69,303.96,46.02,rough
2323,2054,1511,2056.02,1513.25,0.728591,77.383053,1180,367.05,155.8,699.35,55.56,223.74,141.13,246.97,46.12,rough
2324,2096,1520,2094.24,1522.17,0.587391,77.988166,1003,436.99,313.19,605.62,49.0,149.87,109.85,192.23,48.25,rough
2325,2126,1517,2128.65,1519.35,0.632143,78.532946,1229,523.13,325.73,831.91,53.21,188.33,79.72,139.5,47.09,rough
2326,2167,1525,2162.76,1525.21,0.539351,79.072963,822,790.1,319.6,1258.63,70.99,472.52,56.26,98.46,37.01,severe
2327,2186,1522,2188.69,1520.33,0.61664,79.483402,804,689.21,297.17,1218.88,73.28,504.77,33.09,57.9,38.37,severe
2328,2216,1525,2216.26,1524.87,0.544699,79.919852,986,411.99,-60.89,742.65,69.93,419.11,19.35,33.85,44.39,rough
2329,2246,1532,2239.07,1533.53,0.407529,80.281022,488,164.32,-79.05,657.33,63.66,406.8,9.01,15.77,47.35,rough
2330,1363,1552,1370.85,1553.42,0.092753,66.536147,576,-58.96,-61.99,-55.12,2.15,5.08,8.71,15.24,100.0,open
2331,1397,1548,1396.67,1549.3,0.157906,66.944878,984,-51.31,-58.9,-44.39,2.24,5.01,32.45,56.79,100.0,open
2332,1427,1547,1425.91,1549.8,0.150066,67.407868,847,-42.57,-46.8,-38.64,1.44,3.19,60.4,105.7,99.67,open
2333,1451,1558,1454.57,1558.86,0.006529,67.861507,1103,-36.67,-42.4,-33.3,1.1,2.6,90.27,157.96,97.91,open
2334,1491,1543,1487.45,1546.49,0.202446,68.382103,1179,-36.52,-48.08,-31.01,2.1,4.8,117.41,205.47,96.18,open
2335,1520,1551,1520.28,1552.0,0.115282,68.901865,851,-36.53,-42.76,-30.21,2.42,5.54,147.5,258.12,95.63,open
2336,1547,1548,1548.93,1546.73,0.198648,69.355437,1230,-40.87,-48.1,-30.78,2.43,5.42,159.33,278.82,95.65,open
2337,1591,1553,1588.07,1554.54,0.075059,69.974921,720,-31.06,-39.97,-26.01,2.35,6.03,188.54,329.94,95.69,open
2338,1607,1550,1612.26,1551.02,0.13076,70.357917,1023,-26.88,-31.8,-24.18,1.5,3.24,202.6,354.56,97.16,open
2339,1647,1558,1645.67,1555.54,0.059182,70.886903,1219,57.03,-35.24,549.74,29.93,162.0,230.54,403.45,50.45,rough
2340,1682,1560,1679.08,1554.35,0.077932,71.415799,784,206.38,-12.88,608.36,55.88,349.36,256.39,448.69,42.79,rough
2341,1704,1554,1705.76,1551.11,0.129229,71.838212,840,105.1,-11.65,690.46,40.48,245.76,277.1,484.93,47.15,rough
2342,1739,1548,1737.86,1547.46,0.187107,72.346282,1019,26.39,-3.44,82.09,12.7,49.46,292.41,511.72,76.64,easy
2343,1771,1548,1773.64,1549.94,0.147843,72.912811,1269,126.57,36.33,435.42,32.88,112.47,279.85,489.74,51.72,rough
2344,1815,1546,1811.87,1550.14,0.144642,73.518,1187,570.43,233.2,929.65,60.06,259.56,265.69,464.96,43.44,rough
2345,1846,1559,1845.73,1558.02,0.019876,74.054053,824,664.99,447.86,910.63,54.32,204.36,264.8,463.4,44.74,rough
2346,1874,1552,1874.8,1549.23,0.159048,74.514206,1023,488.16,320.11,760.02,56.28,223.08,252.18,441.31,45.3,rough
2347,1902,1557,1901.01,1553.99,0.083708,74.929182,879,504.45,248.85,784.73,62.1,286.15,256.13,448.23,42.96,rough
2348,1926,1545,1927.04,1546.94,0.195309,75.341147,937,259.46,46.03,657.53,59.6,268.49,250.02,437.54,45.28,rough
2349,1962,1543,1961.65,1548.73,0.167037,75.889073,1190,59.93,2.41,411.68,27.2,125.74,240.36,420.62,51.71,rough
2350,2006,1560,2003.71,1557.84,0.022711,76.554959,1005,39.51,4.27,180.96,23.85,68.23,206.54,361.45,57.45,rough
2351,2031,1545,2033.42,1546.12,0.208254,77.025373,1257,90.99,43.48,205.14,25.92,68.24,174.83,305.95,53.67,rough
2352,2070,1549,2068.16,1547.64,0.184291,77.575311,1215,307.65,96.54,585.2,49.84,176.95,145.34,254.34,48.18,rough
2353,2101,1554,2100.33,1551.73,0.11944,78.08455,849,593.31,392.74,821.73,58.57,235.89,121.75,213.07,44.12,rough
2354,2123,1560,2126.89,1556.84,0.038647,78.505061,891,810.36,526.37,1121.77,56.24,241.3,103.84,181.73,42.43,rough
2355,2157,1552,2154.46,1552.51,0.10708,78.941486,1083,1055.81,583.47,1480.28,67.69,464.7,79.59,139.28,33.64,severe
2356,2188,1553,2187.72,1553.5,0.091478,79.46797,928,770.47,309.14,1370.85,77.68,683.39,57.8,101.15,29.57,severe
2357,2216,1557,2216.43,1556.68,0.041197,79.922501,911,350.59,107.5,696.21,62.35,326.48,39.95,69.91,46.49,rough
2358,2255,1551,2251.11,1556.86,0.038311,80.471607,631,240.42,-64.69,655.36,70.27,436.16,10.89,19.06,45.63,rough
2359,2283,1564,2277.57,1568.32,-0.14321,80.89051,340,73.45,-61.82,342.02,61.88,340.18,6.46,11.3,50.53,rough
2360,1340,1589,1345.51,1594.88,-0.563591,66.135057,262,-59.47,-61.98,-56.43,1.86,4.4,6.72,11.76,100.0,open
2361,1359,1583,1363.66,1585.87,-0.421005,66.42232,799,-58.06,-62.03,-53.1,1.68,3.94,14.19,24.83,100.0,open
2362,1392,1581,1391.09,1582.68,-0.37049,66.85654,1157,-50.72,-57.32,-44.89,1.78,4.22,35.82,62.69,100.0,open
2363,1421,1587,1419.98,1585.89,-0.421353,67.313933,1038,-43.98,-46.74,-39.53,1.24,3.0,63.49,111.1,99.78,open
2364,1448,1589,1449.05,1587.65,-0.449169,67.774243,846,-34.7,-41.9,-27.85,2.2,5.01,91.56,160.23,96.0,open
2365,1481,1591,1481.63,1588.11,-0.456491,68.289886,1225,-30.22,-34.4,-28.35,0.93,2.05,123.38,215.92,98.17,open
2366,1513,1580,1510.93,1580.96,-0.343268,68.753861,1094,-30.26,-33.64,-26.9,1.18,2.7,150.22,262.89,97.73,open
2367,1542,1586,1542.85,1583.32,-0.380685,69.259078,950,-30.44,-39.99,-27.49,1.51,3.91,181.03,316.8,97.15,open
2368,1576,1574,1576.58,1577.49,-0.288272,69.793128,1282,-40.44,-48.02,-27.52,4.12,9.69,200.07,350.11,92.69,easy
2369,1622,1591,1618.12,1588.72,-0.466078,70.450723,1221,-30.91,-40.25,-23.75,2.7,6.19,234.13,409.73,95.1,open
2370,1648,1586,1648.46,1586.69,-0.433911,70.931102,848,-17.81,-33.27,3.24,5.18,13.94,253.38,443.41,90.63,easy
2371,1679,1576,1678.35,1579.74,-0.323998,71.404271,764,-5.65,-17.55,61.02,12.96,33.73,271.01,474.28,76.99,easy
2372,1709,1578,1711.33,1580.12,-0.32996,71.926386,958,-4.5,-17.14,172.17,10.4,34.47,297.61,520.82,81.19,easy
2373,1744,1578,1743.77,1581.25,-0.347833,72.4399,1277,119.95,-9.08,383.65,42.55,170.96,317.12,554.97,49.69,rough
2374,1778,1587,1778.55,1586.45,-0.430168,72.990505,1358,422.96,102.43,958.73,62.46,327.63,311.22,544.63,42.06,rough
2375,1813,1589,1810.12,1585.06,-0.408108,73.490281,975,800.84,413.32,1125.16,69.17,421.58,299.47,524.07,36.12,severe
2376,1838,1581,1838.31,1580.66,-0.338504,73.936566,770,685.39,484.71,1067.15,56.61,235.56,288.44,504.78,43.5,rough
2377,1872,1584,1872.28,1585.39,-0.413441,74.474291,1078,522.1,294.59,777.44,55.49,207.29,288.44,504.78,45.63,rough
2378,1904,1581,1902.14,1585.01,-0.407359,74.947097,874,416.76,290.88,678.17,51.52,182.07,287.15,502.52,47.25,rough
2379,1928,1581,1932.96,1579.4,-0.318633,75.43494,1147,413.11,126.89,771.52,59.88,246.23,276.74,484.3,45.0,rough
2380,1974,1586,1969.58,1583.64,-0.385618,76.014643,1318,279.33,7.38,705.87,53.99,262.22,248.64,435.12,45.36,rough
2381,2002,1581,2001.37,1582.94,-0.374554,76.517906,761,157.97,15.78,477.27,45.07,199.29,220.54,385.95,48.43,rough
2382,2028,1590,2029.18,1586.94,-0.437893,76.958141,998,160.03,60.59,368.91,40.08,129.23,199.6,349.31,50.89,rough
2383,2063,1583,2060.68,1583.65,-0.385861,77.456806,1181,243.66,79.86,457.74,51.76,193.84,172.59,302.04,48.03,rough
2384,2089,1580,2089.13,1582.77,-0.371896,77.907299,961,404.82,177.17,768.94,54.61,229.01,149.55,261.71,45.67,rough
2385,2119,1581,2121.93,1585.01,-0.407377,78.426492,1072,730.99,362.64,1212.46,65.97,324.23,125.24,219.17,40.04,severe
2386,2168,1584,2164.47,1581.72,-0.355251,79.100009,942,872.47,479.58,1173.19,64.21,326.27,93.53,163.68,38.99,severe
2387,2192,1588,2195.49,1585.97,-0.422597,79.591108,883,670.96,209.89,1014.43,72.2,459.25,72.1,126.17,37.08,severe
2388,2231,1578,2230.29,1579.9,-0.32644,80.141958,1026,429.37,82.71,920.0,71.51,510.55,39.72,69.52,39.45,severe
2389,2259,1590,2257.98,1585.83,-0.420309,80.580371,700,207.32,-23.41,647.98,66.38,338.42,21.92,38.36,48.46,rough
2390,2287,1583,2283.1,1581.36,-0.349627,80.977931,345,52.47,-63.51,328.72,55.59,291.17,7.36,12.88,52.34,rough
2391,1338,1617,1343.43,1618.25,-0.933577,66.102039,458,-59.5,-62.04,-56.28,1.65,3.95,7.58,13.26,100.0,open
2392,1365,1623,1366.08,1618.21,-0.932993,66.460681,835,-53.22,-58.86,-49.13,1.71,4.07,28.69,50.21,100.0,open
2393,1393,1624,1393.5,1621.52,-0.985364,66.894726,1067,-47.72,-51.74,-42.65,1.43,3.34,55.05,96.33,100.0,open
2394,1424,1620,1422.8,1618.77,-0.941795,67.358639,888,-39.97,-45.8,-34.3,2.13,4.62,80.35,140.61,96.92,open
2395,1451,1614,1451.92,1613.68,-0.861223,67.819649,762,-32.0,-38.32,-29.03,1.32,2.94,102.95,180.16,97.51,open
2396,1482,1621,1485.77,1621.5,-0.985066,68.355456,1151,-29.14,-30.0,-27.11,0.58,1.26,136.99,239.73,98.77,open
2397,1527,1615,1522.44,1617.49,-0.921606,68.936059,1232,-26.4,-29.79,-23.69,0.98,2.2,170.11,297.69,98.05,open
2398,1549,1609,1554.62,1610.06,-0.803949,69.445381,973,-26.91,-36.62,-22.57,1.84,4.47,199.3,348.77,96.56,open
2399,1592,1616,1590.15,1613.85,-0.863904,70.007853,1347,-32.11,-43.04,-20.94,3.27,7.62,232.74,407.29,94.11,open
2400,1624,1623,1621.14,1621.67,-0.987815,70.498556,726,-32.74,-38.67,-24.91,2.43,5.79,261.17,457.04,95.57,open
2401,1642,1623,1646.22,1623.4,-1.015183,70.895554,867,-27.41,-37.32,-0.23,7.51,18.53,278.66,487.66,86.68,easy
2402,1670,1608,1671.11,1610.78,-0.815375,71.289673,1126,13.67,-17.58,43.21,15.14,35.17,286.43,501.26,73.19,easy
2403,1703,1610,1705.3,1612.11,-0.836456,71.830936,1421,77.78,-9.59,322.1,31.68,115.84,312.57,546.99,51.94,rough
2404,1748,1623,1742.88,1619.07,-0.946583,72.425735,1207,384.29,140.55,1047.46,61.97,316.12,344.39,602.68,42.73,rough
2405,1771,1624,1775.0,1619.12,-0.947379,72.934319,820,614.66,311.5,909.33,63.53,309.35,342.93,600.12,41.37,severe
2406,1812,1614,1809.87,1615.19,-0.885144,73.486319,913,741.01,388.04,1082.39,62.59,340.03,328.59,575.04,39.42,severe
2407,1837,1607,1838.6,1610.04,-0.803678,73.941175,919,587.0,463.75,931.35,53.97,232.94,317.2,555.09,44.27,rough
2408,1866,1618,1866.86,1616.94,-0.912843,74.388458,1003,759.93,501.03,1323.16,62.05,338.25,320.32,560.56,39.35,severe
2409,1900,1622,1899.8,1620.82,-0.974222,74.910023,1214,652.15,440.53,954.54,54.31,221.76,316.79,554.38,44.21,rough
2410,1933,1611,1935.1,1609.59,-0.796423,75.468864,1138,403.68,175.01,741.86,58.49,252.16,290.72,508.76,44.86,rough
2411,1976,1620,1969.84,1618.43,-0.936445,76.018819,772,387.36,158.92,601.37,67.2,323.84,262.7,459.73,42.44,rough
2412,1990,1612,1995.51,1610.89,-0.817091,76.425192,833,338.09,110.88,588.41,60.69,283.02,240.01,420.01,44.22,rough
2413,2033,1613,2030.67,1615.46,-0.889422,76.981759,1055,274.73,62.24,623.43,57.83,254.14,213.01,372.77,45.68,rough
2414,2060,1623,2062.0,1619.19,-0.94843,77.477739,994,165.95,45.16,426.79,49.6,186.92,189.52,331.66,48.81,rough
2415,2101,1619,2098.82,1617.88,-0.927786,78.060741,1249,252.91,77.58,398.54,42.57,146.82,160.86,281.51,49.63,rough
2416,2129,1619,2129.37,1614.89,-0.880417,78.54435,834,437.05,162.04,888.99,56.54,278.26,134.77,235.85,43.7,rough
2417,2159,1607,2157.61,1607.56,-0.764426,78.991347,1014,760.99,411.33,1223.01,62.95,314.26,108.37,189.65,40.19,severe
2418,2193,1611,2191.22,1613.37,-0.856386,79.523375,850,546.64,286.58,864.39,67.97,355.86,75.84,132.72,41.3,severe
2419,2218,1617,2219.34,1618.64,-0.93977,79.968592,1117,323.23,128.21,666.14,62.9,309.38,47.54,83.2,46.69,rough
2420,2247,1610,2246.88,1614.94,-0.881159,80.404655,1029,80.2,-61.72,374.99,49.79,221.6,22.18,38.82,53.45,rough
2421,2272,1603,2268.84,1604.96,-0.723196,80.75223,372,-44.07,-62.09,-5.01,16.55,63.37,6.13,10.73,76.79,easy
2422,1271,1662,1275.95,1669.06,-1.73794,65.033783,377,-58.06,-62.03,-50.83,2.83,7.22,8.13,14.22,100.0,open
2423,1295,1652,1300.25,1658.25,-1.566853,65.418582,414,-58.29,-61.98,-51.08,3.28,7.82,6.6,11.55,100.0,open
2424,1335,1645,1334.18,1647.21,-1.392126,65.955607,943,-57.42,-61.98,-48.79,1.97,5.0,17.42,30.48,100.0,open
2425,1362,1643,1362.66,1646.99,-1.388499,66.406605,870,-49.12,-58.84,-44.6,2.68,6.21,37.36,65.37,99.35,open
2426,1397,1655,1399.3,1655.15,-1.517724,66.986532,913,-43.33,-49.26,-37.16,1.73,4.19,71.79,125.64,98.27,open
2427,1427,1647,1426.55,1649.49,-1.42823,67.418044,958,-36.57,-45.05,-30.32,1.9,4.68,94.68,165.69,96.52,open
2428,1455,1640,1456.42,1642.26,-1.313651,67.890816,945,-29.63,-34.32,-27.63,0.83,2.1,120.18,210.32,98.33,open
2429,1489,1655,1486.32,1654.97,-1.514855,68.364115,1019,-27.09,-28.02,-24.77,0.55,1.33,152.11,266.2,98.8,open
2430,1512,1656,1515.02,1650.64,-1.44635,68.8186,976,-25.52,-27.54,-23.56,0.63,1.51,175.87,307.77,98.65,open
2431,1555,1644,1552.16,1642.34,-1.315019,69.406427,1045,-23.49,-25.56,-20.28,1.1,2.36,206.25,360.94,97.83,open
2432,1579,1647,1581.7,1645.51,-1.365151,69.874165,929,-21.68,-25.28,-19.35,1.53,3.25,235.02,411.28,97.07,open
2433,1619,1648,1616.89,1647.0,-1.388735,70.431196,831,-24.16,-30.7,-18.01,2.56,5.89,268.85,470.49,95.29,open
2434,1647,1656,1649.85,1654.16,-1.502157,70.953093,875,-22.67,-30.0,-18.62,2.37,5.12,301.34,527.34,95.63,open
2435,1680,1654,1680.08,1650.44,-1.443188,71.43165,1267,10.15,-28.72,215.37,18.59,58.19,321.24,562.17,66.69,moderate
2436,1714,1650,1713.71,1646.64,-1.383054,71.964041,1162,241.43,42.32,818.44,53.87,248.27,341.96,598.44,46.12,rough
2437,1746,1655,1744.84,1655.02,-1.515692,72.456828,872,654.88,325.77,971.45,63.7,307.78,370.38,648.17,41.15,severe
2438,1767,1639,1770.0,1644.18,-1.344163,72.855189,748,616.15,370.19,970.28,60.89,300.32,368.06,644.11,41.68,severe
2439,1804,1640,1804.53,1641.43,-1.300601,73.401791,1116,603.55,276.43,1177.55,67.96,418.52,355.31,621.79,37.59,severe
2440,1842,1653,1836.31,1649.87,-1.434233,73.904851,960,734.47,430.57,1044.3,62.89,296.85,356.37,623.64,40.99,severe
2441,1862,1645,1864.69,1645.65,-1.367374,74.354195,916,686.0,372.22,1188.32,66.16,359.77,342.05,598.59,39.1,severe
2442,1896,1655,1894.22,1654.49,-1.507351,74.821588,1092,659.04,465.0,968.31,60.53,275.35,317.57,555.75,42.27,rough
2443,1936,1638,1935.65,1640.14,-1.280148,75.477468,1193,514.15,255.51,804.82,64.27,278.75,285.3,499.28,43.15,rough
2444,1972,1643,1968.54,1646.2,-1.376011,75.998147,912,491.73,236.85,915.22,64.53,312.27,253.29,443.25,42.12,rough
2445,1995,1642,2000.0,1642.52,-1.317825,76.496235,1033,585.13,260.72,934.07,64.62,312.14,228.19,399.34,41.48,severe
2446,2035,1650,2032.83,1648.22,-1.408105,77.016051,1087,340.72,76.3,668.09,62.35,305.31,198.0,346.51,43.41,rough
2447,2066,1643,2065.59,1646.58,-1.382046,77.534552,871,108.15,42.23,460.91,29.97,136.85,174.17,304.8,50.98,rough
2448,2090,1652,2093.36,1653.0,-1.483735,77.974219,1144,74.61,32.34,231.35,29.5,102.76,150.46,263.3,52.42,rough
2449,2134,1638,2130.45,1643.72,-1.336888,78.561383,978,198.43,79.67,458.22,41.82,145.63,130.79,228.88,50.05,rough
2450,2157,1641,2157.54,1644.39,-1.347487,78.990201,1052,381.03,147.33,677.44,57.6,236.01,105.71,184.99,45.59,rough
2451,2185,1645,2185.54,1644.33,-1.346504,79.433535,1029,450.99,285.37,699.68,59.05,246.93,77.88,136.29,45.66,rough
2452,2214,1656,2214.33,1653.57,-1.492692,79.889266,1050,302.6,112.71,716.21,62.6,327.83,49.75,87.05,46.01,rough
2453,2250,1656,2248.71,1651.04,-1.452715,80.433543,1110,199.87,-61.98,656.89,60.27,308.96,15.9,27.83,50.02,rough
2454,2621,1662,2620.56,1666.78,-1.701904,86.320386,78,9.27,-164.78,91.47,69.55,1506.93,2.21,3.87,34.33,severe
2455,2639,1648,2635.05,1651.11,-1.453725,86.549754,19,-88.83,-145.07,-54.85,68.52,1602.37,1.0,1.75,34.92,severe
2456,1260,1684,1265.22,1686.38,-2.012089,64.864003,679,-55.55,-62.04,-49.16,2.53,6.33,12.4,21.71,100.0,open
2457,1303,1683,1298.94,1683.18,-1.961423,65.397771,788,-46.26,-52.97,-43.17,1.75,4.66,28.45,49.78,100.0,open
2458,1320,1673,1323.22,1671.92,-1.783218,65.782185,858,-50.87,-58.56,-44.19,2.01,4.75,28.94,50.64,100.0,open
2459,1353,1688,1350.78,1684.29,-1.979147,66.21842,1028,-46.8,-50.11,-44.18,1.61,3.52,55.63,97.35,99.78,open
2460,1383,1670,1383.24,1674.16,-1.818741,66.732327,1078,-44.89,-51.93,-38.5,1.9,4.24,70.61,123.57,98.1,open
2461,1430,1687,1427.21,1684.68,-1.985286,67.42849,967,-31.53,-38.58,-27.15,1.51,3.63,110.92,194.1,97.16,open
2462,1451,1677,1452.46,1674.64,-1.826357,67.828221,959,-28.5,-31.25,-26.75,0.58,1.49,128.04,224.08,98.75,open
2463,1478,1688,1478.81,1685.71,-2.001597,68.245359,874,-25.88,-28.04,-24.34,0.7,1.67,156.52,273.91,98.53,open
2464,1516,1678,1515.37,1679.07,-1.896378,68.824029,783,-24.39,-25.08,-22.9,0.65,1.5,187.94,328.9,98.61,open
2465,1544,1672,1545.12,1672.93,-1.799154,69.295118,1041,-21.9,-24.17,-19.63,0.97,2.13,212.68,372.19,98.04,open
2466,1580,1674,1578.67,1676.48,-1.855463,69.826112,1052,-21.82,-24.18,-18.55,1.19,2.49,244.27,427.47,97.66,open
2467,1611,1671,1609.18,1671.74,-1.780315,70.309219,819,-19.24,-25.6,-15.3,1.55,3.51,270.03,472.55,97.02,open
2468,1638,1675,1639.7,1679.66,-1.905716,70.792346,966,-18.44,-25.04,-12.39,1.87,4.21,301.28,527.24,96.45,open
2469,1680,1685,1678.81,1684.73,-1.986013,71.411489,1112,71.15,-24.94,505.89,34.2,140.95,339.49,594.11,51.09,rough
2470,1714,1678,1712.44,1680.41,-1.917679,71.943838,1022,599.77,162.98,1019.28,71.3,445.09,364.87,638.52,36.68,severe
2471,1741,1684,1740.19,1683.35,-1.964158,72.383177,733,525.25,244.7,967.06,61.09,330.85,386.52,676.42,41.23,severe
2472,1768,1679,1768.96,1676.24,-1.851585,72.838613,882,487.67,193.99,1024.6,64.54,330.73,396.38,693.67,41.5,severe
2473,1800,1673,1802.04,1672.22,-1.787919,73.362422,1235,423.71,209.2,828.23,61.96,298.18,384.81,673.41,43.09,rough
2474,1848,1673,1843.14,1676.71,-1.859064,74.012944,998,608.26,334.55,970.41,67.77,387.43,359.52,629.16,38.66,severe
2475,1865,1688,1867.87,1685.9,-2.004524,74.404496,958,402.18,265.99,661.71,54.83,226.43,333.3,583.28,45.78,rough
2476,1911,1673,1910.32,1674.54,-1.824642,75.076526,1013,771.53,536.05,1142.18,66.48,340.04,295.7,517.48,39.2,severe
2477,1940,1676,1938.13,1674.51,-1.824193,75.51674,898,917.39,561.92,1243.73,63.91,313.24,269.47,471.58,39.14,severe
2478,1959,1680,1961.33,1677.79,-1.876184,75.884015,808,677.57,442.77,1173.77,69.79,390.67,246.57,431.51,38.06,severe
2479,1992,1676,1994.05,1676.4,-1.854199,76.402052,1246,621.14,435.86,857.61,57.28,239.5,217.01,379.77,43.8,rough
2480,2034,1675,2033.45,1678.07,-1.880617,77.025868,1298,466.53,244.12,796.54,62.28,282.16,181.18,317.07,43.36,rough
2481,2072,1686,2069.56,1684.65,-1.984716,77.597499,1208,436.48,150.03,950.5,62.83,302.76,147.07,257.38,42.84,rough
2482,2103,1686,2101.34,1686.22,-2.009578,78.10063,848,207.02,41.44,545.56,54.39,235.56,120.93,211.63,46.81,rough
2483,2122,1681,2126.57,1676.97,-1.863207,78.500032,1177,138.2,31.17,427.72,51.18,203.17,111.11,194.44,48.43,rough
2484,2164,1688,2158.15,1683.84,-1.971927,78.999845,936,133.66,44.21,389.62,45.49,192.07,89.77,157.09,48.87,rough
2485,2182,1679,2185.37,1677.0,-1.863729,79.43083,988,302.52,64.3,560.89,58.8,241.49,80.83,141.46,46.65,rough
2486,2225,1678,2223.26,1682.26,-1.946978,80.030648,1142,218.49,30.94,593.84,57.4,274.92,47.87,83.77,48.61,rough
2487,2258,1681,2255.83,1680.14,-1.91333,80.5463,685,234.6,-60.72,519.07,67.06,365.99,16.76,29.33,47.7,rough
2488,2276,1692,2275.85,1690.78,-2.081814,80.863219,359,162.43,-60.79,470.92,71.78,409.5,8.57,14.99,47.3,rough
2489,2608,1680,2613.21,1677.07,-1.864782,86.203992,85,11.96,-92.24,159.14,68.63,1194.3,1.96,3.44,34.34,severe
2490,2629,1666,2627.74,1663.59,-1.651425,86.433929,91,-17.45,-78.28,49.7,64.11,643.52,2.11,3.69,40.77,severe
2491,1215,1725,1213.54,1729.02,-2.687181,64.045837,207,-50.59,-61.83,-21.83,12.45,29.95,5.41,9.46,84.86,easy
2492,1228,1720,1234.52,1725.38,-2.629488,64.37792,224,-59.87,-62.02,-55.91,2.48,6.91,4.72,8.25,100.0,open
2493,1262,1714,1262.23,1715.41,-2.471719,64.81659,853,-53.52,-61.99,-46.23,2.79,6.75,13.71,23.99,100.0,open
2494,1292,1710,1291.19,1709.97,-2.38562,65.275081,915,-45.25,-49.46,-40.98,1.28,3.03,39.81,69.67,100.0,open
2495,1320,1706,1322.02,1707.26,-2.342781,65.763086,998,-44.56,-47.07,-41.5,0.91,2.19,58.89,103.05,100.0,open
2496,1365,1704,1362.75,1706.1,-2.32434,66.407896,803,-45.09,-49.18,-41.45,1.74,3.96,79.92,139.86,97.65,open
2497,1382,1713,1386.33,1713.37,-2.43936,66.781302,1027,-38.66,-43.36,-29.69,2.04,5.03,100.98,176.72,96.29,open
2498,1418,1706,1416.86,1709.33,-2.375504,67.264552,1294,-31.68,-40.08,-26.84,1.36,3.48,119.18,208.56,97.42,open
2499,1461,1712,1458.21,1711.25,-2.405823,67.919201,981,-25.23,-27.99,-22.39,1.14,2.66,151.57,265.25,97.76,open
2500,1493,1708,1491.94,1710.0,-2.386018,68.453223,693,-22.71,-25.08,-21.23,0.91,2.01,179.22,313.63,98.15,open
2501,1511,1702,1514.13,1702.78,-2.271757,68.80447,748,-23.52,-25.65,-20.14,1.01,2.4,195.65,342.39,97.98,open
2502,1546,1708,1547.01,1708.08,-2.355759,69.325042,1270,-19.8,-22.85,-15.76,1.55,3.39,227.98,398.96,97.02,open
2503,1583,1710,1581.38,1712.38,-2.423746,69.869031,1267,-17.46,-22.49,-11.61,1.77,4.11,261.39,457.44,96.62,open
2504,1610,1702,1612.98,1705.09,-2.308325,70.369364,1273,-14.4,-18.55,-9.69,1.81,4.07,287.49,503.11,96.53,open
2505,1653,1713,1650.18,1710.75,-2.398005,70.958197,1141,-14.21,-26.16,117.11,8.81,35.08,323.53,566.17,83.85,easy
2506,1680,1714,1679.87,1715.42,-2.471958,71.42824,898,201.36,-6.66,522.42,58.86,306.2,352.34,616.6,44.35,rough
2507,1707,1719,1709.65,1715.85,-2.478751,71.899727,1023,364.04,158.15,647.84,54.68,221.28,379.73,664.53,46.22,rough
2508,1744,1707,1743.56,1709.67,-2.380815,72.436547,1033,255.58,82.7,515.47,53.37,207.32,406.73,711.79,47.47,rough
2509,1777,1702,1777.22,1705.08,-2.308223,72.969466,993,283.3,126.85,675.89,61.99,284.11,414.75,725.82,44.56,rough
2510,1808,1705,1810.86,1706.32,-2.327887,73.501978,1378,432.19,276.16,726.62,56.97,225.75,385.12,673.96,45.59,rough
2511,1848,1717,1847.43,1714.64,-2.45959,74.080858,1084,312.25,184.46,604.21,55.44,212.44,347.65,608.4,46.9,rough
2512,1879,1708,1880.06,1710.61,-2.395784,74.597432,1022,601.47,435.49,1058.02,62.38,283.12,316.21,553.36,42.39,rough
2513,1908,1707,1907.9,1705.72,-2.318351,75.038247,958,862.04,557.62,1127.08,61.7,276.78,289.81,507.16,40.81,severe
2514,1937,1711,1937.25,1712.32,-2.422819,75.502831,1071,846.06,581.7,1213.39,61.08,271.29,259.77,454.6,41.12,severe
2515,1967,1704,1969.14,1705.24,-2.310803,76.007773,957,797.83,581.55,1061.39,59.17,253.99,230.45,403.29,42.06,rough
2516,2005,1712,2004.19,1709.87,-2.384083,76.562559,1098,508.94,313.17,940.58,59.24,267.82,195.63,342.35,43.58,rough
2517,2031,1716,2031.39,1712.49,-2.425494,76.993177,932,467.39,253.22,746.69,62.07,274.43,168.98,295.71,43.63,rough
2518,2061,1719,2060.79,1716.11,-2.482795,77.458694,873,614.62,224.61,939.57,64.27,303.2,140.03,245.06,41.59,severe
2519,2091,1715,2092.5,1715.03,-2.465779,77.960568,1002,290.12,111.8,567.64,58.71,245.73,111.71,195.5,45.87,rough
2520,2132,1713,2131.23,1713.56,-2.442447,78.57376,1214,171.87,6.56,479.53,53.92,254.23,80.82,141.43,47.1,rough
2521,2166,1709,2162.51,1710.41,-2.39254,79.068885,628,181.57,45.18,402.65,56.97,235.07,63.8,111.65,49.04,rough
2522,2185,1709,2191.5,1707.37,-2.34441,79.527926,901,242.76,48.75,495.36,53.7,234.81,60.16,105.29,48.91,rough
2523,2230,1718,2228.64,1715.73,-2.476768,80.115787,1199,323.9,29.93,576.81,60.45,279.58,47.96,83.92,47.71,rough
2524,2260,1704,2256.72,1706.7,-2.333771,80.560408,755,77.75,-40.92,365.33,49.8,214.28,23.53,41.17,53.62,rough
2525,2283,1705,2283.88,1707.55,-2.34732,80.99039,537,-4.94,-61.86,148.93,40.6,144.26,6.02,10.54,58.03,moderate
2526,2577,1719,2585.49,1721.96,-2.575486,85.765131,304,15.19,-92.87,170.76,53.82,558.76,4.11,7.19,43.38,rough
2527,2607,1705,2603.75,1712.1,-2.419347,86.054215,317,27.12,-124.81,316.16,57.84,755.6,3.36,5.88,36.4,severe
2528,1173,1752,1180.39,1757.15,-3.132563,63.521,314,-37.03,-61.99,-10.26,16.15,37.59,7.77,13.6,78.18,easy
2529,1199,1746,1200.4,1749.79,-3.01601,63.837789,764,-28.24,-61.71,-4.39,15.9,38.95,14.75,25.81,77.95,easy
2530,1225,1737,1230.04,1742.22,-2.896143,64.307068,804,-52.23,-59.59,-22.66,4.24,10.56,20.28,35.49,97.97,easy
2531,1272,1742,1268.2,1743.23,-2.912188,64.911166,908,-45.54,-55.69,-38.41,2.42,5.99,33.59,58.78,100.0,open
2532,1291,1741,1296.89,1743.6,-2.918002,65.365315,1134,-38.92,-45.1,-35.25,1.49,3.58,56.41,98.72,99.86,open
2533,1336,1734,1334.47,1735.28,-2.786321,65.960329,1324,-44.1,-47.1,-39.6,1.75,3.99,84.87,148.52,97.24,open
2534,1367,1744,1364.79,1741.47,-2.884285,66.44025,813,-37.98,-43.83,-30.63,2.02,5.03,109.57,191.74,96.32,open
2535,1388,1749,1389.61,1748.33,-2.992904,66.833128,867,-29.53,-34.64,-25.21,1.66,4.05,129.38,226.42,96.89,open
2536,1416,1750,1418.94,1745.39,-2.946354,67.297533,1101,-26.9,-31.31,-23.13,1.04,2.64,146.63,256.61,97.95,open
2537,1455,1739,1451.24,1740.01,-2.861231,67.808798,1105,-23.64,-27.44,-21.44,1.0,2.25,165.12,288.96,98.0,open
2538,1482,1736,1484.12,1740.54,-2.869553,68.329381,1133,-21.22,-23.4,-19.26,0.98,1.97,189.96,332.42,98.03,open
2539,1518,1735,1517.61,1737.69,-2.824437,68.859613,1291,-20.04,-22.81,-15.28,1.34,2.84,215.62,377.34,97.4,open
2540,1551,1746,1552.56,1743.6,-2.918083,69.412862,1179,-17.5,-20.54,-12.95,1.61,3.24,248.57,434.99,96.92,open
2541,1589,1751,1587.44,1746.12,-2.957852,69.965047,1044,-10.45,-17.84,8.42,4.5,11.74,280.54,490.94,91.78,easy
2542,1620,1749,1618.94,1746.59,-2.965274,70.463734,1091,-8.64,-12.54,-6.43,1.21,2.74,309.21,541.12,97.52,open
2543,1644,1740,1646.08,1741.64,-2.886987,70.893354,1160,-10.53,-19.36,42.16,4.67,13.03,332.28,581.5,91.46,easy
2544,1684,1750,1679.41,1751.38,-3.041163,71.420928,1107,114.69,-1.87,460.43,43.56,185.67,366.76,641.83,49.21,rough
2545,1705,1743,1708.43,1746.2,-2.959151,71.880378,935,307.26,21.48,598.56,58.75,259.7,391.27,684.72,45.26,rough
2546,1742,1741,1741.77,1741.77,-2.889038,72.408256,1270,222.58,69.88,468.56,50.64,186.71,419.33,733.83,48.43,rough
2547,1779,1741,1777.83,1739.03,-2.845605,72.97908,1205,186.08,56.21,425.25,50.68,181.99,414.24,724.92,48.85,rough
2548,1806,1750,1807.32,1744.84,-2.937659,73.445878,857,307.93,102.72,626.17,59.7,255.14,384.42,672.73,45.42,rough
2549,1838,1737,1836.89,1737.88,-2.827443,73.914065,994,226.25,111.0,579.93,45.13,185.73,355.39,621.94,48.44,rough
2550,1876,1752,1874.7,1745.88,-2.954112,74.512604,955,399.58,168.08,1210.79,54.38,278.0,317.1,554.93,43.97,rough
2551,1908,1739,1907.79,1739.53,-2.853611,75.036517,1210,840.04,536.82,1251.15,63.74,337.69,284.71,498.24,38.81,severe
2552,1943,1749,1942.84,1745.43,-2.947041,75.59134,871,793.29,575.69,1074.33,65.69,293.48,249.23,436.15,40.7,severe
2553,1971,1736,1968.26,1735.79,-2.794419,75.993728,856,858.67,619.12,1055.23,61.31,273.11,225.12,393.96,40.97,severe
2554,1990,1738,1994.5,1739.07,-2.8463,76.409222,937,651.88,337.68,1026.68,65.48,328.98,198.67,347.67,40.42,severe
2555,2039,1738,2034.05,1741.04,-2.877534,77.035358,945,561.17,345.31,756.68,57.61,210.42,159.3,278.77,45.24,rough
2556,2063,1744,2064.89,1744.69,-2.935267,77.523595,778,542.32,233.21,789.15,61.87,259.9,128.31,224.54,43.62,rough
2557,2098,1744,2098.57,1743.4,-2.914885,78.056756,946,281.4,-5.12,570.14,61.5,262.55,95.83,167.71,45.34,rough
2558,2127,1748,2128.28,1748.65,-2.997896,78.526979,1179,79.11,-18.69,659.59,36.03,203.05,66.14,115.74,50.7,rough
2559,2165,1736,2161.85,1736.85,-2.811128,79.058543,912,253.95,77.28,653.43,59.98,297.28,42.81,74.92,47.97,rough
2560,2191,1735,2191.99,1736.69,-2.808648,79.5356,880,176.39,45.22,665.29,51.91,265.57,31.07,54.38,50.54,rough
2561,2217,1742,2218.51,1744.42,-2.931035,79.955487,1038,245.01,33.7,639.96,53.69,242.48,32.95,57.67,50.74,rough
2562,2262,1739,2261.44,1738.14,-2.83162,80.635101,1125,183.34,-49.91,525.4,58.16,256.66,24.07,42.12,51.35,rough
2563,2294,1747,2290.82,1748.94,-3.002606,81.100149,695,-7.2,-61.91,110.71,28.77,82.34,10.61,18.57,59.88,moderate
2564,2316,1745,2316.34,1751.79,-3.04761,81.504257,225,-48.8,-62.91,-0.77,20.72,60.65,3.9,6.83,70.19,moderate
2565,2343,1752,2339.65,1757.47,-3.137618,81.873191,252,54.5,-90.0,237.11,61.82,550.21,5.13,8.98,43.34,rough
2566,2577,1740,2580.33,1734.21,-2.769371,85.683445,109,-25.9,-98.19,25.41,48.46,635.3,2.68,4.7,41.07,severe
2567,1167,1775,1175.91,1780.24,-3.498131,63.450089,584,-52.47,-61.98,-17.62,6.63,16.2,10.23,17.89,94.6,easy
2568,1207,1781,1203.98,1782.3,-3.530673,63.894438,1115,-46.74,-55.18,-15.89,4.55,11.51,36.8,64.4,96.1,easy
2569,1230,1774,1230.15,1772.52,-3.375809,64.308834,884,-45.85,-55.51,-35.67,2.75,6.72,48.32,84.57,98.34,open
2570,1256,1769,1258.41,1769.2,-3.323289,64.756082,1167,-41.47,-51.38,-35.41,1.96,4.97,51.04,89.31,99.46,open
2571,1299,1784,1296.15,1780.03,-3.494669,65.353561,1072,-36.28,-39.0,-27.77,1.64,3.81,79.32,138.82,97.81,open
2572,1325,1775,1325.51,1772.67,-3.3782,65.818412,1224,-38.47,-43.89,-29.98,2.63,5.57,95.91,167.85,95.3,open
2573,1360,1769,1359.81,1769.56,-3.328968,66.36139,1012,-34.06,-40.26,-26.56,2.92,6.37,123.64,216.38,94.75,open
2574,1398,1781,1394.52,1783.25,-3.545639,66.910896,944,-23.81,-34.36,-19.27,1.92,4.5,158.99,278.23,96.4,open
2575,1414,1772,1419.27,1774.86,-3.412836,67.302724,860,-22.25,-26.55,-19.74,0.95,2.37,168.47,294.82,98.07,open
2576,1455,1774,1454.74,1773.99,-3.399047,67.864266,1424,-22.79,-25.57,-20.33,0.8,1.91,192.02,336.04,98.34,open
2577,1496,1782,1492.06,1778.96,-3.477815,68.455075,1170,-20.49,-22.45,-19.1,0.77,1.63,221.54,387.69,98.38,open
2578,1516,1781,1517.58,1777.38,-3.452843,68.859095,932,-17.57,-20.86,-14.04,1.87,3.47,239.17,418.55,96.48,open
2579,1547,1772,1549.03,1772.97,-3.38301,69.356893,1110,-14.74,-19.44,-7.78,1.98,4.07,261.23,457.15,96.25,open
2580,1590,1771,1586.38,1773.45,-3.390641,69.948196,899,-2.53,-12.7,81.7,10.24,30.86,292.75,512.32,81.55,easy
2581,1616,1780,1617.51,1779.62,-3.488221,70.441056,871,-1.39,-8.7,23.41,4.08,9.13,322.74,564.8,92.5,easy
2582,1648,1784,1649.35,1777.92,-3.461401,70.945161,1049,-2.45,-10.31,20.75,3.41,8.28,350.11,612.7,93.66,open
2583,1688,1784,1686.66,1780.44,-3.501264,71.535809,847,7.34,1.69,53.88,6.24,16.52,384.8,673.39,88.61,easy
2584,1715,1784,1717.05,1780.9,-3.50852,72.016906,1021,18.08,2.36,109.86,14.7,39.03,412.82,722.44,73.76,easy
2585,1747,1777,1744.46,1774.97,-3.414702,72.45077,915,18.37,3.08,93.29,13.81,38.21,429.53,751.68,75.24,easy
2586,1770,1775,1772.31,1772.24,-3.371394,72.891746,878,39.04,7.9,101.26,19.97,50.81,412.7,722.23,64.48,moderate
2587,1806,1767,1804.85,1772.48,-3.375188,73.406901,946,133.6,27.77,395.64,45.12,161.84,382.45,669.29,49.92,rough
2588,1837,1768,1839.48,1770.19,-3.3389,73.955107,1195,202.55,82.68,360.71,44.52,141.21,350.08,612.63,50.17,rough
2589,1876,1766,1871.81,1772.66,-3.37803,74.466917,928,482.92,169.78,849.19,61.83,303.19,318.46,557.3,42.5,rough
2590,1897,1780,1898.94,1780.96,-3.509384,74.896376,1172,659.24,373.35,844.93,59.22,257.21,291.14,509.5,42.91,rough
2591,1933,1767,1929.72,1769.68,-3.330952,75.38369,948,806.24,525.24,1091.21,64.98,302.93,261.38,457.42,40.28,severe
2592,1963,1772,1965.69,1775.01,-3.415295,75.953084,1218,928.6,677.15,1288.22,65.09,322.22,225.6,394.8,38.75,severe
2593,1999,1769,2000.3,1769.91,-3.334452,76.501053,1368,844.6,514.49,1161.4,61.13,268.93,190.93,334.13,41.21,severe
2594,2040,1772,2037.46,1771.28,-3.35624,77.089269,1071,685.83,530.44,910.71,54.72,191.22,153.77,269.09,45.06,rough
2595,2069,1771,2066.82,1771.78,-3.364164,77.554151,639,603.34,443.37,784.03,57.18,208.65,124.41,217.71,45.01,rough
2596,2086,1769,2091.87,1772.55,-3.376327,77.950698,1004,271.21,12.65,607.89,57.44,237.8,99.56,174.23,46.28,rough
2597,2134,1782,2134.5,1779.28,-3.482928,78.625502,1044,55.05,-24.68,409.81,35.33,154.64,57.97,101.44,53.21,rough
2598,2166,1766,2164.1,1766.97,-3.28799,79.094096,1062,62.11,-48.94,498.41,41.03,198.49,28.42,49.74,53.91,rough
2599,2191,1775,2191.16,1776.48,-3.438504,79.522537,1041,29.67,-58.77,390.54,36.45,159.44,10.33,18.08,56.92,rough
2600,2221,1779,2221.11,1777.75,-3.458631,79.996668,947,30.17,-14.86,165.75,26.42,76.02,18.71,32.75,59.22,moderate
2601,2249,1767,2248.29,1767.57,-3.29749,80.426866,1072,132.69,30.07,352.77,39.79,152.27,39.04,68.32,54.23,rough
2602,2280,1773,2281.51,1774.84,-3.412596,80.952865,1138,42.43,-42.84,521.92,35.31,158.6,36.15,63.26,54.86,rough
2603,2322,1768,2317.16,1772.67,-3.378235,81.517186,925,-29.82,-56.22,72.75,16.75,48.28,22.81,39.92,75.59,easy
2604,2342,1777,2344.48,1781.01,-3.510207,81.94965,915,58.89,-65.13,426.8,52.58,288.1,15.57,27.24,51.76,rough
2605,1102,1823,1107.51,1826.57,-4.231532,62.367221,404,-57.84,-62.0,-48.99,3.66,9.35,6.77,11.84,100.0,open
2606,1135,1807,1135.29,1811.15,-3.987435,62.806996,530,-56.16,-61.98,-48.98,3.73,8.46,8.51,14.89,99.83,open
2607,1163,1810,1164.93,1809.94,-3.968281,63.276341,1016,-52.76,-61.98,-44.87,2.71,6.53,18.52,32.41,100.0,open
2608,1196,1816,1197.63,1813.17,-4.0194,63.794008,1122,-42.16,-49.36,-33.17,2.73,6.32,43.64,76.37,98.73,open
2609,1238,1806,1234.91,1807.89,-3.935774,64.384078,1159,-33.31,-39.56,-8.71,2.74,6.8,73.63,128.86,96.3,open
2610,1263,1806,1264.39,1805.68,-3.900786,64.850835,1042,-31.63,-37.16,-20.74,2.33,5.96,87.13,152.47,95.96,open
2611,1294,1805,1294.51,1807.23,-3.925342,65.327587,876,-23.84,-35.96,-16.03,3.03,7.34,100.61,176.07,94.47,open
2612,1328,1814,1325.47,1811.81,-3.997766,65.817776,956,-23.98,-38.14,-14.71,3.34,7.71,122.47,214.32,93.94,open
2613,1355,1798,1356.3,1799.92,-3.809577,66.305923,1159,-34.02,-41.7,-21.15,3.32,7.59,136.73,239.28,94.05,open
2614,1388,1813,1386.23,1812.54,-4.0094,66.77969,1116,-28.38,-36.81,-20.39,2.36,5.8,168.33,294.58,95.66,open
2615,1423,1814,1423.62,1811.17,-3.987751,67.37163,1250,-23.4,-31.94,-19.56,1.65,3.68,197.71,345.99,96.87,open
2616,1461,1808,1458.59,1806.31,-3.910782,67.925254,1023,-20.5,-22.33,-19.21,0.48,1.16,218.09,381.66,98.88,open
2617,1484,1813,1486.75,1811.43,-3.991774,68.370965,876,-19.22,-20.77,-18.03,0.49,1.09,241.21,422.12,98.86,open
2618,1528,1807,1524.24,1809.61,-3.963019,68.964459,814,-14.05,-19.6,-8.24,1.92,4.09,265.85,465.24,96.34,open
2619,1543,1803,1549.6,1802.87,-3.856234,69.366041,957,-9.27,-17.62,-1.35,2.12,5.63,280.03,490.04,95.92,open
2620,1589,1803,1584.13,1801.67,-3.837333,69.912555,1010,5.07,-7.67,16.98,4.48,10.52,306.47,536.32,91.76,easy
2621,1611,1807,1613.64,1808.04,-3.938193,70.379763,826,15.36,4.74,31.27,4.83,10.56,334.32,585.06,91.1,easy
2622,1649,1803,1646.19,1806.7,-3.91699,70.895058,788,14.74,-1.16,43.14,8.84,19.79,361.09,631.91,84.15,easy
2623,1672,1801,1672.76,1806.05,-3.906647,71.315729,906,12.76,1.19,32.57,5.26,13.21,383.89,671.81,90.31,easy
2624,1703,1806,1704.55,1811.04,-3.985682,71.818986,1093,16.83,4.66,36.34,6.35,15.35,414.29,725.01,88.42,easy
2625,1747,1806,1744.89,1806.94,-3.920815,72.457568,994,36.41,5.09,422.67,18.8,70.6,425.64,744.86,65.73,moderate
2626,1774,1799,1777.19,1802.46,-3.84974,72.96889,1101,224.66,7.88,667.08,50.75,264.55,397.63,695.85,45.66,rough
2627,1812,1808,1808.92,1805.79,-3.902513,73.471289,979,335.15,132.73,640.58,52.34,202.91,366.53,641.44,47.07,rough
2628,1833,1805,1838.38,1803.99,-3.874056,73.937611,1226,294.11,143.49,510.55,49.48,182.71,339.64,594.38,48.07,rough
2629,1877,1816,1874.8,1809.14,-3.955637,74.514209,1019,424.22,228.78,595.48,57.55,231.11,303.95,531.92,45.46,rough
2630,1906,1814,1907.51,1810.77,-3.981386,75.031966,881,716.53,308.04,1165.21,72.28,503.25,273.48,478.6,33.81,severe
2631,1939,1802,1936.82,1798.87,-3.792942,75.496058,964,625.5,325.43,1163.47,65.66,368.5,251.97,440.95,39.21,severe
2632,1958,1815,1964.68,1810.92,-3.983779,75.937063,999,531.74,303.27,902.25,60.38,273.49,222.47,389.33,43.22,rough
2633,2008,1806,2000.94,1806.69,-3.916858,76.51114,1261,647.13,407.55,930.22,63.77,294.01,190.84,333.96,41.69,severe
2634,2028,1802,2030.45,1800.64,-3.821034,76.978252,882,720.89,543.11,897.41,58.41,218.84,163.65,286.38,43.84,rough
2635,2063,1799,2063.87,1802.03,-3.84304,77.507431,1226,683.93,297.94,936.51,60.41,281.15,131.44,230.02,41.89,severe
2636,2102,1812,2100.02,1812.09,-4.002269,78.079589,1246,211.25,32.13,431.1,51.69,191.6,100.87,176.53,48.33,rough
2637,2124,1799,2124.43,1802.22,-3.845981,78.466164,1025,252.94,21.88,604.32,55.9,243.36,74.84,130.96,47.39,rough
2638,2163,1809,2161.69,1808.12,-3.939359,79.055936,1319,254.65,-29.69,920.86,57.84,318.15,47.74,83.54,46.84,rough
2639,2195,1815,2194.52,1812.22,-4.004361,79.575637,937,-27.55,-43.24,116.74,9.74,37.63,29.81,52.17,87.01,easy
2640,2223,1805,2224.74,1806.2,-3.909066,80.054055,973,27.5,-61.8,256.22,32.28,120.83,9.86,17.25,58.34,moderate
2641,2259,1806,2257.08,1805.74,-3.901776,80.566102,1190,228.71,63.8,534.07,52.13,217.76,25.7,44.98,52.29,rough
2642,2288,1809,2289.41,1805.87,-3.903817,81.077848,1007,258.08,-21.06,584.46,59.23,268.34,45.44,79.52,48.76,rough
2643,2320,1813,2319.45,1808.21,-3.940888,81.55352,903,112.88,-30.11,473.67,49.99,228.84,40.21,70.37,51.57,rough
2644,2345,1812,2347.52,1811.53,-3.993387,81.997782,1006,-11.49,-61.72,357.91,24.09,93.18,15.02,26.29,62.35,moderate
2645,2381,1805,2376.76,1808.61,-3.947214,82.460702,575,-46.84,-62.52,32.36,19.22,63.13,3.81,6.66,72.57,easy
2646,2424,1808,2414.17,1815.49,-4.05607,83.052901,428,54.91,-99.49,277.24,52.96,321.51,7.93,13.87,51.2,rough
2647,2436,1817,2431.25,1825.21,-4.210016,83.323372,315,143.86,-78.18,399.24,66.84,378.63,8.9,15.58,48.49,rough
2648,2478,1823,2482.42,1823.26,-4.179107,84.133504,219,76.2,-114.03,265.25,65.43,584.29,4.56,7.98,42.02,rough
2649,2502,1823,2500.16,1823.08,-4.176273,84.414222,357,95.57,-106.1,439.88,60.73,436.42,8.48,14.83,46.82,rough
2650,1078,1846,1081.98,1850.94,-4.61728,61.96313,390,-58.75,-62.01,-51.92,2.75,7.45,6.79,11.88,100.0,open
2651,1104,1847,1105.53,1848.71,-4.581953,62.33585,795,-49.88,-60.78,-44.74,2.26,6.1,22.5,39.38,100.0,open
2652,1135,1834,1134.4,1835.09,-4.36632,62.792978,907,-47.24,-55.07,-44.44,1.04,2.86,28.54,49.95,100.0,open
2653,1162,1844,1162.84,1844.6,-4.516903,63.243204,1037,-43.27,-47.77,-34.45,1.68,5.0,48.31,84.55,100.0,open
2654,1196,1839,1195.37,1840.21,-4.447478,63.758123,913,-39.22,-44.51,-34.29,1.89,4.51,60.65,106.14,98.84,open
2655,1230,1847,1228.28,1842.68,-4.486479,64.27909,920,-29.6,-36.65,-7.49,3.26,7.84,85.57,149.74,94.45,open
2656,1256,1845,1257.16,1842.99,-4.491461,64.736427,977,-20.47,-29.92,-13.38,2.91,6.86,109.38,191.41,94.65,open
2657,1287,1836,1288.94,1835.72,-4.376298,65.23942,1149,-15.11,-21.12,-11.28,1.5,3.55,123.63,216.35,97.06,open
2658,1335,1833,1335.22,1835.63,-4.374939,65.972153,1112,-16.83,-26.87,-12.68,1.52,3.8,147.14,257.49,97.04,open
2659,1368,1848,1366.29,1845.33,-4.528448,66.464022,1085,-24.77,-36.05,-16.66,3.02,7.38,174.61,305.58,94.49,open
2660,1396,1841,1397.68,1842.2,-4.478948,66.960923,1013,-32.35,-35.27,-28.24,1.6,3.82,195.36,341.87,97.01,open
2661,1430,1847,1427.52,1848.7,-4.581863,67.4334,887,-30.46,-33.67,-26.05,1.47,3.64,222.8,389.89,97.22,open
2662,1448,1837,1451.06,1835.73,-4.376574,67.805983,860,-22.31,-28.05,-19.01,1.52,3.77,234.37,410.14,97.08,open
2663,1487,1838,1484.7,1840.14,-4.446403,68.338485,885,-17.0,-19.31,-14.12,0.86,2.05,260.63,456.1,98.2,open
2664,1511,1834,1514.41,1836.26,-4.384977,68.808963,1157,-14.39,-19.44,-8.31,1.75,3.69,278.27,486.96,96.65,open
2665,1557,1837,1554.31,1836.54,-4.389384,69.440618,1061,2.49,-9.14,26.08,5.16,12.22,306.2,535.86,90.6,easy
2666,1580,1832,1582.1,1832.7,-4.328512,69.88041,1029,19.1,-1.74,28.44,5.96,12.69,324.08,567.14,89.13,easy
2667,1618,1835,1616.08,1838.06,-4.413466,70.418398,1108,18.59,6.33,28.63,4.86,10.42,353.88,619.29,91.03,easy
2668,1644,1836,1648.09,1837.36,-4.402381,70.925209,1245,28.16,6.97,56.72,7.94,18.08,379.32,663.82,85.6,easy
2669,1688,1847,1682.0,1839.86,-4.441905,71.462,810,37.61,24.37,58.05,10.46,20.82,408.96,715.67,81.27,easy
2670,1703,1846,1708.36,1842.98,-4.491353,71.879335,873,27.65,8.12,68.3,14.65,32.41,432.38,756.67,74.0,easy
2671,1742,1834,1738.99,1834.0,-4.3491,72.364196,1122,70.7,12.68,379.82,29.48,97.05,425.26,744.21,52.65,rough
2672,1769,1846,1769.85,1841.34,-4.465367,72.852775,943,213.07,55.43,632.84,55.09,226.53,394.05,689.59,47.08,rough
2673,1802,1834,1799.93,1834.0,-4.349128,73.328969,1064,224.14,79.61,496.77,52.76,198.65,366.69,641.7,47.99,rough
2674,1832,1845,1833.11,1842.43,-4.482646,73.854183,1030,245.83,97.7,445.31,53.8,187.78,332.47,581.83,48.23,rough
2675,1866,1831,1863.15,1834.68,-4.3599,74.329817,1064,325.9,166.71,617.26,58.98,241.6,305.89,535.31,45.77,rough
2676,1900,1835,1899.86,1838.3,-4.417125,74.910876,918,497.99,247.68,949.75,60.26,282.87,269.96,472.44,43.12,rough
2677,1936,1830,1933.93,1834.08,-4.350358,75.450254,1017,395.8,246.04,712.71,54.4,245.94,239.86,419.76,45.13,rough
2678,1964,1837,1965.59,1840.08,-4.445399,75.951557,1084,528.46,310.11,932.47,55.25,252.21,208.58,365.02,43.99,rough
2679,1998,1847,1999.03,1842.34,-4.481173,76.480967,1012,742.98,419.09,1118.03,63.96,299.35,177.49,310.61,40.84,severe
2680,2030,1832,2032.08,1833.14,-4.335562,77.004084,1223,670.19,472.75,911.02,62.54,281.86,154.22,269.88,41.96,severe
2681,2071,1840,2067.66,1837.95,-4.411606,77.56739,1180,578.34,189.02,995.88,62.08,306.76,123.44,216.02,41.72,severe
2682,2094,1845,2096.45,1844.74,-4.519196,78.02322,968,342.83,87.2,937.36,60.18,298.87,99.11,173.44,43.63,rough
2683,2133,1848,2129.56,1844.41,-4.513926,78.547357,1098,184.16,36.07,509.0,43.96,182.33,79.19,138.58,49.69,rough
2684,2155,1844,2156.76,1839.73,-4.439801,78.977943,848,588.17,128.91,971.78,67.48,429.78,61.67,107.92,39.5,severe
2685,2191,1839,2188.5,1838.73,-4.424087,79.480409,800,168.34,-51.0,521.65,53.5,265.38,32.52,56.91,50.49,rough
2686,2219,1840,2221.59,1837.76,-4.408634,80.004227,962,-43.46,-61.99,171.2,14.03,77.89,9.46,16.55,80.17,easy
2687,2260,1843,2256.54,1839.55,-4.436961,80.557495,872,135.27,-55.26,610.84,55.16,314.0,9.77,17.09,50.77,rough
2688,2282,1838,2283.27,1837.93,-4.411308,80.980751,789,505.9,155.85,1174.13,62.85,344.17,27.58,48.27,45.75,rough
2689,2310,1831,2311.07,1835.95,-4.379969,81.420719,964,649.45,137.64,1197.11,70.44,502.35,46.51,81.39,37.69,severe
2690,2348,1844,2347.98,1842.92,-4.49029,82.005161,1178,286.06,-49.33,965.49,60.22,338.12,30.41,53.22,47.27,rough
2691,2388,1846,2384.6,1840.06,-4.444987,82.584906,924,-17.92,-61.32,175.02,23.15,100.41,15.88,27.78,63.62,moderate
2692,2413,1846,2415.72,1843.37,-4.497444,83.077582,1036,104.33,-33.27,406.1,44.99,200.56,28.97,50.7,53.5,rough
2693,2452,1830,2450.67,1836.81,-4.393549,83.630796,706,94.41,-71.51,511.14,51.04,231.41,12.68,22.19,53.75,rough
2694,2481,1839,2480.39,1843.23,-4.495224,84.101259,722,164.87,-58.27,787.27,57.98,304.23,12.39,21.68,50.71,rough
2695,2511,1830,2510.55,1835.29,-4.369496,84.578698,485,154.39,-83.93,570.5,64.95,649.92,6.16,10.77,39.04,severe
2696,1080,1876,1077.36,1875.14,-5.00041,61.890034,773,-53.41,-61.98,-44.88,3.1,7.27,13.51,23.64,100.0,open
2697,1101,1879,1103.62,1877.59,-5.039179,62.305644,688,-43.71,-49.93,-40.03,1.95,4.86,38.29,67.01,100.0,open
2698,1130,1869,1132.21,1869.42,-4.909902,62.758251,1117,-40.94,-45.38,-34.29,1.62,3.8,55.13,96.48,99.76,open
2699,1168,1876,1166.89,1874.71,-4.993627,63.307331,1098,-28.49,-42.11,64.69,13.39,37.11,77.2,135.1,77.31,easy
2700,1206,1865,1204.52,1867.15,-4.873949,63.903087,1023,-34.93,-39.57,-31.5,1.2,3.19,87.5,153.12,97.91,open
2701,1239,1870,1239.04,1871.39,-4.941011,64.449527,828,-23.28,-32.84,-16.45,2.72,6.57,112.87,197.52,95.0,open
2702,1271,1875,1270.94,1874.58,-4.991581,64.95458,945,-9.08,-17.68,28.66,5.7,14.24,138.66,242.66,89.71,easy
2703,1298,1865,1299.27,1864.95,-4.839143,65.402979,1041,-10.59,-15.22,18.39,2.64,6.73,153.0,267.75,95.03,open
2704,1328,1868,1327.99,1868.25,-4.891349,65.857615,1157,-10.93,-16.59,-8.12,1.52,3.39,170.17,297.79,97.01,open
2705,1359,1876,1357.74,1873.38,-4.97252,66.328632,709,-16.17,-19.27,-12.04,1.11,2.73,190.5,333.37,97.75,open
2706,1385,1877,1386.22,1875.8,-5.010939,66.779575,871,-19.76,-29.34,-14.4,2.25,5.48,210.46,368.31,95.79,open
2707,1415,1878,1416.29,1874.1,-4.983973,67.255583,887,-23.67,-31.47,-15.6,2.47,5.66,230.37,403.15,95.45,open
2708,1457,1867,1454.32,1869.57,-4.912273,67.857651,1099,-23.83,-28.59,-18.7,1.82,4.08,256.83,449.46,96.58,open
2709,1481,1869,1483.45,1868.52,-4.895601,68.318741,909,-16.49,-20.19,-13.94,1.13,2.32,279.52,489.15,97.74,open
2710,1515,1878,1514.58,1875.98,-5.013781,68.811511,1148,-12.67,-15.75,-8.1,1.24,2.68,307.1,537.42,97.52,open
2711,1545,1864,1545.69,1863.64,-4.818343,69.304002,1194,0.29,-11.25,25.59,4.74,10.82,319.66,559.4,91.35,easy
2712,1590,1869,1586.02,1868.8,-4.900079,69.94255,1319,20.99,4.97,41.94,7.72,16.36,351.5,615.12,86.08,easy
2713,1612,1879,1612.31,1878.28,-5.050101,70.358719,962,32.65,9.36,52.95,10.08,21.06,377.01,659.77,81.93,easy
2714,1641,1875,1642.76,1871.85,-4.948386,70.840801,1140,18.5,8.05,41.62,7.36,15.97,395.76,692.58,86.71,easy
2715,1683,1863,1678.57,1868.34,-4.892748,71.407669,1109,46.97,26.35,72.16,10.6,24.88,422.03,738.55,80.83,easy
2716,1713,1873,1712.15,1875.12,-5.000087,71.939362,989,49.11,18.67,79.37,11.61,27.12,441.24,772.17,79.08,easy
2717,1740,1869,1741.25,1870.0,-4.918971,72.400054,1097,52.2,19.53,143.57,24.82,59.76,416.66,729.16,56.05,rough
2718,1772,1865,1771.66,1870.42,-4.925731,72.881403,935,191.24,68.16,316.96,42.23,125.7,386.55,676.47,50.8,rough
2719,1801,1869,1801.7,1870.5,-4.926944,73.356979,1126,298.37,84.05,489.76,57.3,206.73,356.97,624.69,47.19,rough
2720,1834,1868,1837.05,1871.36,-4.940644,73.916654,1188,320.25,127.01,614.44,57.23,230.3,322.03,563.56,46.21,rough
2721,1879,1870,1875.8,1869.49,-4.910987,74.529967,1299,329.33,178.46,553.55,53.27,192.64,284.56,497.97,47.48,rough
2722,1908,1867,1908.49,1865.29,-4.84452,75.047555,933,349.33,197.55,669.11,55.28,201.55,253.79,444.14,47.02,rough
2723,1933,1875,1935.73,1872.13,-4.952808,75.478762,1114,501.72,327.34,946.56,64.42,330.49,225.76,395.08,41.41,severe
2724,1971,1876,1969.99,1875.12,-5.000123,76.021153,1036,704.13,457.87,972.93,61.47,267.85,191.92,335.86,42.22,rough
2725,1994,1864,1997.34,1869.52,-4.911397,76.45414,1000,838.27,604.33,1113.0,59.89,263.99,167.77,293.59,41.43,severe
2726,2037,1869,2033.1,1868.74,-4.899134,77.020257,1219,840.35,644.45,1232.41,62.34,292.33,135.38,236.92,40.41,severe
2727,2060,1873,2063.65,1872.49,-4.958388,77.503867,987,769.04,395.0,1105.22,61.93,321.1,106.43,186.25,39.89,severe
2728,2102,1873,2097.33,1874.73,-4.993875,78.037147,1029,433.69,70.31,953.83,64.47,370.28,77.44,135.52,41.45,severe
2729,2122,1878,2125.59,1879.3,-5.066278,78.484497,922,213.85,53.3,708.15,52.08,221.33,54.09,94.65,50.06,rough
2730,2158,1865,2158.22,1869.01,-4.903329,79.001096,945,166.85,-25.63,738.43,52.97,298.88,47.24,82.66,48.17,rough
2731,2190,1864,2188.34,1865.68,-4.850629,79.47789,874,288.01,21.41,481.48,60.08,279.14,29.39,51.43,49.42,rough
2732,2213,1875,2212.02,1875.12,-5.000132,79.852715,745,119.65,-60.12,474.91,61.04,336.14,10.53,18.44,50.04,rough
2733,2252,1863,2250.37,1856.24,-4.701173,80.459917,286,-55.4,-62.19,-9.16,12.75,53.38,3.85,6.73,83.67,easy
2734,2284,1868,2287.51,1866.27,-4.860004,81.04782,872,238.52,-61.87,777.77,62.82,357.05,14.63,25.6,48.15,rough
2735,2322,1873,2322.36,1870.89,-4.933172,81.599521,1209,554.63,192.65,1028.84,71.61,431.26,38.63,67.59,41.48,severe
2736,2358,1871,2357.25,1872.59,-4.960014,82.151793,1068,642.9,113.87,1119.97,70.6,462.65,46.86,82.01,39.11,severe
2737,2390,1862,2389.54,1867.6,-4.881095,82.662972,826,251.66,13.11,748.23,64.79,375.67,42.53,74.43,45.23,rough
2738,2419,1875,2417.27,1875.24,-5.001941,83.102001,905,250.29,28.68,799.24,56.96,270.58,55.8,97.65,47.93,rough
2739,2449,1868,2451.06,1867.15,-4.873898,83.63704,1227,254.83,85.97,862.33,50.44,246.29,39.59,69.28,50.02,rough
2740,2488,1867,2485.84,1868.81,-4.900169,84.187651,1103,385.92,0.44,1627.8,67.71,556.34,30.22,52.88,38.87,severe
2741,2517,1869,2514.92,1870.41,-4.925577,84.648014,785,189.09,-68.41,694.6,61.65,341.54,12.58,22.01,49.2,rough
2742,2541,1873,2542.25,1882.73,-5.120553,85.080653,568,213.0,-62.71,722.24,72.1,506.89,8.6,15.05,43.5,rough
2743,2584,1882,2581.05,1885.86,-5.170077,85.694885,700,289.95,-64.12,653.35,69.77,492.45,10.96,19.18,43.3,rough
2744,2605,1877,2600.2,1879.3,-5.066324,85.998063,211,276.32,-82.51,638.14,77.14,746.92,5.23,9.15,34.84,severe
2745,1047,1907,1054.22,1910.7,-5.563299,61.523638,467,-58.14,-62.02,-52.86,2.45,6.64,8.08,14.14,100.0,open
2746,1078,1903,1075.28,1903.7,-5.452539,61.857001,762,-50.32,-61.44,-41.23,2.93,7.1,21.52,37.67,100.0,open
2747,1098,1901,1099.45,1903.98,-5.456993,62.239732,678,-41.71,-46.35,-34.22,2.83,6.64,42.96,75.19,98.6,open
2748,1126,1904,1130.74,1903.79,-5.453974,62.735019,1201,-35.19,-41.51,-32.2,1.47,3.64,72.0,126.01,98.66,open
2749,1175,1898,1173.66,1899.68,-5.388971,63.41448,1035,-35.79,-40.36,-31.19,1.63,4.18,102.23,178.91,96.98,open
2750,1207,1900,1206.46,1901.96,-5.424983,63.933672,1167,-32.04,-36.83,-19.21,1.95,4.89,118.17,206.81,96.39,open
2751,1236,1898,1236.49,1900.59,-5.403258,64.409174,1069,-16.44,-32.38,23.37,5.64,14.78,133.27,233.22,89.83,easy
2752,1270,1903,1269.51,1904.86,-5.470904,64.931943,1004,24.07,-15.79,46.17,10.32,24.78,158.06,276.61,81.47,easy
2753,1300,1904,1300.64,1902.6,-5.435067,65.424704,1101,1.4,-11.16,35.85,7.84,17.94,179.39,313.93,85.96,easy
2754,1333,1907,1332.69,1904.93,-5.47197,65.932104,862,-10.44,-14.51,-8.2,1.27,2.76,203.88,356.78,97.44,open
2755,1355,1895,1355.75,1898.67,-5.372897,66.297105,812,-13.66,-15.03,-9.47,1.03,2.45,210.34,368.09,97.88,open
2756,1385,1906,1384.16,1907.24,-5.508564,66.746949,994,-14.52,-15.74,-13.17,0.49,1.17,233.53,408.67,98.83,open
2757,1418,1895,1420.19,1898.87,-5.376145,67.317365,1007,-15.7,-23.23,-13.12,1.45,3.19,250.55,438.47,97.16,open
2758,1454,1910,1452.18,1905.59,-5.482456,67.823655,1008,-16.78,-20.59,-13.96,1.25,2.71,278.09,486.65,97.53,open
2759,1483,1899,1482.35,1900.23,-5.397666,68.301321,1033,-15.57,-19.57,-12.97,0.73,1.9,297.63,520.85,98.41,open
2760,1510,1909,1510.55,1910.74,-5.564057,68.747809,1089,-12.49,-18.31,-8.91,1.03,2.74,326.46,571.31,97.86,open
2761,1547,1896,1548.79,1897.61,-5.356147,69.353169,1382,4.15,-11.51,41.32,6.83,14.72,346.33,606.07,87.73,easy
2762,1585,1912,1584.04,1905.7,-5.484264,69.911163,1005,22.75,7.84,58.34,9.87,21.71,376.55,658.96,82.31,easy
2763,1621,1908,1621.38,1907.93,-5.519552,70.50231,963,30.76,10.64,62.03,16.44,38.3,404.05,707.09,70.81,moderate
2764,1651,1900,1651.65,1901.18,-5.412696,70.981457,1018,21.71,7.29,47.81,8.81,20.42,421.55,737.71,84.12,easy
2765,1676,1910,1676.73,1908.35,-5.526121,71.378628,1085,24.97,9.13,37.73,6.12,13.54,445.18,779.07,88.8,easy
2766,1706,1908,1705.7,1906.87,-5.502753,71.837178,1073,30.6,19.22,56.88,6.51,14.02,446.77,781.84,88.1,easy
2767,1737,1907,1738.0,1906.76,-5.501047,72.348585,1248,39.95,10.44,67.61,12.65,29.64,415.97,727.94,77.32,easy
2768,1775,1909,1771.62,1903.27,-5.445684,72.880761,972,123.33,11.23,316.44,38.03,119.93,382.65,669.63,51.48,rough
2769,1800,1907,1801.7,1903.66,-5.451951,73.356951,930,203.53,87.36,409.56,52.24,183.13,352.64,617.12,48.69,rough
2770,1832,1907,1832.04,1902.73,-5.437124,73.837259,930,304.14,168.48,511.24,53.21,194.07,322.5,564.38,47.6,rough
2771,1863,1905,1864.02,1905.06,-5.474082,74.343599,1359,392.79,210.8,578.33,53.34,195.1,290.55,508.45,46.95,rough
2772,1903,1899,1899.82,1899.85,-5.391644,74.910312,1081,481.19,259.04,738.81,57.02,218.9,255.53,447.17,45.5,rough
2773,1929,1905,1929.55,1905.49,-5.480899,75.380963,825,421.15,280.47,737.66,50.47,177.5,225.29,394.26,47.38,rough
2774,1958,1900,1958.6,1902.14,-5.427909,75.840813,1002,603.32,385.03,976.75,55.11,225.08,197.05,344.84,44.43,rough
2775,1994,1911,1994.73,1907.17,-5.507471,76.412767,1163,811.81,474.8,1038.74,62.3,271.23,160.69,281.2,41.36,severe
2776,2028,1907,2026.26,1901.99,-5.425402,76.911984,1024,953.66,646.55,1235.74,65.61,315.58,130.68,228.69,38.81,severe
2777,2060,1902,2063.26,1900.53,-5.402407,77.497774,1036,948.54,588.59,1210.6,65.9,331.8,95.41,166.96,38.27,severe
2778,2103,1911,2098.69,1910.14,-5.554552,78.058654,1032,775.28,288.52,1224.68,73.98,485.77,59.07,103.37,36.43,severe
2779,2122,1910,2125.61,1910.98,-5.567736,78.484858,883,347.4,-16.84,916.25,70.03,417.7,34.04,59.58,43.75,rough
2780,2157,1902,2156.22,1901.39,-5.415978,78.969338,1205,-28.32,-61.97,87.56,16.26,56.21,19.51,34.15,76.36,easy
2781,2190,1901,2188.29,1897.16,-5.349059,79.47704,853,-8.98,-61.99,425.31,27.03,138.08,13.41,23.47,57.71,rough
2782,2221,1902,2213.48,1898.06,-5.363218,79.875795,279,-51.97,-61.9,-30.99,11.15,33.27,5.57,9.74,86.88,easy
2783,2300,1895,2302.03,1891.59,-5.260849,81.277715,621,119.51,-61.86,389.8,58.05,276.05,10.34,18.1,52.18,rough
2784,2324,1907,2326.26,1905.56,-5.482061,81.661276,909,162.23,-61.06,507.36,53.29,221.66,20.13,35.23,53.04,rough
2785,2357,1911,2354.56,1910.52,-5.560515,82.109231,898,253.53,64.6,539.83,53.31,199.53,40.23,70.4,51.63,rough
2786,2374,1900,2380.48,1899.51,-5.386263,82.519598,1191,670.8,148.22,2002.35,72.9,709.83,63.41,110.96,28.89,severe
2787,2423,1900,2415.86,1901.38,-5.415829,83.079785,846,808.24,330.92,1378.01,73.56,627.07,79.63,139.36,29.6,severe
2788,2440,1899,2444.54,1900.47,-5.401346,83.533696,906,406.48,111.29,994.61,60.8,315.89,72.53,126.92,43.94,rough
2789,2475,1909,2473.67,1906.58,-5.498128,83.994948,1148,195.01,18.69,1295.88,56.64,409.08,66.0,115.49,42.62,rough
2790,2503,1899,2503.57,1899.96,-5.393403,84.468184,1084,481.63,8.8,2949.61,68.11,875.02,41.93,73.38,27.98,severe
2791,2535,1910,2533.63,1908.45,-5.527699,84.944108,1060,890.17,258.91,1814.9,76.57,749.33,35.23,61.66,28.17,severe
2792,2569,1910,2570.72,1909.11,-5.538153,85.531362,1172,822.02,214.28,1581.02,76.0,615.98,29.01,50.76,33.84,severe
2793,2610,1896,2603.18,1900.46,-5.401311,86.0452,535,233.27,-93.74,607.41,70.56,449.35,10.73,18.77,45.23,rough
2794,1039,1935,1046.96,1934.73,-5.943824,61.40873,475,-56.5,-61.99,-49.91,2.88,6.92,9.65,16.89,100.0,open
2795,1076,1934,1075.16,1934.92,-5.946741,61.855143,1119,-44.02,-53.67,-34.35,2.66,6.56,36.31,63.55,99.42,open
2796,1110,1935,1106.59,1933.71,-5.927645,62.352736,795,-31.76,-38.64,-24.2,1.86,4.88,63.79,111.64,98.57,open
2797,1127,1937,1133.08,1939.18,-6.014229,62.77204,1067,-31.06,-38.79,-22.22,2.11,4.89,89.16,156.03,96.19,open
2798,1168,1928,1166.19,1929.38,-5.859031,63.296196,1413,-35.17,-39.64,-28.23,1.41,3.34,114.06,199.61,97.36,open
2799,1204,1941,1202.95,1936.45,-5.971016,63.878242,1077,-23.74,-36.47,11.48,5.8,15.64,145.83,255.21,89.58,easy
2800,1238,1941,1235.21,1938.85,-6.009077,64.388921,818,-3.21,-22.37,38.33,12.43,29.78,164.22,287.38,77.99,easy
2801,1254,1934,1257.56,1931.94,-5.899556,64.742628,911,16.04,-15.52,39.25,11.69,27.16,170.85,299.0,79.16,easy
2802,1293,1939,1292.32,1938.96,-6.01082,65.292913,1214,-7.53,-14.66,33.33,4.25,10.72,198.51,347.39,92.21,easy
2803,1325,1927,1323.17,1930.85,-5.882348,65.781389,923,-11.7,-14.68,-9.08,1.34,3.05,214.79,375.89,97.33,open
2804,1351,1941,1354.12,1938.95,-6.010628,66.271407,1199,-14.01,-14.92,-13.0,0.38,0.94,242.38,424.16,99.0,open
2805,1392,1933,1389.07,1935.85,-5.961566,66.824637,1166,-14.2,-15.58,-13.07,0.37,0.91,259.74,454.55,99.02,open
2806,1421,1934,1422.77,1932.07,-5.901678,67.358174,1037,-13.68,-17.06,-6.5,1.53,3.46,276.85,484.49,97.01,open
2807,1454,1930,1453.34,1933.42,-5.923097,67.842062,940,-11.58,-17.63,-3.42,2.29,5.25,298.39,522.17,95.68,open
2808,1481,1943,1483.45,1941.77,-6.055254,68.318812,1264,-5.66,-14.41,3.67,2.39,5.72,325.68,569.94,95.45,open
2809,1526,1937,1525.44,1934.13,-5.934348,68.983553,1022,-3.33,-21.46,6.28,3.91,8.98,352.45,616.79,92.81,open
2810,1560,1937,1558.34,1935.51,-5.956175,69.504266,1053,9.11,-6.44,41.79,6.77,16.22,379.25,663.69,87.74,easy
2811,1584,1926,1584.88,1929.35,-5.858543,69.924563,648,43.23,7.79,119.49,18.45,47.02,394.14,689.74,67.1,moderate
2812,1616,1934,1616.83,1933.65,-5.926719,70.430216,920,73.92,12.09,243.91,34.3,103.96,419.39,733.94,52.38,rough
2813,1655,1944,1652.23,1939.08,-6.01259,70.990642,851,20.16,9.09,38.68,7.58,15.98,447.87,783.77,86.34,easy
2814,1676,1942,1678.23,1940.6,-6.036657,71.402353,719,23.44,11.28,68.54,8.54,22.54,464.55,812.96,84.49,easy
2815,1705,1941,1707.57,1939.56,-6.020232,71.866816,1082,30.63,16.22,64.72,7.66,16.78,445.44,779.52,86.1,easy
2816,1752,1939,1748.34,1940.01,-6.027306,72.512162,1167,33.82,13.36,94.79,12.76,29.66,404.68,708.19,77.18,easy
2817,1776,1928,1775.35,1931.05,-5.885538,72.939779,668,92.0,13.54,188.13,42.27,123.56,377.72,661.0,51.56,rough
2818,1799,1933,1800.97,1937.44,-5.986704,73.3454,945,156.19,60.52,313.09,49.13,145.99,352.06,616.11,50.33,rough
2819,1830,1928,1833.21,1932.42,-5.907174,73.855761,1128,220.56,80.84,532.2,45.16,152.95,319.86,559.75,49.63,rough
2820,1880,1941,1876.19,1940.0,-6.027269,74.536251,1374,344.44,180.85,799.16,49.06,199.18,276.84,484.47,47.14,rough
2821,1910,1933,1908.05,1932.31,-5.905425,75.04059,902,366.24,191.14,562.06,56.53,206.96,245.05,428.84,46.72,rough
2822,1934,1935,1937.96,1936.87,-5.97767,75.514085,1105,333.88,191.92,460.93,48.12,144.55,215.1,376.43,49.15,rough
2823,1975,1933,1970.16,1934.34,-5.937666,76.02393,1068,513.58,302.59,839.54,54.63,208.72,182.95,320.16,45.63,rough
2824,1996,1942,1997.72,1942.4,-6.06516,76.460221,841,601.34,337.41,1168.84,62.95,347.24,155.3,271.77,40.13,severe
2825,2028,1928,2027.49,1932.94,-5.915453,76.931427,992,827.67,592.31,1219.46,64.98,339.53,125.68,219.94,38.83,severe
2826,2058,1926,2058.09,1927.78,-5.833746,77.415888,879,952.28,726.18,1267.75,65.33,321.59,95.38,166.92,38.6,severe
2827,2086,1938,2087.61,1938.66,-6.005949,77.883203,1131,1001.98,559.89,1333.57,69.77,417.3,65.54,114.69,36.78,severe
2828,2133,1943,2126.29,1941.2,-6.046131,78.495567,779,423.13,-23.59,944.11,69.38,448.35,26.84,46.98,42.7,rough
2829,2147,1941,2146.54,1936.9,-5.978193,78.816061,498,-36.74,-61.87,116.12,25.61,111.45,7.39,12.94,59.95,moderate
2830,2321,1933,2327.8,1928.91,-5.85167,81.685628,373,-28.32,-61.83,59.53,23.78,74.36,8.08,14.15,64.18,moderate
2831,2353,1940,2354.65,1940.88,-6.04107,82.110648,851,50.11,-29.2,147.35,34.09,96.23,24.02,42.04,57.95,rough
2832,2382,1940,2384.52,1938.18,-5.998432,82.583605,1219,166.24,75.19,291.53,39.92,110.5,51.01,89.27,54.54,rough
2833,2421,1929,2418.38,1930.86,-5.882499,83.119566,1276,438.31,86.01,1294.81,62.41,378.59,82.42,144.24,40.74,severe
2834,2451,1941,2449.24,1938.15,-5.997989,83.608136,876,668.79,248.49,1315.47,69.02,460.41,96.53,168.92,35.66,severe
2835,2474,1937,2476.38,1938.35,-6.00108,84.037792,916,722.64,39.04,1374.7,74.12,603.36,88.54,154.94,30.34,severe
2836,2508,1940,2509.63,1938.4,-6.001841,84.564128,1238,449.89,42.38,2996.09,64.85,823.71,71.92,125.87,25.86,extreme
2837,2549,1932,2545.27,1932.19,-5.903518,85.128446,734,560.33,59.03,1303.76,72.0,625.44,54.78,95.86,33.31,severe
2838,2566,1941,2572.36,1939.52,-6.019591,85.557338,804,721.55,249.86,1345.5,75.87,616.97,46.11,80.69,33.17,severe
2839,2613,1927,2603.87,1927.42,-5.828027,86.056118,775,195.38,-63.63,849.7,62.0,438.92,13.26,23.21,45.66,rough
2840,2629,1946,2625.77,1951.31,-6.206305,86.402844,374,112.42,-63.82,559.87,66.81,479.03,7.05,12.33,45.3,rough
2841,1023,1980,1028.64,1980.03,-6.6609,61.118615,176,-59.52,-62.0,-57.16,2.75,7.44,4.05,7.09,100.0,open
2842,1042,1959,1047.03,1960.82,-6.356881,61.409783,837,-53.62,-62.06,-47.93,2.5,5.81,14.61,25.56,100.0,open
2843,1079,1970,1075.43,1967.82,-6.467623,61.859425,837,-38.09,-48.52,-21.25,3.42,8.3,43.07,75.38,97.54,open
2844,1100,1964,1102.61,1965.38,-6.429077,62.289676,985,-24.12,-35.36,-16.86,2.59,6.32,69.35,121.36,96.84,open
2845,1134,1976,1133.33,1971.61,-6.527589,62.77608,1093,-20.02,-26.58,-11.24,2.65,5.89,100.51,175.9,95.12,open
2846,1176,1967,1173.36,1964.51,-6.415277,63.409758,1189,-19.16,-36.48,18.98,6.8,16.83,136.24,238.43,87.87,easy
2847,1206,1963,1203.58,1966.86,-6.452357,63.888195,691,10.04,-23.38,28.63,11.32,24.75,163.98,286.96,79.9,easy
2848,1223,1961,1227.48,1966.52,-6.446976,64.266525,910,13.0,-10.59,37.56,10.98,24.0,182.88,320.03,80.47,easy
2849,1264,1966,1262.07,1967.77,-6.46685,64.814146,1287,-9.44,-15.72,3.23,2.16,5.45,203.11,355.45,95.88,open
2850,1299,1972,1299.95,1968.65,-6.480789,65.413781,866,-13.87,-15.94,-8.62,1.46,3.49,225.85,395.24,97.13,open
2851,1331,1971,1328.69,1967.49,-6.462328,65.868713,876,-12.27,-14.82,-8.19,0.95,2.29,244.15,427.26,98.0,open
2852,1352,1969,1358.29,1970.08,-6.503338,66.33739,1071,-12.01,-13.96,-8.9,0.79,1.94,267.16,467.53,98.28,open
2853,1400,1974,1395.12,1972.17,-6.53653,66.920372,952,-9.39,-13.46,-5.48,1.1,2.73,293.39,513.43,97.71,open
2854,1414,1960,1417.54,1959.76,-6.339996,67.275261,871,-8.91,-14.09,-0.11,1.59,4.48,295.49,517.1,96.85,open
2855,1453,1971,1452.51,1967.49,-6.462391,67.829005,1147,2.22,-6.41,16.86,3.71,8.22,323.11,565.45,93.14,open
2856,1490,1975,1490.57,1973.03,-6.550042,68.431404,1008,4.68,-0.73,18.73,3.59,8.0,352.71,617.24,93.32,open
2857,1523,1959,1519.55,1960.8,-6.356464,68.890265,901,4.6,0.21,11.49,2.78,5.79,365.03,638.8,94.74,open
2858,1548,1966,1551.57,1968.77,-6.482727,69.397235,1149,24.52,1.43,119.82,15.61,38.51,394.5,690.38,72.22,easy
2859,1589,1958,1587.89,1960.89,-6.35798,69.972167,1233,76.49,15.11,229.49,30.1,87.87,417.91,731.34,52.93,rough
2860,1622,1959,1618.03,1961.32,-6.364683,70.449278,722,35.13,7.52,159.03,17.76,57.95,440.16,770.28,67.91,moderate
2861,1638,1960,1640.69,1963.36,-6.396964,70.807952,741,21.68,9.06,42.93,9.15,20.12,457.36,800.39,83.58,easy
2862,1671,1966,1672.12,1969.74,-6.498077,71.305641,1079,46.59,24.19,103.54,15.9,35.93,474.75,830.81,71.69,moderate
2863,1715,1966,1714.09,1967.69,-6.465602,71.970075,1227,41.75,20.24,108.31,13.64,33.04,439.29,768.76,75.55,easy
2864,1747,1976,1745.09,1974.15,-6.567866,72.460738,936,45.19,17.12,82.61,14.02,31.33,408.61,715.07,74.96,easy
2865,1775,1967,1775.58,1965.01,-6.423131,72.943442,978,99.83,16.69,212.99,34.32,91.65,377.77,661.09,52.64,rough
2866,1803,1974,1804.92,1973.54,-6.558219,73.407978,1182,223.28,38.28,534.62,48.97,181.96,348.91,610.59,48.59,rough
2867,1837,1967,1838.57,1966.28,-6.443229,73.940677,1514,427.78,107.37,721.83,61.95,278.82,314.96,551.17,43.75,rough
2868,1878,1975,1875.37,1974.71,-6.576755,74.52331,1161,473.96,248.98,832.97,59.21,248.65,278.7,487.73,44.5,rough
2869,1908,1966,1909.31,1967.53,-6.462976,75.060607,1171,268.97,144.02,637.5,51.63,213.11,244.4,427.7,47.17,rough
2870,1943,1973,1943.02,1970.23,-6.505851,75.594192,1135,327.42,170.22,493.44,48.78,162.76,210.99,369.23,48.55,rough
2871,1976,1973,1975.34,1971.95,-6.533005,76.105929,1112,403.78,217.15,545.24,50.07,187.07,179.06,313.35,47.16,rough
2872,2008,1967,2009.28,1966.72,-6.450178,76.64315,974,489.08,292.55,687.38,57.6,221.68,144.75,253.31,45.34,rough
2873,2039,1973,2037.43,1972.38,-6.539799,77.088791,953,577.0,381.17,792.54,60.84,255.46,117.84,206.23,43.54,rough
2874,2059,1961,2061.27,1959.54,-6.336585,77.466172,1040,737.8,436.28,1108.7,61.65,268.43,92.47,161.83,41.97,severe
2875,2104,1968,2102.25,1966.81,-6.451592,78.114932,1114,730.98,323.38,1186.31,63.92,357.69,53.69,93.95,41.68,severe
2876,2134,1967,2132.37,1970.28,-6.506633,78.591774,814,445.32,-33.63,1075.41,71.1,503.63,26.97,47.2,40.58,severe
2877,2157,1971,2156.08,1974.98,-6.580999,78.967177,587,32.23,-61.86,645.41,38.08,247.62,8.44,14.77,53.93,rough
2878,2335,1952,2338.89,1949.65,-6.179942,81.861139,332,-39.89,-61.99,-17.13,15.57,43.56,6.69,11.72,79.03,easy
2879,2342,1974,2350.32,1969.0,-6.48631,82.042089,358,-35.46,-61.86,58.52,16.75,53.52,9.55,16.72,76.48,easy
2880,2387,1972,2382.86,1970.15,-6.504527,82.557318,836,67.71,-10.25,146.59,28.76,75.26,33.15,58.01,57.86,rough
2881,2407,1971,2410.15,1967.51,-6.462798,82.989328,979,143.23,69.69,256.05,37.93,118.46,53.83,94.2,54.2,rough
2882,2447,1965,2445.14,1966.85,-6.452338,83.543228,1090,410.01,164.93,847.32,61.77,316.55,83.82,146.69,43.02,rough
2883,2479,1974,2476.45,1973.71,-6.560896,84.038922,953,803.59,422.54,1214.71,68.61,400.48,102.27,178.97,36.84,severe
2884,2503,1969,2507.4,1967.5,-6.462512,84.528912,934,685.36,66.51,1363.97,74.08,584.43,99.6,174.3,31.16,severe
2885,2548,1960,2542.02,1961.2,-6.362804,85.076976,942,187.26,46.08,1044.38,44.42,313.39,78.9,138.07,45.05,rough
2886,2568,1964,2571.96,1966.93,-6.453614,85.550949,842,392.25,116.22,1046.38,61.13,399.58,57.46,100.55,42.25,rough
2887,2605,1959,2602.81,1958.64,-6.322334,86.03925,1059,733.67,350.68,1550.93,69.97,547.58,28.31,49.55,36.92,severe
2888,2641,1971,2640.22,1970.48,-6.509796,86.631482,883,329.26,-61.62,819.87,65.85,437.48,17.21,30.11,44.48,rough
2889,2675,1963,2668.9,1969.24,-6.490063,87.085539,426,128.14,-64.27,344.89,66.44,318.0,8.86,15.51,50.75,rough
2890,2688,1965,2687.03,1967.46,-6.46198,87.372548,190,58.94,-62.89,216.43,67.78,326.09,4.36,7.63,51.29,rough
2891,78,2015,75.54,2018.81,-7.274856,46.030218,116,-56.26,-66.6,-46.97,20.5,72.09,1.81,3.17,70.37,moderate
2892,100,2015,96.22,2015.56,-7.22333,46.357589,117,-56.38,-64.89,-50.2,15.51,53.87,2.22,3.88,79.24,easy
2893,1022,1999,1027.01,2002.5,-7.016616,61.092836,251,-58.26,-62.37,-55.4,3.08,7.19,6.59,11.54,100.0,open
2894,1036,1991,1043.49,1993.35,-6.871801,61.353723,839,-52.96,-59.03,-45.54,2.6,5.92,20.46,35.81,100.0,open
2895,1076,1992,1073.71,1994.04,-6.882789,61.832194,1011,-33.92,-48.27,-19.68,3.46,8.08,47.95,83.91,97.08,open
2896,1103,2008,1104.91,2002.31,-7.0136,62.326162,917,-22.1,-27.89,-17.84,1.62,3.51,79.68,139.44,97.72,open
2897,1142,1991,1140.88,1994.68,-6.892893,62.895499,807,-11.26,-22.33,1.53,3.91,10.62,111.76,195.58,92.81,open
2898,1167,1994,1167.74,1996.59,-6.923112,63.32073,977,0.86,-15.58,79.9,7.8,20.74,138.49,242.36,85.93,easy
2899,1200,1999,1201.74,1996.23,-6.917317,63.859049,1024,4.28,-2.92,30.41,4.98,12.16,171.78,300.62,90.88,easy
2900,1235,2008,1235.19,2002.22,-7.012228,64.388521,1200,0.45,-17.13,33.38,5.65,13.19,205.29,359.25,89.76,easy
2901,1272,2005,1269.86,2004.4,-7.046759,64.93738,975,-13.15,-18.6,-7.55,2.22,5.15,236.46,413.8,95.8,open
2902,1289,1990,1289.84,1992.53,-6.858758,65.253732,790,-13.77,-16.65,-7.77,1.7,4.17,238.92,418.11,96.7,open
2903,1321,1994,1320.05,1998.27,-6.949665,65.732056,1019,-7.17,-12.45,-4.03,1.39,3.38,261.54,457.7,97.2,open
2904,1352,2005,1352.58,2005.5,-7.06412,66.246908,1153,-6.79,-10.83,-2.18,1.51,3.52,288.24,504.41,96.99,open
2905,1387,1997,1385.7,1999.9,-6.975438,66.771247,1261,-7.21,-10.13,-0.91,1.14,2.81,307.52,538.16,97.63,open
2906,1423,1996,1422.2,1997.51,-6.937572,67.349182,1091,2.78,-6.11,17.04,4.32,9.71,329.27,576.23,92.07,easy
2907,1450,1994,1451.89,1996.93,-6.92852,67.819064,944,13.91,3.67,26.14,6.1,13.09,345.8,605.14,88.92,easy
2908,1488,1998,1488.16,2002.69,-7.019716,68.393292,1215,16.79,3.79,25.04,4.99,10.83,373.0,652.76,90.82,easy
2909,1525,1995,1524.16,1996.01,-6.91386,68.963198,1245,28.7,3.63,167.91,19.68,58.6,392.66,687.15,64.75,moderate
2910,1557,2007,1557.07,2003.45,-7.031653,69.484188,1045,122.06,24.17,232.41,40.7,113.33,421.51,737.64,51.72,rough
2911,1589,2000,1589.05,1997.71,-6.940836,69.990578,1309,178.36,51.32,380.74,44.33,139.59,441.82,773.19,50.4,rough
2912,1623,1993,1620.27,1992.98,-6.865956,70.484731,1065,101.78,28.81,317.21,33.84,108.2,463.19,810.58,52.04,rough
2913,1644,2003,1645.91,2002.09,-7.010151,70.890725,1071,37.53,22.85,86.89,11.04,27.53,487.85,853.74,80.08,easy
2914,1682,2000,1682.71,1999.38,-6.967195,71.473201,1313,32.34,19.12,66.45,8.23,18.06,472.78,827.37,85.1,easy
2915,1719,2004,1715.83,2002.81,-7.021553,71.997555,1015,36.14,23.16,90.54,7.82,18.84,440.23,770.4,85.72,easy
2916,1741,2005,1741.83,2005.67,-7.066815,72.409216,731,56.45,38.69,94.38,12.06,28.27,414.74,725.8,78.23,easy
2917,1766,1996,1768.52,1996.57,-6.922818,72.831662,869,44.06,19.83,99.22,16.43,39.39,387.14,677.5,70.69,moderate
2918,1800,2007,1801.74,2005.33,-7.061436,73.357639,1118,125.3,31.77,343.37,38.43,122.4,355.38,621.91,51.37,rough
2919,1844,2007,1842.38,2002.44,-7.015759,74.000993,1167,310.54,143.85,620.7,53.72,196.15,314.81,550.92,47.48,rough
2920,1879,2005,1876.34,2004.9,-7.054587,74.538633,899,371.12,164.35,544.77,58.51,220.14,281.81,493.16,46.22,rough
2921,1903,2007,1907.14,2002.56,-7.017571,75.026179,917,361.64,158.61,536.04,60.92,239.54,251.16,439.54,45.6,rough
2922,1942,2000,1939.57,2000.73,-6.988604,75.539539,1028,335.51,150.75,577.22,60.61,256.37,219.11,383.44,45.18,rough
2923,1970,2006,1970.45,2006.7,-7.083194,76.02847,1012,267.1,142.04,437.87,51.51,179.4,190.8,333.89,48.38,rough
2924,2002,1999,1999.69,2000.41,-6.983537,76.491284,918,523.72,181.75,1040.62,65.8,362.32,161.09,281.9,40.13,severe
2925,2023,2001,2026.72,2003.88,-7.038496,76.919316,1101,613.52,282.63,1192.25,66.18,401.64,136.87,239.53,38.12,severe
2926,2066,1993,2064.96,1992.66,-6.860942,77.524654,1091,722.12,438.39,1101.87,61.41,299.22,97.28,170.23,40.99,severe
2927,2098,1996,2096.99,1997.79,-6.942007,78.031636,1010,795.44,395.47,1257.34,66.9,372.37,70.64,123.63,39.4,severe
2928,2124,2006,2124.39,2003.04,-7.025194,78.46553,878,821.91,385.82,1250.07,72.28,475.45,48.95,85.66,37.26,severe
2929,2155,2002,2155.96,2002.68,-7.019575,78.965182,1130,568.1,-53.95,1319.74,71.71,573.53,24.68,43.19,37.43,severe
2930,2191,2008,2184.23,2010.71,-7.146618,79.412742,617,98.34,-62.15,549.61,50.71,331.5,8.39,14.69,50.51,rough
2931,2353,1987,2359.28,1983.24,-6.711748,82.184055,466,-34.8,-61.88,16.43,15.12,49.46,10.69,18.7,79.23,easy
2932,2381,1997,2384.31,1997.31,-6.934529,82.580259,828,73.41,-61.3,187.77,41.8,131.79,16.72,29.25,57.1,rough
2933,2422,1994,2420.89,1994.22,-6.885523,83.159307,976,293.33,127.95,835.28,58.02,263.21,50.64,88.61,48.29,rough
2934,2448,2004,2447.28,2002.14,-7.010882,83.577197,876,235.79,56.0,744.38,53.45,267.54,66.21,115.87,47.33,rough
2935,2472,2008,2473.72,2004.94,-7.055304,83.995656,739,601.12,147.42,951.94,71.54,480.52,79.1,138.42,36.26,severe
2936,2502,1992,2505.25,1996.08,-6.915041,84.494866,1100,986.77,613.63,1361.71,70.21,416.98,104.64,183.12,34.99,severe
2937,2545,1994,2540.86,1994.74,-6.893838,85.05852,1231,780.07,138.9,1464.73,70.01,617.93,97.96,171.44,29.32,severe
2938,2570,1999,2571.44,2000.41,-6.983615,85.542754,1074,340.09,127.67,1089.56,54.89,336.07,79.38,138.91,43.16,rough
2939,2603,1990,2604.16,1992.87,-6.864247,86.06075,1357,631.17,182.03,1070.82,68.67,445.81,53.35,93.37,39.28,severe
2940,2644,1993,2642.03,1996.28,-6.918213,86.660193,1042,627.51,213.68,1094.81,72.51,480.94,39.74,69.54,39.13,severe
2941,2674,1999,2671.49,2002.27,-7.013056,87.126547,930,493.44,-11.87,1427.76,73.18,717.84,21.51,37.64,33.09,severe
2942,2688,1987,2684.83,1987.13,-6.773321,87.337817,370,-6.49,-61.86,230.04,42.71,192.12,7.6,13.3,56.23,rough
2943,47,2039,53.19,2045.93,-7.704134,45.676294,150,99.75,-70.35,261.17,69.47,440.45,3.4,5.94,47.04,rough
2944,74,2039,69.57,2043.19,-7.660747,45.935716,129,-1.36,-68.54,160.69,54.65,247.03,2.97,5.2,54.61,rough
2945,109,2044,106.88,2045.88,-7.703405,46.526321,67,-16.37,-70.09,64.1,69.89,311.41,1.61,2.81,52.55,rough
2946,191,2039,189.96,2045.91,-7.703894,47.841482,113,31.1,-63.68,210.16,75.91,389.75,2.16,3.78,49.4,rough
2947,203,2036,202.39,2040.06,-7.611268,48.038391,99,45.59,-63.6,233.43,74.18,399.61,2.67,4.67,48.92,rough
2948,1021,2023,1026.35,2021.54,-7.318008,61.082376,360,-57.3,-62.11,-53.43,5.12,8.81,8.2,14.36,97.56,easy
2949,1036,2035,1040.78,2034.82,-7.528246,61.310816,920,-49.73,-59.52,-35.14,3.88,8.71,23.04,40.33,98.41,open
2950,1071,2027,1069.85,2027.1,-7.406018,61.770993,1267,-33.25,-47.83,-24.71,2.91,6.81,51.37,89.9,97.76,open
2951,1104,2022,1104.13,2026.79,-7.401112,62.313727,779,-22.94,-26.83,-20.99,1.14,2.46,85.46,149.56,98.11,open
2952,1136,2026,1136.8,2026.38,-7.394752,62.830923,1214,9.62,-22.85,116.15,19.07,50.84,115.99,202.98,66.17,moderate
2953,1172,2034,1168.84,2032.05,-7.484406,63.338192,956,78.39,15.4,124.23,28.16,67.26,144.91,253.59,53.65,rough
2954,1195,2022,1197.67,2024.64,-7.367157,63.794587,1016,22.77,1.0,80.58,12.76,32.04,171.96,300.94,77.18,easy
2955,1237,2029,1235.87,2031.2,-7.47101,64.399338,936,-10.95,-22.28,10.7,4.78,10.9,207.26,362.71,91.36,easy
2956,1269,2032,1268.87,2034.7,-7.526447,64.921678,1019,-9.5,-18.36,12.28,3.48,9.11,237.27,415.23,93.55,open
2957,1299,2036,1297.62,2032.68,-7.494464,65.376906,995,4.32,-8.92,60.89,9.57,23.38,263.84,461.71,82.89,easy
2958,1325,2036,1326.68,2031.73,-7.479466,65.836941,932,10.6,-5.02,65.54,10.29,24.11,288.55,504.96,81.63,easy
2959,1358,2038,1360.14,2034.28,-7.519784,66.366712,983,-7.63,-12.58,47.05,5.1,14.65,314.28,549.99,90.67,easy
2960,1398,2039,1395.15,2035.42,-7.537813,66.920923,951,3.07,-8.33,23.03,5.27,12.5,339.18,593.56,90.39,easy
2961,1419,2034,1421.55,2031.65,-7.478174,67.338747,1027,4.99,-0.91,12.52,4.04,8.78,355.21,621.62,92.54,easy
2962,1456,2030,1454.87,2027.54,-7.413037,67.866331,1119,16.62,-4.7,36.87,7.74,17.44,372.46,651.81,86.04,easy
2963,1482,2040,1484.5,2037.57,-7.571834,68.335445,1127,12.97,4.81,25.44,5.19,10.92,397.91,696.33,90.51,easy
2964,1524,2035,1520.43,2030.45,-7.45917,68.904234,1095,12.64,4.24,35.59,7.91,18.6,415.13,726.48,85.75,easy
2965,1555,2030,1554.83,2030.7,-7.463003,69.448766,774,76.08,7.0,226.62,36.1,110.19,438.82,767.93,52.15,rough
2966,1584,2034,1583.04,2032.02,-7.483978,69.895367,849,156.9,57.94,266.28,44.45,138.93,459.98,804.97,50.57,rough
2967,1614,2036,1616.51,2030.87,-7.46583,70.425292,1037,179.0,57.88,495.92,51.4,194.71,484.14,847.25,48.45,rough
2968,1656,2030,1654.69,2029.68,-7.44697,71.029626,1042,56.32,33.22,132.52,17.55,46.09,500.32,875.56,68.53,moderate
2969,1687,2037,1686.29,2036.18,-7.549869,71.529866,955,62.32,34.41,130.84,17.05,45.25,474.35,830.11,69.35,moderate
2970,1712,2036,1712.67,2032.97,-7.49895,71.947597,788,99.83,36.68,232.99,31.93,88.36,447.78,783.62,52.75,rough
2971,1746,2034,1744.26,2034.58,-7.52447,72.447704,874,80.68,34.84,152.06,20.91,51.0,417.08,729.9,62.63,moderate
2972,1772,2028,1774.07,2027.15,-7.406862,72.919627,914,44.86,19.96,89.16,13.8,31.79,386.41,676.21,75.31,easy
2973,1809,2033,1810.11,2032.01,-7.48378,73.490167,931,88.61,35.93,327.17,29.98,97.89,352.18,616.32,52.5,rough
2974,1844,2027,1841.96,2030.39,-7.458144,73.994282,845,277.15,65.97,537.9,55.42,206.73,320.87,561.52,47.34,rough
2975,1868,2038,1869.51,2035.48,-7.538775,74.430497,752,301.35,106.71,509.35,57.49,245.87,295.62,517.34,45.79,rough
2976,1899,2025,1899.73,2028.34,-7.425754,74.908915,792,366.86,175.78,564.65,60.09,230.27,264.63,463.1,45.89,rough
2977,1934,2033,1933.48,2033.39,-7.505633,75.443122,1204,360.3,140.48,647.27,63.44,275.99,234.32,410.05,44.32,rough
2978,1970,2038,1967.16,2035.53,-7.539544,75.976358,751,368.42,168.44,622.39,53.8,221.43,203.89,356.81,46.19,rough
2979,1993,2038,1997.48,2032.48,-7.491332,76.456283,873,426.63,158.77,763.31,65.17,365.11,175.2,306.6,40.7,severe
2980,2038,2038,2037.08,2034.85,-7.528748,77.083286,1191,408.08,254.92,608.17,54.68,216.36,140.61,246.08,46.09,rough
2981,2070,2022,2068.33,2021.59,-7.318888,77.577906,1036,647.45,450.55,1044.23,61.45,286.9,106.73,186.78,41.94,severe
2982,2090,2040,2093.13,2037.84,-7.576078,77.97057,955,657.61,371.55,909.65,63.68,290.76,94.49,165.36,41.74,severe
2983,2125,2028,2125.23,2029.2,-7.439392,78.47875,982,884.23,627.68,1367.38,64.74,358.79,64.44,112.77,39.75,severe
2984,2167,2037,2166.3,2034.02,-7.515576,79.128908,940,833.86,358.43,1247.51,69.61,455.5,35.67,62.43,38.91,severe
2985,2197,2039,2194.69,2035.04,-7.531823,79.578399,521,279.67,-60.33,697.06,65.17,434.97,13.49,23.6,45.2,rough
2986,2214,2042,2214.55,2047.7,-7.732282,79.892722,403,-14.26,-61.87,199.4,34.17,145.79,7.81,13.67,57.91,rough
2987,2271,2046,2272.12,2052.79,-7.812842,80.804169,92,55.86,-61.84,383.61,56.02,356.56,3.12,5.45,50.33,rough
2988,2280,2045,2278.87,2049.61,-7.762491,80.91105,62,-45.22,-61.99,52.5,29.08,151.78,2.79,4.89,58.3,moderate
2989,2380,2023,2386.21,2020.5,-7.301562,82.610278,547,6.63,-61.73,134.44,36.62,122.1,9.78,17.12,58.45,moderate
2990,2417,2026,2417.86,2025.99,-7.388563,83.111345,1131,72.59,-21.49,216.68,34.02,106.53,29.26,51.2,57.03,rough
2991,2455,2031,2451.58,2032.57,-7.492734,83.64515,848,96.26,33.85,222.98,33.51,106.68,43.87,76.77,55.72,rough
2992,2477,2027,2479.54,2027.93,-7.419161,84.087914,646,263.45,84.35,623.82,51.94,237.62,66.29,116.01,48.19,rough
2993,2506,2033,2506.28,2031.35,-7.473331,84.511103,1016,659.51,180.29,1590.45,68.8,528.59,75.54,132.2,34.44,severe
2994,2534,2033,2535.88,2031.06,-7.468806,84.979777,1282,857.95,272.26,1462.95,75.02,539.53,84.52,147.91,31.98,severe
2995,2578,2033,2578.58,2030.25,-7.456012,85.655725,1148,871.11,200.3,1357.99,74.29,550.39,85.29,149.26,31.44,severe
2996,2613,2035,2610.71,2031.5,-7.475812,86.164327,1069,788.31,213.84,1280.68,73.8,561.36,78.63,137.61,32.14,severe
2997,2638,2030,2640.18,2028.32,-7.425351,86.630868,1162,810.43,293.51,1379.12,75.6,593.03,58.57,102.5,32.43,severe
2998,2674,2038,2671.8,2038.17,-7.581327,87.131545,1146,438.52,30.28,866.17,70.16,478.41,37.78,66.11,40.68,severe
2999,2699,2026,2700.97,2028.72,-7.431772,87.59328,1012,312.08,-64.35,1323.17,70.86,521.87,12.65,22.15,41.97,severe
3000,2744,2034,2733.7,2035.11,-7.532872,88.111463,516,279.23,-64.26,1416.06,73.17,593.4,8.59,15.03,39.98,severe
3001,2756,2042,2753.36,2048.21,-7.74029,88.4226,228,118.26,-59.32,415.78,68.0,392.01,6.45,11.28,48.39,rough
3002,52,2067,59.54,2069.64,-8.079579,45.776921,221,82.71,-65.4,246.55,75.02,498.99,2.93,5.14,45.12,rough
3003,76,2053,77.28,2059.66,-7.921529,46.057741,387,69.44,-68.37,271.56,70.74,448.1,2.83,4.95,47.02,rough
3004,106,2062,97.42,2064.9,-8.004454,46.376498,408,104.11,-61.12,279.29,65.91,379.13,4.77,8.35,49.07,rough
3005,144,2067,145.5,2074.25,-8.152443,47.137673,257,41.67,-66.87,262.47,71.92,420.03,2.56,4.49,48.23,rough
3006,172,2068,176.0,2066.75,-8.033865,47.620549,616,35.19,-87.04,203.23,63.25,296.18,3.81,6.67,52.56,rough
3007,204,2059,194.47,2064.5,-7.9981,47.912876,232,-7.68,-80.21,161.85,52.08,201.19,3.29,5.76,56.25,rough
3008,239,2063,231.6,2061.57,-7.951814,48.500696,285,16.55,-62.13,143.12,62.67,263.63,3.39,5.93,53.87,rough
3009,1019,2057,1022.38,2056.58,-7.872768,61.019492,368,-58.27,-61.99,-52.92,3.12,7.35,6.37,11.15,100.0,open
3010,1035,2068,1038.05,2066.66,-8.0323,61.267597,721,-48.75,-59.27,-36.59,4.01,9.01,22.25,38.95,98.23,easy
3011,1070,2065,1070.03,2063.0,-7.974351,61.773862,1130,-32.12,-41.39,-26.09,2.56,6.39,49.2,86.11,98.51,open
3012,1104,2057,1103.84,2055.04,-7.848429,62.309216,1111,-23.82,-29.31,-21.03,1.25,3.16,80.32,140.55,98.31,open
3013,1138,2063,1138.43,2061.01,-7.942873,62.856816,1118,-10.73,-36.35,59.85,12.89,35.96,106.67,186.68,77.05,easy
3014,1176,2057,1172.73,2058.99,-7.910893,63.399768,850,62.19,-18.7,150.41,30.16,76.66,138.69,242.72,53.43,rough
3015,1197,2063,1199.49,2061.72,-7.954225,63.823343,863,71.54,-21.0,163.31,34.84,89.55,163.1,285.43,52.91,rough
3016,1226,2058,1224.85,2058.9,-7.909585,64.224835,1078,1.44,-23.43,148.54,15.4,47.08,188.26,329.45,72.43,easy
3017,1254,2066,1256.76,2066.59,-8.031191,64.730102,1285,-8.29,-23.37,20.73,6.16,14.27,217.37,380.4,88.93,easy
3018,1302,2065,1296.53,2065.1,-8.007677,65.359642,884,7.68,-8.61,36.72,10.21,24.22,256.61,449.07,81.77,easy
3019,1320,2057,1323.86,2059.46,-7.918375,65.792272,757,19.24,-14.38,67.98,17.7,43.42,284.5,497.88,68.63,moderate
3020,1359,2058,1357.7,2063.27,-7.978675,66.327949,1016,-2.79,-14.25,26.86,7.31,18.8,317.29,555.25,86.83,easy
3021,1388,2060,1388.78,2062.93,-7.973335,66.820057,991,11.07,1.0,23.49,4.9,11.5,347.3,607.78,90.99,easy
3022,1430,2065,1425.55,2065.47,-8.013512,67.402138,959,11.42,0.74,26.21,5.38,11.5,379.63,664.34,90.18,easy
3023,1451,2061,1454.55,2060.22,-7.930369,67.861166,888,8.89,-4.38,32.05,5.07,11.28,398.42,697.23,90.73,easy
3024,1492,2066,1492.47,2065.07,-8.007133,68.461547,935,10.99,2.02,39.85,7.11,14.64,424.74,743.29,87.21,easy
3025,1525,2056,1522.71,2061.03,-7.943162,68.940226,865,17.8,6.04,51.42,8.14,19.45,439.86,769.75,85.3,easy
3026,1546,2055,1550.55,2058.87,-7.909113,69.381078,1013,16.33,6.7,115.35,10.08,31.21,456.38,798.67,81.68,easy
3027,1592,2054,1587.99,2060.46,-7.934266,69.973753,1055,60.01,12.32,373.09,33.03,115.75,483.34,845.85,52.06,rough
3028,1616,2056,1619.91,2059.27,-7.915426,70.478994,885,68.47,15.52,376.95,29.0,88.68,505.52,884.66,52.96,rough
3029,1656,2058,1651.55,2057.89,-7.893499,70.979984,869,82.33,38.62,139.07,22.04,55.5,511.34,894.84,60.59,moderate
3030,1675,2066,1680.07,2067.52,-8.045957,71.431487,937,165.0,59.75,341.38,42.16,136.71,486.91,852.09,50.59,rough
3031,1718,2056,1716.84,2059.83,-7.924277,72.013588,1015,200.96,94.34,381.65,39.89,117.96,449.36,786.38,51.01,rough
3032,1748,2069,1746.85,2068.43,-8.060429,72.488659,827,161.75,76.34,292.33,37.16,99.85,422.59,739.53,51.92,rough
3033,1768,2055,1771.61,2057.93,-7.894107,72.880643,997,64.1,30.86,94.0,12.03,29.53,395.95,692.92,78.18,easy
3034,1806,2056,1803.21,2057.42,-7.88615,73.380905,896,52.9,34.51,78.95,9.23,20.23,365.42,639.48,83.23,easy
3035,1832,2065,1833.76,2063.71,-7.985711,73.86455,1011,55.31,38.64,121.35,11.98,39.35,338.35,592.11,77.99,easy
3036,1866,2057,1864.95,2063.27,-7.978679,74.358289,1056,89.15,49.0,376.25,22.99,89.7,308.95,540.67,57.75,rough
3037,1897,2057,1899.27,2056.84,-7.876824,74.90153,1091,147.5,69.27,424.85,40.26,156.84,274.67,480.67,50.0,rough
3038,1940,2067,1938.15,2067.74,-8.04952,75.517172,1167,289.71,145.9,568.25,52.21,200.13,243.88,426.78,47.49,rough
3039,1967,2059,1966.87,2062.42,-7.965202,75.971761,850,341.09,206.2,541.42,51.69,197.2,215.71,377.49,47.24,rough
3040,1995,2054,1997.03,2059.15,-7.913402,76.449296,852,433.63,182.17,853.49,63.39,337.46,187.15,327.51,41.63,severe
3041,2028,2062,2026.82,2065.07,-8.007167,76.920847,1154,448.16,204.74,869.07,58.69,245.62,164.14,287.25,44.78,rough
3042,2066,2060,2062.42,2061.58,-7.951994,77.484475,1032,366.23,239.06,738.08,51.93,247.14,133.23,233.15,45.3,rough
3043,2087,2063,2092.35,2065.11,-8.007795,77.958207,851,645.09,338.1,918.23,63.54,301.9,112.16,196.27,41.43,severe
3044,2131,2056,2127.02,2059.84,-7.924361,78.507167,1116,763.85,512.28,1064.58,62.13,277.25,81.79,143.13,42.12,rough
3045,2153,2055,2155.32,2059.81,-7.923948,78.95505,1004,1001.94,660.08,1298.28,68.63,395.14,59.51,104.15,38.03,severe
3046,2193,2054,2191.38,2060.37,-7.932807,79.525949,913,598.78,56.2,975.19,71.46,437.99,32.54,56.94,41.4,severe
3047,2228,2071,2225.81,2069.5,-8.077289,80.07111,942,91.14,-61.62,752.68,44.31,219.13,19.96,34.92,53.64,rough
3048,2256,2059,2255.31,2065.86,-8.019692,80.53799,641,65.61,-61.78,452.73,43.98,216.37,11.9,20.83,54.54,rough
3049,2285,2063,2278.56,2065.68,-8.016832,80.906051,299,158.17,-58.78,494.0,72.14,399.51,6.91,12.09,47.81,rough
3050,2397,2048,2402.21,2042.81,-7.654768,82.863648,407,-39.08,-62.33,-17.79,15.32,42.35,7.19,12.59,79.45,easy
3051,2423,2065,2427.26,2058.06,-7.896142,83.260151,579,-19.24,-61.91,70.19,23.59,66.68,9.27,16.22,64.61,moderate
3052,2453,2061,2453.73,2062.36,-7.964353,83.679161,1033,32.18,-40.31,105.91,23.51,57.73,24.36,42.64,63.52,moderate
3053,2484,2055,2484.21,2058.26,-7.899451,84.161691,1048,98.55,26.6,215.31,28.78,79.55,43.13,75.47,56.72,rough
3054,2517,2069,2513.97,2065.47,-8.013564,84.6329,838,168.54,46.9,374.24,35.8,115.57,46.27,80.98,54.72,rough
3055,2543,2068,2544.41,2066.31,-8.026827,85.114833,812,267.17,106.26,633.37,49.62,189.52,50.71,88.74,51.07,rough
3056,2568,2054,2569.68,2056.47,-7.871087,85.514874,1060,611.6,184.43,1209.91,68.72,462.46,62.11,108.69,38.15,severe
3057,2612,2063,2607.61,2062.43,-7.965432,86.115311,877,742.43,259.66,1351.03,72.98,483.13,61.0,106.74,36.6,severe
3058,2634,2065,2637.77,2064.16,-7.992795,86.592816,990,722.31,244.9,1211.51,72.23,514.02,59.09,103.41,35.8,severe
3059,2674,2071,2673.57,2067.84,-8.051012,87.159528,852,373.64,59.35,748.17,63.1,317.19,53.09,92.9,45.64,rough
3060,2705,2065,2705.93,2061.91,-7.957203,87.671764,1027,569.26,186.3,1065.93,70.63,460.55,40.37,70.65,40.2,severe
3061,2737,2060,2736.36,2062.75,-7.970424,88.153525,1085,414.02,146.99,1305.16,64.75,375.82,27.98,48.96,45.24,rough
3062,2771,2059,2765.27,2064.06,-7.991201,88.611179,434,173.92,-59.97,638.25,66.37,369.04,10.0,17.5,48.54,rough
3063,2784,2078,2782.4,2078.41,-8.218441,88.882382,256,30.62,-61.71,225.98,58.06,294.17,6.01,10.52,52.49,rough
3064,52,2088,59.18,2085.05,-8.323461,45.771188,188,53.31,-66.94,172.96,70.44,352.1,3.03,5.3,50.51,rough
3065,78,2094,74.08,2092.21,-8.436906,46.007101,374,43.79,-67.67,229.57,70.15,356.8,3.0,5.26,50.42,rough
3066,111,2096,113.04,2098.03,-8.528994,46.623755,227,43.27,-65.63,256.1,73.14,406.59,2.58,4.51,48.69,rough
3067,143,2097,144.7,2091.72,-8.429099,47.125111,308,40.95,-73.66,203.53,63.66,324.14,3.41,5.97,51.56,rough
3068,167,2091,166.74,2090.08,-8.403062,47.473917,526,100.68,-60.14,374.39,68.84,359.86,4.19,7.33,49.82,rough
3069,199,2096,197.59,2094.69,-8.476089,47.962286,254,36.63,-66.35,186.08,72.18,346.42,2.56,4.48,50.87,rough
3070,239,2095,234.93,2101.66,-8.58643,48.553476,302,20.73,-67.28,222.96,60.02,274.86,4.15,7.27,53.38,rough
3071,343,2109,345.9,2113.84,-8.779318,50.310263,102,-52.72,-62.14,-42.23,9.99,43.05,4.47,7.83,88.54,easy
3072,356,2107,353.54,2113.26,-8.770075,50.431231,81,-52.28,-65.39,-42.47,15.14,50.36,2.92,5.1,79.89,easy
3073,478,2097,482.51,2100.78,-8.572501,52.472927,86,-48.42,-61.45,20.57,23.53,110.48,3.45,6.03,63.81,moderate
3074,487,2092,490.06,2094.9,-8.479443,52.592363,232,-45.61,-64.82,84.01,22.15,101.74,3.75,6.56,66.37,moderate
3075,531,2096,526.27,2099.49,-8.552084,53.165616,517,-23.24,-68.2,39.01,31.0,100.6,4.44,7.77,59.83,moderate
3076,553,2102,548.82,2105.9,-8.653609,53.52258,287,2.88,-60.93,63.49,36.09,136.85,6.57,11.5,58.2,moderate
3077,578,2109,573.4,2115.21,-8.800892,53.911779,170,-37.26,-63.5,-6.8,31.69,92.29,3.41,5.97,60.3,moderate
3078,1017,2093,1020.42,2086.22,-8.342059,60.988495,247,-58.36,-62.12,-54.92,4.38,8.79,4.56,7.99,99.06,easy
3079,1040,2090,1041.34,2090.75,-8.413756,61.319773,624,-55.23,-62.0,-41.83,3.39,8.15,13.18,23.06,100.0,open
3080,1065,2093,1067.4,2093.06,-8.450337,61.732249,867,-46.16,-52.37,-39.31,2.76,6.19,29.62,51.83,99.8,open
3081,1105,2086,1105.18,2088.92,-8.384719,62.330387,1295,-36.1,-44.97,-22.29,4.88,10.63,65.5,114.62,93.28,easy
3082,1144,2089,1143.61,2089.35,-8.391567,62.93875,983,-20.75,-39.85,54.0,14.69,37.5,102.05,178.59,74.09,easy
3083,1175,2093,1171.99,2095.97,-8.496406,63.388023,976,-25.45,-37.58,4.95,5.23,14.87,129.25,226.19,90.58,easy
3084,1192,2090,1196.73,2092.69,-8.444427,63.77977,926,-22.25,-27.9,8.76,3.39,9.04,154.04,269.57,93.79,open
3085,1229,2101,1228.42,2100.01,-8.560354,64.281321,1356,-18.71,-26.0,-15.23,1.64,4.08,184.99,323.73,96.84,open
3086,1265,2100,1264.55,2099.59,-8.553606,64.853408,1204,-15.3,-19.55,-7.42,1.45,3.74,221.03,386.8,97.14,open
3087,1299,2090,1298.62,2092.33,-8.438666,65.392778,1132,-6.99,-13.78,21.02,5.21,12.24,255.41,446.97,90.57,easy
3088,1335,2091,1333.18,2088.54,-8.378746,65.939917,1011,-4.15,-15.5,106.46,10.01,29.64,290.13,507.72,82.0,easy
3089,1353,2103,1357.8,2098.72,-8.539837,66.329616,855,12.94,-6.72,87.27,14.36,38.94,314.11,549.7,74.35,easy
3090,1394,2094,1390.98,2094.61,-8.474771,66.854804,1286,31.42,2.67,144.72,12.84,32.04,347.48,608.09,76.98,easy
3091,1421,2099,1421.4,2097.9,-8.526928,67.336444,883,18.97,2.48,34.0,8.09,16.71,377.7,660.98,85.47,easy
3092,1449,2089,1450.69,2090.41,-8.408275,67.800133,967,8.64,3.09,17.9,3.69,8.0,407.09,712.4,93.13,open
3093,1485,2089,1482.38,2090.61,-8.411446,68.301788,918,6.58,1.47,15.56,3.77,7.72,435.92,762.86,93.01,open
3094,1512,2095,1515.58,2092.82,-8.446481,68.827463,1109,29.34,4.89,92.61,14.17,32.43,460.13,805.23,74.79,easy
3095,1560,2093,1555.16,2088.25,-8.374129,69.454051,1139,37.53,17.75,87.35,12.3,30.6,481.61,842.82,77.88,easy
3096,1574,2101,1580.59,2097.2,-8.515918,69.85653,864,123.66,35.56,359.7,44.18,151.57,504.97,883.7,50.35,rough
3097,1617,2090,1615.66,2090.84,-8.415199,70.411757,1437,55.22,17.81,185.77,19.97,51.72,524.29,917.5,64.34,moderate
3098,1655,2088,1651.1,2087.14,-8.356609,70.972747,882,128.08,27.1,297.48,38.99,113.18,519.81,909.66,51.68,rough
3099,1674,2100,1677.0,2100.97,-8.575535,71.382862,922,157.37,46.58,365.64,39.27,132.19,498.84,872.97,50.81,rough
3100,1709,2094,1708.77,2091.64,-8.427859,71.885802,1211,408.42,174.08,650.3,59.12,249.6,465.76,815.09,44.92,rough
3101,1747,2091,1748.41,2092.6,-8.443082,72.513382,1000,230.65,65.17,594.53,44.63,180.96,428.41,749.71,48.57,rough
3102,1784,2103,1781.96,2100.44,-8.567209,73.044531,951,117.33,56.49,326.16,24.72,75.39,399.77,699.6,55.22,rough
3103,1802,2088,1801.99,2087.29,-8.358888,73.361532,1029,130.28,42.15,317.36,28.79,92.68,376.34,658.6,52.39,rough
3104,1833,2093,1836.1,2092.64,-8.443702,73.90162,1065,181.08,56.25,415.32,42.14,156.62,346.79,606.88,49.78,rough
3105,1878,2103,1874.64,2100.57,-8.569265,74.511629,1286,267.53,76.15,993.57,47.62,272.33,315.32,551.81,45.09,rough
3106,1903,2086,1903.37,2086.39,-8.344693,74.96653,1095,174.43,81.85,605.61,33.66,124.04,283.29,495.77,50.98,rough
3107,1932,2100,1933.22,2100.46,-8.567448,75.439069,1196,468.6,167.36,752.0,59.1,266.63,262.77,459.84,43.9,rough
3108,1976,2096,1970.57,2093.31,-8.45422,76.030422,868,549.6,296.52,920.35,62.98,272.24,226.74,396.79,43.14,rough
3109,1992,2095,1998.55,2091.23,-8.421353,76.473364,985,759.74,353.02,1593.19,70.33,516.88,202.09,353.66,33.03,severe
3110,2039,2097,2037.68,2094.02,-8.46543,77.092748,1150,397.14,197.13,1005.13,56.77,274.92,172.77,302.34,44.1,rough
3111,2069,2103,2066.85,2100.08,-8.561377,77.554485,720,634.12,363.02,908.9,58.47,262.22,153.74,269.05,42.91,rough
3112,2087,2093,2090.16,2092.89,-8.447635,77.923499,978,739.59,481.46,984.37,63.75,299.73,131.08,229.39,40.85,severe
3113,2122,2098,2122.35,2096.65,-8.50707,78.433112,1435,762.4,509.28,1036.58,54.12,221.78,107.96,188.93,43.45,rough
3114,2160,2100,2156.33,2095.26,-8.485114,78.971182,965,963.69,660.86,1319.07,66.91,370.46,81.75,143.07,37.44,severe
3115,2183,2093,2185.92,2089.77,-8.398294,79.439527,1195,750.19,335.25,1301.64,67.52,377.42,58.2,101.85,40.5,severe
3116,2229,2092,2226.73,2092.75,-8.445452,80.085583,869,185.38,4.41,783.44,47.98,218.53,40.2,70.35,51.43,rough
3117,2253,2104,2251.51,2101.58,-8.585214,80.477918,761,171.52,-31.11,456.27,55.81,237.12,26.01,45.52,51.97,rough
3118,2277,2089,2271.72,2087.88,-8.36835,80.797805,609,84.06,-62.38,348.73,59.79,289.51,9.94,17.39,51.98,rough
3119,2447,2095,2452.47,2086.86,-8.352181,83.659366,493,-43.57,-62.97,-8.49,13.9,37.55,7.54,13.19,81.98,easy
3120,2485,2098,2485.26,2090.98,-8.417414,84.178326,922,-15.81,-62.08,55.6,19.64,50.95,12.86,22.51,71.39,moderate
3121,2520,2086,2516.32,2088.24,-8.373949,84.670135,599,52.99,-25.54,147.1,31.04,80.15,25.94,45.4,58.35,moderate
3122,2538,2091,2540.55,2092.43,-8.440364,85.053718,643,56.45,-25.98,206.27,32.82,96.36,24.67,43.18,57.85,rough
3123,2572,2094,2570.43,2090.34,-8.407175,85.526746,926,100.91,-30.26,299.04,37.5,105.33,28.79,50.38,56.91,rough
3124,2602,2089,2600.86,2087.88,-8.368237,86.008516,905,151.33,1.85,412.19,44.75,165.76,35.27,61.73,53.92,rough
3125,2630,2098,2630.28,2097.29,-8.517298,86.474196,904,88.23,-40.31,305.98,39.93,124.13,26.71,46.74,56.49,rough
3126,2662,2087,2661.19,2090.48,-8.409408,86.963481,975,166.22,0.74,705.03,47.37,204.45,35.19,61.58,52.45,rough
3127,2699,2089,2698.09,2092.96,-8.448759,87.547743,1044,172.09,-6.61,704.18,47.52,278.63,38.38,67.17,49.54,rough
3128,2730,2099,2731.54,2096.64,-8.506974,88.077205,1183,118.33,-28.28,509.21,44.05,206.75,27.39,47.93,53.31,rough
3129,2774,2088,2768.27,2090.62,-8.411746,88.658785,911,381.98,115.68,1127.09,71.05,454.67,21.68,37.94,43.16,rough
3130,2801,2091,2795.79,2097.96,-8.527816,89.09442,390,119.65,-61.52,991.57,61.87,471.38,8.51,14.9,45.41,rough
3131,2816,2111,2812.25,2114.72,-8.793128,89.354972,355,-22.44,-61.76,81.9,32.63,99.9,6.67,11.67,59.67,moderate
3132,78,2121,73.72,2113.48,-8.773569,46.001436,200,-1.2,-63.84,174.2,53.42,229.61,3.62,6.34,55.18,rough
3133,111,2112,107.17,2108.87,-8.700586,46.530922,146,43.41,-67.99,236.55,70.88,379.66,2.98,5.21,49.61,rough
3134,146,2124,144.34,2124.99,-8.955797,47.11936,545,85.58,-66.86,297.06,68.92,359.52,3.97,6.94,49.96,rough
3135,169,2120,172.28,2118.39,-8.851321,47.561714,603,75.75,-60.8,418.84,66.25,359.62,4.48,7.84,49.98,rough
3136,202,2113,201.56,2116.12,-8.815339,48.025131,692,136.09,-62.11,427.99,71.03,403.61,5.21,9.12,47.95,rough
3137,236,2124,229.27,2118.4,-8.851473,48.463848,409,94.19,-64.9,377.47,64.74,325.57,6.3,11.03,50.91,rough
3138,337,2123,343.53,2126.53,-8.980154,50.272703,170,-50.31,-66.5,-37.62,20.16,61.24,3.2,5.6,71.16,moderate
3139,361,2131,355.76,2135.89,-9.128366,50.466313,461,-40.04,-63.96,-24.1,17.43,49.04,4.91,8.59,75.9,easy
3140,392,2131,385.26,2134.04,-9.099014,50.933379,160,27.41,-58.36,155.05,67.83,251.17,3.8,6.64,54.2,rough
3141,479,2116,484.35,2112.27,-8.754392,52.502042,134,2.39,-65.2,151.3,55.66,212.54,4.71,8.25,55.67,rough
3142,497,2121,502.86,2117.05,-8.830127,52.79507,380,2.66,-67.9,233.37,50.78,185.75,3.62,6.34,56.7,rough
3143,534,2124,530.7,2125.08,-8.95727,53.235742,870,226.49,-37.97,730.35,52.31,313.94,15.77,27.6,49.67,rough
3144,559,2125,559.62,2126.72,-8.983149,53.693704,629,179.88,-69.08,684.07,62.14,371.37,9.53,16.68,48.45,rough
3145,595,2140,598.66,2143.07,-9.242041,54.311632,111,-52.97,-65.87,18.91,26.77,74.08,1.77,3.09,61.18,moderate
3146,621,2140,614.35,2141.27,-9.213578,54.560134,62,-57.01,-65.17,-50.01,18.51,60.23,1.66,2.9,74.1,easy
3147,1009,2123,1016.16,2129.8,-9.031885,60.921068,621,-57.43,-62.04,-50.29,3.45,8.25,8.54,14.95,100.0,open
3148,1048,2121,1046.76,2124.13,-8.942126,61.405474,1084,-53.64,-62.08,-46.54,2.82,6.2,15.01,26.26,100.0,open
3149,1080,2119,1079.4,2117.05,-8.830116,61.922193,848,-41.97,-50.94,-24.0,4.36,10.59,37.28,65.25,96.37,easy
3150,1097,2130,1102.11,2129.14,-9.021451,62.281836,1036,-24.66,-49.26,-15.94,4.71,12.17,62.02,108.53,93.7,easy
3151,1138,2118,1136.04,2119.53,-8.86929,62.818852,1343,-20.24,-33.25,-13.21,2.92,6.6,93.07,162.87,94.66,open
3152,1168,2136,1165.31,2133.11,-9.084323,63.282275,1078,-17.51,-25.88,-11.57,1.82,4.28,123.94,216.89,96.53,open
3153,1199,2134,1198.33,2127.62,-8.997428,63.805095,925,-20.59,-29.65,-3.55,4.91,12.29,155.59,272.28,91.16,easy
3154,1228,2135,1230.91,2132.49,-9.0745,64.320754,998,-10.49,-29.18,64.25,15.94,40.28,188.44,329.77,71.85,moderate
3155,1269,2134,1264.87,2130.34,-9.040439,64.858433,726,-20.6,-23.16,-18.3,0.85,2.03,221.91,388.34,98.23,open
3156,1289,2127,1292.75,2125.56,-8.964746,65.29975,1025,-19.1,-24.58,-12.64,1.9,4.24,249.42,436.49,96.41,open
3157,1329,2124,1325.28,2123.98,-8.939775,65.814726,1083,-14.62,-23.53,-5.63,2.09,5.57,281.79,493.13,96.02,open
3158,1355,2121,1360.73,2123.65,-8.934569,66.37595,897,14.79,-11.74,130.75,15.22,38.87,317.11,554.94,72.93,easy
3159,1398,2135,1394.07,2133.57,-9.09168,66.903766,1179,21.83,-5.91,148.06,15.25,38.01,350.99,614.23,72.85,easy
3160,1422,2125,1425.1,2127.76,-8.999656,67.395075,1064,25.1,6.88,44.99,10.06,21.24,381.64,667.87,82.0,easy
3161,1460,2122,1457.26,2122.84,-8.921788,67.904193,1137,23.13,3.34,60.81,11.11,23.53,413.6,723.8,80.2,easy
3162,1485,2124,1487.58,2124.03,-8.940512,68.384205,988,27.94,3.22,92.65,13.17,30.11,443.91,776.84,76.53,easy
3163,1520,2120,1522.6,2122.78,-8.920773,68.938603,1237,90.98,21.5,222.2,28.28,72.55,478.16,836.77,53.37,rough
3164,1559,2121,1554.8,2124.45,-8.947157,69.448318,1056,142.0,41.57,398.6,37.87,123.79,506.83,886.95,51.21,rough
3165,1584,2125,1585.34,2126.7,-8.982827,69.931803,928,141.86,56.14,334.59,37.68,122.42,530.17,927.8,51.26,rough
3166,1612,2130,1613.34,2129.23,-9.022986,70.37512,1166,62.73,27.48,158.2,15.75,36.47,549.53,961.69,71.8,moderate
3167,1648,2119,1646.42,2119.99,-8.87661,70.898741,1163,44.39,24.13,75.34,13.64,28.59,533.79,934.13,75.69,easy
3168,1682,2133,1681.02,2131.85,-9.064393,71.446419,950,54.07,38.9,114.39,9.45,23.69,505.16,884.04,82.74,easy
3169,1710,2125,1709.69,2127.19,-8.990673,71.900319,1011,109.6,55.86,242.51,24.73,80.2,476.79,834.39,55.07,rough
3170,1736,2118,1738.82,2119.29,-8.865575,72.361525,1059,159.84,68.57,549.33,33.02,133.55,446.79,781.89,50.74,rough
3171,1779,2124,1775.9,2127.46,-8.994915,72.948476,1152,269.14,64.19,907.09,48.73,245.01,416.03,728.06,46.04,rough
3172,1812,2134,1812.31,2133.78,-9.094995,73.52501,1169,783.01,292.96,1274.5,65.84,376.28,385.87,675.27,37.84,severe
3173,1837,2119,1840.18,2121.42,-8.89919,73.966178,1202,786.78,242.21,1421.79,71.9,534.28,355.4,621.95,32.23,severe
3174,1879,2133,1873.56,2131.56,-9.059758,74.494602,857,812.6,499.1,1251.03,69.7,468.07,329.97,577.45,34.39,severe
3175,1902,2130,1902.96,2126.91,-8.986235,74.960072,856,601.61,373.3,867.06,63.46,308.05,302.03,528.55,41.51,severe
3176,1927,2134,1928.19,2132.49,-9.074577,75.359427,895,578.54,376.11,815.71,61.55,282.75,283.4,495.96,42.57,rough
3177,1965,2121,1962.99,2123.32,-8.929271,75.910336,1126,665.66,285.73,1052.86,66.61,343.74,249.65,436.88,39.81,severe
3178,1995,2121,1996.53,2123.67,-8.934902,76.441349,1015,660.31,371.06,1181.88,61.47,334.35,223.38,390.91,40.17,severe
3179,2029,2121,2029.15,2122.57,-8.91741,76.957775,1083,531.62,322.75,1274.7,61.74,359.42,197.09,344.91,40.18,severe
3180,2068,2123,2066.18,2128.19,-9.006493,77.54401,1108,681.68,371.79,973.67,65.68,352.54,169.13,295.98,39.38,severe
3181,2099,2134,2097.25,2131.55,-9.059603,78.03576,1042,819.86,548.45,1246.86,66.54,380.51,142.83,249.96,37.44,severe
3182,2127,2136,2127.11,2131.37,-9.056857,78.508506,809,940.94,725.33,1339.02,64.06,307.5,119.14,208.5,39.18,severe
3183,2160,2122,2160.38,2126.06,-8.972725,79.03528,1147,1045.8,759.19,1453.67,66.87,359.8,94.21,164.87,36.61,severe
3184,2196,2123,2193.46,2127.56,-8.996419,79.558975,1056,785.42,312.65,1230.83,72.02,512.04,71.66,125.41,34.45,severe
3185,2214,2118,2218.57,2120.97,-8.892207,79.956452,1118,362.34,145.86,1026.72,63.65,354.16,54.14,94.75,44.33,rough
3186,2259,2121,2254.72,2125.49,-8.963721,80.52879,926,319.4,-61.38,857.86,64.57,401.92,20.09,35.16,45.58,rough
3187,2279,2132,2271.59,2136.08,-9.131279,80.795841,278,170.08,-56.41,430.01,70.78,449.1,6.22,10.89,46.03,rough
3188,2513,2115,2514.53,2107.72,-8.682331,84.641795,406,-43.58,-62.01,-10.64,15.78,41.71,7.01,12.27,78.75,easy
3189,2544,2117,2545.9,2110.61,-8.728072,85.138414,429,-37.17,-61.92,9.85,20.6,45.06,6.66,11.65,70.64,moderate
3190,2582,2112,2580.88,2110.95,-8.733491,85.692091,542,-27.86,-62.14,36.32,20.36,45.74,10.33,18.07,70.66,moderate
3191,2602,2121,2605.94,2115.27,-8.801924,86.088802,450,-40.73,-62.1,9.63,17.41,40.21,8.4,14.7,75.98,easy
3192,2639,2123,2640.32,2116.24,-8.8173,86.633073,491,-39.22,-61.84,14.82,16.99,39.17,7.83,13.7,76.75,easy
3193,2671,2125,2672.17,2117.13,-8.831368,87.137432,710,-24.76,-61.96,42.37,18.61,44.41,12.15,21.27,73.45,easy
3194,2697,2131,2699.07,2122.18,-8.91137,87.563134,645,-40.83,-62.14,2.36,12.63,28.94,10.76,18.82,84.11,easy
3195,2734,2124,2731.26,2118.4,-8.851411,88.072761,471,-42.49,-62.31,5.95,17.16,40.22,6.73,11.77,76.53,easy
3196,2766,2121,2765.08,2112.43,-8.757025,88.608276,584,102.75,-69.48,712.06,59.04,415.69,8.97,15.7,47.46,rough
3197,2799,2127,2801.7,2123.28,-8.928704,89.187891,501,-2.65,-62.33,297.55,41.51,258.54,6.31,11.04,53.96,rough
3198,2834,2136,2827.43,2137.73,-9.157534,89.595238,470,59.44,-61.73,608.58,50.99,320.36,7.28,12.73,51.26,rough
3199,153,2149,154.91,2148.3,-9.324852,47.286659,33,-17.18,-69.57,79.28,71.28,328.99,1.66,2.9,51.93,rough
3200,161,2147,164.65,2146.85,-9.301864,47.440803,161,23.19,-71.41,177.88,71.0,331.04,2.47,4.31,51.51,rough
3201,335,2163,339.69,2163.52,-9.565775,50.211981,209,-53.02,-66.27,-42.24,21.95,63.26,2.21,3.87,68.22,moderate
3202,367,2163,365.67,2162.72,-9.553162,50.623206,109,-52.38,-66.71,-38.38,25.76,62.56,2.08,3.64,61.95,moderate
3203,390,2148,382.68,2144.32,-9.261734,50.892558,212,-34.52,-64.87,35.02,32.6,127.81,4.14,7.24,58.97,moderate
3204,504,2157,512.43,2155.0,-9.430817,52.946642,292,-26.84,-66.75,53.34,41.47,133.17,3.29,5.76,58.79,moderate
3205,534,2154,531.43,2156.23,-9.450378,53.247383,771,225.43,-42.81,729.07,62.14,317.48,12.76,22.34,49.79,rough
3206,550,2152,555.17,2155.96,-9.44607,53.623119,951,274.49,-58.7,730.82,64.14,381.4,9.66,16.9,47.43,rough
3207,591,2159,585.38,2163.22,-9.561034,54.101384,536,163.88,-62.61,633.48,71.78,478.22,7.67,13.42,44.93,rough
3208,612,2167,606.48,2173.0,-9.715829,54.435472,304,219.55,-68.98,638.9,72.9,518.95,7.12,12.47,43.14,rough
3209,661,2172,661.33,2174.42,-9.738256,55.303849,48,-50.24,-63.8,-35.96,34.25,165.9,1.69,2.95,57.92,rough
3210,1016,2161,1011.94,2160.24,-9.513857,60.854319,1025,-51.77,-61.7,-45.84,3.34,7.72,13.94,24.4,100.0,open
3211,1035,2161,1038.99,2157.74,-9.474198,61.282498,950,-45.36,-50.77,-40.58,1.91,4.24,37.12,64.96,100.0,open
3212,1072,2151,1069.98,2152.25,-9.387304,61.773047,1121,-44.82,-51.89,-39.11,1.79,4.09,49.24,86.16,99.94,open
3213,1101,2162,1099.44,2163.43,-9.564364,62.239531,976,-41.02,-47.7,-21.31,2.9,7.13,76.99,134.74,95.82,open
3214,1127,2160,1130.89,2158.26,-9.482524,62.737384,1332,-24.53,-42.38,-13.98,3.84,9.62,99.82,174.68,93.04,open
3215,1176,2156,1172.28,2159.78,-9.506552,63.39271,934,-13.04,-18.13,-7.78,1.55,3.8,137.86,241.26,96.97,open
3216,1200,2152,1200.86,2156.1,-9.448337,63.845012,678,-7.91,-14.07,-3.82,2.61,6.18,163.69,286.46,95.1,open
3217,1226,2159,1226.95,2160.22,-9.51357,64.258105,831,-16.55,-25.06,-10.73,2.29,5.77,189.91,332.34,95.69,open
3218,1266,2150,1265.37,2156.77,-9.458895,64.866304,1153,-21.49,-25.04,-15.65,1.4,3.18,226.43,396.25,97.3,open
3219,1304,2159,1299.54,2159.28,-9.498599,65.407207,1039,-18.65,-24.86,-12.34,2.39,5.24,260.46,455.81,95.56,open
3220,1324,2160,1326.33,2158.75,-9.490184,65.831371,746,-20.49,-24.38,-12.37,2.25,4.9,286.64,501.62,95.82,open
3221,1350,2151,1354.37,2153.52,-9.407372,66.275298,1251,-9.96,-17.95,16.78,4.57,11.38,313.57,548.74,91.68,easy
3222,1396,2163,1393.7,2163.33,-9.562691,66.897956,1160,6.22,-5.83,33.19,6.96,16.25,353.84,619.23,87.44,easy
3223,1429,2168,1426.08,2165.87,-9.602958,67.410512,994,24.36,6.81,55.23,9.14,19.62,386.29,676.0,83.59,easy
3224,1452,2164,1452.18,2158.74,-9.490129,67.823655,837,39.72,15.35,64.97,11.84,25.65,411.17,719.55,78.81,easy
3225,1479,2155,1479.16,2154.08,-9.416312,68.250803,934,58.52,28.21,149.78,20.88,51.06,437.47,765.58,62.83,moderate
3226,1512,2158,1513.91,2155.28,-9.435292,68.800958,1189,201.82,45.27,490.78,43.86,193.43,472.18,826.32,48.33,rough
3227,1555,2163,1551.94,2159.0,-9.494168,69.40306,1162,279.27,111.29,442.43,50.38,166.64,510.4,893.2,48.74,rough
3228,1582,2163,1585.24,2160.92,-9.524641,69.930134,1067,112.38,50.58,224.37,30.25,75.78,543.7,951.47,53.11,rough
3229,1621,2161,1619.18,2159.59,-9.503595,70.467503,965,52.7,36.33,130.25,8.6,22.34,566.26,990.96,84.19,easy
3230,1650,2156,1649.51,2153.59,-9.408506,70.947672,974,42.78,37.4,52.26,5.2,10.82,542.42,949.24,90.28,easy
3231,1680,2158,1679.98,2160.5,-9.517907,71.430059,910,52.53,38.09,153.38,9.86,33.53,517.01,904.76,81.71,easy
3232,1707,2167,1708.35,2165.21,-9.592469,71.87911,1064,269.42,66.45,945.22,53.88,301.46,493.16,863.02,44.04,rough
3233,1741,2154,1741.23,2153.5,-9.407113,72.399746,1324,366.68,106.65,1348.82,54.19,338.71,458.48,802.35,42.05,rough
3234,1775,2164,1773.33,2159.61,-9.503788,72.907769,873,939.32,293.93,1429.89,72.48,511.96,432.19,756.33,31.96,severe
3235,1800,2163,1802.43,2162.49,-9.549378,73.368535,1017,1039.37,553.09,1697.45,71.47,562.02,407.08,712.39,29.5,severe
3236,1846,2164,1844.3,2162.24,-9.54547,74.031369,1436,984.97,555.9,1582.96,65.48,431.44,369.24,646.17,34.49,severe
3237,1880,2154,1876.14,2154.67,-9.425586,74.535385,662,900.74,667.95,1437.24,65.0,366.25,339.2,593.6,37.38,severe
3238,1898,2160,1903.77,2161.86,-9.539437,74.972898,907,889.19,561.3,1406.89,68.74,434.47,318.04,556.58,35.05,severe
3239,1940,2154,1940.04,2157.31,-9.467496,75.547015,1193,966.41,626.92,1384.31,62.96,296.32,284.32,497.56,39.4,severe
3240,1974,2161,1972.23,2157.1,-9.464038,76.056677,947,865.24,565.75,1303.0,67.93,376.53,254.72,445.76,37.26,severe
3241,2002,2158,2001.58,2156.79,-9.459167,76.521197,950,780.39,424.38,1487.91,65.0,432.12,226.66,396.65,35.89,severe
3242,2028,2155,2030.38,2153.43,-9.406003,76.977251,1030,671.72,470.84,1206.35,61.56,324.94,199.73,349.52,40.43,severe
3243,2059,2167,2059.21,2163.88,-9.571461,77.433546,1240,934.88,467.56,1516.31,75.31,600.66,169.29,296.26,28.86,severe
3244,2102,2160,2100.79,2163.31,-9.562477,78.091821,1207,872.0,608.92,1488.26,65.81,401.41,129.71,226.99,36.34,severe
3245,2134,2151,2134.04,2154.11,-9.416728,78.618281,769,955.34,717.67,1156.37,64.58,295.05,103.22,180.64,39.52,severe
3246,2152,2166,2152.06,2164.36,-9.579107,78.90353,913,974.18,718.53,1202.03,64.76,303.31,82.65,144.64,39.67,severe
3247,2186,2165,2188.37,2159.99,-9.509875,79.478316,1260,622.12,121.22,1117.38,69.25,455.65,55.02,96.28,38.87,severe
3248,2232,2164,2229.18,2158.68,-9.489118,80.124329,1319,157.43,-50.87,706.2,51.54,265.29,32.21,56.36,50.59,rough
3249,2261,2162,2256.74,2158.44,-9.485251,80.560651,685,222.45,-34.16,727.38,66.14,460.09,17.57,30.74,44.39,rough
3250,2275,2160,2271.06,2157.07,-9.463605,80.787434,192,69.45,-59.9,515.93,71.08,492.58,3.97,6.94,45.36,rough
3251,2799,2159,2806.51,2154.45,-9.422206,89.264016,95,151.72,-91.64,620.92,84.24,1132.31,1.95,3.41,33.37,severe
3252,2831,2159,2830.67,2156.09,-9.448118,89.646601,369,198.02,-57.27,671.7,72.41,607.26,6.16,10.78,40.24,severe
3253,2850,2157,2846.79,2156.84,-9.46001,89.901808,251,-15.33,-62.41,133.15,41.64,189.82,5.72,10.01,56.52,rough
3254,331,2206,336.79,2209.32,-10.290864,50.166035,235,-32.77,-65.51,-6.18,29.03,95.8,4.07,7.12,60.09,moderate
3255,372,2176,368.8,2174.32,-9.736683,50.672731,104,-51.08,-65.05,-37.49,22.35,66.38,2.47,4.32,67.43,moderate
3256,387,2185,392.34,2189.49,-9.976814,51.045468,280,-53.31,-67.85,-38.36,22.24,74.73,2.1,3.67,67.35,moderate
3257,508,2192,512.61,2193.41,-10.038925,52.949352,132,-25.82,-63.26,5.01,40.17,108.73,3.76,6.59,59.61,moderate
3258,520,2186,527.1,2185.5,-9.913746,53.178875,785,25.19,-61.65,148.64,41.67,128.87,10.37,18.15,58.03,moderate
3259,560,2200,555.35,2194.9,-10.062499,53.625954,953,155.73,-46.48,684.93,56.22,277.94,21.17,37.05,51.02,rough
3260,583,2187,582.53,2186.55,-9.930261,54.056269,998,312.32,81.04,755.65,58.65,356.34,24.59,43.03,46.89,rough
3261,615,2196,608.96,2196.88,-10.093793,54.474663,544,323.92,-62.3,743.95,72.87,521.4,9.03,15.81,42.19,rough
3262,660,2183,654.45,2192.22,-10.020128,55.194886,726,38.06,-67.76,312.06,49.78,206.6,9.01,15.77,55.3,rough
3263,685,2193,680.41,2198.29,-10.116177,55.605811,270,45.11,-64.7,301.7,61.25,322.63,5.51,9.65,51.42,rough
3264,728,2202,731.92,2210.02,-10.301872,56.421385,160,-51.17,-63.83,-29.86,14.79,43.1,3.86,6.76,80.64,easy
3265,755,2198,756.74,2204.89,-10.220629,56.814263,221,-55.26,-69.66,-46.11,12.13,54.85,3.43,6.0,84.69,easy
3266,991,2194,996.62,2194.24,-10.052134,60.611792,230,-58.59,-61.93,-49.1,4.98,13.05,4.22,7.38,97.95,easy
3267,1010,2200,1011.81,2197.73,-10.107349,60.8522,681,-50.46,-60.01,-44.95,3.18,7.47,16.47,28.83,100.0,open
3268,1037,2188,1036.75,2187.41,-9.943969,61.247006,781,-43.69,-49.6,-38.18,1.67,3.93,37.2,65.09,100.0,open
3269,1065,2190,1067.1,2188.53,-9.961634,61.72751,1156,-39.04,-42.67,-33.3,1.42,3.33,67.12,117.46,99.15,open
3270,1103,2196,1102.39,2195.73,-10.075626,62.286186,1163,-35.29,-39.57,-29.81,1.69,3.97,99.8,174.65,96.88,open
3271,1137,2194,1135.16,2190.76,-9.997026,62.804937,842,-30.27,-37.34,-15.96,3.14,7.39,121.55,212.71,94.33,open
3272,1162,2192,1161.98,2189.25,-9.97307,63.229545,959,-20.39,-26.26,-12.93,3.24,7.6,142.15,248.76,94.09,open
3273,1191,2189,1193.86,2188.13,-9.955366,63.734287,1146,-15.05,-22.43,-4.19,2.56,5.98,169.22,296.13,95.23,open
3274,1235,2182,1234.53,2183.53,-9.882467,64.378051,1150,-14.85,-20.43,-10.53,1.62,3.93,204.49,357.85,96.85,open
3275,1262,2199,1261.58,2195.17,-10.066749,64.806378,1032,-14.5,-17.08,-9.09,1.37,3.1,233.91,409.34,97.29,open
3276,1291,2198,1290.12,2191.79,-10.013358,65.258148,879,-16.21,-20.65,-11.17,2.15,4.95,259.49,454.11,95.96,open
3277,1321,2185,1323.89,2187.34,-9.942869,65.792794,1098,-19.29,-21.96,-11.34,1.66,3.63,290.5,508.38,96.83,open
3278,1364,2193,1360.05,2188.81,-9.96614,66.365257,1066,-8.68,-15.74,13.59,4.25,10.31,325.88,570.29,92.24,easy
3279,1386,2192,1390.03,2193.09,-10.033877,66.839836,1053,9.57,-4.55,22.19,4.45,9.65,355.99,622.98,91.8,easy
3280,1431,2198,1428.19,2198.68,-10.122435,67.443919,1007,28.26,11.65,72.52,10.07,22.02,394.37,690.15,81.94,easy
3281,1453,2185,1456.8,2188.59,-9.962676,67.896832,896,72.11,16.27,218.6,24.01,68.86,420.29,735.51,56.93,rough
3282,1490,2183,1490.33,2188.16,-9.955873,68.427694,1338,357.89,62.19,823.95,58.87,291.32,453.25,793.19,43.79,rough
3283,1527,2184,1523.87,2185.14,-9.907985,68.958603,964,401.99,210.21,749.34,63.55,300.14,485.83,850.2,43.17,rough
3284,1546,2193,1547.95,2195.62,-10.07389,69.339862,845,255.57,158.23,473.02,51.49,194.95,511.25,894.69,47.91,rough
3285,1575,2188,1577.53,2191.09,-10.002288,69.808217,1086,210.87,68.46,466.19,49.56,201.22,539.74,944.55,47.99,rough
3286,1622,2186,1620.43,2187.62,-9.947284,70.487237,1080,64.59,50.37,101.44,10.07,31.89,570.21,997.87,81.34,easy
3287,1655,2184,1653.07,2185.48,-9.913332,71.004037,948,83.51,42.9,309.39,23.63,80.75,547.57,958.24,57.05,rough
3288,1673,2199,1675.89,2198.34,-10.117032,71.365251,1006,419.52,50.06,1017.27,63.3,380.18,523.64,916.37,40.22,severe
3289,1711,2193,1711.43,2193.32,-10.037528,71.927831,1044,1092.93,245.0,1767.6,75.85,622.54,491.3,859.78,26.99,severe
3290,1749,2192,1746.04,2192.05,-10.017403,72.475832,1048,1239.24,462.37,1952.69,75.76,664.48,458.95,803.16,24.49,extreme
3291,1770,2184,1772.7,2185.59,-9.91517,72.897894,784,1007.52,472.18,1668.5,71.24,512.14,436.19,763.34,31.48,severe
3292,1812,2191,1810.79,2192.14,-10.018912,73.500855,1180,981.11,554.88,1840.12,68.7,502.04,398.43,697.26,32.02,severe
3293,1839,2200,1841.44,2200.24,-10.14709,73.986088,1221,1388.32,567.58,2221.76,77.79,786.25,366.91,642.09,19.15,extreme
3294,1879,2182,1875.38,2186.05,-9.9224,74.523381,1113,1191.02,699.29,1892.53,68.72,496.47,340.4,595.69,30.77,severe
3295,1903,2195,1903.29,2196.21,-10.083215,74.965253,1175,1337.92,973.89,1808.84,63.28,355.84,310.8,543.9,34.72,severe
3296,1939,2195,1940.08,2193.3,-10.037143,75.547685,1359,1233.58,875.25,1813.39,68.18,450.71,278.19,486.83,32.09,severe
3297,1976,2182,1970.77,2185.25,-9.909758,76.033519,828,1101.1,857.97,1626.18,66.6,412.44,251.68,440.44,34.36,severe
3298,1991,2191,1992.48,2193.61,-10.042041,76.377171,845,919.74,734.7,1110.36,57.41,233.28,229.04,400.83,41.95,severe
3299,2022,2187,2024.45,2188.92,-9.967932,76.883244,1235,1007.97,672.89,1449.35,65.91,358.54,198.56,347.47,36.91,severe
3300,2072,2188,2068.67,2187.81,-9.95032,77.58341,905,852.82,507.63,1303.24,73.77,570.81,154.95,271.17,30.48,severe
3301,2086,2200,2089.98,2200.16,-10.145756,77.920749,877,805.94,529.45,1199.29,69.18,383.72,132.23,231.4,37.42,severe
3302,2122,2198,2123.73,2196.39,-10.086043,78.454947,1414,926.02,614.2,1413.13,65.75,360.73,99.39,173.92,37.4,severe
3303,2162,2185,2158.88,2189.09,-9.970513,79.0115,878,878.95,483.15,1265.52,71.34,423.25,66.7,116.72,37.33,severe
3304,2185,2188,2188.62,2192.81,-10.029401,79.482226,961,358.25,46.22,891.66,67.15,340.49,37.53,65.67,46.13,rough
3305,2222,2189,2218.27,2188.78,-9.965605,79.95164,949,124.81,-61.88,599.77,54.79,285.24,14.29,25.0,51.51,rough
3306,2260,2188,2253.47,2184.3,-9.89475,80.508933,404,130.35,-63.26,628.47,59.0,418.67,7.1,12.42,47.31,rough
3307,2272,2184,2268.71,2178.62,-9.804814,80.750187,124,230.39,-59.88,560.11,75.81,585.72,4.38,7.67,40.92,severe
3308,2835,2183,2835.8,2177.28,-9.783605,89.727814,96,320.14,-80.42,631.25,82.44,1145.75,3.13,5.47,32.11,severe
3309,2848,2176,2847.67,2174.7,-9.742775,89.915698,282,161.96,-79.64,659.36,70.65,608.78,5.7,9.98,40.48,severe
3310,2892,2206,2884.24,2208.9,-10.284155,90.494712,249,72.08,-73.28,273.38,71.71,462.15,3.18,5.56,46.48,rough
3311,346,2225,348.52,2222.03,-10.492056,50.351698,466,-28.12,-65.53,0.86,26.12,71.1,5.05,8.83,60.86,moderate
3312,369,2231,372.63,2232.05,-10.650683,50.733423,364,-46.17,-62.73,-19.28,24.5,55.49,2.85,4.98,64.18,moderate
3313,396,2226,395.65,2222.56,-10.500374,51.097814,773,-48.67,-64.04,-21.34,15.83,37.38,3.57,6.24,79.12,easy
3314,508,2211,515.23,2207.6,-10.263626,52.990843,141,-40.95,-64.9,-18.48,31.78,82.53,3.46,6.06,60.67,moderate
3315,528,2219,535.57,2215.19,-10.383761,53.31293,491,-37.86,-64.78,9.95,25.93,64.68,4.35,7.61,61.33,moderate
3316,567,2216,566.38,2221.8,-10.488381,53.800697,1015,187.76,-61.99,696.89,54.44,315.2,13.24,23.17,50.09,rough
3317,598,2225,597.09,2220.79,-10.47238,54.286877,745,189.68,-21.0,676.43,57.77,332.59,16.44,28.78,49.22,rough
3318,627,2217,630.5,2216.81,-10.409322,54.815656,660,242.18,-61.85,735.71,76.58,590.34,5.67,9.92,40.58,severe
3319,660,2231,656.6,2228.17,-10.589177,55.22892,958,357.73,12.33,703.58,66.02,377.19,17.31,30.29,46.41,rough
3320,683,2215,682.94,2215.71,-10.391972,55.645974,828,343.15,-58.82,732.98,70.26,439.72,14.65,25.65,44.5,rough
3321,719,2223,723.56,2225.36,-10.54474,56.288952,386,-24.33,-65.87,50.44,34.73,118.71,5.3,9.28,59.13,moderate
3322,751,2223,744.72,2220.01,-10.460009,56.623899,382,-33.18,-65.22,6.63,21.75,90.98,5.46,9.55,67.19,moderate
3323,817,2227,820.24,2234.62,-10.691359,57.819547,547,-56.32,-62.99,-48.15,4.46,13.64,8.32,14.56,98.45,easy
3324,846,2221,849.52,2224.06,-10.524201,58.283026,654,-58.81,-62.21,-49.98,3.86,9.26,4.92,8.61,99.89,open
3325,888,2222,885.3,2224.12,-10.525112,58.849386,1148,-50.87,-62.21,-39.44,5.35,12.15,14.98,26.21,96.48,easy
3326,920,2223,917.17,2223.88,-10.521254,59.353973,575,-53.37,-62.13,-43.35,4.48,10.79,12.04,21.07,98.21,easy
3327,934,2216,937.87,2221.19,-10.478716,59.68174,401,-59.46,-62.12,-52.63,2.7,6.82,5.97,10.45,100.0,open
3328,984,2214,990.5,2216.62,-10.406299,60.514854,317,-57.49,-62.31,-45.7,5.45,12.58,3.74,6.55,97.22,easy
3329,1012,2223,1011.98,2228.0,-10.586566,60.854996,953,-47.18,-59.51,-40.56,3.13,7.28,21.22,37.14,99.82,open
3330,1038,2215,1040.3,2219.2,-10.447157,61.303325,1056,-40.33,-47.7,-33.04,2.82,6.33,47.27,82.73,98.29,open
3331,1073,2223,1070.64,2224.1,-10.524743,61.783549,1156,-33.38,-45.99,-23.84,3.39,7.55,77.49,135.6,94.9,open
3332,1101,2229,1104.04,2229.6,-10.611851,62.312379,1088,-30.66,-38.81,-23.41,3.51,7.29,111.17,194.55,93.71,open
3333,1138,2216,1137.43,2220.57,-10.468837,62.840926,1130,-26.19,-35.85,-9.7,3.58,8.64,140.41,245.71,93.53,open
3334,1174,2221,1174.23,2222.32,-10.496572,63.423465,1090,-15.28,-22.59,-7.81,3.45,7.71,171.61,300.31,93.7,open
3335,1207,2219,1205.88,2219.71,-10.455275,63.924587,1068,-21.96,-24.0,-16.4,1.44,3.55,195.57,342.25,97.21,open
3336,1231,2220,1232.69,2217.95,-10.427492,64.348943,931,-17.49,-23.93,-9.14,2.49,5.95,217.46,380.56,95.36,open
3337,1267,2224,1267.26,2226.38,-10.560837,64.896229,934,-18.75,-22.66,-12.75,1.64,3.81,251.84,440.73,96.85,open
3338,1294,2214,1294.05,2219.0,-10.444054,65.320392,742,-19.69,-20.93,-17.37,0.79,1.96,272.92,477.61,98.33,open
3339,1319,2221,1322.26,2220.04,-10.460528,65.766909,1033,-16.91,-21.07,-12.69,1.29,3.2,299.37,523.9,97.45,open
3340,1358,2218,1356.24,2221.26,-10.479793,66.304945,1289,1.97,-18.08,18.53,5.18,12.39,331.62,580.34,90.56,easy
3341,1395,2228,1392.28,2225.97,-10.554326,66.875392,872,16.49,10.48,39.24,4.2,9.09,367.18,642.56,92.19,easy
3342,1416,2225,1418.33,2222.42,-10.498137,67.287773,836,24.6,9.97,70.26,8.9,19.23,390.92,684.11,84.01,easy
3343,1456,2225,1454.18,2223.4,-10.513727,67.855322,1097,125.91,35.79,295.49,34.86,117.22,425.7,744.98,51.55,rough
3344,1480,2230,1484.39,2222.93,-10.506246,68.333716,993,447.55,180.6,809.83,64.52,302.3,454.74,795.79,42.78,rough
3345,1525,2224,1519.1,2219.66,-10.454576,68.883175,984,509.94,233.71,731.16,57.34,228.14,487.68,853.43,44.97,rough
3346,1542,2226,1549.27,2226.4,-10.561209,69.360741,1029,527.62,199.88,952.27,63.71,327.87,518.58,907.52,41.32,severe
3347,1590,2222,1584.52,2222.21,-10.494891,69.918725,1193,578.69,176.78,1226.68,66.15,357.5,552.13,966.24,39.92,severe
3348,1614,2215,1616.57,2214.56,-10.373816,70.426193,1051,333.12,70.71,946.25,62.43,404.86,569.95,997.42,39.95,severe
3349,1650,2230,1646.62,2227.19,-10.573756,70.901884,1021,463.03,106.89,841.82,64.66,342.64,543.55,951.22,41.25,severe
3350,1671,2226,1674.9,2228.53,-10.59487,71.349658,976,432.65,186.57,770.77,67.45,374.62,516.17,903.31,40.33,severe
3351,1710,2222,1707.07,2224.81,-10.536045,71.858865,1147,623.21,209.98,1366.95,70.83,450.22,486.35,851.12,36.33,severe
3352,1737,2224,1738.77,2222.02,-10.491829,72.360719,955,584.01,207.45,1526.99,62.48,450.32,456.62,799.08,36.6,severe
3353,1779,2215,1777.39,2213.59,-10.358462,72.972042,1033,576.68,353.78,1036.81,60.34,282.72,422.36,739.14,42.58,rough
3354,1798,2231,1802.62,2228.71,-10.597811,73.371552,998,1093.61,614.96,1811.35,75.04,618.3,393.64,688.87,27.13,severe
3355,1842,2232,1838.82,2228.03,-10.586951,73.944615,756,1285.51,834.65,1839.77,71.94,472.63,359.57,629.25,30.96,severe
3356,1866,2232,1869.95,2228.47,-10.593932,74.437449,1288,1155.35,755.2,1760.02,57.79,284.75,330.32,578.06,38.5,severe
3357,1909,2229,1904.85,2229.31,-10.607321,74.989873,1073,1056.1,795.95,1385.94,59.37,253.45,297.39,520.43,40.3,severe
3358,1931,2225,1932.6,2223.23,-10.510988,75.429281,820,1149.62,936.56,1404.72,58.01,219.48,273.47,478.57,40.85,severe
3359,1965,2232,1965.79,2228.36,-10.592251,75.954603,1124,941.56,704.34,1220.61,63.75,281.54,240.74,421.3,40.1,severe
3360,1995,2223,1996.59,2222.33,-10.49681,76.442321,1161,885.76,618.95,1167.23,65.91,317.14,215.03,376.3,39.22,severe
3361,2038,2222,2037.38,2219.41,-10.450592,77.088087,1167,823.78,550.72,1288.06,64.83,348.64,179.42,313.98,38.54,severe
3362,2066,2222,2066.73,2224.5,-10.531182,77.552699,1090,868.46,591.12,1219.28,63.12,307.71,151.06,264.36,39.68,severe
3363,2101,2231,2099.0,2230.41,-10.624616,78.063534,959,1011.06,663.65,1275.77,64.27,305.9,120.03,210.05,38.75,severe
3364,2125,2232,2127.82,2228.11,-10.588214,78.519763,838,773.69,447.88,1079.17,64.67,327.09,93.0,162.75,39.65,severe
3365,2168,2222,2162.94,2218.22,-10.431651,79.075826,979,575.3,151.29,987.44,65.96,370.34,58.63,102.6,41.93,severe
3366,2182,2231,2187.73,2227.59,-10.580037,79.468184,775,107.35,-19.82,459.62,47.51,251.69,34.97,61.19,51.21,rough
3367,2222,2223,2212.05,2222.03,-10.491998,79.853178,666,-33.8,-61.84,49.52,16.7,64.37,10.65,18.64,76.09,easy
3368,2249,2208,2247.6,2201.61,-10.168815,80.41602,158,8.39,-60.68,115.1,64.49,193.02,2.91,5.09,56.46,rough
3369,2861,2221,2863.4,2215.97,-10.396033,90.164716,30,-2.04,-89.59,115.1,81.54,1067.66,1.28,2.25,34.48,severe
3370,2896,2223,2896.72,2220.18,-10.462734,90.692204,150,18.33,-81.94,243.22,69.87,506.8,2.37,4.14,45.34,rough
3371,363,2255,376.43,2250.87,-10.948589,50.793529,77,-53.99,-63.19,-36.82,21.81,47.61,1.81,3.17,69.04,moderate
3372,403,2258,396.29,2258.64,-11.071617,51.10798,463,-48.37,-64.0,-21.32,16.36,42.33,4.23,7.41,78.02,easy
3373,416,2266,412.13,2269.64,-11.245731,51.358685,211,-37.33,-63.21,-15.5,26.75,60.38,4.04,7.07,61.38,moderate
3374,456,2252,453.22,2250.19,-10.937782,52.009192,32,-60.58,-66.67,-54.32,19.26,69.25,1.26,2.21,72.58,easy
3375,526,2261,526.1,2268.34,-11.225157,53.163023,97,-57.08,-64.62,-51.74,12.95,35.82,2.31,4.04,84.1,easy
3376,566,2268,561.73,2268.86,-11.233319,53.727044,416,-47.12,-62.2,-34.73,14.01,33.2,5.47,9.57,82.12,easy
3377,598,2240,597.06,2236.16,-10.715689,54.286406,265,-22.99,-61.6,137.7,42.93,160.81,3.88,6.79,57.74,rough
3378,621,2251,629.63,2246.39,-10.877658,54.801953,154,-25.51,-62.17,115.72,60.71,252.45,1.89,3.31,54.67,rough
3379,662,2256,656.27,2254.18,-11.000913,55.223646,599,91.2,-61.92,268.2,58.08,228.32,8.41,14.72,54.21,rough
3380,683,2244,683.11,2239.62,-10.770524,55.648581,495,122.53,-62.29,367.12,61.77,299.42,8.21,14.37,51.49,rough
3381,716,2271,717.49,2276.43,-11.35321,56.192851,415,68.44,-62.84,238.12,58.55,231.67,6.49,11.36,54.4,rough
3382,761,2270,762.27,2271.39,-11.273501,56.901759,264,-27.91,-61.62,17.91,28.43,67.48,7.3,12.78,60.81,moderate
3383,785,2257,792.96,2261.22,-11.112417,57.387623,471,-50.15,-62.75,-36.88,8.08,24.27,7.94,13.89,92.08,easy
3384,821,2263,821.07,2260.91,-11.1076,57.832573,970,-33.4,-54.45,-6.65,6.91,16.85,24.9,43.57,92.83,easy
3385,850,2250,849.68,2250.89,-10.948924,58.28557,1030,-44.98,-59.89,-15.7,5.69,13.13,21.01,36.77,95.37,easy
3386,875,2260,877.23,2259.78,-11.089643,58.721731,1187,-44.21,-59.66,-8.63,5.23,12.81,40.33,70.58,94.64,easy
3387,915,2246,912.24,2249.36,-10.924719,59.275992,1013,-46.38,-53.48,-36.21,2.9,6.83,36.31,63.55,99.03,open
3388,943,2249,945.41,2250.2,-10.938054,59.80101,1207,-45.58,-61.83,-27.99,4.36,10.24,21.17,37.05,97.66,easy
3389,983,2255,981.15,2253.07,-10.983398,60.366902,1074,-49.22,-61.85,-36.11,4.22,9.48,15.85,27.73,98.37,easy
3390,1009,2263,1009.64,2257.68,-11.056455,60.817881,683,-39.98,-54.96,-21.09,4.98,11.56,30.66,53.66,95.82,easy
3391,1034,2263,1036.98,2256.79,-11.042372,61.250685,1088,-33.4,-47.88,-15.93,4.52,10.19,53.35,93.37,94.82,easy
3392,1078,2258,1072.56,2257.86,-11.059252,61.81396,1060,-30.63,-46.01,-14.82,4.38,9.72,86.81,151.92,92.45,easy
3393,1096,2260,1100.31,2261.07,-11.109997,62.253354,896,-23.09,-38.74,-8.4,4.37,10.58,114.32,200.07,92.12,easy
3394,1135,2260,1132.54,2259.07,-11.078354,62.763512,1298,-17.91,-32.93,-1.75,4.02,9.6,145.13,253.99,92.72,easy
3395,1164,2253,1163.91,2250.3,-10.939597,63.260201,983,-12.07,-24.47,1.02,4.23,9.99,173.92,304.36,92.3,easy
3396,1198,2259,1199.78,2257.75,-11.057486,63.828039,1306,-5.37,-22.65,2.22,3.56,7.8,209.75,367.06,93.44,open
3397,1237,2247,1234.32,2250.0,-10.934744,64.374818,1134,-17.3,-23.89,0.38,3.2,7.89,236.03,413.05,94.12,open
3398,1263,2255,1265.01,2256.23,-11.033381,64.860658,1083,-17.98,-22.11,-9.58,1.33,3.42,264.95,463.66,97.38,open
3399,1304,2257,1299.68,2256.58,-11.039054,65.409576,958,-7.71,-20.0,42.7,7.97,19.23,294.71,515.74,85.77,easy
3400,1318,2249,1325.02,2250.13,-10.936927,65.810703,1049,2.01,-18.17,47.67,8.16,18.22,314.12,549.72,85.41,easy
3401,1363,2261,1356.5,2259.5,-11.085268,66.309037,1195,24.53,-9.02,80.57,13.0,30.76,346.56,606.49,76.81,easy
3402,1385,2252,1386.41,2251.51,-10.958725,66.782542,868,53.08,8.12,163.73,21.2,58.01,370.57,648.49,62.1,moderate
3403,1422,2249,1422.42,2250.66,-10.945299,67.352628,995,109.62,16.57,403.12,37.42,131.58,403.83,706.69,51.16,rough
3404,1452,2261,1452.78,2262.39,-11.130995,67.833293,1127,265.21,90.2,510.83,53.3,206.16,436.36,763.63,47.44,rough
3405,1479,2247,1479.63,2253.04,-10.983004,68.258246,886,519.84,245.61,779.17,60.51,265.82,458.59,802.53,43.57,rough
3406,1511,2247,1510.18,2250.46,-10.94204,68.741871,1148,531.26,369.31,835.48,59.35,248.72,486.99,852.23,44.1,rough
3407,1544,2258,1545.78,2258.95,-11.076513,69.305428,1259,621.23,355.78,1211.75,61.9,374.49,523.51,916.15,39.03,severe
3408,1583,2262,1578.11,2259.4,-11.083649,69.817322,1071,716.53,295.33,1483.54,72.64,624.28,554.7,970.73,29.53,severe
3409,1606,2247,1608.43,2246.57,-10.880529,70.29725,958,569.9,170.15,1312.13,67.44,422.74,569.45,996.54,37.67,severe
3410,1642,2256,1641.92,2255.52,-11.022199,70.827536,1008,313.15,192.53,526.83,51.35,202.84,539.83,944.7,47.23,rough
3411,1684,2264,1683.76,2260.51,-11.101225,71.489916,1196,402.11,223.48,1153.48,57.49,293.27,498.26,871.95,43.42,rough
3412,1718,2263,1715.34,2260.75,-11.105056,71.989767,1007,734.76,248.68,1623.59,69.33,485.71,467.97,818.95,34.31,severe
3413,1744,2247,1744.02,2248.36,-10.908869,72.443884,828,592.67,213.33,1322.56,69.43,468.82,444.36,777.63,35.89,severe
3414,1771,2247,1770.21,2249.65,-10.929243,72.858505,1040,805.72,379.44,1835.69,68.17,518.99,418.81,732.91,32.64,severe
3415,1798,2255,1799.17,2258.62,-11.071348,73.316889,1004,1091.18,577.87,1792.25,75.52,600.2,388.59,680.03,27.79,severe
3416,1836,2248,1833.58,2252.32,-10.971618,73.861737,1019,1164.21,773.36,1572.55,69.29,391.58,357.13,624.98,34.66,severe
3417,1872,2264,1871.51,2261.18,-11.111749,74.462095,884,1125.76,714.23,1708.63,69.39,462.87,318.24,556.93,32.41,severe
3418,1903,2262,1902.69,2258.76,-11.073444,74.955722,942,1172.75,842.12,1696.24,64.51,329.17,289.22,506.13,36.81,severe
3419,1943,2249,1939.34,2250.98,-10.950291,75.535997,894,1130.33,917.73,1474.28,57.11,258.64,257.49,450.6,39.6,severe
3420,1963,2262,1965.64,2264.0,-11.156448,75.952252,1014,1197.49,782.71,1728.07,68.53,444.37,228.3,399.53,32.57,severe
3421,2002,2257,1999.1,2258.69,-11.072393,76.482053,1105,1034.34,835.52,1445.25,58.87,286.0,198.9,348.07,39.3,severe
3422,2024,2246,2025.27,2246.56,-10.880373,76.896264,941,936.32,694.21,1381.01,63.31,282.64,178.84,312.97,40.09,severe
3423,2055,2263,2055.97,2259.57,-11.086355,77.382233,1118,1012.94,716.72,1344.91,67.27,342.81,145.58,254.76,37.43,severe
3424,2093,2261,2093.0,2258.71,-11.072755,77.968471,1057,1034.27,629.79,1496.59,66.2,357.97,112.65,197.14,36.75,severe
3425,2133,2249,2130.57,2253.8,-10.994929,78.563321,814,607.16,187.73,1018.23,64.72,331.56,82.98,145.21,41.19,severe
3426,2154,2250,2155.37,2252.89,-10.980597,78.955834,972,294.85,63.49,619.99,57.29,284.74,60.97,106.7,46.72,rough
3427,2184,2250,2186.59,2255.41,-11.020485,79.450127,1052,180.42,14.08,504.8,58.07,296.46,31.62,55.34,49.38,rough
3428,2224,2251,2213.88,2251.39,-10.956867,79.882227,547,47.91,-61.95,429.65,51.86,249.25,9.0,15.75,53.72,rough
3429,2918,2245,2915.54,2242.6,-10.817665,90.990188,35,-8.04,-73.58,85.67,77.81,691.93,1.49,2.6,39.04,severe
3430,383,2293,387.54,2295.49,-11.654939,50.969475,129,-51.87,-61.88,-39.99,13.59,36.95,3.77,6.6,82.86,easy
3431,397,2287,400.7,2285.39,-11.495133,51.177749,551,-43.29,-61.97,-27.23,10.67,27.69,6.65,11.63,87.73,easy
3432,436,2286,433.06,2291.36,-11.589636,51.690041,289,-51.19,-64.54,-26.73,17.59,41.77,2.7,4.72,76.15,easy
3433,459,2290,452.92,2293.99,-11.631257,52.00453,132,-55.85,-62.55,-49.78,11.43,29.07,2.73,4.78,86.81,easy
3434,509,2292,518.76,2297.62,-11.688626,53.046708,86,-58.08,-63.08,-47.67,15.21,37.71,1.74,3.04,80.35,easy
3435,529,2282,532.33,2283.26,-11.461358,53.261662,653,-46.05,-62.24,-23.29,12.62,27.5,5.43,9.49,84.63,easy
3436,562,2285,559.58,2286.48,-11.51231,53.69293,639,-36.46,-62.82,-0.35,15.62,39.13,8.39,14.69,78.95,easy
3437,589,2284,583.45,2280.45,-11.416939,54.070884,231,-47.11,-65.54,-31.62,19.21,43.89,3.65,6.38,73.29,easy
3438,620,2290,612.82,2296.3,-11.667752,54.535906,131,-55.63,-63.46,-44.58,18.09,51.78,1.89,3.3,75.06,easy
3439,650,2281,645.2,2273.18,-11.301801,55.048481,336,-2.58,-61.24,71.27,44.3,136.22,4.53,7.93,58.42,moderate
3440,689,2289,694.98,2291.57,-11.592924,55.836539,331,14.54,-61.52,204.96,51.08,186.51,6.0,10.49,56.41,rough
3441,715,2296,718.47,2297.06,-11.679847,56.208347,859,109.06,0.34,225.08,39.5,114.49,24.23,42.4,56.88,rough
3442,749,2278,746.4,2284.72,-11.484401,56.650613,887,5.96,-61.87,122.01,27.93,80.25,18.19,31.83,59.28,moderate
3443,776,2279,779.41,2285.05,-11.489677,57.173113,935,-23.26,-54.47,102.35,11.69,34.27,23.25,40.68,84.38,easy
3444,817,2285,813.53,2288.98,-11.551844,57.713245,1130,20.11,-37.9,221.56,24.92,76.36,42.03,73.56,59.25,moderate
3445,846,2295,845.3,2292.67,-11.610279,58.216254,1076,42.36,-15.42,322.44,22.38,75.51,59.48,104.09,61.97,moderate
3446,878,2293,878.06,2289.94,-11.5671,58.734886,830,-10.83,-40.75,26.08,10.85,28.83,65.4,114.45,82.6,easy
3447,909,2284,910.1,2283.95,-11.472206,59.242005,1323,-39.68,-50.61,-21.26,5.26,13.17,66.62,116.58,92.51,easy
3448,946,2288,942.23,2285.38,-11.494963,59.750796,911,-24.86,-34.66,-19.22,3.3,7.81,53.91,94.35,96.81,open
3449,968,2283,970.47,2283.11,-11.459048,60.197779,1005,-30.36,-40.78,-23.0,2.72,6.54,45.6,79.8,98.5,open
3450,1005,2278,1004.44,2283.61,-11.466855,60.735494,948,-29.63,-42.33,-16.02,4.41,10.0,49.77,87.09,95.26,easy
3451,1044,2282,1043.93,2283.61,-11.466902,61.360781,945,-14.84,-23.41,-10.26,2.31,5.32,73.42,128.49,96.96,open
3452,1069,2296,1068.83,2294.75,-11.643178,61.754962,986,-11.14,-16.24,-5.42,2.16,4.88,99.67,174.43,95.9,open
3453,1103,2293,1104.34,2291.17,-11.586561,62.317148,1112,-3.59,-14.6,4.75,3.01,7.54,128.21,224.37,94.35,open
3454,1142,2296,1139.47,2295.09,-11.648646,62.873226,1046,1.72,-5.45,9.25,1.92,4.34,161.91,283.34,96.22,open
3455,1167,2279,1168.64,2281.12,-11.427414,63.334942,1024,1.19,-2.6,2.85,0.95,2.39,185.39,324.44,97.9,open
3456,1203,2292,1203.22,2288.93,-11.551173,63.882431,981,1.49,0.29,6.41,0.87,2.11,220.79,386.39,98.05,open
3457,1237,2292,1236.99,2289.25,-11.556119,64.417053,1170,1.36,-9.86,16.31,2.95,8.23,253.66,443.91,94.39,open
3458,1267,2289,1264.79,2288.0,-11.536469,64.857219,810,-9.76,-16.93,2.39,3.07,8.08,279.97,489.94,94.28,open
3459,1289,2284,1290.14,2283.23,-11.460832,65.258403,863,-15.68,-18.51,-11.1,0.99,2.83,300.45,525.79,97.94,open
3460,1319,2293,1321.35,2289.35,-11.557761,65.752529,1189,1.96,-15.96,36.16,7.05,18.6,330.12,577.71,87.23,easy
3461,1365,2291,1361.79,2291.06,-11.584769,66.392731,948,41.79,6.03,78.37,17.76,39.63,365.7,639.97,68.51,moderate
3462,1385,2280,1387.16,2282.22,-11.444865,66.794452,819,113.84,46.55,234.83,35.5,97.67,384.03,672.06,52.33,rough
3463,1414,2283,1414.98,2283.54,-11.46586,67.234854,1151,227.43,74.88,770.9,50.36,198.48,409.7,716.97,47.98,rough
3464,1448,2293,1449.6,2292.95,-11.61469,67.782863,1239,250.46,82.43,795.1,58.77,259.83,445.06,778.85,45.65,rough
3465,1495,2291,1491.08,2286.1,-11.506238,68.439498,1238,418.7,211.4,716.38,59.17,253.53,480.61,841.07,44.71,rough
3466,1524,2291,1521.59,2287.88,-11.534444,68.922611,886,405.68,226.87,781.2,60.45,262.94,509.75,892.06,44.46,rough
3467,1542,2295,1548.18,2293.64,-11.625696,69.343551,1031,566.07,269.53,1035.5,62.32,319.57,536.68,939.19,41.35,severe
3468,1591,2282,1587.58,2285.79,-11.501332,69.967249,918,1003.11,375.65,1486.79,75.78,609.26,568.69,995.21,28.08,severe
3469,1614,2279,1616.31,2280.17,-11.412433,70.422021,989,772.62,255.05,1633.01,71.27,596.28,558.78,977.87,30.13,severe
3470,1649,2282,1647.79,2284.99,-11.488733,70.920388,1051,1007.8,315.94,1764.67,78.6,662.93,527.02,922.29,26.15,severe
3471,1675,2289,1673.59,2291.27,-11.588192,71.328799,860,1311.03,552.43,1909.64,78.71,755.72,500.46,875.8,20.77,extreme
3472,1702,2296,1704.31,2292.89,-11.613845,71.815182,856,1360.75,816.38,1848.62,76.22,664.72,470.12,822.71,23.64,extreme
3473,1737,2278,1738.9,2278.95,-11.393132,72.362838,974,1086.27,537.63,1922.34,73.9,599.93,440.17,770.3,27.83,severe
3474,1767,2295,1767.93,2290.73,-11.579626,72.822318,1119,1317.9,922.59,1759.97,73.46,513.07,409.08,715.9,29.3,severe
3475,1805,2288,1807.23,2286.03,-11.505277,73.444474,1213,1119.69,733.85,1846.29,69.79,492.89,372.73,652.28,31.39,severe
3476,1847,2283,1843.13,2281.69,-11.43644,74.012887,1033,1010.02,611.6,1728.81,75.48,613.69,339.93,594.88,27.87,severe
3477,1873,2286,1876.82,2290.74,-11.579753,74.546173,1027,1144.68,765.48,1737.11,68.35,467.29,305.14,533.99,32.12,severe
3478,1912,2280,1909.43,2283.78,-11.469515,75.062393,878,1381.82,865.34,1874.43,72.05,484.56,275.78,482.61,29.87,severe
3479,1932,2287,1934.89,2288.79,-11.548922,75.465507,1089,1085.37,766.89,1956.05,65.35,450.19,249.93,437.38,33.14,severe
3480,1968,2295,1968.23,2293.85,-11.629069,75.993323,1063,1229.69,903.68,1644.12,60.11,267.94,216.38,378.66,38.58,severe
3481,2001,2294,1999.09,2290.63,-11.578053,76.481886,885,1255.82,973.03,1595.79,60.77,284.27,187.74,328.55,37.82,severe
3482,2029,2286,2028.21,2284.73,-11.48462,76.942858,962,1164.52,978.47,1441.69,59.31,248.01,162.53,284.43,39.74,severe
3483,2055,2288,2056.17,2287.87,-11.53426,77.385449,713,1131.65,835.83,1408.83,68.37,354.92,135.46,237.05,36.18,severe
3484,2088,2284,2087.02,2286.15,-11.507166,77.873784,929,950.77,585.41,1292.6,63.1,313.2,107.06,187.35,38.91,severe
3485,2121,2286,2123.38,2284.13,-11.475182,78.449517,1205,529.24,194.58,1010.93,61.43,294.43,74.21,129.86,43.72,rough
3486,2165,2291,2163.8,2288.61,-11.545996,79.089429,1378,206.25,44.5,580.31,50.75,251.7,37.0,64.75,50.36,rough
3487,2200,2295,2191.82,2293.94,-11.630389,79.532938,609,132.74,-60.43,343.26,63.02,284.48,11.47,20.07,51.7,rough
3488,2209,2287,2203.32,2276.8,-11.359084,79.715005,400,102.5,-61.37,455.11,59.99,343.81,8.41,14.72,50.05,rough
3489,2957,2290,2956.0,2291.48,-11.591423,91.630664,21,-10.25,-117.95,99.36,82.89,1752.66,1.3,2.27,34.54,severe
3490,380,2335,394.86,2334.94,-12.279505,51.085271,84,-54.43,-61.76,-42.38,21.88,53.34,2.01,3.51,68.72,moderate
3491,401,2308,407.28,2303.62,-11.783681,51.28192,398,-40.9,-63.46,-23.89,15.13,46.41,6.06,10.6,79.71,easy
3492,438,2331,444.84,2337.79,-12.324591,51.876494,104,-56.04,-68.43,-46.85,18.23,53.26,1.94,3.39,74.77,easy
3493,451,2312,446.82,2309.13,-11.870925,51.907827,38,-59.26,-64.49,-54.5,19.23,45.08,1.31,2.29,73.48,easy
3494,501,2316,507.26,2324.31,-12.11129,52.864706,108,-55.55,-63.03,-42.44,17.24,36.05,2.14,3.75,77.01,easy
3495,524,2326,524.63,2323.75,-12.102421,53.139655,815,-38.34,-61.42,-18.1,9.22,23.2,13.08,22.89,89.74,easy
3496,553,2313,548.18,2316.26,-11.983841,53.51246,670,-34.1,-62.45,-14.87,15.78,37.35,7.25,12.68,78.83,easy
3497,591,2323,593.52,2326.13,-12.140097,54.230251,528,-50.14,-62.72,-32.59,15.37,37.05,3.43,6.0,79.92,easy
3498,621,2329,620.44,2336.14,-12.298482,54.656516,79,-52.73,-64.34,-30.51,26.81,74.34,2.03,3.55,61.15,moderate
3499,671,2316,675.75,2321.3,-12.063523,55.532079,316,-33.5,-62.42,-9.46,18.1,54.12,6.07,10.63,74.49,easy
3500,693,2317,693.85,2319.28,-12.031616,55.818577,766,44.57,-51.23,157.88,27.51,75.48,19.56,34.23,59.07,moderate
3501,719,2325,718.53,2323.34,-12.095883,56.209337,688,133.6,26.49,274.89,44.15,142.61,41.69,72.95,54.36,rough
3502,746,2325,747.66,2318.76,-12.02338,56.670539,915,142.03,18.86,304.04,46.43,155.47,51.47,90.07,53.09,rough
3503,778,2320,779.02,2316.28,-11.984043,57.166925,1224,65.08,-14.07,210.94,38.43,128.72,53.61,93.82,54.4,rough
3504,812,2327,812.83,2325.05,-12.122998,57.702134,1343,317.04,69.74,572.26,55.15,216.36,72.21,126.37,48.11,rough
3505,854,2320,851.39,2322.88,-12.088605,58.312638,999,271.82,33.99,735.77,57.29,256.59,89.02,155.79,45.69,rough
3506,878,2313,881.54,2317.17,-11.998215,58.789972,970,59.62,-23.46,376.29,31.71,121.25,91.62,160.34,51.87,rough
3507,915,2325,913.65,2323.54,-12.09909,59.298298,1235,-23.89,-44.86,68.28,11.42,30.76,99.59,174.28,79.76,easy
3508,947,2312,946.03,2314.18,-11.950913,59.810866,988,-21.99,-38.55,-14.53,4.77,10.34,80.35,140.61,92.21,easy
3509,977,2319,977.17,2317.6,-12.005044,60.303927,1019,-21.73,-28.81,-15.41,2.53,5.93,79.67,139.42,96.14,open
3510,1007,2316,1006.0,2316.25,-11.983675,60.760303,1084,-19.84,-30.46,-13.66,3.65,8.09,80.94,141.64,94.09,open
3511,1033,2316,1035.11,2315.86,-11.977476,61.221069,1175,-16.98,-29.47,-8.11,3.5,7.87,92.03,161.05,93.62,open
3512,1078,2320,1075.47,2321.43,-12.065694,61.859971,994,-10.37,-13.78,-4.37,1.75,4.08,121.9,213.32,96.6,open
3513,1108,2321,1110.4,2320.77,-12.055197,62.412979,915,-0.19,-12.03,15.25,4.97,11.89,148.31,259.55,90.94,easy
3514,1142,2327,1139.06,2326.59,-12.147375,62.866734,796,4.81,-4.18,15.09,3.77,8.11,175.46,307.06,93.02,open
3515,1163,2318,1166.66,2316.43,-11.986515,63.303736,942,6.07,1.23,29.74,3.86,9.34,195.23,341.65,92.81,open
3516,1199,2313,1195.75,2315.15,-11.966206,63.764224,872,7.37,0.41,70.55,8.17,20.39,221.53,387.67,85.29,easy
3517,1224,2318,1226.9,2321.11,-12.060478,64.257384,1103,79.92,0.94,284.47,42.2,137.12,252.85,442.49,51.17,rough
3518,1272,2316,1267.66,2317.33,-12.00068,64.902526,918,34.07,-10.89,253.47,27.25,102.64,290.41,508.21,52.7,rough
3519,1292,2318,1296.89,2321.63,-12.068723,65.365336,1139,20.22,-13.74,192.4,19.65,67.84,319.74,559.55,64.54,moderate
3520,1334,2314,1331.58,2314.8,-11.960734,65.914435,916,0.38,-13.91,58.1,14.41,41.66,350.51,613.4,74.26,easy
3521,1358,2316,1361.51,2317.07,-11.996546,66.388376,854,55.74,-1.6,123.35,21.0,53.28,378.61,662.57,62.57,moderate
3522,1397,2323,1391.95,2322.45,-12.08172,66.870282,1121,84.76,38.94,232.14,26.4,78.08,407.53,713.18,53.22,rough
3523,1416,2321,1420.11,2317.69,-12.00647,67.316096,891,307.48,90.69,714.07,56.78,242.53,429.65,751.89,45.86,rough
3524,1456,2323,1457.47,2321.71,-12.070055,67.907426,1128,205.93,71.06,352.51,50.86,165.58,464.58,813.02,49.29,rough
3525,1495,2314,1491.12,2317.13,-11.997621,68.440133,1010,304.21,119.48,455.88,51.84,165.26,492.86,862.5,48.62,rough
3526,1518,2324,1518.81,2325.19,-12.125207,68.878514,949,289.7,147.39,470.61,57.99,230.98,521.39,912.43,46.4,rough
3527,1551,2324,1550.72,2323.86,-12.104136,69.383684,941,582.15,249.89,1041.42,68.95,411.88,550.08,962.63,37.97,severe
3528,1582,2315,1583.48,2313.94,-11.947077,69.902379,1205,673.11,215.58,1421.5,67.18,495.48,570.83,998.96,34.39,severe
3529,1622,2317,1617.85,2315.35,-11.969369,70.446408,1117,782.21,262.64,1487.34,69.49,496.68,550.74,963.79,33.59,severe
3530,1639,2325,1643.92,2320.36,-12.048686,70.859122,791,833.82,351.32,1389.98,71.07,532.86,524.17,917.3,31.95,severe
3531,1680,2322,1676.39,2321.77,-12.071002,71.37318,991,1105.76,660.3,1720.69,76.26,657.75,491.9,860.83,25.65,extreme
3532,1703,2315,1707.22,2320.26,-12.047024,71.861212,944,1427.28,1019.32,1933.76,69.94,445.14,461.79,808.13,30.95,severe
3533,1741,2310,1740.62,2315.2,-11.966989,72.39003,1407,1571.73,1099.27,2038.17,74.42,525.71,429.96,752.44,27.1,severe
3534,1784,2315,1778.26,2319.68,-12.037838,72.985817,877,1431.65,992.69,2014.56,67.16,399.49,392.18,686.31,32.53,severe
3535,1798,2312,1805.38,2315.03,-11.964273,73.415271,888,1093.1,699.24,2042.75,68.68,426.38,366.69,641.71,33.92,severe
3536,1845,2312,1839.81,2314.24,-11.95177,73.960321,1246,816.54,550.49,1365.29,67.21,367.9,333.57,583.75,37.91,severe
3537,1867,2325,1867.97,2323.45,-12.097543,74.406027,1008,1033.8,697.21,1284.42,65.94,360.76,304.03,532.05,36.66,severe
3538,1910,2323,1904.85,2318.57,-12.020378,74.989887,1040,860.67,699.78,1195.47,53.2,231.59,269.92,472.37,42.42,rough
3539,1926,2327,1929.13,2326.53,-12.146355,75.374365,891,991.14,785.0,1208.24,55.4,196.89,244.43,427.75,42.75,rough
3540,1962,2322,1963.08,2323.31,-12.095366,75.911844,1217,1186.21,971.31,1658.09,56.66,255.5,213.26,373.21,39.32,severe
3541,2005,2314,2000.41,2316.02,-11.98005,76.502805,768,1385.25,1099.85,1602.53,63.23,292.38,179.8,314.64,36.64,severe
3542,2025,2320,2028.75,2320.17,-12.045692,76.951442,859,1376.44,1122.12,1772.48,70.13,368.46,151.36,264.88,34.01,severe
3543,2059,2311,2060.22,2314.66,-11.958407,77.449579,1136,1072.92,532.71,1600.88,70.84,437.11,122.37,214.16,33.68,severe
3544,2099,2316,2096.64,2316.22,-11.983073,78.026224,1057,623.34,314.36,1048.58,66.58,366.99,87.57,153.25,39.47,severe
3545,2126,2315,2128.59,2314.0,-11.947945,78.531935,919,497.37,191.63,951.55,65.79,337.22,58.96,103.17,43.62,rough
3546,2161,2322,2160.54,2322.24,-12.078452,79.037781,1106,188.41,51.98,441.58,48.25,189.2,27.23,47.65,53.46,rough
3547,2194,2329,2186.11,2324.65,-12.116675,79.442519,371,109.69,-61.72,532.51,67.82,365.9,6.27,10.98,49.38,rough
3548,2975,2305,2972.95,2304.6,-11.799185,91.898999,20,-5.77,-97.94,108.5,83.6,1709.97,1.23,2.16,34.51,severe
3549,2993,2329,2993.43,2330.14,-12.203554,92.223195,7,-73.53,-140.8,-46.32,75.62,1176.34,1.06,1.85,34.92,severe
3550,47,2353,38.45,2355.85,-12.610523,45.442998,20,-62.51,-65.91,-60.36,8.94,24.92,1.04,1.82,91.25,easy
3551,105,2367,101.71,2370.19,-12.837492,46.444423,123,-45.41,-63.24,-19.73,32.73,112.29,2.79,4.87,59.7,moderate
3552,183,2366,187.1,2372.77,-12.878385,47.796327,348,323.95,-61.18,746.07,76.21,550.95,8.04,14.06,41.22,severe
3553,206,2357,207.08,2365.42,-12.761959,48.112615,291,155.09,-59.76,536.44,73.23,472.98,5.6,9.79,45.33,rough
3554,380,2338,388.15,2341.68,-12.386164,50.979034,239,-49.42,-62.38,-35.43,8.35,22.36,5.37,9.39,91.9,easy
3555,394,2360,398.96,2356.27,-12.617211,51.150262,745,-41.77,-62.19,-16.82,8.37,21.55,11.55,20.21,91.35,easy
3556,431,2351,425.51,2354.03,-12.58166,51.570509,783,-41.51,-62.84,-4.65,14.27,36.91,9.38,16.41,81.22,easy
3557,463,2355,456.86,2360.61,-12.685916,52.066887,307,-47.13,-63.12,-31.53,14.47,34.93,5.82,10.19,81.28,easy
3558,505,2355,508.76,2355.37,-12.602876,52.888391,744,-22.55,-62.0,9.64,14.68,35.83,11.09,19.4,80.32,easy
3559,532,2347,533.4,2349.63,-12.512002,53.278493,884,-20.57,-39.22,10.28,9.34,22.0,19.56,34.24,88.96,easy
3560,559,2356,557.54,2357.0,-12.628704,53.660753,646,-48.71,-63.16,-30.35,12.53,31.72,7.03,12.3,84.52,easy
3561,599,2356,599.71,2361.39,-12.698296,54.328345,464,-38.47,-61.97,1.71,19.5,47.38,6.54,11.44,72.41,easy
3562,623,2351,624.06,2354.3,-12.586064,54.713763,541,-26.35,-61.76,5.5,29.14,71.37,5.46,9.55,60.8,moderate
3563,663,2346,661.55,2348.67,-12.496862,55.307348,819,-34.66,-62.23,-6.43,10.44,31.92,12.24,21.43,87.46,easy
3564,685,2354,687.83,2353.76,-12.57745,55.723394,987,8.5,-30.42,81.9,17.33,43.53,33.36,58.38,73.72,easy
3565,722,2345,718.87,2348.05,-12.487023,56.21475,737,86.83,10.17,231.34,37.44,110.45,55.74,97.55,54.73,rough
3566,742,2342,744.34,2346.46,-12.461858,56.617914,675,120.48,15.14,308.46,46.13,171.58,74.66,130.66,50.86,rough
3567,774,2349,775.02,2350.48,-12.525515,57.103595,1141,271.56,168.16,486.7,43.83,147.08,86.63,151.61,49.75,rough
3568,819,2357,817.87,2355.49,-12.60487,57.781977,984,583.08,327.12,822.11,62.28,266.73,101.71,177.99,43.1,rough
3569,850,2355,848.31,2352.2,-12.552733,58.263895,867,604.44,335.02,789.16,60.77,238.81,113.4,198.44,43.94,rough
3570,874,2357,875.73,2355.1,-12.598689,58.69788,1044,375.36,101.8,686.12,58.71,267.61,126.13,220.73,44.51,rough
3571,904,2357,904.38,2356.03,-12.613331,59.151459,1060,31.69,-36.89,138.96,26.85,76.68,131.49,230.11,53.64,rough
3572,940,2349,939.8,2348.24,-12.490069,59.712195,1111,-27.7,-38.34,-13.69,4.15,9.59,114.81,200.92,92.55,easy
3573,976,2348,974.05,2349.17,-12.504839,60.25445,1033,-13.97,-20.18,-5.96,2.91,6.54,111.27,194.73,94.62,open
3574,1001,2356,1002.03,2353.64,-12.575607,60.697472,1004,-12.35,-17.46,-8.35,1.38,3.16,117.01,204.76,97.26,open
3575,1042,2349,1041.22,2348.52,-12.494411,61.317777,1222,-13.67,-23.1,-2.49,3.02,7.14,123.53,216.17,94.42,open
3576,1073,2353,1071.74,2352.69,-12.560503,61.800999,914,-13.93,-17.66,-7.55,1.57,4.12,142.85,249.98,96.93,open
3577,1099,2346,1101.56,2346.55,-12.463236,62.273062,897,-8.47,-13.7,8.3,2.89,7.07,157.94,276.4,94.61,open
3578,1142,2352,1138.03,2354.69,-12.592102,62.850361,998,72.34,-3.87,252.67,27.44,102.33,190.7,333.73,52.45,rough
3579,1166,2349,1167.15,2350.13,-12.519964,63.311429,864,102.77,4.46,271.44,36.85,100.04,211.77,370.6,52.32,rough
3580,1194,2348,1196.83,2348.1,-12.487787,63.781322,1205,124.82,4.31,329.61,36.67,118.9,236.34,413.59,51.5,rough
3581,1235,2357,1232.09,2356.23,-12.616534,64.33955,1084,208.29,3.36,364.07,43.34,132.04,271.34,474.84,50.46,rough
3582,1257,2346,1257.48,2343.93,-12.421773,64.741392,1016,180.21,8.06,532.55,60.41,258.77,289.5,506.62,46.17,rough
3583,1286,2360,1289.75,2354.17,-12.583918,65.252303,1021,299.34,92.67,548.13,57.31,236.61,323.26,565.7,46.13,rough
3584,1336,2345,1328.58,2348.58,-12.495428,65.86709,1216,256.58,6.01,597.7,58.39,244.14,357.9,626.32,46.16,rough
3585,1352,2343,1358.91,2347.6,-12.479842,66.347159,1092,327.42,39.1,814.9,57.3,242.18,386.51,676.4,45.74,rough
3586,1397,2359,1391.65,2357.53,-12.637087,66.865473,1091,291.88,103.74,788.89,51.27,211.71,420.67,736.18,47.06,rough
3587,1421,2346,1423.51,2348.28,-12.490717,67.369847,971,185.75,87.17,380.82,38.32,126.49,447.26,782.71,50.81,rough
3588,1455,2348,1456.71,2351.61,-12.543451,67.895487,1223,339.66,121.26,535.95,53.14,199.71,478.12,836.72,47.16,rough
3589,1495,2357,1492.44,2355.55,-12.605743,68.46105,1301,243.81,74.53,522.82,56.87,220.3,511.29,894.76,47.09,rough
3590,1527,2356,1524.21,2355.61,-12.606759,68.964066,815,281.35,139.31,523.37,62.61,286.54,539.43,944.01,44.49,rough
3591,1546,2356,1549.79,2356.16,-12.615396,69.369013,792,428.62,163.48,885.0,68.14,420.93,562.56,984.48,38.72,severe
3592,1575,2344,1578.18,2345.42,-12.445377,69.818411,1112,247.19,157.01,413.85,37.1,123.82,576.35,1008.6,50.48,rough
3593,1619,2355,1615.1,2352.73,-12.561074,70.402847,1071,419.4,260.47,565.61,55.62,204.06,548.57,959.99,46.45,rough
3594,1642,2342,1645.83,2345.38,-12.444782,70.88936,854,600.85,332.36,1267.39,60.35,304.74,518.79,907.88,41.63,severe
3595,1680,2351,1679.11,2350.39,-12.524101,71.416233,1064,1066.1,577.67,1346.9,66.97,371.69,485.16,849.03,36.04,severe
3596,1717,2358,1716.69,2354.01,-12.581335,72.011121,1276,1279.1,808.5,1985.94,71.63,507.93,447.49,783.1,29.75,severe
3597,1749,2360,1746.28,2354.05,-12.58197,72.479553,862,1057.48,866.36,1487.49,60.63,343.7,418.1,731.67,37.09,severe
3598,1767,2358,1768.58,2351.33,-12.538995,72.832598,844,1108.59,838.76,1606.68,69.62,366.14,396.33,693.58,35.95,severe
3599,1798,2348,1800.37,2347.47,-12.477851,73.335964,1278,1079.56,836.08,1501.23,62.93,293.25,365.45,639.54,38.73,severe
3600,1837,2357,1836.24,2351.67,-12.544368,73.903805,1259,1040.49,672.06,1361.77,62.91,291.55,329.36,576.37,39.06,severe
3601,1880,2343,1875.88,2345.86,-12.452449,74.531275,851,947.0,728.67,1310.29,65.93,337.23,291.38,509.92,38.09,severe
3602,1894,2351,1899.04,2352.17,-12.552245,74.897946,812,984.28,812.08,1139.51,56.89,210.96,267.38,467.91,42.3,rough
3603,1942,2352,1939.62,2354.32,-12.586352,75.540351,1216,1182.23,981.83,1477.92,56.42,238.77,227.23,397.65,39.94,severe
3604,1974,2359,1976.31,2357.82,-12.641747,76.12124,1165,1617.43,1058.64,2254.04,76.09,571.3,190.66,333.66,25.17,extreme
3605,2007,2343,2004.05,2345.38,-12.44479,76.560316,1089,1529.97,1020.14,2038.95,69.83,445.7,167.4,292.95,30.22,severe
3606,2034,2352,2036.12,2350.08,-12.519198,77.068062,960,1207.23,724.82,1773.7,72.6,516.16,135.65,237.39,29.96,severe
3607,2070,2350,2067.17,2347.02,-12.470679,77.559561,913,964.77,657.48,1529.27,68.04,446.22,107.53,188.18,34.11,severe
3608,2090,2348,2093.71,2350.25,-12.521946,77.979743,1083,736.84,291.46,1169.17,70.93,445.77,81.49,142.6,36.37,severe
3609,2127,2343,2126.27,2345.9,-12.452965,78.49521,1190,379.73,143.96,1035.73,63.68,375.14,51.23,89.65,43.69,rough
3610,2158,2357,2155.65,2354.27,-12.585509,78.960401,852,388.59,-48.79,871.47,73.17,564.93,21.2,37.11,39.25,severe
3611,2190,2345,2181.41,2341.87,-12.389272,79.368226,294,138.75,-61.14,442.63,69.59,392.6,6.29,11.01,48.24,rough
3612,3003,2349,3006.12,2348.12,-12.48818,92.424144,41,7.38,-74.36,121.68,79.36,1331.94,1.56,2.72,34.4,severe
3613,3015,2355,3014.2,2356.94,-12.627759,92.552092,49,-27.67,-101.97,46.68,71.52,1205.93,1.35,2.36,34.66,severe
3614,31,2399,34.5,2402.17,-13.343783,45.380466,238,187.17,-59.47,531.33,71.67,486.86,8.36,14.63,44.41,rough
3615,43,2389,50.54,2392.76,-13.194897,45.634419,469,138.28,-62.51,678.06,60.18,355.42,9.71,16.99,49.29,rough
3616,77,2385,75.4,2385.53,-13.0804,46.027934,697,96.25,-65.02,549.77,52.41,286.56,10.8,18.91,51.93,rough
3617,104,2379,105.25,2385.22,-13.075449,46.500563,706,194.33,-63.36,791.47,62.09,368.38,11.15,19.51,48.33,rough
3618,140,2385,137.99,2393.29,-13.203167,47.018776,728,369.07,-60.45,736.54,68.71,395.25,11.31,19.8,46.16,rough
3619,166,2381,167.06,2387.8,-13.116328,47.478985,571,343.93,-59.82,711.18,70.15,446.49,10.78,18.87,44.56,rough
3620,207,2387,208.07,2383.48,-13.047965,48.128227,641,316.73,-66.55,759.75,69.41,375.3,11.46,20.05,47.21,rough
3621,369,2397,383.76,2400.5,-13.317376,50.909643,38,-61.02,-63.89,-58.82,3.67,11.07,2.03,3.56,100.0,open
3622,401,2382,408.7,2384.86,-13.069773,51.304449,698,-52.73,-62.05,-34.93,7.84,17.74,4.77,8.35,92.98,easy
3623,439,2381,436.52,2383.74,-13.052032,51.74491,1130,-48.83,-61.37,-32.03,6.93,15.67,13.17,23.05,93.87,easy
3624,467,2379,466.68,2381.86,-13.022251,52.222258,738,-50.15,-62.69,-25.7,9.09,21.51,11.61,20.33,90.22,easy
3625,495,2383,497.03,2387.87,-13.117414,52.70282,870,-35.82,-66.13,-9.05,14.06,31.13,12.41,21.72,81.49,easy
3626,530,2390,531.35,2387.84,-13.116916,53.246151,1206,-33.6,-52.98,-8.03,8.16,19.0,32.75,57.32,90.08,easy
3627,566,2376,566.19,2377.51,-12.95343,53.797628,903,-39.27,-58.81,-25.89,8.57,17.53,21.07,36.88,90.41,easy
3628,599,2386,597.33,2385.32,-13.077024,54.290642,847,-32.49,-51.48,15.83,13.74,31.59,24.95,43.66,81.02,easy
3629,626,2379,625.36,2380.4,-12.999236,54.734365,760,-24.31,-61.6,71.78,27.23,69.79,11.86,20.76,60.35,moderate
3630,650,2381,650.45,2381.12,-13.010598,55.131499,970,-30.95,-61.72,45.66,22.04,57.03,9.68,16.95,67.57,moderate
3631,679,2385,681.34,2386.43,-13.094612,55.620554,1113,31.69,-8.74,168.38,23.37,64.33,29.42,51.48,63.14,moderate
3632,716,2376,714.04,2378.59,-12.970559,56.138259,1178,61.71,8.12,164.19,27.48,71.23,60.92,106.6,55.89,rough
3633,745,2380,748.55,2378.17,-12.96391,56.684512,1119,192.33,49.17,331.87,38.73,112.67,93.57,163.75,51.25,rough
3634,790,2378,786.25,2376.41,-12.936045,57.281415,941,406.8,156.07,617.61,55.68,218.7,113.68,198.94,46.02,rough
3635,811,2382,812.89,2382.07,-13.025676,57.703192,675,336.88,117.56,566.82,59.16,247.36,125.01,218.76,45.49,rough
3636,845,2381,845.35,2382.04,-13.025111,58.216957,938,392.19,124.17,736.61,58.72,261.75,137.34,240.34,44.6,rough
3637,878,2391,878.71,2388.86,-13.133098,58.745135,969,122.21,-10.47,345.51,34.24,111.66,158.6,277.55,51.78,rough
3638,913,2386,914.48,2386.7,-13.098917,59.311412,1162,11.85,-26.66,112.22,22.8,57.21,158.58,277.52,59.76,moderate
3639,949,2377,948.36,2379.12,-12.978959,59.847736,1186,-20.85,-36.59,42.37,8.68,23.18,143.24,250.68,84.54,easy
3640,979,2390,981.59,2387.66,-13.114096,60.373807,1092,-12.79,-22.59,11.16,3.88,10.67,149.72,262.02,92.86,open
3641,1016,2374,1014.75,2376.97,-12.944813,60.898785,977,-5.79,-14.42,34.93,5.37,14.23,142.03,248.55,90.23,easy
3642,1038,2387,1038.05,2387.25,-13.107635,61.267606,1027,19.95,-9.13,94.22,15.34,36.46,158.11,276.69,72.78,easy
3643,1073,2382,1073.03,2384.75,-13.068025,61.821462,1172,16.29,-13.4,108.42,15.2,37.02,170.35,298.11,73.01,easy
3644,1105,2375,1107.36,2377.41,-12.951865,62.364896,1273,39.19,-12.64,162.31,24.45,62.76,184.47,322.82,56.65,rough
3645,1144,2388,1141.2,2385.25,-13.075937,62.900539,976,115.1,18.1,225.2,34.42,93.54,213.34,373.34,52.47,rough
3646,1172,2385,1170.13,2382.74,-13.036203,63.358656,778,141.82,34.62,260.71,36.7,104.23,233.26,408.2,51.9,rough
3647,1192,2384,1195.68,2383.15,-13.042697,63.763143,978,128.1,25.84,335.55,41.64,139.54,253.9,444.32,50.75,rough
3648,1229,2385,1230.0,2386.32,-13.092966,64.306373,1266,232.29,92.2,395.24,48.44,159.13,284.18,497.32,49.33,rough
3649,1272,2378,1266.76,2380.84,-13.006085,64.888393,1034,243.56,61.73,364.61,41.53,139.49,313.4,548.45,49.95,rough
3650,1298,2379,1302.92,2378.18,-12.963952,65.460816,942,257.75,33.33,642.86,56.62,231.45,344.77,603.35,46.6,rough
3651,1331,2391,1327.54,2387.22,-13.107081,65.850618,985,456.52,99.63,923.41,60.6,279.57,370.94,649.14,43.52,rough
3652,1351,2392,1355.82,2386.74,-13.099608,66.298298,1118,783.91,518.64,1011.92,63.41,311.11,396.73,694.29,40.14,severe
3653,1394,2385,1387.6,2382.87,-13.038226,66.801368,781,583.31,272.57,935.81,63.28,298.67,424.85,743.49,41.97,severe
3654,1414,2384,1417.55,2383.87,-13.054169,67.275477,904,405.86,153.65,719.38,58.12,244.39,453.46,793.55,45.12,rough
3655,1446,2388,1446.05,2385.3,-13.076798,67.726609,1144,386.96,150.62,616.02,54.7,210.08,480.93,841.62,46.46,rough
3656,1479,2392,1478.18,2388.12,-13.121393,68.235345,1006,405.93,156.05,789.57,57.73,244.36,512.31,896.54,45.12,rough
3657,1511,2388,1510.62,2387.9,-13.11784,68.748852,989,375.23,232.15,557.25,57.93,218.72,542.23,948.89,46.24,rough
3658,1542,2383,1544.1,2382.69,-13.035392,69.278972,913,249.9,154.94,387.69,46.41,149.72,569.6,996.81,49.55,rough
3659,1587,2378,1584.42,2377.86,-12.958901,69.917234,1265,302.21,157.06,615.37,52.91,227.58,576.29,1008.51,46.43,rough
3660,1617,2382,1616.62,2385.08,-13.073235,70.426895,920,684.15,251.66,1269.14,72.03,489.54,544.35,952.61,34.52,severe
3661,1643,2380,1646.31,2380.29,-12.997374,70.897038,1205,638.56,381.7,1006.05,63.44,295.85,515.15,901.52,41.69,severe
3662,1684,2376,1681.36,2376.53,-12.937854,71.451794,940,794.03,519.59,1154.71,64.47,305.9,480.56,840.97,40.26,severe
3663,1706,2391,1707.7,2388.45,-13.126667,71.868827,719,914.6,791.52,1134.79,60.8,254.96,453.36,793.38,41.22,severe
3664,1739,2381,1738.94,2384.52,-13.064448,72.363402,969,1069.82,885.14,1376.5,57.13,240.88,422.54,739.44,40.65,severe
3665,1774,2379,1775.05,2379.91,-12.991494,72.935029,846,1015.31,852.95,1185.03,55.77,220.01,386.91,677.09,41.76,severe
3666,1806,2385,1807.08,2382.32,-13.029569,73.4422,1025,1211.04,951.46,1484.84,59.51,255.23,354.8,620.91,39.16,severe
3667,1842,2376,1841.51,2379.25,-12.980972,73.987262,967,1323.55,927.35,1628.24,65.42,322.63,320.75,561.31,36.0,severe
3668,1865,2390,1865.48,2388.28,-13.123934,74.366725,1040,1355.67,1055.4,1789.55,67.74,355.18,296.17,518.29,34.62,severe
3669,1897,2377,1898.16,2378.68,-12.971893,74.884083,1191,1249.58,1017.21,1827.74,62.96,328.5,264.43,462.76,36.3,severe
3670,1930,2392,1928.09,2388.22,-13.122957,75.35782,1018,1793.83,1183.49,2308.69,71.15,526.02,233.78,409.11,25.55,extreme
3671,1962,2385,1963.05,2384.6,-13.065585,75.911304,1010,1650.05,1156.42,2183.72,71.47,464.85,199.26,348.71,28.71,severe
3672,2005,2389,2001.28,2383.67,-13.050916,76.51659,941,1272.09,804.74,1942.11,72.56,540.12,161.45,282.54,28.66,severe
3673,2031,2378,2031.13,2378.56,-12.96997,76.988996,877,1073.28,658.08,1664.79,71.6,498.66,132.75,232.32,31.5,severe
3674,2061,2375,2062.69,2376.77,-12.941702,77.488633,1029,781.02,429.31,1210.84,68.4,390.6,102.32,179.06,37.35,severe
3675,2101,2391,2097.7,2388.33,-13.124668,78.042921,1073,592.01,179.6,1012.41,68.83,388.84,65.92,115.37,40.59,severe
3676,2123,2387,2124.33,2381.02,-13.009048,78.464437,926,515.1,219.6,1137.78,71.7,515.79,43.02,75.28,38.42,severe
3677,2157,2380,2153.89,2383.07,-13.041404,78.932418,843,106.75,-62.01,428.45,51.79,224.32,16.3,28.52,53.63,rough
3678,2176,2370,2171.27,2368.85,-12.816322,79.207628,233,-34.55,-61.96,16.77,29.14,112.66,4.8,8.41,59.45,moderate
3679,3018,2371,3018.9,2366.76,-12.783313,92.626464,51,131.25,-84.88,389.44,84.54,1659.81,1.8,3.16,33.52,severe
3680,21,2409,15.67,2416.45,-13.569876,45.082296,816,300.4,-61.34,736.69,70.94,444.86,11.92,20.85,44.83,rough
3681,45,2421,46.48,2420.98,-13.641617,45.570135,915,695.25,298.61,882.79,63.05,337.69,26.3,46.02,44.77,rough
3682,82,2407,80.83,2409.1,-13.453574,46.113948,959,709.44,371.33,874.22,63.36,318.57,25.77,45.1,45.39,rough
3683,111,2419,113.58,2414.27,-13.53536,46.632387,913,493.44,-63.99,846.34,66.07,361.89,16.15,28.26,46.1,rough
3684,145,2424,144.73,2415.97,-13.562207,47.125588,750,294.5,-64.87,706.9,70.54,388.16,10.25,17.95,47.01,rough
3685,183,2407,177.49,2406.11,-13.406183,47.644061,711,250.88,-64.91,631.94,67.11,349.75,11.61,20.31,48.56,rough
3686,200,2400,198.97,2399.15,-13.296041,47.984156,407,188.9,-64.46,615.89,64.93,332.0,10.4,18.2,49.71,rough
3687,337,2425,346.53,2432.1,-13.81769,50.320276,58,-61.43,-63.4,-60.77,2.39,5.66,1.75,3.06,100.0,open
3688,374,2417,378.31,2417.95,-13.593645,50.823305,307,-57.95,-62.07,-53.49,3.95,9.5,4.95,8.66,99.72,open
3689,395,2421,399.48,2416.79,-13.575306,51.158411,878,-56.29,-60.98,-51.59,2.63,5.67,9.9,17.33,100.0,open
3690,436,2424,432.99,2422.05,-13.658534,51.688969,1240,-48.35,-55.52,-20.27,6.34,14.42,31.88,55.78,93.43,easy
3691,462,2412,462.1,2411.97,-13.499018,52.149727,1032,-43.01,-54.58,-25.92,5.8,12.72,37.51,65.64,93.9,easy
3692,489,2422,488.68,2422.66,-13.668229,52.570544,1108,-44.61,-55.6,-23.31,5.42,12.69,44.45,77.79,94.01,easy
3693,520,2416,521.66,2414.9,-13.5453,53.092613,984,-40.63,-50.45,-25.34,6.48,13.67,45.05,78.84,92.14,easy
3694,567,2406,562.51,2408.35,-13.441618,53.739451,1135,-39.97,-56.65,-24.22,6.31,13.7,51.24,89.67,91.94,easy
3695,589,2414,589.5,2414.1,-13.532723,54.166635,690,-21.22,-50.86,89.45,19.32,53.29,51.87,90.77,68.84,moderate
3696,615,2410,620.41,2413.18,-13.518169,54.656049,1226,74.72,-51.59,329.64,44.56,154.81,32.23,56.41,55.07,rough
3697,664,2417,658.47,2417.01,-13.578819,55.258494,1232,126.12,-38.36,283.15,44.09,139.9,23.53,41.18,55.92,rough
3698,688,2423,688.32,2419.03,-13.610734,55.731139,719,74.07,11.41,174.91,34.06,91.68,43.03,75.31,56.47,rough
3699,710,2423,713.28,2420.53,-13.634547,56.126281,1077,116.57,32.13,287.73,37.58,109.42,65.66,114.9,53.79,rough
3700,742,2406,743.21,2408.66,-13.446487,56.60003,1260,188.96,69.86,353.23,38.97,105.18,90.85,158.99,51.54,rough
3701,784,2406,780.57,2407.66,-13.4308,57.191543,1178,165.38,16.22,378.87,48.79,170.88,127.31,222.8,49.38,rough
3702,815,2406,813.62,2409.58,-13.461173,57.714652,883,127.45,22.57,411.59,50.67,177.05,150.62,263.58,49.43,rough
3703,838,2411,839.33,2412.97,-13.514733,58.121672,986,151.44,56.0,406.24,42.71,151.94,162.87,285.03,50.15,rough
3704,876,2413,876.45,2415.59,-13.556208,58.709343,1013,65.24,-19.01,134.34,22.54,53.6,181.59,317.78,59.94,moderate
3705,913,2419,911.9,2417.45,-13.585673,59.270616,992,0.66,-19.97,87.94,12.03,29.59,188.68,330.19,78.63,easy
3706,941,2424,940.81,2418.03,-13.594923,59.728313,815,8.56,-14.36,83.39,16.89,40.64,182.72,319.76,70.14,moderate
3707,968,2412,967.62,2414.37,-13.536947,60.152723,1036,-0.36,-25.46,68.28,13.37,32.99,176.58,309.02,76.29,easy
3708,1002,2420,1003.37,2417.96,-13.59384,60.718669,1341,48.42,2.66,113.87,21.51,50.73,181.03,316.8,61.86,moderate
3709,1048,2413,1044.44,2412.13,-13.501436,61.368741,885,71.5,12.84,114.93,27.77,63.4,183.65,321.39,53.83,rough
3710,1064,2423,1067.96,2423.72,-13.684923,61.741077,1014,42.89,11.6,112.76,15.65,37.37,202.84,354.97,72.07,easy
3711,1102,2418,1102.41,2415.83,-13.56009,62.286582,1419,54.41,24.86,102.86,17.01,38.42,212.28,371.48,69.71,moderate
3712,1142,2410,1138.34,2410.97,-13.483195,62.855396,895,91.25,57.33,126.05,16.46,36.0,230.0,402.5,70.44,moderate
3713,1171,2413,1171.96,2413.22,-13.518783,63.387509,868,86.08,34.46,213.9,31.58,80.27,254.84,445.97,53.14,rough
3714,1205,2417,1205.22,2414.77,-13.543287,63.914073,918,263.09,83.95,413.31,46.68,146.32,280.68,491.19,49.57,rough
3715,1233,2421,1233.23,2420.3,-13.630794,64.357519,947,345.75,214.16,435.4,40.01,114.15,306.11,535.7,50.14,rough
3716,1259,2423,1259.46,2419.71,-13.621533,64.772772,1027,184.3,100.79,352.0,40.38,121.07,327.1,572.43,51.01,rough
3717,1288,2406,1289.67,2407.12,-13.422206,65.25098,1092,151.16,48.55,271.72,43.49,130.03,346.05,605.59,50.93,rough
3718,1331,2418,1327.18,2418.94,-13.609279,65.844928,1012,331.79,153.42,721.16,52.52,211.59,384.59,673.03,46.79,rough
3719,1360,2419,1363.49,2419.22,-13.613704,66.419688,921,721.04,450.72,1048.85,66.93,350.17,416.98,729.72,39.2,severe
3720,1392,2406,1392.39,2410.96,-13.482973,66.877117,1134,944.93,533.5,1534.27,65.79,356.15,439.78,769.62,37.43,severe
3721,1430,2420,1428.28,2419.41,-13.616746,67.445439,1138,750.2,388.2,1156.98,61.2,289.52,476.12,833.22,41.14,severe
3722,1461,2416,1460.2,2415.98,-13.562413,67.950636,829,551.24,363.2,791.59,56.39,226.78,504.47,882.82,44.73,rough
3723,1489,2417,1490.96,2417.66,-13.5891,68.437579,899,479.07,306.24,754.72,54.37,192.67,533.89,934.31,46.44,rough
3724,1526,2417,1524.27,2417.17,-13.581203,68.965018,914,331.92,146.13,527.64,53.68,185.6,565.16,989.03,47.71,rough
3725,1549,2407,1552.34,2408.09,-13.437525,69.409405,950,327.36,162.43,632.53,56.81,221.97,587.58,1028.26,46.45,rough
3726,1583,2414,1580.28,2415.1,-13.548462,69.851751,1102,413.63,259.91,602.1,52.05,187.05,578.45,1012.28,47.09,rough
3727,1606,2416,1609.89,2415.69,-13.557899,70.320499,1118,595.01,284.24,972.66,64.15,319.88,548.82,960.44,41.14,severe
3728,1654,2416,1651.47,2412.51,-13.50745,70.978701,1082,835.74,531.12,1224.31,65.77,353.98,507.45,888.05,38.27,severe
3729,1685,2406,1683.1,2408.24,-13.439854,71.479447,989,813.15,626.83,1023.88,59.43,261.85,476.2,833.35,41.68,severe
3730,1713,2411,1713.02,2413.84,-13.528577,71.95304,849,949.9,788.06,1230.9,56.0,204.91,445.97,780.44,42.75,rough
3731,1738,2421,1740.35,2421.13,-13.64395,72.38576,1087,1032.65,786.15,1257.64,60.61,246.17,418.28,731.99,40.72,severe
3732,1770,2407,1770.13,2409.57,-13.460888,72.857139,1203,1105.31,920.98,1322.5,57.06,219.57,389.35,681.36,41.15,severe
3733,1807,2408,1806.84,2411.69,-13.494481,73.438327,1151,1225.06,954.66,1531.37,66.52,354.28,352.6,617.05,35.56,severe
3734,1840,2421,1840.71,2415.9,-13.561203,73.974466,948,1425.14,861.15,1889.73,72.2,487.55,318.48,557.34,29.46,severe
3735,1876,2415,1877.81,2414.51,-13.539159,74.561785,954,1659.1,1317.23,2014.33,70.88,476.02,281.66,492.91,28.25,severe
3736,1909,2418,1907.9,2416.96,-13.577959,75.038282,1084,1608.37,1364.97,2097.95,65.01,365.02,251.5,440.13,32.53,severe
3737,1944,2410,1943.53,2413.45,-13.522406,75.602334,860,1622.49,1022.42,2162.42,75.76,624.73,216.36,378.63,23.24,extreme
3738,1970,2415,1972.15,2414.9,-13.545317,76.055354,955,1392.16,934.73,2097.31,73.74,578.99,187.77,328.59,26.46,severe
3739,2005,2407,2002.03,2411.44,-13.4906,76.528366,803,1336.16,765.02,1768.42,72.56,550.19,158.4,277.2,27.86,severe
3740,2025,2407,2029.67,2408.31,-13.441,76.965915,890,1053.23,711.97,1678.13,72.13,455.01,131.16,229.53,33.19,severe
3741,2068,2408,2064.97,2408.81,-13.448917,77.52478,1210,666.89,347.31,1013.45,68.38,392.29,95.98,167.96,38.08,severe
3742,2091,2421,2091.03,2420.35,-13.631551,77.9373,845,362.45,101.98,754.09,60.49,309.72,69.59,121.78,44.7,rough
3743,2129,2408,2128.27,2411.98,-13.499151,78.526909,1014,101.02,9.3,391.73,41.04,162.15,33.27,58.21,54.55,rough
3744,2157,2419,2151.56,2418.18,-13.59729,78.895536,656,-11.72,-61.82,196.34,29.37,103.03,10.2,17.85,59.21,moderate
3745,3043,2427,3043.28,2436.13,-13.881452,93.012371,61,93.96,-121.01,379.6,81.07,1162.86,2.06,3.6,33.76,severe
3746,20,2452,16.73,2446.73,-14.049171,45.099223,1093,551.35,122.71,887.98,64.22,323.68,26.32,46.06,46.26,rough
3747,54,2445,51.82,2444.19,-14.008963,45.654593,641,269.83,-63.75,568.57,65.05,337.14,13.25,23.19,48.75,rough
3748,76,2443,74.64,2434.76,-13.859743,46.015951,458,219.33,-65.95,642.75,69.51,393.98,9.03,15.8,47.42,rough
3749,103,2435,96.88,2429.77,-13.780763,46.368002,275,122.81,-62.55,430.76,70.23,412.37,6.74,11.79,47.61,rough
3750,282,2463,289.8,2464.12,-14.324546,49.422155,233,-52.89,-62.65,-47.09,6.63,21.85,7.46,13.06,94.62,easy
3751,302,2447,305.43,2456.5,-14.203849,49.669612,385,-56.23,-62.72,-48.43,4.9,13.49,5.87,10.27,97.93,easy
3752,335,2447,337.23,2453.85,-14.161958,50.17292,773,-52.17,-62.42,-45.42,4.21,10.41,10.24,17.92,98.8,easy
3753,366,2439,368.16,2442.7,-13.985376,50.662614,654,-56.29,-61.92,-49.0,4.5,9.47,6.78,11.86,98.65,easy
3754,399,2441,401.81,2443.07,-13.991309,51.195293,922,-44.31,-57.18,-4.76,9.98,21.77,21.26,37.21,87.95,easy
3755,440,2456,434.54,2452.92,-14.147306,51.713431,675,-40.02,-51.79,-2.24,9.61,21.66,48.12,84.21,86.44,easy
3756,456,2454,461.37,2450.59,-14.110413,52.138171,899,-47.92,-52.33,-41.04,2.09,5.31,68.51,119.89,97.92,open
3757,497,2456,493.53,2453.48,-14.156032,52.647424,923,-33.38,-52.91,-15.79,8.09,16.83,74.96,131.19,87.0,easy
3758,524,2440,525.61,2440.68,-13.953456,53.155263,992,-36.48,-48.92,-11.51,8.78,20.6,69.21,121.12,86.2,easy
3759,557,2450,556.66,2448.0,-14.069361,53.64672,1198,-1.01,-48.17,216.67,23.02,71.91,88.08,154.13,59.11,moderate
3760,587,2439,586.87,2440.34,-13.948089,54.125053,984,69.02,-47.23,325.18,39.97,147.58,72.75,127.32,52.22,rough
3761,617,2452,619.79,2449.47,-14.092584,54.646155,1272,238.65,94.06,439.93,43.85,139.48,60.31,105.54,52.3,rough
3762,657,2453,653.93,2451.96,-14.132003,55.186599,1232,129.44,63.96,265.74,32.12,93.03,55.76,97.57,55.05,rough
3763,686,2445,684.85,2445.61,-14.031519,55.676176,724,125.82,56.22,215.18,30.83,87.32,59.23,103.66,55.0,rough
3764,712,2456,713.73,2452.48,-14.140199,56.133385,715,102.52,20.58,233.56,43.01,136.46,83.31,145.79,51.56,rough
3765,747,2446,748.57,2443.98,-14.005693,56.684888,1390,243.25,39.37,408.3,54.55,199.83,107.38,187.92,47.82,rough
3766,789,2441,784.65,2439.55,-13.935577,57.256019,1098,79.3,5.44,263.34,43.46,137.26,138.74,242.8,51.17,rough
3767,807,2449,813.6,2448.65,-14.079689,57.714441,1194,146.14,52.82,308.63,38.05,121.21,169.02,295.79,51.27,rough
3768,854,2439,849.07,2441.83,-13.971592,58.275896,1223,91.99,55.82,146.45,25.46,59.65,191.9,335.83,54.72,rough
3769,875,2451,875.74,2450.71,-14.112236,58.698105,863,61.11,-18.61,135.35,26.18,66.27,212.2,371.36,53.8,rough
3770,904,2446,905.15,2448.39,-14.075533,59.163783,1162,4.24,-21.53,37.79,14.79,31.82,219.03,383.31,73.96,easy
3771,942,2440,942.14,2445.52,-14.030012,59.749302,1046,31.64,0.25,51.22,11.67,26.13,209.78,367.11,79.13,easy
3772,978,2455,975.76,2452.56,-14.141564,60.281535,1118,22.59,2.12,47.13,11.82,24.91,214.6,375.54,78.99,easy
3773,1005,2454,1004.75,2453.07,-14.149569,60.74049,816,25.29,5.39,65.42,11.21,25.22,215.95,377.91,79.96,easy
3774,1030,2442,1031.26,2440.6,-13.952123,61.16018,1008,28.42,9.55,79.38,11.48,27.67,207.56,363.24,79.41,easy
3775,1067,2456,1068.7,2453.51,-14.15654,61.752902,975,48.54,11.24,87.2,12.9,29.19,230.67,403.67,76.87,easy
3776,1104,2450,1103.4,2448.31,-14.074305,62.302125,1105,65.03,41.62,94.45,17.42,35.08,240.63,421.1,69.06,moderate
3777,1144,2438,1139.06,2438.08,-13.912361,62.866674,885,81.39,47.33,118.18,17.31,36.95,251.46,440.06,69.08,moderate
3778,1163,2442,1165.33,2444.55,-14.01468,63.282617,823,62.99,24.12,116.41,22.09,52.24,273.0,477.76,60.76,moderate
3779,1193,2439,1192.52,2442.95,-13.989454,63.712988,1008,181.24,79.71,352.99,39.25,117.04,290.36,508.12,51.18,rough
3780,1223,2452,1224.2,2452.02,-14.133031,64.214616,1102,230.21,53.37,432.4,46.29,164.46,319.49,559.11,49.16,rough
3781,1264,2451,1262.13,2454.11,-14.166117,64.815102,1154,157.02,87.22,342.73,27.17,77.56,349.66,611.91,52.74,rough
3782,1290,2439,1291.36,2438.77,-13.923172,65.277799,1045,87.06,20.95,173.19,33.6,87.59,364.2,637.35,52.87,rough
3783,1318,2451,1318.68,2450.92,-14.115604,65.710244,1050,116.96,19.26,342.82,38.95,124.03,393.65,688.89,51.37,rough
3784,1351,2442,1351.58,2443.68,-14.000923,66.231073,928,543.05,239.19,947.49,59.66,263.72,417.92,731.37,43.48,rough
3785,1390,2453,1388.38,2448.13,-14.071353,66.81375,1129,934.88,483.68,1602.22,69.95,443.14,452.33,791.58,34.43,severe
3786,1421,2449,1422.11,2448.49,-14.077105,67.347724,1104,1264.4,816.38,1744.36,68.8,488.4,482.5,844.37,30.54,severe
3787,1461,2446,1460.07,2448.42,-14.075934,67.948604,1245,916.85,552.74,1370.82,69.12,406.47,516.84,904.47,35.85,severe
3788,1494,2446,1493.39,2447.06,-14.054395,68.476143,1009,545.16,370.94,846.98,59.56,230.44,546.86,957.0,44.65,rough
3789,1525,2445,1525.01,2445.16,-14.024396,68.976649,847,474.04,198.88,669.53,57.66,215.04,575.42,1006.99,45.68,rough
3790,1554,2446,1555.39,2445.2,-14.024949,69.457614,1187,336.2,198.48,536.36,53.97,186.98,595.72,1042.52,47.63,rough
3791,1591,2456,1591.59,2451.52,-14.125094,70.0307,936,431.48,191.54,696.43,58.63,244.72,566.45,991.28,44.93,rough
3792,1622,2445,1622.35,2445.68,-14.032621,70.517626,1091,705.84,381.44,913.37,57.29,234.87,535.69,937.47,43.38,rough
3793,1650,2438,1647.25,2440.49,-13.95051,70.911947,754,737.86,603.0,1000.96,56.53,217.96,510.8,893.9,43.75,rough
3794,1670,2442,1674.83,2440.67,-13.95333,71.348539,898,766.29,660.63,1011.74,49.73,172.87,483.22,845.63,45.15,rough
3795,1709,2449,1706.86,2447.67,-14.064106,71.855522,1181,846.41,675.19,1254.63,57.19,238.54,451.18,789.57,42.27,rough
3796,1738,2452,1740.47,2451.19,-14.119921,72.387614,1033,919.4,642.69,1173.29,66.77,323.76,417.57,730.75,38.76,severe
3797,1782,2447,1778.76,2442.32,-13.979398,72.993799,1119,907.71,601.23,1337.69,67.73,356.25,379.3,663.77,37.69,severe
3798,1803,2455,1804.68,2453.84,-14.161874,73.404087,927,852.24,580.99,1147.9,58.68,274.69,353.42,618.49,40.96,severe
3799,1832,2438,1830.5,2440.85,-13.956214,73.812967,936,1054.5,721.72,1325.41,67.69,385.85,327.56,573.23,35.62,severe
3800,1866,2439,1865.63,2443.74,-14.001878,74.369043,1157,1171.19,733.78,1941.24,70.69,457.24,292.45,511.78,32.29,severe
3801,1899,2454,1897.04,2454.62,-14.174189,74.8663,1187,1138.31,599.79,1660.11,73.98,547.52,261.1,456.93,29.33,severe
3802,1926,2443,1929.07,2444.13,-14.008121,75.373431,1140,1335.97,875.48,1755.62,74.63,513.28,229.01,400.77,29.17,severe
3803,1968,2446,1964.09,2447.88,-14.067417,75.927696,1140,1282.94,846.49,1771.8,68.82,436.92,194.01,339.51,32.24,severe
3804,1993,2443,1997.63,2442.81,-13.987239,76.458762,1163,1001.36,643.34,1378.87,69.67,404.71,160.51,280.89,35.33,severe
3805,2037,2438,2035.34,2438.15,-13.913368,77.055696,1311,940.07,646.73,1246.97,60.94,292.53,123.04,215.31,39.72,severe
3806,2062,2456,2065.01,2451.67,-14.127459,77.525441,984,702.88,402.29,1146.81,65.51,343.6,93.2,163.11,39.55,severe
3807,2098,2440,2099.07,2441.28,-13.962988,78.064656,959,380.38,103.18,609.43,54.16,227.88,59.27,103.72,48.27,rough
3808,2132,2452,2131.57,2448.35,-14.074963,78.579083,919,252.37,1.36,633.99,62.07,292.77,27.19,47.59,49.35,rough
3809,2157,2447,2151.44,2447.46,-14.060772,78.893654,432,-32.31,-62.14,42.88,23.36,67.96,7.67,13.42,65.15,moderate
3810,3055,2447,3051.18,2451.27,-14.121077,93.13745,284,179.5,-111.41,489.08,79.32,1133.43,3.1,5.43,33.09,severe
3811,20,2472,12.86,2473.72,-14.476444,45.037918,653,112.16,-62.36,504.88,61.31,287.78,9.35,16.36,51.89,rough
3812,42,2468,39.71,2462.45,-14.298113,45.462984,313,67.84,-61.25,265.92,61.26,279.15,6.97,12.2,52.69,rough
3813,117,2477,116.84,2480.1,-14.577554,46.683937,49,-60.18,-70.57,-52.05,20.04,92.37,1.25,2.19,70.48,moderate
3814,128,2494,124.33,2494.25,-14.80153,46.802615,12,-62.65,-64.91,-61.07,11.35,53.79,1.03,1.81,86.24,easy
3815,207,2482,214.05,2487.9,-14.700959,48.222912,282,-39.93,-62.12,-30.77,12.99,38.16,6.71,11.74,83.49,easy
3816,239,2479,242.6,2486.23,-14.67457,48.674849,812,-33.98,-64.25,-26.35,8.42,23.59,10.88,19.04,91.2,easy
3817,279,2470,275.86,2479.14,-14.56227,49.201376,732,-40.63,-62.29,-31.02,6.53,18.16,13.97,24.45,94.33,easy
3818,307,2485,305.96,2480.98,-14.591478,49.677948,706,-43.05,-52.31,-34.13,2.88,6.67,27.24,47.66,99.76,open
3819,330,2483,333.3,2480.73,-14.587424,50.110824,1020,-39.49,-49.34,-21.36,4.33,9.62,32.13,56.24,96.84,easy
3820,374,2472,369.39,2472.21,-14.452553,50.682175,1087,-46.22,-53.67,-37.36,2.29,5.52,24.35,42.61,100.0,open
3821,397,2470,400.42,2472.5,-14.457267,51.173322,1050,-39.41,-52.76,1.53,6.76,17.18,42.46,74.31,91.76,easy
3822,435,2474,431.66,2479.03,-14.560524,51.667884,1027,-38.83,-49.63,4.89,8.26,18.65,65.31,114.29,87.43,easy
3823,464,2481,467.62,2482.33,-14.612902,52.237167,1090,-39.59,-48.79,-15.15,6.33,12.92,92.05,161.09,88.91,easy
3824,504,2473,501.96,2478.22,-14.547723,52.780835,905,-33.0,-44.75,16.6,10.55,22.87,99.78,174.61,81.54,easy
3825,529,2475,529.97,2474.39,-14.487183,53.224223,902,7.43,-46.68,112.74,24.68,65.87,101.6,177.8,56.38,rough
3826,557,2483,558.41,2484.35,-14.64488,53.674482,1040,165.23,33.05,288.21,40.86,120.86,118.91,208.09,51.15,rough
3827,589,2476,587.28,2475.86,-14.510466,54.131467,1061,284.62,126.39,445.13,42.28,125.69,99.52,174.17,50.16,rough
3828,615,2482,618.57,2482.9,-14.621782,54.626938,1065,239.34,118.07,428.3,43.03,123.14,91.47,160.07,50.56,rough
3829,658,2485,658.96,2483.85,-14.636883,55.266323,1131,176.28,73.92,343.04,39.78,119.22,87.78,153.62,51.31,rough
3830,694,2470,691.91,2475.13,-14.498853,55.787927,1025,197.8,125.25,340.98,38.26,118.64,88.14,154.25,51.15,rough
3831,724,2473,725.47,2478.61,-14.553954,56.319154,1119,106.66,4.45,417.66,47.61,186.17,110.31,193.05,49.25,rough
3832,760,2481,755.61,2481.48,-14.599438,56.796388,832,30.68,4.67,114.53,27.99,76.45,133.8,234.15,53.65,rough
3833,774,2477,777.47,2473.77,-14.477262,57.142441,845,77.11,13.2,137.23,34.92,84.87,147.02,257.28,53.04,rough
3834,807,2481,809.08,2479.99,-14.575843,57.642792,1154,98.95,48.01,151.82,26.65,62.51,177.51,310.64,53.68,rough
3835,847,2488,844.24,2482.61,-14.617268,58.199519,1143,63.99,14.53,148.6,21.44,50.07,210.08,367.63,61.9,moderate
3836,874,2478,876.84,2477.96,-14.543663,58.71546,1058,22.73,-15.16,119.82,15.89,42.76,234.9,411.07,71.62,moderate
3837,919,2484,917.87,2480.86,-14.589624,59.365027,1225,20.34,-8.03,42.58,10.8,23.23,248.5,434.88,80.74,easy
3838,951,2480,949.98,2477.19,-14.531433,59.873331,1044,32.83,15.57,62.85,11.03,26.01,240.28,420.49,80.19,easy
3839,984,2486,984.58,2484.85,-14.652658,60.421092,806,50.67,10.12,73.42,14.36,30.2,246.88,432.04,74.4,easy
3840,1012,2479,1014.92,2482.32,-14.612665,60.901429,1016,48.35,13.57,86.02,20.5,43.87,246.07,430.62,63.78,moderate
3841,1043,2470,1041.44,2473.37,-14.471045,61.321376,1013,65.63,23.37,99.96,13.92,30.56,241.72,423.01,75.01,easy
3842,1069,2481,1072.0,2484.77,-14.651495,61.80517,1201,84.7,68.46,100.97,10.51,21.15,261.24,457.18,80.86,easy
3843,1112,2473,1110.07,2478.92,-14.558884,62.407853,1216,88.82,55.94,137.7,15.74,35.39,270.72,473.76,71.67,moderate
3844,1139,2470,1139.16,2472.54,-14.457864,62.868237,1095,88.51,49.93,166.45,21.22,49.58,279.72,489.52,62.11,moderate
3845,1168,2479,1168.89,2479.88,-14.57407,63.339003,1262,117.54,59.31,202.05,23.74,59.78,302.85,529.98,57.38,rough
3846,1202,2484,1197.83,2479.66,-14.57055,63.797057,852,158.98,96.71,271.49,36.45,104.8,320.83,561.45,51.76,rough
3847,1223,2482,1227.2,2478.91,-14.558719,64.262079,798,169.81,37.55,384.46,51.83,171.33,340.29,595.51,49.34,rough
3848,1264,2487,1262.83,2483.12,-14.62538,64.826125,975,150.47,66.32,271.02,33.93,89.87,368.96,645.68,52.35,rough
3849,1300,2479,1300.0,2478.66,-14.554768,65.414593,1183,56.13,20.62,121.6,21.7,56.22,394.56,690.48,61.31,moderate
3850,1336,2482,1334.05,2483.89,-14.637577,65.953536,1061,116.56,22.88,264.33,35.47,103.13,424.96,743.68,52.12,rough
3851,1357,2472,1360.02,2474.25,-14.48494,66.364748,1080,320.71,78.22,746.34,58.59,247.85,441.03,771.8,45.59,rough
3852,1393,2476,1390.81,2478.13,-14.546304,66.852255,859,505.07,100.58,937.78,68.01,347.37,469.21,821.12,40.79,severe
3853,1419,2479,1421.32,2480.28,-14.580395,67.33523,1009,1074.05,489.25,1638.09,71.48,504.94,496.66,869.15,31.28,severe
3854,1454,2485,1453.1,2483.18,-14.626219,67.838351,1261,1204.53,590.93,1699.04,72.67,526.85,525.94,920.4,29.6,severe
3855,1496,2481,1494.37,2481.33,-14.597006,68.491621,1040,866.86,588.12,1156.98,62.4,279.87,561.83,983.19,40.67,severe
3856,1518,2472,1519.7,2473.71,-14.476413,68.892653,924,598.4,481.04,736.16,52.88,199.71,581.58,1017.77,45.37,rough
3857,1546,2486,1547.11,2483.83,-14.636585,69.326493,1011,624.79,302.43,874.43,59.77,247.07,603.31,1055.79,43.51,rough
3858,1578,2470,1576.22,2473.56,-14.47405,69.787418,954,447.47,230.08,658.64,54.88,202.41,582.25,1018.94,46.31,rough
3859,1612,2480,1612.04,2480.28,-14.580418,70.354509,1145,556.29,368.24,811.65,58.97,239.49,546.76,956.83,44.25,rough
3860,1651,2479,1647.08,2478.58,-14.553522,70.909106,1024,759.63,440.46,972.81,57.79,216.67,511.71,895.5,43.65,rough
3861,1670,2470,1672.76,2468.83,-14.399042,71.31574,850,855.34,654.32,1111.42,58.24,240.06,485.6,849.8,42.16,rough
3862,1702,2481,1703.71,2480.83,-14.589005,71.805679,1111,1116.27,824.74,1524.85,56.6,254.32,455.3,796.77,39.85,severe
3863,1743,2479,1742.29,2482.11,-14.609273,72.416381,1155,1064.65,615.98,1449.03,65.67,335.56,416.91,729.6,37.33,severe
3864,1773,2473,1772.75,2474.79,-14.493424,72.898616,1060,747.32,507.3,1073.26,66.83,352.84,386.05,675.59,38.92,severe
3865,1807,2487,1804.93,2485.43,-14.661916,73.408086,789,562.2,231.76,882.76,65.97,347.41,354.72,620.77,40.39,severe
3866,1830,2474,1833.17,2472.34,-14.454727,73.855128,1063,603.73,253.31,1200.11,61.62,361.56,325.6,569.81,39.6,severe
3867,1864,2486,1865.16,2483.12,-14.625377,74.361655,1310,604.06,267.84,1202.08,60.89,343.58,294.69,515.71,40.24,severe
3868,1901,2487,1901.71,2484.93,-14.654005,74.940263,1047,938.7,459.07,1409.69,73.56,464.94,258.53,452.43,33.63,severe
3869,1938,2480,1935.95,2476.77,-14.524757,75.482235,1103,1140.93,758.57,1461.4,68.51,372.42,223.63,391.35,35.5,severe
3870,1964,2487,1964.43,2482.75,-14.619411,75.933147,760,1042.5,704.4,1452.98,70.69,429.71,196.18,343.31,34.16,severe
3871,1992,2476,1994.22,2474.9,-14.495149,76.404817,1123,1148.11,849.91,1438.08,64.9,314.09,165.61,289.81,37.51,severe
3872,2035,2477,2030.46,2476.88,-14.526548,76.978497,1218,848.97,604.9,1441.43,65.86,363.57,130.44,228.27,37.84,severe
3873,2057,2473,2060.75,2475.8,-14.509397,77.457966,733,712.43,501.52,858.93,53.32,198.74,100.39,175.68,44.61,rough
3874,2101,2470,2096.44,2474.26,-14.485016,78.022978,1161,572.78,348.3,834.84,60.19,259.2,66.06,115.61,45.3,rough
3875,2122,2470,2125.53,2475.91,-14.511204,78.483456,965,366.06,86.86,582.83,55.63,219.92,39.85,69.73,50.16,rough
3876,2167,2473,2158.52,2480.29,-14.580547,79.005855,821,79.84,-61.81,517.78,50.31,228.24,11.74,20.55,54.03,rough
3877,2291,2482,2292.14,2481.57,-14.600816,81.121157,7,-64.02,-66.47,-60.22,27.59,73.58,1.06,1.85,61.32,moderate
3878,3057,2477,3060.35,2470.72,-14.429054,93.282686,212,229.87,-57.98,899.03,81.52,1236.01,3.15,5.51,32.73,severe
3879,3073,2482,3068.48,2481.88,-14.605682,93.411409,99,42.45,-87.74,315.8,75.56,807.88,2.45,4.29,34.51,severe
3880,101,2496,102.64,2493.15,-14.784099,46.459161,47,-58.46,-65.07,-49.45,21.54,51.53,1.3,2.28,69.42,moderate
3881,129,2513,129.0,2513.5,-15.106276,46.876493,2,-67.33,-67.38,-67.29,10.92,46.93,1.0,1.75,87.21,easy
3882,175,2519,181.02,2524.61,-15.282095,47.699975,467,-41.03,-66.28,-18.58,13.76,46.42,6.64,11.61,81.94,easy
3883,202,2502,206.14,2507.87,-15.017126,48.09769,959,-31.4,-63.18,-17.62,8.68,23.58,15.78,27.61,90.36,easy
3884,243,2517,238.57,2513.39,-15.104565,48.611019,934,-27.39,-30.36,-17.32,1.62,4.3,35.46,62.06,100.0,open
3885,266,2515,268.29,2509.97,-15.05037,49.081617,1018,-27.65,-34.27,-20.47,2.81,6.38,40.18,70.31,98.77,open
3886,303,2502,302.82,2507.05,-15.004213,49.628286,1115,-34.63,-40.85,-30.41,2.38,4.94,50.11,87.69,98.79,open
3887,344,2508,342.82,2510.9,-15.065052,50.261498,1278,-33.98,-46.07,-20.7,4.89,11.27,61.08,106.89,93.57,easy
3888,375,2505,375.37,2507.58,-15.012532,50.776746,1243,-32.41,-45.21,-7.71,6.56,14.76,58.68,102.68,90.86,easy
3889,407,2512,404.89,2510.73,-15.062365,51.244082,1169,-30.78,-43.68,0.87,6.04,14.72,73.83,129.21,90.54,easy
3890,429,2519,431.32,2517.33,-15.166921,51.66249,898,-38.45,-48.36,-12.71,5.97,13.7,95.37,166.9,89.49,easy
3891,457,2511,458.57,2512.01,-15.082664,52.093861,1178,-33.23,-48.85,45.39,10.38,25.03,107.56,188.23,81.75,easy
3892,498,2515,495.99,2510.94,-15.065714,52.68627,1077,16.55,-38.51,114.96,19.56,47.64,129.02,225.79,65.42,moderate
3893,527,2508,526.79,2506.58,-14.996727,53.173947,962,105.24,-6.01,222.86,29.92,80.77,131.54,230.2,52.99,rough
3894,556,2517,558.22,2516.13,-15.147855,53.671513,1076,153.8,72.78,242.65,36.27,89.71,145.73,255.03,52.33,rough
3895,598,2512,593.1,2508.99,-15.034877,54.223617,888,203.12,114.49,357.72,34.36,97.28,125.06,218.86,51.72,rough
3896,615,2518,617.08,2517.54,-15.170269,54.603347,734,242.3,181.58,373.21,33.82,94.28,124.86,218.51,51.56,rough
3897,647,2507,647.85,2509.35,-15.040639,55.090351,1119,270.39,129.99,400.5,45.23,148.78,112.76,197.33,49.44,rough
3898,689,2514,685.12,2512.1,-15.084041,55.680446,1247,259.54,20.97,540.01,54.24,231.65,120.23,210.4,46.58,rough
3899,710,2520,714.15,2517.74,-15.173344,56.140047,1165,83.35,13.58,267.29,30.36,84.6,136.14,238.25,53.0,rough
3900,750,2511,746.89,2508.88,-15.033066,56.658284,1084,67.01,13.07,148.68,35.48,88.1,147.0,257.26,52.99,rough
3901,786,2508,786.48,2508.92,-15.033743,57.285012,1113,99.26,51.06,154.02,23.73,53.48,175.07,306.38,57.75,rough
3902,824,2510,822.08,2509.18,-15.03788,57.848602,930,61.58,28.7,114.48,21.91,49.94,203.66,356.4,61.14,moderate
3903,854,2513,854.37,2514.31,-15.119089,58.359815,737,34.21,1.6,72.19,16.11,37.17,233.68,408.93,71.38,moderate
3904,878,2509,879.34,2508.54,-15.027814,58.755171,846,17.52,-5.57,53.16,13.13,29.52,252.9,442.58,76.69,easy
3905,906,2509,906.88,2508.81,-15.03198,59.191141,932,39.34,0.21,65.44,14.06,29.53,273.46,478.55,75.0,easy
3906,943,2513,941.1,2514.39,-15.120393,59.732811,1062,37.52,14.52,64.96,14.05,30.23,278.16,486.79,75.01,easy
3907,967,2502,968.11,2505.17,-14.974472,60.160483,809,63.08,20.87,164.7,18.59,48.87,267.27,467.73,66.66,moderate
3908,1002,2513,1004.77,2513.83,-15.111454,60.740732,1272,117.06,37.24,295.93,35.83,100.5,276.62,484.09,52.21,rough
3909,1047,2520,1041.52,2512.78,-15.09494,61.322555,1018,105.0,39.12,273.47,32.98,91.38,280.29,490.51,52.61,rough
3910,1068,2520,1070.84,2517.99,-15.177358,61.786813,901,104.57,45.06,227.17,26.49,60.64,292.37,511.65,53.7,rough
3911,1099,2519,1100.27,2515.23,-15.133713,62.252585,1330,89.81,48.34,147.58,20.69,48.33,299.65,524.38,63.03,moderate
3912,1138,2519,1135.8,2511.81,-15.079561,62.81512,1045,145.09,96.73,190.95,22.16,51.44,311.75,545.57,60.1,moderate
3913,1164,2518,1167.51,2513.37,-15.104274,63.317087,1012,172.19,124.54,231.67,31.38,74.54,329.4,576.45,52.74,rough
3914,1207,2502,1204.3,2510.16,-15.053331,63.899581,1144,213.41,87.89,326.63,43.73,131.97,348.39,609.69,50.43,rough
3915,1235,2503,1235.81,2508.52,-15.027475,64.398451,1074,282.17,191.74,389.11,33.13,83.39,367.69,643.46,51.67,rough
3916,1267,2508,1263.48,2510.28,-15.055346,64.836406,647,170.22,104.24,258.98,28.41,72.84,388.1,679.17,52.82,rough
3917,1287,2506,1292.91,2508.67,-15.029786,65.302269,1037,100.63,36.25,163.26,33.37,75.22,408.38,714.67,53.21,rough
3918,1333,2518,1326.81,2515.97,-15.145438,65.839018,1066,63.58,23.57,162.31,25.53,63.64,438.85,767.99,54.65,rough
3919,1352,2520,1356.15,2516.82,-15.158908,66.3034,1026,158.15,28.8,296.18,35.53,107.64,462.36,809.12,51.67,rough
3920,1392,2508,1388.21,2506.46,-14.994828,66.810953,1078,428.91,93.8,865.46,56.87,245.63,482.28,843.99,44.91,rough
3921,1418,2515,1421.04,2512.42,-15.089189,67.330719,970,654.08,170.18,1276.38,76.05,617.77,512.98,897.72,30.19,severe
3922,1460,2518,1458.96,2516.65,-15.156209,67.931094,821,1139.87,605.79,1690.27,75.06,544.51,547.42,957.99,29.42,severe
3923,1479,2502,1481.78,2502.82,-14.937212,68.292373,909,1270.42,806.87,1658.66,71.73,433.14,560.43,980.76,32.46,severe
3924,1522,2520,1519.62,2516.79,-15.158435,68.891331,989,856.94,619.62,1093.22,58.25,255.44,600.35,1050.62,41.6,severe
3925,1542,2510,1543.66,2512.03,-15.082932,69.271914,866,825.99,631.24,1071.6,54.23,200.61,611.04,1069.32,43.76,rough
3926,1575,2510,1577.85,2510.69,-15.061754,69.813166,1431,769.95,388.13,1220.89,63.33,312.16,583.22,1020.63,40.2,severe
3927,1619,2509,1615.97,2509.94,-15.049967,70.416606,1124,697.85,425.1,992.31,59.5,248.78,545.2,954.1,42.94,rough
3928,1646,2512,1647.75,2513.86,-15.111928,70.919862,1084,885.59,519.41,1355.02,63.24,325.55,514.08,899.64,38.93,severe
3929,1678,2502,1678.99,2505.4,-14.977967,71.414311,1210,993.22,695.8,1534.59,66.49,340.91,482.09,843.67,37.64,severe
3930,1717,2513,1712.11,2513.14,-15.100523,71.938686,1018,1319.07,907.04,1598.07,68.09,405.71,450.17,787.8,33.09,severe
3931,1734,2515,1739.44,2514.64,-15.124342,72.371275,1031,1107.07,766.48,1592.03,69.06,437.13,423.33,740.83,33.45,severe
3932,1783,2510,1778.3,2507.47,-15.010798,72.986583,1060,677.27,215.32,1138.76,65.42,375.27,383.82,671.69,38.61,severe
3933,1810,2508,1810.95,2510.62,-15.060715,73.50344,754,222.52,154.37,470.69,29.1,109.01,352.05,616.09,51.18,rough
3934,1838,2508,1838.13,2505.66,-14.982227,73.933739,789,231.05,158.64,351.87,26.41,69.65,324.44,567.77,52.51,rough
3935,1862,2520,1865.36,2520.05,-15.210017,74.364736,1000,238.42,131.33,438.05,39.34,122.43,300.58,526.02,50.59,rough
3936,1899,2510,1898.23,2511.4,-15.072998,74.885138,1033,657.5,337.34,1244.82,62.86,321.24,266.59,466.52,40.66,severe
3937,1944,2506,1939.86,2507.55,-15.012153,75.544098,918,1000.4,752.53,1262.45,64.54,318.55,225.25,394.19,38.38,severe
3938,1969,2506,1971.82,2508.5,-15.027171,76.050056,795,1016.3,653.7,1716.27,72.8,567.54,194.7,340.72,29.46,severe
3939,2005,2505,2005.23,2505.88,-14.985693,76.579068,1206,1076.37,606.16,1552.48,69.43,413.68,162.18,283.81,34.49,severe
3940,2037,2520,2038.33,2517.45,-15.168882,77.103042,926,781.35,546.75,1149.84,61.2,292.19,135.69,237.46,40.83,severe
3941,2062,2503,2065.56,2503.21,-14.943343,77.534084,1260,744.22,554.8,1155.91,54.57,215.45,105.27,184.22,43.8,rough
3942,2103,2517,2101.77,2513.51,-15.106498,78.107417,1216,684.42,333.16,874.54,57.62,238.17,74.84,130.98,44.59,rough
3943,2131,2513,2130.54,2509.33,-15.040188,78.562751,1091,493.17,174.74,826.28,62.77,290.76,46.16,80.78,46.28,rough
3944,2154,2518,2154.48,2513.66,-15.108843,78.941839,879,405.35,61.75,846.08,66.87,332.34,23.96,41.93,47.15,rough
3945,2181,2518,2174.87,2517.45,-15.16884,79.264597,458,50.9,-61.44,320.09,57.24,289.55,6.57,11.5,52.47,rough
3946,3071,2516,3068.1,2520.86,-15.222747,93.405241,168,159.31,-74.62,340.18,76.92,839.97,3.32,5.81,33.21,severe
3947,3079,2520,3074.6,2528.48,-15.343407,93.508196,142,96.18,-71.52,237.58,73.42,507.32,3.35,5.87,44.7,rough
3948,3106,2520,3102.74,2519.53,-15.201679,93.953652,19,-69.5,-90.26,-55.03,53.37,396.15,1.02,1.79,49.91,rough
3949,47,2551,46.75,2552.0,-15.715769,45.574395,4,-65.45,-68.02,-64.13,16.32,64.8,1.0,1.75,77.64,easy
3950,127,2551,133.52,2557.83,-15.808134,46.947994,151,-54.32,-61.97,-41.95,16.45,35.16,2.4,4.2,78.31,easy
3951,143,2543,150.59,2547.57,-15.645574,47.21832,417,-54.7,-66.29,-37.25,9.85,29.07,3.74,6.55,89.34,easy
3952,180,2548,180.29,2548.58,-15.661664,47.688408,1075,-24.21,-53.55,-14.01,4.92,13.73,21.26,37.21,96.46,easy
3953,214,2547,212.95,2544.36,-15.594835,48.205494,1147,-16.3,-19.35,-13.38,1.39,3.37,41.23,72.15,100.0,open
3954,241,2538,241.52,2540.89,-15.539918,48.657733,870,-22.18,-27.74,-15.78,2.38,5.53,59.96,104.93,97.94,open
3955,275,2538,272.36,2539.64,-15.520111,49.145947,760,-25.5,-30.57,-19.49,2.31,4.81,69.54,121.69,97.35,open
3956,294,2540,300.01,2538.79,-15.506621,49.583716,1131,-28.87,-33.86,-23.95,1.45,3.46,78.13,136.73,98.17,open
3957,341,2548,337.98,2545.0,-15.604977,50.184805,1267,-30.36,-36.37,-24.3,2.18,5.07,94.43,165.26,96.0,open
3958,368,2552,368.98,2548.62,-15.662301,50.675583,1195,-22.51,-35.81,-2.68,5.46,12.88,98.23,171.89,90.23,easy
3959,406,2552,402.9,2549.86,-15.681887,51.212649,920,-35.76,-44.21,-16.19,5.17,12.46,106.83,186.95,90.83,easy
3960,424,2545,427.31,2543.27,-15.577604,51.598969,745,-34.35,-42.91,-6.46,5.14,12.33,112.79,197.38,90.87,easy
3961,470,2548,466.96,2546.46,-15.627996,52.226728,1047,-12.42,-38.04,32.95,13.99,31.37,140.07,245.11,75.41,easy
3962,493,2537,493.82,2538.53,-15.502482,52.651919,863,14.65,-15.68,47.59,15.09,33.1,149.97,262.45,73.34,easy
3963,528,2539,526.9,2538.89,-15.508186,53.175603,978,89.0,10.91,155.95,24.66,62.92,163.08,285.4,55.95,rough
3964,560,2548,559.41,2547.28,-15.641071,53.690227,849,161.43,97.17,242.93,30.64,73.22,173.55,303.71,52.86,rough
3965,588,2538,589.33,2538.72,-15.505488,54.163894,1011,175.45,68.7,294.72,40.09,117.61,153.9,269.33,51.2,rough
3966,630,2538,627.66,2539.14,-15.51221,54.770784,882,238.75,133.85,382.57,42.11,121.95,143.99,251.99,50.61,rough
3967,651,2548,654.79,2546.02,-15.621167,55.200267,1030,267.89,53.73,430.09,53.04,195.5,149.26,261.2,47.8,rough
3968,687,2551,685.17,2550.13,-15.68622,55.681171,1109,83.04,21.14,398.42,36.06,111.69,156.95,274.66,52.05,rough
3969,716,2552,716.42,2548.68,-15.663289,56.175983,838,68.55,23.14,113.58,20.96,48.69,165.13,288.97,62.71,moderate
3970,755,2534,752.19,2536.46,-15.469692,56.742258,1022,91.94,36.29,141.65,23.81,55.21,172.02,301.04,57.61,rough
3971,781,2542,781.77,2541.97,-15.556966,57.210471,963,95.73,46.06,159.75,28.59,66.68,194.8,340.89,53.55,rough
3972,814,2540,812.58,2541.18,-15.544501,57.698203,1036,76.38,32.0,125.36,25.05,55.56,215.9,377.82,55.66,rough
3973,839,2535,842.19,2540.72,-15.537221,58.167038,1092,53.04,5.32,97.08,19.61,44.69,238.37,417.14,65.19,moderate
3974,880,2541,876.73,2543.92,-15.58793,58.71376,1236,39.28,3.79,71.73,13.5,32.24,268.42,469.74,75.84,easy
3975,908,2539,910.8,2539.73,-15.521497,59.253148,1064,85.33,16.84,290.21,26.19,73.43,294.58,515.52,53.38,rough
3976,946,2547,943.97,2546.0,-15.620738,59.778298,1041,175.18,37.06,337.54,42.45,131.2,309.16,541.03,50.72,rough
3977,976,2540,975.54,2539.79,-15.522402,60.277995,1133,90.65,14.54,262.24,40.83,119.27,301.81,528.16,51.73,rough
3978,1005,2549,1008.2,2546.86,-15.634474,60.795102,1080,68.05,22.17,217.92,27.32,79.74,309.77,542.09,53.28,rough
3979,1046,2537,1039.77,2539.82,-15.522877,61.294907,786,189.22,76.92,256.89,40.93,108.94,306.53,536.43,51.41,rough
3980,1062,2549,1064.23,2549.34,-15.673582,61.682168,725,147.19,89.53,219.03,31.02,75.31,320.89,561.57,52.89,rough
3981,1098,2552,1099.31,2550.47,-15.691503,62.237434,1006,156.14,124.78,184.23,18.07,42.43,332.17,581.29,67.11,moderate
3982,1132,2537,1130.51,2539.83,-15.523069,62.731416,911,175.94,119.34,239.47,22.67,51.81,334.33,585.08,59.02,moderate
3983,1168,2538,1167.43,2541.39,-15.54773,63.31588,973,161.83,81.16,220.29,28.61,74.96,353.16,618.02,52.8,rough
3984,1192,2551,1193.96,2546.86,-15.6344,63.735837,1151,166.23,76.55,237.82,35.33,96.23,371.98,650.97,52.02,rough
3985,1233,2552,1232.13,2544.77,-15.601294,64.340116,1255,255.93,172.71,324.83,32.18,83.23,392.81,687.41,51.86,rough
3986,1271,2534,1269.31,2536.83,-15.475634,64.928751,1239,214.6,86.13,294.98,33.02,85.63,411.22,719.64,52.06,rough
3987,1304,2551,1302.57,2547.57,-15.645665,65.455329,962,136.0,84.93,212.17,29.47,74.44,442.12,773.7,53.0,rough
3988,1325,2548,1328.0,2547.11,-15.638393,65.857887,890,106.63,31.3,188.94,32.65,90.45,460.2,805.34,52.63,rough
3989,1365,2546,1362.82,2546.89,-15.634844,66.409002,912,93.08,25.35,219.1,31.61,83.84,486.28,850.99,52.96,rough
3990,1389,2538,1389.44,2536.78,-15.474799,66.830553,831,258.6,155.48,381.15,43.31,137.33,500.88,876.54,49.92,rough
3991,1419,2539,1419.53,2540.41,-15.532277,67.306807,794,400.2,155.59,871.39,59.69,285.25,527.33,922.83,43.71,rough
3992,1449,2535,1449.25,2537.57,-15.487321,67.777318,913,797.35,371.94,1250.31,72.47,494.0,550.3,963.03,33.58,severe
3993,1491,2536,1488.06,2536.51,-15.470621,68.391763,1090,1033.04,392.1,1426.0,75.64,626.43,582.66,1019.65,27.26,severe
3994,1514,2540,1516.9,2546.4,-15.62705,68.848255,1066,1198.98,937.74,1477.8,63.4,323.94,612.46,1071.81,36.81,severe
3995,1560,2548,1557.66,2545.65,-15.615177,69.493547,1217,1237.65,684.95,1595.46,71.45,452.09,607.68,1063.44,32.01,severe
3996,1590,2552,1589.91,2548.54,-15.661029,70.00408,948,1208.13,866.03,1541.29,57.22,256.18,576.33,1008.58,39.15,severe
3997,1616,2544,1615.25,2542.58,-15.566614,70.405207,1003,965.25,669.23,1370.9,60.29,254.98,550.36,963.13,40.87,severe
3998,1642,2549,1642.32,2545.49,-15.612657,70.833859,826,1109.43,673.55,1443.97,65.77,345.88,524.15,917.26,36.66,severe
3999,1676,2547,1676.07,2542.26,-15.561596,71.368196,1125,1267.95,826.78,1702.82,68.67,432.93,490.41,858.21,32.48,severe
4000,1707,2549,1707.91,2544.76,-15.601207,71.872212,1023,1093.65,644.08,1620.38,70.05,461.03,459.63,804.35,32.69,severe
4001,1751,2543,1748.5,2544.31,-15.594024,72.51472,1198,489.88,128.64,1019.89,62.95,367.12,419.9,734.82,40.2,severe
4002,1779,2534,1776.05,2534.22,-15.434339,72.950898,745,315.03,137.06,829.63,46.86,206.93,390.8,683.89,47.07,rough
4003,1799,2540,1802.93,2543.44,-15.580206,73.37645,1053,144.27,102.65,236.48,22.88,61.63,366.8,641.9,58.55,moderate
4004,1835,2534,1833.21,2538.55,-15.502764,73.855768,1121,156.14,107.85,263.29,26.13,69.72,336.27,588.47,53.02,rough
4005,1866,2551,1869.85,2549.72,-15.679724,74.435814,1163,227.86,145.43,324.62,39.32,106.75,304.35,532.62,51.22,rough
4006,1911,2535,1908.6,2537.72,-15.489667,75.049272,1272,522.38,236.43,1028.57,56.88,255.63,263.84,461.71,43.91,rough
4007,1942,2537,1942.84,2537.31,-15.48329,75.591392,997,880.94,524.48,1168.58,67.23,359.9,231.49,405.1,37.74,severe
4008,1975,2537,1975.07,2537.19,-15.481378,76.101563,1092,853.73,546.48,1221.82,70.26,410.02,201.45,352.53,36.16,severe
4009,1999,2552,1998.26,2551.61,-15.709579,76.468667,982,711.27,476.41,1057.37,67.33,346.85,183.88,321.78,39.38,severe
4010,2024,2535,2023.06,2537.4,-15.484685,76.861306,923,906.83,658.85,1235.7,65.76,343.58,156.36,273.63,38.14,severe
4011,2065,2545,2062.39,2543.34,-15.578636,77.483936,927,695.49,515.0,981.52,59.02,231.98,119.91,209.84,43.55,rough
4012,2086,2538,2088.08,2538.42,-15.500751,77.890627,962,685.29,521.83,924.13,57.24,227.08,94.02,164.53,43.8,rough
4013,2129,2550,2127.08,2548.37,-15.658224,78.507972,1093,665.9,469.15,808.51,55.46,194.22,62.1,108.68,47.26,rough
4014,2160,2542,2160.13,2541.93,-15.556426,79.031251,751,516.57,283.89,920.82,64.51,323.75,31.02,54.28,46.13,rough
4015,2191,2543,2187.78,2546.48,-15.62833,79.468959,644,303.63,-61.97,1051.67,70.64,487.93,10.8,18.91,43.37,rough
4016,2422,2559,2422.42,2563.55,-15.898607,83.183649,233,-50.84,-62.06,-28.27,12.74,38.4,4.82,8.43,84.12,easy
4017,2447,2554,2447.47,2558.01,-15.810856,83.580105,156,-1.45,-61.83,164.4,52.93,182.48,4.52,7.91,56.78,rough
4018,2466,2559,2466.2,2563.72,-15.901377,83.876694,370,-10.56,-61.86,111.06,34.25,100.73,7.92,13.86,59.47,moderate
4019,2511,2559,2503.85,2563.63,-15.899856,84.472709,269,-40.12,-61.93,5.38,22.96,49.33,5.18,9.06,66.73,moderate
4020,2529,2559,2533.64,2565.3,-15.92627,84.944323,310,-42.74,-62.0,-11.98,15.84,36.0,6.31,11.04,78.9,easy
4021,3062,2554,3064.23,2555.95,-15.778281,93.344063,39,137.09,-75.93,339.94,82.7,1455.08,1.81,3.17,33.48,severe
4022,3081,2551,3078.83,2549.42,-15.674939,93.575156,297,104.67,-60.52,539.07,71.56,498.98,3.59,6.29,44.92,rough
4023,3119,2545,3118.5,2545.0,-15.604952,94.203198,2,-113.04,-115.3,-110.78,57.81,414.28,1.0,1.75,49.27,rough
4024,79,2575,81.23,2581.55,-16.183502,46.120252,165,-53.77,-65.28,-47.4,13.96,35.75,2.63,4.6,82.39,easy
4025,110,2570,123.44,2579.75,-16.155047,46.788457,123,-58.05,-64.95,-50.96,7.95,21.34,2.88,5.05,92.85,easy
4026,149,2575,146.63,2575.02,-16.080168,47.155623,940,-44.28,-60.37,-25.21,8.07,18.13,9.45,16.54,92.16,easy
4027,172,2579,174.32,2580.51,-16.167144,47.593956,990,-20.44,-30.41,-9.49,2.69,7.08,29.62,51.84,99.71,open
4028,209,2577,209.22,2576.18,-16.098617,48.146522,1003,-11.87,-19.41,7.37,4.49,10.07,59.65,104.39,94.24,easy
4029,245,2575,242.46,2576.87,-16.109552,48.67262,1137,-21.22,-28.62,-10.48,2.81,6.48,84.65,148.14,95.25,open
4030,268,2571,270.21,2571.68,-16.027307,49.111908,1053,-19.9,-28.6,-8.1,3.71,8.53,98.56,172.49,93.28,open
4031,304,2572,301.38,2570.58,-16.009865,49.605403,913,-22.48,-28.15,-14.51,2.7,6.02,107.99,188.98,95.05,open
4032,326,2574,328.91,2573.92,-16.062711,50.041194,922,-23.02,-30.84,-16.67,1.96,4.44,120.89,211.57,96.33,open
4033,376,2583,371.34,2582.37,-16.196552,50.71296,787,-29.88,-38.81,-23.23,2.34,6.65,131.95,230.91,95.68,open
4034,391,2571,395.44,2573.01,-16.048372,51.094486,831,-34.75,-39.91,-25.55,3.12,8.41,126.5,221.38,94.36,open
4035,438,2566,438.0,2568.05,-15.969922,51.768221,1090,-19.59,-31.08,22.71,10.68,24.29,139.44,244.01,81.18,easy
4036,470,2578,468.55,2578.33,-16.132527,52.251971,974,-1.81,-25.23,78.92,17.9,46.44,165.66,289.91,68.34,moderate
4037,500,2572,500.56,2571.65,-16.026909,52.758641,1069,10.29,-7.1,39.38,8.19,18.22,180.29,315.51,85.31,easy
4038,533,2567,533.66,2568.88,-15.983073,53.2826,1016,74.05,8.71,197.21,30.92,82.8,193.51,338.64,53.13,rough
4039,568,2573,565.49,2577.51,-16.119566,53.786484,1032,117.78,24.02,222.59,42.01,120.89,198.74,347.8,51.48,rough
4040,592,2570,595.33,2569.76,-15.997003,54.258948,1016,83.23,28.08,217.32,32.99,86.38,181.09,316.92,52.94,rough
4041,629,2571,626.05,2573.09,-16.049605,54.745229,1154,94.54,13.34,370.25,35.36,129.64,177.8,311.16,51.33,rough
4042,656,2580,657.13,2578.51,-16.135425,55.237306,877,59.49,13.17,152.23,24.58,66.8,181.78,318.11,56.15,rough
4043,687,2584,687.03,2581.46,-16.182141,55.710695,888,57.2,17.95,125.57,29.35,68.85,188.0,329.0,53.74,rough
4044,725,2566,726.57,2568.84,-15.982385,56.336543,889,65.25,25.15,136.48,23.63,57.99,187.61,328.32,57.99,rough
4045,755,2574,755.3,2573.12,-16.050048,56.791498,1082,81.57,23.02,156.47,27.93,64.97,204.37,357.65,53.71,rough
4046,785,2572,784.32,2573.69,-16.059221,57.250858,967,57.76,6.97,147.45,22.17,52.65,220.94,386.65,60.65,moderate
4047,810,2576,811.25,2574.21,-16.067306,57.677129,919,58.31,14.47,94.03,18.87,41.54,238.44,417.27,66.49,moderate
4048,839,2583,840.77,2577.03,-16.112074,58.144467,1045,28.36,4.38,86.27,16.57,43.92,261.01,456.76,70.41,moderate
4049,873,2584,870.91,2577.24,-16.115298,58.62164,936,71.57,8.47,313.94,27.73,81.08,283.56,496.24,53.21,rough
4050,904,2573,906.38,2573.83,-16.061358,59.183213,1329,234.96,64.66,378.33,43.67,136.71,309.71,542.0,50.11,rough
4051,947,2573,945.09,2575.02,-16.080142,59.795939,1214,228.03,113.15,372.31,38.41,115.5,335.12,586.46,50.91,rough
4052,983,2580,979.93,2577.9,-16.125754,60.34758,899,276.11,123.37,450.48,41.96,134.17,339.91,594.84,49.91,rough
4053,1004,2573,1008.43,2576.1,-16.097299,60.798769,978,207.22,54.02,446.79,44.87,145.74,338.9,593.07,49.98,rough
4054,1044,2574,1040.96,2574.15,-16.066452,61.3137,1180,162.17,84.41,305.13,30.55,84.07,340.6,596.05,52.47,rough
4055,1078,2570,1077.95,2571.84,-16.029927,61.899332,836,128.16,88.52,166.33,21.66,49.47,346.11,605.69,61.11,moderate
4056,1109,2581,1109.62,2578.61,-16.137078,62.400634,788,123.08,93.56,171.71,20.94,47.25,362.11,633.69,62.42,moderate
4057,1139,2569,1140.79,2568.13,-15.971173,62.894121,1149,155.02,113.26,217.51,21.72,49.77,364.33,637.59,60.82,moderate
4058,1174,2584,1173.49,2579.78,-16.155577,63.411841,961,171.01,109.54,216.25,22.66,49.36,389.44,681.52,59.17,moderate
4059,1206,2571,1207.46,2573.58,-16.057394,63.949506,956,168.46,68.18,290.03,43.05,129.29,401.61,702.82,50.83,rough
4060,1238,2570,1238.3,2574.26,-16.068164,64.437747,916,263.94,160.4,309.41,26.4,69.72,419.91,734.85,52.28,rough
4061,1266,2579,1264.54,2579.63,-16.153232,64.853143,1031,243.85,161.41,294.62,23.86,55.61,440.25,770.44,56.46,rough
4062,1288,2570,1290.6,2572.47,-16.039894,65.265813,1042,207.99,113.05,278.63,33.02,81.94,451.77,790.6,52.23,rough
4063,1333,2577,1328.1,2578.49,-16.135133,65.859417,1010,140.76,71.79,223.59,30.39,72.73,482.04,843.57,53.02,rough
4064,1353,2577,1357.07,2578.49,-16.135211,66.318074,998,74.46,27.02,200.57,30.8,77.29,502.85,879.98,53.32,rough
4065,1389,2567,1387.63,2572.12,-16.034252,66.801823,1130,104.97,67.16,224.86,25.85,66.97,521.52,912.66,53.73,rough
4066,1417,2567,1418.42,2569.39,-15.991127,67.289269,1067,248.09,96.67,414.61,43.64,133.12,543.73,951.53,50.15,rough
4067,1453,2568,1451.41,2568.56,-15.977854,67.811472,1160,391.31,172.15,830.85,61.01,293.13,569.68,996.94,43.49,rough
4068,1482,2573,1485.78,2571.66,-16.026997,68.3557,1242,880.58,516.14,1471.72,68.86,431.17,599.63,1049.35,35.23,severe
4069,1528,2584,1521.89,2582.89,-16.204711,68.927324,1123,821.49,457.87,1291.02,69.96,428.69,633.42,1108.49,35.72,severe
4070,1545,2576,1547.61,2575.37,-16.08574,69.33451,1016,1126.77,570.52,1520.39,72.8,537.43,622.63,1089.6,29.76,severe
4071,1581,2576,1578.66,2579.82,-16.15614,69.825962,1055,1125.9,556.36,1589.57,72.96,491.37,593.35,1038.37,31.4,severe
4072,1611,2581,1613.87,2581.37,-16.180694,70.383397,1201,1246.17,769.45,1502.21,67.26,347.89,559.38,978.92,35.64,severe
4073,1649,2566,1646.65,2572.07,-16.033556,70.902436,936,1049.84,633.28,1536.18,70.58,434.87,525.33,919.33,33.92,severe
4074,1673,2573,1674.48,2575.58,-16.088992,71.342941,947,886.13,409.58,1569.55,67.96,417.21,499.12,873.47,35.68,severe
4075,1712,2568,1712.15,2571.54,-16.025114,71.939329,1062,542.01,262.49,961.87,65.58,364.71,461.67,807.92,39.92,severe
4076,1741,2584,1742.14,2581.32,-16.179985,72.414099,1095,170.89,77.32,398.4,39.35,127.85,435.59,762.29,50.87,rough
4077,1776,2568,1776.3,2569.16,-15.987502,72.954824,1233,141.43,88.63,207.15,24.66,61.48,399.39,698.93,55.63,rough
4078,1813,2584,1812.45,2580.54,-16.167534,73.527096,1319,204.57,135.85,252.0,19.56,45.24,368.73,645.28,64.2,moderate
4079,1848,2576,1843.55,2572.84,-16.045724,74.019511,920,193.31,139.62,267.22,30.31,75.45,336.87,589.52,52.56,rough
4080,1869,2578,1874.63,2578.15,-16.12974,74.511526,917,254.31,165.84,311.4,33.92,83.29,309.5,541.62,51.86,rough
4081,1912,2578,1908.72,2576.0,-16.095752,75.051198,1189,259.21,166.78,535.74,45.53,156.25,276.31,483.55,49.25,rough
4082,1935,2567,1935.28,2566.71,-15.948665,75.47162,939,457.4,212.74,714.94,55.09,236.02,248.39,434.69,45.06,rough
4083,1963,2576,1966.1,2575.65,-16.090177,75.959621,1267,427.04,221.01,872.87,53.93,214.8,221.21,387.12,46.02,rough
4084,2008,2577,2006.85,2576.59,-16.105092,76.604718,930,651.88,311.36,1151.38,65.64,329.54,182.74,319.79,40.4,severe
4085,2040,2569,2037.48,2567.35,-15.958716,77.089657,901,676.76,390.9,1078.72,69.58,400.14,150.96,264.18,37.73,severe
4086,2061,2571,2065.44,2572.21,-16.035661,77.532167,837,736.2,503.33,890.79,55.37,217.88,127.41,222.98,43.77,rough
4087,2101,2572,2097.77,2573.14,-16.050415,78.044053,1233,612.54,439.17,897.27,57.2,230.31,99.92,174.86,44.18,rough
4088,2126,2581,2127.91,2583.11,-16.20831,78.521185,1040,731.79,478.15,974.43,56.06,215.81,79.04,138.33,44.72,rough
4089,2158,2566,2158.03,2570.19,-16.003684,78.99806,1044,777.24,537.24,1008.89,59.63,245.62,46.78,81.86,45.87,rough
4090,2189,2576,2185.47,2578.56,-16.136166,79.432419,994,618.17,-15.48,1022.91,69.72,434.16,24.71,43.24,42.01,rough
4091,2210,2574,2205.76,2578.22,-16.130852,79.753674,396,17.44,-61.91,286.79,52.37,270.55,6.06,10.6,53.41,rough
4092,2410,2575,2414.6,2580.24,-16.16278,83.059826,537,-53.17,-61.88,-46.15,6.55,15.96,6.51,11.38,95.03,easy
4093,2440,2567,2440.41,2572.98,-16.047974,83.468384,645,20.34,-50.53,171.06,40.21,112.29,13.2,23.1,58.43,moderate
4094,2477,2578,2479.46,2578.97,-16.142672,84.086561,949,2.54,-59.39,37.83,16.65,38.36,21.25,37.19,76.01,easy
4095,2516,2573,2514.51,2579.28,-16.147703,84.641399,785,13.3,-40.68,56.59,19.65,47.44,20.91,36.58,70.67,moderate
4096,2550,2584,2548.64,2582.33,-16.195883,85.181718,858,-4.82,-61.53,74.2,17.4,46.54,20.01,35.02,74.62,easy
4097,2575,2575,2573.3,2579.59,-16.152605,85.572173,544,-40.26,-61.87,-15.36,11.05,29.74,9.69,16.96,86.76,easy
4098,2600,2583,2596.8,2590.75,-16.329259,85.944215,501,-43.24,-62.17,-20.57,11.59,30.91,8.78,15.36,85.93,easy
4099,3071,2560,3073.6,2560.3,-15.847166,93.492387,160,153.14,-80.36,452.9,74.21,850.9,4.53,7.92,33.16,severe
4100,3081,2576,3084.25,2574.13,-16.066055,93.660987,308,84.37,-84.08,395.95,66.36,524.61,4.26,7.46,44.1,rough
4101,56,2614,58.55,2611.95,-16.664785,45.761205,169,-54.9,-64.34,-40.0,15.63,46.47,2.33,4.07,79.28,easy
4102,75,2604,77.92,2603.09,-16.524541,46.067858,580,-53.77,-63.17,-39.62,8.69,23.51,4.88,8.54,91.35,easy
4103,115,2604,122.4,2593.06,-16.365843,46.772086,205,-58.54,-63.47,-54.49,4.54,15.73,4.04,7.07,98.59,easy
4104,143,2607,147.78,2606.44,-16.577614,47.173773,713,-44.64,-63.02,-26.24,10.02,23.52,7.33,12.83,88.91,easy
4105,175,2616,173.15,2614.71,-16.708588,47.575466,992,-8.96,-27.58,13.28,7.33,18.04,30.55,53.46,91.5,easy
4106,205,2602,207.2,2603.55,-16.531788,48.114501,1116,1.72,-13.79,10.33,5.19,11.9,63.72,111.51,92.59,easy
4107,246,2616,245.1,2614.54,-16.705917,48.714503,1312,-18.48,-26.43,-2.04,5.08,11.42,101.92,178.36,90.89,easy
4108,279,2609,277.52,2608.17,-16.604996,49.227715,1082,-10.52,-18.59,6.0,3.74,8.53,129.65,226.88,93.15,open
4109,304,2601,306.34,2603.29,-16.52776,49.68398,1078,-7.83,-18.61,1.53,4.26,9.78,140.37,245.65,92.23,easy
4110,343,2600,342.04,2601.65,-16.501804,50.249137,1226,-15.3,-23.95,-7.06,2.57,6.12,149.99,262.48,95.21,open
4111,373,2608,369.96,2611.13,-16.651881,50.691057,767,-21.31,-38.03,-4.24,6.04,15.56,160.44,280.77,89.18,easy
4112,391,2607,395.43,2605.86,-16.568364,51.094406,813,29.49,-37.64,172.33,30.24,86.73,158.42,277.24,53.3,rough
4113,428,2601,428.5,2600.98,-16.491215,51.617794,1458,88.56,-29.91,278.01,33.09,91.4,164.01,287.01,52.73,rough
4114,471,2606,466.08,2605.54,-16.563306,52.212764,861,133.99,25.81,269.28,40.17,107.15,185.97,325.45,51.85,rough
4115,491,2609,494.37,2609.54,-16.626718,52.660644,948,76.0,2.49,184.09,37.41,111.14,206.08,360.63,52.11,rough
4116,523,2599,524.98,2601.56,-16.500429,53.145265,1342,47.76,4.88,180.63,25.65,65.85,218.44,382.26,54.49,rough
4117,560,2616,558.26,2614.06,-16.698289,53.672037,1378,50.45,12.02,116.77,21.55,51.9,234.76,410.83,61.74,moderate
4118,595,2604,595.49,2604.23,-16.542657,54.261493,1313,60.79,11.2,133.57,24.4,60.67,214.28,374.99,56.64,rough
4119,629,2616,628.12,2613.86,-16.694997,54.778102,1022,76.44,22.41,126.98,25.09,61.0,218.06,381.6,55.39,rough
4120,653,2605,654.75,2607.34,-16.591907,55.199597,1008,65.1,8.95,161.87,35.26,92.55,210.54,368.45,52.85,rough
4121,690,2607,687.27,2610.38,-16.639911,55.714482,868,44.85,14.39,119.07,25.11,63.57,216.46,378.81,55.49,rough
4122,711,2598,714.11,2598.11,-16.445666,56.139286,928,91.02,37.13,155.18,26.92,62.66,210.62,368.58,53.72,rough
4123,745,2604,743.83,2605.24,-16.558647,56.609838,1135,69.78,34.76,137.4,19.76,42.98,227.79,398.63,64.88,moderate
4124,776,2612,775.05,2609.71,-16.629389,57.104094,1062,56.06,22.61,86.07,16.23,33.6,245.96,430.43,71.16,moderate
4125,812,2605,810.11,2604.22,-16.542488,57.659133,871,54.14,12.83,101.69,19.84,46.88,260.78,456.37,64.72,moderate
4126,839,2605,842.05,2609.18,-16.620958,58.164697,1015,58.61,7.35,222.48,24.07,68.46,284.99,498.73,56.94,rough
4127,876,2598,876.46,2604.24,-16.542835,58.709579,1002,222.48,81.17,347.96,46.51,144.42,305.62,534.84,49.92,rough
4128,910,2613,912.47,2609.39,-16.624374,59.279565,1223,239.79,141.94,376.38,35.35,99.56,336.1,588.17,51.39,rough
4129,952,2607,949.51,2607.68,-16.597202,59.866028,1232,354.9,194.34,570.07,44.0,134.47,362.9,635.08,49.36,rough
4130,980,2605,978.49,2607.3,-16.59117,60.324743,819,467.48,291.52,578.83,43.49,126.38,369.3,646.28,48.86,rough
4131,1002,2613,1006.23,2612.55,-16.674406,60.763873,1174,509.78,368.06,618.33,37.36,104.13,375.18,656.56,49.36,rough
4132,1045,2608,1040.1,2607.29,-16.591141,61.30017,1041,279.63,109.88,549.61,47.18,163.04,373.22,653.14,48.87,rough
4133,1067,2600,1069.19,2601.77,-16.503606,61.760645,981,132.84,71.07,182.57,26.6,64.07,373.01,652.77,53.39,rough
4134,1100,2601,1098.55,2606.09,-16.572022,62.225359,1067,140.8,80.57,213.0,25.82,60.21,384.71,673.25,53.76,rough
4135,1131,2600,1131.75,2601.16,-16.493996,62.751017,959,145.83,106.36,196.4,21.81,49.08,391.05,684.34,60.75,moderate
4136,1164,2603,1163.18,2607.86,-16.600127,63.248596,1091,148.24,87.93,220.35,32.73,72.22,409.77,717.09,52.99,rough
4137,1197,2604,1198.42,2606.68,-16.581439,63.806389,1258,189.16,89.22,255.07,34.62,86.66,425.14,744.0,52.2,rough
4138,1236,2612,1232.67,2607.8,-16.599187,64.348639,1082,209.15,93.72,273.3,41.3,105.94,444.09,777.15,51.38,rough
4139,1262,2616,1262.26,2612.73,-16.677226,64.817028,733,269.16,215.07,331.5,26.07,67.25,465.02,813.78,52.33,rough
4140,1288,2611,1291.66,2609.43,-16.624939,65.282549,1247,263.98,139.17,342.24,32.69,88.98,480.5,840.88,51.6,rough
4141,1328,2611,1325.29,2610.03,-16.634415,65.814913,1198,213.43,102.44,324.03,35.43,103.29,502.94,880.15,51.44,rough
4142,1361,2614,1364.0,2608.81,-16.61512,66.427765,1003,167.37,37.75,280.11,32.35,86.49,528.85,925.49,52.35,rough
4143,1399,2615,1395.53,2609.57,-16.627111,66.926979,843,79.73,29.1,150.02,30.31,75.98,552.15,966.26,53.33,rough
4144,1418,2605,1422.0,2601.67,-16.50216,67.345987,1151,98.34,25.97,252.32,27.16,78.14,566.82,991.94,53.13,rough
4145,1462,2602,1457.12,2602.44,-16.514324,67.901983,1062,192.9,74.7,611.37,36.77,144.75,594.56,1040.49,50.12,rough
4146,1482,2604,1485.61,2603.48,-16.530676,68.352877,856,359.55,109.23,774.61,57.55,263.39,617.86,1081.26,44.77,rough
4147,1512,2616,1511.92,2614.72,-16.708726,68.769411,1005,350.43,138.79,611.46,55.59,242.56,645.06,1128.85,45.57,rough
4148,1543,2614,1545.67,2610.95,-16.648931,69.303765,1061,546.71,267.97,1078.42,68.18,393.57,632.67,1107.17,38.87,severe
4149,1592,2613,1586.86,2610.94,-16.64888,69.955898,1122,869.98,433.6,1378.55,69.78,404.96,592.91,1037.58,36.23,severe
4150,1619,2616,1620.15,2613.4,-16.687832,70.482797,765,1107.37,566.57,1438.8,70.97,422.28,561.63,982.85,33.97,severe
4151,1644,2615,1646.07,2607.92,-16.601032,70.893184,1008,852.14,416.51,1243.23,70.52,430.63,535.23,936.66,35.44,severe
4152,1682,2603,1681.76,2604.47,-16.54641,71.458161,1336,376.29,166.4,866.4,54.13,281.85,500.15,875.26,44.0,rough
4153,1717,2609,1715.56,2609.4,-16.624443,71.993315,1182,154.16,66.68,313.34,31.63,88.37,469.67,821.92,52.38,rough
4154,1746,2609,1746.89,2608.85,-16.615744,72.489309,808,147.84,71.33,199.3,24.34,59.05,439.95,769.9,56.21,rough
4155,1781,2605,1781.27,2602.67,-16.517954,73.033617,1088,181.63,132.54,218.27,17.96,41.38,405.5,709.63,67.14,moderate
4156,1816,2616,1814.99,2613.21,-16.684704,73.567394,756,214.62,182.71,245.98,15.6,34.42,376.66,659.15,71.07,moderate
4157,1844,2603,1842.12,2603.89,-16.537293,73.996859,807,214.66,133.65,275.08,28.59,70.69,348.05,609.09,52.58,rough
4158,1866,2607,1869.28,2609.8,-16.630822,74.4268,977,244.9,144.87,320.38,33.33,87.82,323.68,566.44,51.77,rough
4159,1902,2606,1901.93,2607.29,-16.591124,74.943632,1232,248.72,186.51,343.07,32.98,79.43,291.9,510.83,52.04,rough
4160,1943,2606,1937.52,2604.79,-16.551544,75.507058,974,222.79,161.55,323.67,31.48,84.24,257.57,450.75,52.05,rough
4161,1958,2611,1963.44,2611.5,-16.657772,75.917544,931,232.4,173.95,315.95,29.45,75.16,236.24,413.41,52.3,rough
4162,2000,2603,1996.93,2605.98,-16.570294,76.447676,1274,363.97,265.39,653.52,40.46,134.08,203.81,356.68,49.31,rough
4163,2031,2600,2030.77,2603.55,-16.531873,76.983385,1096,586.93,282.95,1089.32,64.47,326.91,172.91,302.59,40.95,severe
4164,2059,2600,2062.46,2600.83,-16.488742,77.485062,1090,689.38,350.72,967.58,63.94,293.8,144.4,252.7,41.41,severe
4165,2100,2615,2097.28,2609.1,-16.619686,78.036253,990,645.76,416.05,1018.67,64.37,308.69,117.31,205.29,41.18,severe
4166,2128,2615,2129.58,2613.53,-16.689815,78.54755,826,679.27,436.58,930.42,61.35,263.33,88.02,154.04,42.71,rough
4167,2156,2613,2158.03,2610.24,-16.637732,78.998063,1282,766.61,471.64,1112.54,60.63,254.54,59.69,104.45,44.62,rough
4168,2195,2613,2192.44,2611.13,-16.651898,79.542807,987,632.57,198.68,1161.15,71.15,473.83,26.56,46.47,40.37,severe
4169,2219,2610,2212.94,2609.2,-16.621252,79.867305,386,66.82,-61.72,327.43,59.28,321.46,6.42,11.24,51.24,rough
4170,2411,2607,2416.35,2608.32,-16.607363,83.087505,995,-48.31,-61.99,-28.77,5.26,13.14,14.07,24.63,96.65,easy
4171,2451,2600,2448.79,2601.96,-16.506622,83.601091,1274,-31.48,-50.97,-15.04,5.59,15.69,35.1,61.43,94.27,easy
4172,2482,2608,2482.99,2607.74,-16.598192,84.142466,974,7.86,-20.53,48.27,13.68,31.34,49.39,86.43,78.93,easy
4173,2514,2610,2511.04,2607.02,-16.586757,84.58658,836,62.01,0.97,103.03,17.96,41.27,48.53,84.93,71.21,moderate
4174,2537,2609,2537.98,2608.6,-16.611815,85.012922,764,85.03,33.85,122.42,23.02,52.92,47.9,83.83,62.32,moderate
4175,2566,2608,2567.82,2608.62,-16.612085,85.485419,997,51.44,-26.56,263.12,26.74,81.42,38.23,66.91,57.36,rough
4176,2606,2615,2606.49,2615.24,-16.716948,86.097579,1096,39.97,-42.11,186.49,26.5,74.47,25.57,44.74,58.67,moderate
4177,2636,2601,2632.72,2606.94,-16.585483,86.51282,560,10.7,-61.99,286.66,41.0,166.81,8.77,15.35,56.92,rough
4178,2667,2611,2668.24,2615.87,-16.726898,87.075122,532,110.47,-61.86,540.92,63.9,347.32,7.61,13.32,49.93,rough
4179,2709,2617,2707.93,2621.06,-16.809128,87.703403,403,75.92,-60.94,596.74,60.81,284.6,6.9,12.08,52.44,rough
4180,2735,2618,2735.56,2624.51,-16.863744,88.14089,414,148.1,-61.1,583.05,67.34,337.64,7.09,12.41,50.05,rough
4181,2774,2623,2775.75,2624.98,-16.871085,88.777192,321,3.5,-61.33,122.53,51.04,169.12,6.47,11.32,57.06,rough
4182,2799,2617,2798.95,2622.31,-16.828795,89.144458,277,-26.56,-61.02,12.01,34.36,84.13,5.67,9.92,60.34,moderate
4183,2830,2620,2829.58,2624.94,-16.870532,89.629255,229,-46.31,-63.54,-28.54,18.56,52.95,3.83,6.71,74.03,easy
4184,3094,2593,3094.28,2592.91,-16.36342,93.819815,290,80.02,-79.5,398.65,70.84,565.54,3.46,6.05,42.75,rough
4185,3111,2611,3105.08,2610.39,-16.640185,93.990705,168,75.01,-60.0,365.11,76.19,591.28,2.7,4.72,41.93,severe
4186,139,2646,146.66,2643.6,-17.165879,47.156107,794,-28.85,-62.86,10.55,13.78,34.17,11.4,19.95,81.88,easy
4187,183,2639,177.36,2643.49,-17.164132,47.642089,879,15.55,-10.67,32.96,5.12,12.96,40.38,70.67,94.39,easy
4188,199,2635,202.76,2633.34,-17.003534,48.044259,769,13.62,-4.03,27.21,6.41,13.06,62.19,108.83,90.58,easy
4189,230,2643,229.74,2640.71,-17.120189,48.471251,949,4.87,-22.91,27.96,7.7,18.74,90.03,157.55,86.14,easy
4190,279,2641,276.11,2640.48,-17.116421,49.205412,1058,-6.25,-21.81,18.6,7.7,16.8,135.38,236.92,86.29,easy
4191,309,2643,306.67,2639.82,-17.106118,49.689164,764,-6.92,-14.13,1.06,3.4,7.69,164.87,288.53,93.72,open
4192,326,2641,328.65,2636.54,-17.054119,50.037168,889,-6.66,-10.33,-1.69,1.46,3.75,177.93,311.37,97.08,open
4193,358,2641,359.05,2637.64,-17.071463,50.518466,1007,-6.77,-20.64,5.21,5.9,12.92,186.77,326.84,89.4,easy
4194,400,2634,400.38,2637.46,-17.068692,51.17269,1353,80.11,-24.58,310.64,33.71,101.23,190.48,333.33,52.44,rough
4195,436,2640,433.96,2640.08,-17.110172,51.704334,1227,209.67,87.35,331.41,43.02,125.38,202.21,353.86,50.69,rough
4196,465,2634,464.73,2634.37,-17.019818,52.191449,994,113.4,31.67,273.31,38.25,105.87,209.87,367.27,52.04,rough
4197,496,2643,495.32,2643.63,-17.166355,52.675691,1123,74.6,14.75,168.51,32.53,81.76,233.95,409.41,53.16,rough
4198,525,2647,527.13,2642.65,-17.150872,53.179263,1194,70.36,9.05,157.18,26.16,62.24,252.43,441.76,53.88,rough
4199,565,2646,561.01,2645.02,-17.188305,53.715602,869,49.17,18.24,93.54,19.54,47.94,263.06,460.35,65.21,moderate
4200,589,2644,590.8,2642.24,-17.144396,54.187168,998,54.5,19.1,103.68,20.76,46.97,252.19,441.34,63.19,moderate
4201,621,2640,620.75,2642.49,-17.148309,54.661408,1117,54.46,19.06,121.3,22.21,56.37,247.31,432.79,60.46,moderate
4202,661,2646,660.76,2643.33,-17.161548,55.29472,1126,73.67,19.14,159.39,31.29,83.22,246.65,431.64,53.12,rough
4203,691,2640,689.21,2639.92,-17.107616,55.745235,928,56.34,20.01,118.48,22.05,52.11,245.88,430.29,60.87,moderate
4204,716,2636,718.05,2632.92,-16.996794,56.201722,949,58.72,28.15,145.42,16.44,44.06,245.14,428.99,70.42,moderate
4205,748,2643,750.86,2642.95,-17.155634,56.721133,1322,65.06,43.56,96.08,11.95,24.5,265.28,464.24,78.49,easy
4206,790,2631,786.09,2637.07,-17.06252,57.278796,949,58.35,25.11,98.6,15.04,34.01,275.13,481.48,73.09,easy
4207,807,2631,810.88,2634.94,-17.028858,57.671242,897,39.66,15.53,97.12,17.17,40.51,286.25,500.94,69.46,moderate
4208,841,2644,840.98,2642.31,-17.145471,58.147889,1221,110.67,31.36,269.64,33.83,97.85,309.85,542.24,52.34,rough
4209,877,2642,874.72,2639.84,-17.106327,58.681892,1190,271.14,142.95,414.76,42.5,126.92,329.64,576.86,50.21,rough
4210,904,2635,905.25,2636.97,-17.060948,59.165297,942,365.33,222.28,506.57,41.38,126.4,348.94,610.64,49.57,rough
4211,942,2642,941.48,2640.3,-17.113614,59.738789,1211,451.02,331.38,596.73,38.86,111.6,378.16,661.78,49.5,rough
4212,980,2647,977.63,2644.15,-17.174648,60.311134,1108,570.32,419.21,652.8,40.53,112.28,403.89,706.8,48.65,rough
4213,1008,2646,1009.84,2643.13,-17.158518,60.821037,914,591.93,464.75,793.02,40.85,129.59,405.88,710.29,47.89,rough
4214,1046,2636,1044.33,2636.61,-17.055153,61.366994,1059,387.24,169.91,607.12,50.91,174.81,402.83,704.95,47.71,rough
4215,1074,2643,1074.06,2639.64,-17.103209,61.837706,1044,227.65,105.81,439.38,39.97,121.53,411.08,719.39,50.7,rough
4216,1104,2646,1104.34,2641.66,-17.135236,62.317149,955,244.77,128.76,427.65,39.36,118.82,420.45,735.79,50.67,rough
4217,1133,2633,1133.26,2632.03,-16.982751,62.774835,1132,161.38,83.16,430.42,39.47,120.18,420.42,735.73,51.2,rough
4218,1162,2648,1164.68,2643.88,-17.170282,63.272355,1193,190.59,98.31,281.89,28.33,69.74,443.2,775.59,52.78,rough
4219,1204,2644,1202.12,2641.99,-17.140393,63.865033,1348,209.9,119.76,260.48,30.05,72.1,457.82,801.18,52.57,rough
4220,1240,2634,1236.9,2636.14,-17.047839,64.415556,754,200.19,109.06,327.36,41.39,116.78,470.14,822.74,51.05,rough
4221,1261,2637,1263.63,2641.6,-17.13421,64.838808,848,272.61,170.06,336.33,28.66,70.71,489.39,856.43,52.18,rough
4222,1295,2647,1294.71,2642.53,-17.148988,65.330772,952,275.29,176.82,326.6,34.9,83.83,508.38,889.66,51.7,rough
4223,1332,2644,1328.86,2641.81,-17.137517,65.871395,802,297.2,186.24,358.97,36.27,96.77,529.14,926.0,51.09,rough
4224,1353,2630,1355.5,2635.41,-17.036284,66.293112,854,262.54,177.27,323.76,26.69,67.34,542.0,948.51,52.37,rough
4225,1390,2632,1387.49,2637.32,-17.066446,66.799591,1020,166.25,101.71,218.77,23.07,55.83,565.6,989.8,58.3,moderate
4226,1421,2636,1419.86,2636.27,-17.049868,67.312089,851,94.83,26.56,165.0,23.65,58.42,588.18,1029.31,57.73,rough
4227,1447,2637,1449.16,2636.63,-17.055578,67.775908,1147,62.34,33.21,107.18,17.47,43.36,610.2,1067.85,68.71,moderate
4228,1484,2636,1481.41,2637.3,-17.066089,68.286489,1091,101.16,26.77,219.6,28.44,76.68,635.3,1111.78,53.16,rough
4229,1511,2646,1514.25,2645.27,-17.192258,68.80632,948,142.65,36.18,333.86,37.44,114.31,661.23,1157.15,51.54,rough
4230,1553,2634,1554.09,2637.94,-17.076311,69.43703,1305,359.73,114.88,721.64,58.8,241.14,631.96,1105.93,45.55,rough
4231,1590,2647,1585.39,2645.38,-17.194124,69.932528,808,423.74,172.98,672.13,63.77,298.66,604.42,1057.73,43.07,rough
4232,1606,2632,1609.94,2636.25,-17.049497,70.321288,754,737.99,376.58,1230.11,69.54,411.33,578.25,1011.94,36.91,severe
4233,1648,2633,1648.3,2638.61,-17.086875,70.928433,1233,362.71,125.13,684.99,58.11,261.45,542.77,949.84,44.81,rough
4234,1686,2645,1681.08,2643.91,-17.170748,71.447434,1076,115.72,46.4,230.01,32.79,95.28,513.47,898.58,52.4,rough
4235,1705,2644,1709.67,2641.82,-17.137716,71.900081,992,109.13,56.88,179.27,27.15,72.06,485.64,849.87,53.27,rough
4236,1752,2634,1747.67,2637.82,-17.074434,72.501596,905,142.03,122.64,199.37,13.74,31.38,448.18,784.31,74.76,easy
4237,1768,2630,1771.47,2633.85,-17.011487,72.878393,843,178.15,140.14,207.96,16.06,37.94,424.25,742.43,70.43,moderate
4238,1800,2634,1797.52,2637.93,-17.076112,73.290859,1017,212.61,175.04,248.91,17.63,40.02,400.58,701.01,67.53,moderate
4239,1830,2634,1831.86,2636.56,-17.054387,73.834426,941,235.85,183.6,317.05,20.34,51.2,367.63,643.35,62.49,moderate
4240,1862,2643,1863.96,2639.36,-17.098759,74.342619,1023,270.09,151.82,347.31,36.4,100.27,338.6,592.55,51.15,rough
4241,1906,2641,1903.75,2640.86,-17.122521,74.972567,1328,292.67,207.57,394.09,33.04,82.15,302.76,529.83,51.64,rough
4242,1938,2642,1937.32,2641.29,-17.129245,75.504026,1093,254.5,184.61,399.67,29.21,78.58,272.9,477.57,52.03,rough
4243,1970,2642,1972.94,2640.51,-17.116895,76.067842,1124,274.49,196.22,369.34,38.89,106.08,241.36,422.38,50.92,rough
4244,2008,2644,2005.04,2640.86,-17.12253,76.575989,1139,332.93,213.97,462.74,48.97,155.73,213.26,373.2,48.76,rough
4245,2036,2645,2038.14,2641.37,-17.13055,77.099965,1022,420.31,277.4,624.97,51.83,176.86,182.63,319.6,47.41,rough
4246,2068,2632,2067.3,2630.91,-16.965066,77.561608,1055,593.17,366.78,1041.83,59.32,262.05,152.07,266.13,43.2,rough
4247,2101,2633,2097.13,2638.61,-17.086938,78.033853,721,658.45,409.26,892.5,61.49,277.05,124.98,218.71,42.21,rough
4248,2118,2635,2122.62,2638.31,-17.082103,78.437519,738,531.49,367.03,762.28,58.77,238.3,100.32,175.55,44.46,rough
4249,2161,2648,2156.55,2647.35,-17.225247,78.974581,1041,574.77,376.35,940.66,58.07,257.33,71.45,125.04,44.93,rough
4250,2185,2639,2186.44,2638.99,-17.092876,79.447709,925,853.69,496.23,1211.99,68.65,397.06,41.22,72.13,40.41,severe
4251,2225,2635,2218.47,2637.65,-17.071693,79.954877,663,269.51,-61.94,905.81,67.29,479.96,13.31,23.29,43.7,rough
4252,2240,2650,2236.39,2652.22,-17.30237,80.23846,244,17.59,-62.2,182.58,51.63,285.31,5.76,10.08,52.91,rough
4253,2393,2648,2397.74,2649.72,-17.262834,82.7929,326,-44.27,-61.79,90.48,18.03,91.98,6.17,10.8,73.33,easy
4254,2417,2644,2416.45,2639.48,-17.100668,83.089126,687,-31.62,-57.54,47.43,10.92,45.83,18.28,31.98,85.69,easy
4255,2439,2643,2442.01,2640.7,-17.119933,83.493768,1123,1.44,-29.64,239.39,17.56,64.47,43.49,76.1,71.85,moderate
4256,2476,2636,2476.05,2637.28,-17.065811,84.032622,1264,30.59,-26.3,295.46,23.25,83.63,71.7,125.48,59.37,moderate
4257,2520,2631,2514.91,2634.13,-17.015991,84.647714,829,16.55,-8.58,113.05,14.22,40.56,75.53,132.17,75.63,easy
4258,2538,2640,2541.76,2641.23,-17.128381,85.072769,953,53.5,-5.09,195.86,26.41,80.09,75.68,132.44,54.48,rough
4259,2580,2635,2577.77,2634.64,-17.024021,85.642842,955,106.59,35.28,277.23,30.38,82.19,53.02,92.79,55.8,rough
4260,2606,2647,2608.98,2645.23,-17.191624,86.137004,917,121.81,-11.17,317.05,48.16,157.38,37.04,64.81,54.28,rough
4261,2648,2630,2643.14,2633.26,-17.002176,86.67772,1074,354.21,49.56,799.89,64.3,338.59,27.75,48.56,46.99,rough
4262,2671,2640,2671.08,2643.17,-17.159082,87.120158,958,427.28,132.88,828.79,65.23,389.61,29.53,51.68,44.54,rough
4263,2700,2635,2700.6,2637.32,-17.066532,87.58738,895,412.87,36.46,718.32,66.75,365.62,23.66,41.4,45.94,rough
4264,2740,2644,2739.9,2643.78,-17.168688,88.209558,843,157.93,-13.58,592.41,46.22,201.22,25.76,45.08,53.36,rough
4265,2769,2635,2768.86,2639.54,-17.101637,88.668133,770,-0.1,-50.34,213.78,24.98,86.3,19.32,33.81,60.7,moderate
4266,2805,2637,2798.98,2640.14,-17.111092,89.144857,598,-53.51,-61.92,-27.12,8.0,22.23,8.84,15.47,92.23,easy
4267,2823,2637,2824.42,2637.76,-17.073457,89.547661,457,-49.35,-62.58,-21.24,9.5,22.65,6.19,10.83,89.92,easy
4268,3094,2644,3098.49,2642.43,-17.147297,93.886343,101,23.15,-135.59,313.16,68.75,814.56,2.69,4.71,34.39,severe
4269,3106,2648,3109.74,2648.24,-17.239356,94.06458,328,87.22,-66.22,488.67,59.1,403.3,5.3,9.28,48.29,rough
4270,3151,2639,3145.69,2645.0,-17.188019,94.633631,515,-20.83,-62.08,103.22,41.12,122.47,4.31,7.54,59.05,moderate
4271,53,2683,52.83,2684.83,-17.81865,45.6707,6,-63.55,-64.82,-62.54,8.32,33.31,1.0,1.75,91.99,easy
4272,95,2687,100.45,2686.28,-17.84159,46.424565,170,-40.4,-62.67,-19.74,22.01,63.67,4.59,8.04,67.84,moderate
4273,121,2678,121.16,2680.56,-17.751068,46.752418,443,-33.8,-62.02,-10.58,14.5,40.64,8.39,14.68,80.73,easy
4274,148,2673,151.51,2670.84,-17.597058,47.232888,841,4.27,-50.81,35.28,11.72,30.0,21.94,38.39,84.39,easy
4275,179,2680,176.86,2676.2,-17.681919,47.634167,830,30.33,13.68,46.0,7.11,16.09,47.33,82.83,90.35,easy
4276,204,2666,206.13,2666.3,-17.525243,48.097577,988,27.64,14.9,37.11,6.69,13.78,72.79,127.38,89.16,easy
4277,242,2663,242.76,2663.57,-17.481966,48.677401,1002,-2.62,-19.71,28.7,6.12,14.77,107.83,188.71,88.94,easy
4278,275,2672,273.16,2671.39,-17.605753,49.158634,836,-3.82,-14.26,15.1,5.7,12.69,139.15,243.51,89.71,easy
4279,299,2666,302.56,2668.5,-17.560026,49.624142,910,-4.36,-13.84,16.68,6.37,13.45,167.13,292.48,88.59,easy
4280,340,2665,337.15,2665.62,-17.514487,50.171715,845,-0.1,-11.1,9.25,4.26,9.85,199.55,349.2,92.17,easy
4281,368,2664,371.11,2662.12,-17.459123,50.709281,805,-10.08,-18.53,8.54,5.5,13.37,211.44,370.02,90.07,easy
4282,394,2680,396.12,2675.86,-17.676521,51.105227,1079,6.15,-12.93,120.66,13.54,37.16,227.49,398.11,75.83,easy
4283,436,2677,431.51,2673.55,-17.640092,51.665453,967,60.29,-8.3,217.73,30.52,81.69,233.03,407.81,53.26,rough
4284,460,2669,463.11,2666.01,-17.520583,52.165748,954,70.94,18.36,152.42,23.18,55.83,237.36,415.37,58.77,moderate
4285,504,2679,502.96,2674.75,-17.658965,52.796598,698,55.35,27.8,94.76,19.53,42.42,263.99,461.98,65.39,moderate
4286,527,2673,529.61,2669.36,-17.573617,53.218595,639,71.95,43.73,108.56,17.67,39.69,274.79,480.89,68.44,moderate
4287,568,2670,567.21,2670.33,-17.588997,53.813785,762,42.81,19.59,90.27,16.54,37.74,285.33,499.32,70.58,moderate
4288,593,2677,592.91,2673.57,-17.640367,54.220662,733,51.54,18.95,84.69,14.59,32.65,282.32,494.05,73.93,easy
4289,630,2680,629.01,2677.73,-17.70626,54.7921,669,64.75,23.88,135.43,19.74,50.47,281.54,492.69,64.69,moderate
4290,647,2668,649.03,2667.4,-17.54269,55.109142,849,58.33,14.68,143.24,23.54,59.04,270.53,473.43,58.14,moderate
4291,688,2676,685.15,2671.6,-17.609138,55.680846,788,52.26,21.43,139.36,17.64,45.3,276.76,484.33,68.44,moderate
4292,714,2663,715.12,2662.5,-17.46515,56.155313,822,63.99,27.21,108.53,17.83,39.86,273.06,477.86,68.23,moderate
4293,746,2677,747.79,2673.09,-17.632775,56.672522,847,61.38,45.19,93.92,9.98,23.52,292.38,511.66,81.81,easy
4294,782,2679,782.64,2671.36,-17.605398,57.224299,1053,48.68,22.66,96.38,15.27,34.71,304.0,532.01,72.75,easy
4295,817,2675,815.57,2668.11,-17.553963,57.745546,888,72.5,34.39,201.58,20.26,57.64,316.74,554.29,63.52,moderate
4296,847,2674,845.64,2671.47,-17.607173,58.221568,737,234.4,74.85,406.89,49.76,181.06,336.04,588.07,48.54,rough
4297,877,2674,876.5,2671.9,-17.613842,58.710201,751,332.34,194.82,521.53,50.95,173.75,355.0,621.25,48.13,rough
4298,905,2670,907.44,2666.37,-17.52642,59.199963,904,341.59,206.17,485.57,38.16,107.55,371.32,649.81,50.4,rough
4299,943,2670,941.79,2668.72,-17.56363,59.743784,947,454.71,212.67,587.81,51.12,170.44,397.33,695.33,47.4,rough
4300,977,2675,977.72,2674.18,-17.650076,60.312534,838,557.53,399.77,656.28,41.34,119.6,427.4,747.94,48.48,rough
4301,1009,2671,1005.67,2669.91,-17.582344,60.755027,599,683.66,516.81,855.93,45.37,158.67,432.38,756.66,46.23,rough
4302,1031,2666,1036.6,2665.87,-17.518458,61.244656,1000,507.57,272.43,838.03,56.78,220.37,430.84,753.97,45.26,rough
4303,1080,2668,1074.18,2668.82,-17.565091,61.839588,791,400.55,285.55,470.42,32.19,89.29,439.64,769.37,50.64,rough
4304,1098,2668,1099.7,2668.58,-17.561414,62.243563,563,329.0,233.58,398.49,36.25,97.82,445.14,778.99,50.83,rough
4305,1127,2669,1127.59,2666.07,-17.521633,62.685099,811,267.37,156.26,446.23,39.06,123.39,450.66,788.65,50.36,rough
4306,1160,2671,1160.03,2672.0,-17.615429,63.198749,823,237.76,150.44,324.62,38.68,107.76,467.3,817.78,51.11,rough
4307,1192,2678,1191.76,2674.13,-17.649154,63.701004,900,181.89,114.07,253.24,35.6,96.9,481.89,843.3,51.88,rough
4308,1230,2665,1229.94,2663.78,-17.485317,64.305415,998,200.36,104.63,290.2,41.47,116.01,490.32,858.07,51.08,rough
4309,1267,2677,1265.69,2672.11,-17.617257,64.871355,894,295.56,188.93,336.23,27.46,75.01,515.94,902.9,51.87,rough
4310,1299,2663,1300.82,2664.94,-17.503681,65.427496,753,290.35,204.45,337.42,33.01,83.46,529.94,927.4,51.61,rough
4311,1335,2663,1333.92,2662.73,-17.468788,65.95149,619,305.84,229.78,361.36,30.77,74.22,548.48,959.85,51.83,rough
4312,1350,2675,1353.11,2671.46,-17.606978,66.255429,748,263.27,220.63,301.45,19.29,48.28,567.5,993.12,64.13,moderate
4313,1387,2674,1386.35,2668.66,-17.562682,66.781633,1088,198.93,160.56,242.1,18.62,42.5,587.4,1027.95,65.9,moderate
4314,1424,2665,1422.97,2664.54,-17.49742,67.361235,1022,154.74,97.19,196.36,18.99,44.47,609.96,1067.43,65.52,moderate
4315,1457,2675,1456.96,2669.89,-17.582063,67.899415,953,108.28,41.31,190.9,19.07,48.19,638.24,1116.93,65.57,moderate
4316,1495,2670,1492.26,2668.38,-17.558224,68.458304,854,66.57,23.58,153.19,24.88,64.6,663.54,1161.2,55.68,rough
4317,1522,2673,1524.02,2668.58,-17.5613,68.96098,693,53.42,26.98,150.47,17.43,47.82,669.49,1171.6,68.68,moderate
4318,1548,2679,1551.78,2673.04,-17.632006,69.400453,1012,68.02,30.22,177.89,25.77,80.12,645.23,1129.15,53.65,rough
4319,1592,2665,1586.91,2666.82,-17.533478,69.956599,749,208.15,37.0,542.02,55.42,294.2,610.03,1067.54,44.72,rough
4320,1611,2673,1614.29,2668.66,-17.562578,70.390027,880,108.77,41.36,399.65,32.77,138.74,584.64,1023.12,50.91,rough
4321,1650,2677,1649.73,2670.51,-17.591845,70.951059,1052,87.62,36.72,176.98,24.78,66.93,551.33,964.82,55.62,rough
4322,1683,2679,1680.28,2674.43,-17.65393,71.434781,677,118.83,38.15,187.07,22.55,58.37,523.3,915.77,59.4,moderate
4323,1706,2675,1706.28,2670.98,-17.599339,71.846323,600,166.31,105.98,197.52,22.08,55.25,497.52,870.65,59.95,moderate
4324,1737,2665,1738.5,2663.53,-17.481382,72.356416,1155,128.72,64.23,211.98,29.03,77.32,464.66,813.16,52.95,rough
4325,1778,2680,1777.7,2671.69,-17.610599,72.977036,1056,140.32,78.13,199.36,20.86,53.66,430.71,753.75,62.2,moderate
4326,1815,2668,1814.13,2666.28,-17.524864,73.553704,1092,213.3,171.75,248.71,21.43,45.6,394.95,691.17,61.03,moderate
4327,1847,2673,1843.94,2668.88,-17.566147,74.025682,626,277.49,208.27,346.15,29.22,70.68,368.73,645.28,52.15,rough
4328,1864,2662,1869.69,2663.18,-17.475912,74.433323,785,264.89,170.09,362.94,40.74,113.73,343.03,600.3,50.71,rough
4329,1904,2677,1905.85,2672.09,-17.616895,75.005796,899,351.85,259.28,428.43,36.66,95.91,315.11,551.45,50.74,rough
4330,1941,2674,1938.8,2672.44,-17.62246,75.527319,874,304.89,239.56,400.98,35.56,90.14,285.68,499.95,51.27,rough
4331,1966,2671,1968.38,2668.97,-17.567464,75.995723,838,290.69,203.02,375.9,33.29,85.74,256.9,449.57,51.53,rough
4332,2006,2679,2006.17,2676.34,-17.684225,76.593978,687,478.29,279.96,671.58,49.85,166.79,222.74,389.8,47.36,rough
4333,2023,2662,2026.47,2665.45,-17.51176,76.915235,768,451.52,251.31,658.41,54.22,203.23,200.13,350.22,46.26,rough
4334,2069,2662,2069.24,2661.8,-17.45401,77.592456,1105,532.33,354.47,676.16,51.08,170.57,158.21,276.86,46.85,rough
4335,2100,2679,2097.24,2672.64,-17.625552,78.035715,648,507.46,362.88,651.5,51.71,197.31,135.64,237.37,46.08,rough
4336,2121,2667,2124.94,2664.59,-17.498137,78.474232,1013,450.85,338.13,602.74,53.87,185.35,107.21,187.62,46.89,rough
4337,2167,2674,2164.28,2674.05,-17.647947,79.09703,971,694.21,380.73,1040.88,61.51,282.84,78.19,136.83,42.68,rough
4338,2198,2668,2198.41,2667.01,-17.536496,79.637202,962,914.17,495.9,1195.49,69.07,411.31,45.36,79.38,39.17,severe
4339,2229,2666,2226.29,2665.48,-17.512244,80.078571,627,485.66,-48.45,1004.51,73.16,521.01,20.48,35.84,40.19,severe
4340,2253,2674,2247.83,2675.21,-17.666309,80.419712,290,28.93,-62.43,340.07,49.46,270.17,6.36,11.13,53.32,rough
4341,2324,2681,2323.29,2686.46,-17.844342,81.614179,217,-52.99,-62.11,-26.12,14.26,43.42,3.71,6.5,81.52,easy
4342,2362,2681,2367.14,2680.28,-17.746616,82.308387,219,-55.0,-61.95,-42.07,5.81,26.92,7.26,12.71,95.82,easy
4343,2381,2667,2384.65,2669.9,-17.582238,82.585567,539,49.56,-62.21,465.93,36.5,217.68,11.86,20.75,54.61,rough
4344,2414,2664,2415.19,2665.64,-17.514764,83.069084,723,227.05,-39.74,504.16,65.49,325.49,29.21,51.12,48.22,rough
4345,2453,2676,2454.08,2670.4,-17.590196,83.684726,810,116.61,-0.64,320.55,50.28,167.98,64.04,112.07,51.84,rough
4346,2487,2669,2485.0,2665.38,-17.510712,84.174295,765,200.36,-8.41,542.21,59.72,259.0,90.67,158.67,46.02,rough
4347,2509,2669,2511.52,2663.93,-17.487697,84.594182,860,179.95,-4.0,514.42,52.63,238.78,96.82,169.44,46.88,rough
4348,2547,2670,2546.06,2669.76,-17.58,85.140892,1006,123.67,-9.48,554.67,50.35,208.3,67.12,117.45,50.13,rough
4349,2577,2664,2576.32,2664.59,-17.498254,85.619913,987,-0.58,-27.26,119.4,12.73,42.36,43.45,76.04,80.65,easy
4350,2613,2668,2615.54,2667.7,-17.547401,86.240778,818,-7.29,-61.95,269.46,23.33,91.54,15.42,26.99,63.6,moderate
4351,2645,2675,2645.99,2668.21,-17.555562,86.722831,894,203.72,-62.36,491.29,61.6,310.96,13.3,23.28,50.13,rough
4352,2677,2679,2673.55,2672.62,-17.625295,87.159274,552,349.89,0.59,751.8,65.16,393.01,14.72,25.75,46.1,rough
4353,2697,2668,2698.9,2664.99,-17.504457,87.560458,818,312.73,64.31,806.64,64.58,404.81,29.39,51.44,44.8,rough
4354,2731,2665,2729.96,2666.4,-17.526865,88.052279,975,138.61,-2.01,672.11,44.53,254.09,39.94,69.9,50.52,rough
4355,2769,2670,2768.51,2666.54,-17.52901,88.662484,986,-18.0,-46.81,224.98,13.71,51.23,35.03,61.3,79.49,easy
4356,2806,2673,2802.57,2668.32,-17.557182,89.201677,719,-51.97,-61.86,-31.1,7.01,15.44,8.88,15.55,94.1,easy
4357,2832,2671,2827.08,2672.54,-17.624027,89.589718,152,-59.03,-65.2,-54.05,8.35,24.31,2.34,4.1,92.13,easy
4358,2863,2671,2858.3,2673.05,-17.632117,90.084026,99,-51.46,-83.91,-24.06,39.87,161.87,1.54,2.7,58.08,moderate
4359,3100,2658,3105.23,2658.68,-17.404641,93.993115,135,116.21,-82.05,484.75,69.84,1153.26,3.76,6.58,33.47,severe
4360,3119,2675,3124.89,2670.16,-17.586317,94.304379,635,-3.09,-64.66,160.99,34.43,203.61,8.18,14.31,55.76,rough
4361,3155,2678,3150.07,2673.53,-17.639787,94.702938,729,-23.94,-61.45,-6.95,14.17,35.36,12.93,22.63,81.04,easy
4362,3168,2684,3164.28,2684.93,-17.820234,94.927861,120,-43.55,-63.17,-20.31,24.01,65.53,4.43,7.74,64.5,moderate
4363,53,2693,53.0,2696.0,-17.99543,45.673339,7,-63.58,-65.76,-62.47,6.8,36.99,1.0,1.75,94.37,easy
4364,88,2697,88.15,2696.16,-17.998041,46.229871,97,-43.12,-62.08,-24.96,19.16,60.9,4.31,7.53,72.7,easy
4365,102,2699,107.71,2694.9,-17.977948,46.539391,211,-16.14,-28.75,-9.62,6.26,17.91,15.32,26.8,94.5,easy
4366,137,2690,139.47,2691.36,-17.922003,47.042168,561,3.63,-24.08,31.29,9.29,22.91,25.84,45.23,88.36,easy
4367,182,2699,176.45,2694.88,-17.977647,47.627651,292,34.26,12.03,47.69,8.88,19.4,54.48,95.33,86.72,easy
4368,201,2696,207.04,2690.68,-17.911239,48.111866,569,13.22,-3.64,27.24,7.13,15.92,80.41,140.72,87.88,easy
4369,246,2693,241.5,2688.79,-17.881257,48.657542,736,-6.97,-15.39,28.94,6.98,16.93,112.49,196.85,87.48,easy
4370,268,2699,269.1,2692.52,-17.9404,49.094441,334,7.05,-10.68,24.2,9.72,21.24,139.87,244.78,82.7,easy
4371,295,2699,300.03,2691.62,-17.926098,49.583996,585,-0.37,-10.67,19.92,8.35,18.49,169.56,296.73,85.11,easy
4372,343,2690,336.79,2688.84,-17.882016,50.166069,756,5.83,-4.32,25.18,6.42,13.52,204.96,358.68,88.44,easy
4373,365,2688,367.01,2688.01,-17.868883,50.644492,629,16.23,-0.22,35.83,9.78,21.12,232.16,406.28,82.54,easy
4374,408,2699,409.85,2692.39,-17.93829,51.322664,407,-7.28,-11.36,12.4,2.89,7.72,246.04,430.56,94.57,open
4375,440,2699,438.99,2693.85,-17.961451,51.783903,328,37.86,-7.69,77.08,14.15,33.27,254.59,445.54,74.73,easy
4376,466,2693,466.73,2689.86,-17.898216,52.223056,533,47.96,16.72,79.67,12.91,29.04,260.53,455.92,76.86,easy
4377,494,2689,491.23,2688.23,-17.872435,52.611015,572,51.88,17.92,97.21,18.31,39.77,269.74,472.04,67.52,moderate
4378,529,2688,527.57,2690.32,-17.905458,53.186209,502,52.99,28.68,70.17,10.78,23.66,290.54,508.44,80.54,easy
4379,552,2688,554.98,2687.99,-17.868673,53.62014,726,40.06,14.53,77.78,18.07,36.16,302.08,528.64,68.12,moderate
4380,600,2688,594.95,2691.52,-17.924516,54.252923,413,35.31,18.89,83.9,13.14,35.52,299.53,524.18,76.35,easy
4381,614,2688,615.2,2686.83,-17.850224,54.57354,476,108.31,43.91,174.72,31.35,84.47,291.85,510.73,52.83,rough
4382,651,2699,653.74,2691.95,-17.931256,55.183633,503,51.23,25.72,104.95,14.39,33.21,295.07,516.37,74.24,easy
4383,688,2689,686.89,2690.88,-17.914334,55.708442,620,40.3,20.12,95.04,11.88,29.75,296.13,518.22,78.59,easy
4384,722,2688,720.21,2687.5,-17.860878,56.235859,685,59.43,36.29,87.68,12.39,29.22,298.51,522.4,77.63,easy
4385,747,2697,747.92,2693.45,-17.955082,56.674653,339,51.51,25.11,91.74,16.97,37.6,311.68,545.44,69.82,moderate
4386,776,2693,775.57,2692.15,-17.934499,57.112296,463,44.24,20.45,67.0,11.0,26.63,320.08,560.13,80.13,easy
4387,814,2688,814.04,2690.62,-17.910273,57.721397,670,108.28,33.9,339.6,34.05,110.93,335.5,587.12,51.9,rough
4388,856,2688,854.62,2690.2,-17.903636,58.363813,610,391.78,134.1,633.0,52.44,209.57,356.52,623.92,46.45,rough
4389,885,2699,882.24,2693.61,-17.957624,58.801093,286,298.12,221.49,365.49,41.2,106.76,375.53,657.18,50.73,rough
4390,902,2689,906.67,2689.24,-17.888366,59.187707,620,316.31,222.46,384.07,33.03,83.48,387.7,678.47,51.43,rough
4391,945,2693,940.82,2690.61,-17.910027,59.728413,598,489.63,331.45,727.78,50.89,179.55,411.93,720.87,46.83,rough
4392,969,2695,971.8,2692.2,-17.935285,60.21886,478,526.75,391.2,650.31,49.83,166.25,435.21,761.62,47.04,rough
4393,1014,2688,1009.46,2689.36,-17.890274,60.815104,590,589.8,394.12,812.48,56.37,210.98,451.73,790.54,45.03,rough
4394,1031,2696,1036.76,2690.95,-17.915533,61.247151,491,401.27,219.62,642.01,55.56,235.66,455.75,797.56,45.46,rough
4395,1069,2696,1066.14,2689.41,-17.89117,61.712413,676,410.49,321.99,560.27,41.9,118.89,458.39,802.19,49.52,rough
4396,1101,2693,1101.56,2690.25,-17.904474,62.273125,605,273.05,197.44,375.64,35.48,90.88,466.63,816.6,51.47,rough
4397,1134,2688,1135.31,2688.95,-17.883878,62.807421,711,273.48,200.89,322.39,28.33,65.9,474.81,830.91,52.35,rough
4398,1172,2699,1170.17,2692.71,-17.943305,63.359167,458,243.9,171.01,319.66,37.85,113.89,490.29,858.01,50.85,rough
4399,1205,2695,1207.38,2690.81,-17.91328,63.948276,518,228.63,133.59,320.62,43.87,122.82,503.66,881.41,50.64,rough
4400,1237,2688,1237.05,2687.56,-17.86178,64.417998,728,177.87,97.28,291.11,47.04,128.59,514.49,900.36,50.79,rough
4401,1267,2699,1265.27,2693.91,-17.962274,64.864814,318,291.51,186.12,345.78,34.55,92.71,534.17,934.79,51.27,rough
4402,1290,2688,1292.42,2687.54,-17.861538,65.294561,684,283.97,228.66,323.02,21.05,52.42,543.53,951.18,60.94,moderate
4403,1325,2688,1323.96,2687.58,-17.862094,65.793814,819,290.47,232.32,321.31,18.76,44.75,561.89,983.31,64.96,moderate
4404,1363,2688,1364.37,2689.24,-17.888359,66.433598,655,230.87,198.56,261.37,17.09,39.06,588.3,1029.53,68.32,moderate
4405,1400,2694,1399.27,2690.35,-17.905909,66.98614,533,206.19,162.09,243.67,19.03,44.68,612.09,1071.16,65.1,moderate
4406,1425,2694,1427.65,2689.87,-17.89837,67.43534,603,186.83,155.54,207.38,15.27,33.42,631.19,1104.59,71.84,moderate
4407,1463,2690,1462.18,2690.26,-17.904576,67.981979,544,157.47,107.04,197.21,14.99,37.71,655.99,1147.98,72.35,easy
4408,1488,2694,1488.93,2690.7,-17.911598,68.405515,501,134.05,90.88,164.47,14.52,35.83,675.81,1182.67,73.37,easy
4409,1520,2690,1518.83,2690.37,-17.906373,68.878863,542,92.28,41.81,147.58,25.08,61.07,681.2,1192.1,55.29,rough
4410,1548,2698,1549.4,2694.13,-17.965875,69.362756,338,111.58,69.39,154.23,22.39,54.7,654.19,1144.83,59.83,moderate
4411,1582,2695,1582.19,2689.6,-17.89416,69.881923,718,72.58,39.37,128.25,15.99,38.91,621.47,1087.56,71.25,moderate
4412,1623,2688,1623.02,2688.62,-17.878613,70.528226,686,65.21,38.79,105.58,13.78,34.06,582.14,1018.75,75.13,easy
4413,1654,2697,1654.1,2693.17,-17.950617,71.02034,384,123.44,93.24,157.23,22.45,50.92,554.03,969.55,59.78,moderate
4414,1683,2694,1683.05,2693.05,-17.948757,71.478569,386,153.61,95.08,201.42,21.3,47.63,526.71,921.74,61.59,moderate
4415,1712,2688,1715.39,2689.54,-17.893192,71.99055,620,195.67,167.72,204.47,10.71,22.58,495.19,866.58,79.7,easy
4416,1749,2694,1746.2,2689.04,-17.885221,72.478274,599,211.76,156.37,250.34,22.36,55.79,466.35,816.11,59.15,moderate
4417,1771,2694,1770.98,2692.37,-17.93789,72.870652,364,157.15,86.13,261.39,40.58,110.81,444.83,778.46,51.56,rough
4418,1803,2693,1805.45,2690.16,-17.90303,73.416371,661,190.66,139.67,246.85,19.83,46.97,412.59,722.04,63.8,moderate
4419,1846,2688,1840.36,2689.78,-17.896959,73.968919,577,289.88,236.16,341.35,25.77,57.35,381.17,667.05,52.91,rough
4420,1865,2693,1868.45,2689.3,-17.88933,74.413666,537,258.03,169.41,336.48,36.89,92.27,356.24,623.41,51.52,rough
4421,1897,2688,1894.58,2688.94,-17.883722,74.827369,640,300.34,202.53,361.03,36.75,98.24,332.46,581.8,51.02,rough
4422,1935,2698,1933.61,2692.79,-17.944675,75.445201,495,299.97,216.16,382.5,34.84,84.17,296.81,519.42,51.52,rough
4423,1972,2694,1969.79,2691.25,-17.920271,76.018037,511,259.14,180.69,392.33,30.04,88.81,261.83,458.2,51.64,rough
4424,1996,2688,1994.38,2687.95,-17.868053,76.407212,543,450.29,312.52,617.26,42.64,141.34,237.48,415.59,48.45,rough
4425,2034,2698,2033.16,2690.08,-17.901632,77.021132,573,446.98,266.05,652.23,56.92,236.72,201.51,352.65,45.1,rough
4426,2062,2691,2061.77,2687.11,-17.854752,77.474068,791,455.16,285.03,664.42,56.25,220.7,173.92,304.36,45.61,rough
4427,2097,2691,2092.77,2691.56,-17.925175,77.964908,450,468.26,300.9,661.77,59.97,248.34,147.86,258.75,44.55,rough
4428,2119,2690,2125.68,2689.44,-17.891503,78.48593,687,441.12,282.48,643.06,57.13,228.46,118.85,207.98,45.44,rough
4429,2166,2699,2161.31,2692.96,-17.947301,79.049933,498,569.67,341.54,767.76,61.75,278.45,90.18,157.81,42.78,rough
4430,2195,2699,2195.08,2691.8,-17.928953,79.584559,462,788.44,625.93,1026.64,56.18,236.02,59.95,104.92,45.1,rough
4431,2226,2689,2224.2,2688.17,-17.871522,80.045594,647,887.72,131.66,1277.0,69.58,496.98,32.69,57.2,37.31,severe
4432,2252,2694,2252.56,2692.4,-17.938408,80.49451,422,119.63,-62.06,640.5,49.84,365.89,11.59,20.28,48.9,rough
4433,2293,2696,2303.03,2695.32,-17.984721,81.293502,136,-53.74,-62.19,-36.69,10.58,33.31,4.2,7.35,87.94,easy
4434,2328,2698,2328.86,2694.39,-17.969938,81.702442,331,-34.85,-58.76,44.51,18.1,43.69,11.01,19.27,74.48,easy
4435,2358,2688,2355.86,2692.42,-17.938748,82.129894,348,-55.77,-61.98,-3.04,7.31,39.79,8.38,14.67,92.8,easy
4436,2382,2694,2385.26,2690.62,-17.910305,82.595364,533,78.77,-45.79,340.04,50.41,224.19,27.35,47.86,52.97,rough
4437,2417,2688,2415.24,2687.59,-17.862311,83.06988,734,188.44,23.17,478.07,54.95,238.86,44.81,78.42,50.33,rough
4438,2445,2688,2443.36,2689.08,-17.885948,83.515033,593,50.75,-6.12,194.68,40.65,124.78,65.55,114.71,53.71,rough
4439,2478,2688,2477.77,2688.91,-17.883266,84.059771,670,98.28,0.8,327.64,51.83,196.13,93.51,163.65,48.95,rough
4440,2511,2688,2513.12,2688.87,-17.882489,84.619455,753,274.66,11.33,597.83,69.11,393.4,95.05,166.33,40.76,severe
4441,2549,2699,2548.35,2692.12,-17.933935,85.177202,528,201.76,57.02,457.55,62.51,258.52,59.82,104.68,48.38,rough
4442,2582,2699,2577.44,2691.52,-17.924469,85.637685,398,2.5,-47.93,156.93,27.75,95.58,30.99,54.23,57.76,rough
4443,2599,2689,2598.54,2686.13,-17.839217,85.971708,551,-46.11,-61.97,-26.46,6.65,17.45,13.15,23.01,94.25,easy
4444,2677,2688,2675.88,2685.9,-17.835568,87.196128,102,28.44,-61.45,259.87,71.19,463.59,2.69,4.71,46.77,rough
4445,2694,2688,2701.07,2688.04,-17.869355,87.594881,525,317.29,-61.66,703.41,69.9,452.43,10.01,17.51,44.6,rough
4446,2735,2696,2734.77,2690.31,-17.90539,88.12839,733,499.64,64.05,733.18,66.03,355.61,35.56,62.23,44.77,rough
4447,2773,2688,2769.17,2688.81,-17.881657,88.672979,573,174.14,-47.66,456.95,50.17,257.17,32.26,56.46,50.76,rough
4448,2791,2693,2791.14,2689.73,-17.896186,89.020702,383,-39.57,-61.94,169.72,16.39,64.01,10.62,18.58,76.65,easy
4449,2823,2690,2820.02,2685.54,-17.829813,89.477895,65,-60.17,-62.31,-54.73,7.32,18.58,1.49,2.61,94.11,easy
4450,3095,2690,3100.93,2694.71,-17.974974,93.925088,89,166.97,-116.15,333.53,77.61,1166.11,2.31,4.05,33.23,severe
4451,3121,2693,3129.23,2691.18,-17.9191,94.373048,297,26.46,-54.34,222.98,43.71,238.56,9.21,16.12,54.23,rough
4452,3155,2699,3150.33,2694.28,-17.968256,94.707029,261,-17.48,-25.64,-6.94,7.26,18.06,18.09,31.66,92.65,easy
4453,3172,2696,3167.64,2695.5,-17.987514,94.981177,70,-39.64,-61.41,-17.73,25.89,70.25,4.24,7.42,61.21,moderate
