cell_id,seed_x,seed_y,centroid_x,centroid_y,centroid_lat,centroid_lon,area_px,mean_elevation_m,min_elevation_m,max_elevation_m,mean_slope_deg,ruggedness_m,coast_distance_px,coast_distance_km,traversal_score,traversal_profile,crop_x,crop_y
5561,2253,652,2254.29,653.33,24.666667,45.428889,45,13.82,-59.5,128.39,69.68,251.4,1.86,20.74,57.98,rough,37.56,1.15
5562,2261,655,2261.71,654.75,24.524706,46.170588,85,202.92,6.1,366.93,69.49,317.17,3.96,44.03,54.73,rough,84.41,10.12
5564,2287,657,2284.74,655.19,24.480952,48.47381,84,243.23,148.87,319.63,56.6,164.84,13.81,153.56,58.58,moderate,229.9,12.88
5565,2292,656,2293.71,654.65,24.534615,49.370513,78,168.36,140.24,265.69,40.14,118.64,14.09,156.72,60.42,moderate,286.54,9.49
5566,2305,655,2303.88,654.52,24.547959,50.387755,98,156.82,123.35,187.4,36.13,67.36,20.45,227.36,61.66,moderate,350.8,8.65
5567,2312,657,2312.51,655.95,24.404819,51.250602,83,180.42,141.64,225.59,31.37,71.38,24.8,275.81,61.11,moderate,405.3,17.69
5568,2322,656,2322.57,654.17,24.58254,52.257143,126,212.66,175.57,250.16,35.55,73.84,27.03,300.56,60.7,moderate,468.88,6.46
5569,2337,654,2335.44,654.85,24.515044,53.544248,113,269.38,213.54,308.31,41.4,86.02,22.92,254.83,60.28,moderate,550.18,10.73
5571,2351,656,2351.59,655.65,24.434513,55.159292,113,404.3,308.59,490.26,47.0,124.2,20.39,226.78,58.5,moderate,652.2,15.82
5572,2364,655,2364.09,655.86,24.4136,56.4088,125,455.7,408.93,497.28,35.43,68.88,26.15,290.78,59.55,moderate,731.13,17.14
5574,2383,656,2383.78,656.27,24.373333,58.377778,90,381.62,309.52,448.14,51.87,130.6,32.42,360.48,57.63,rough,855.51,19.68
5577,2415,655,2415.77,655.35,24.465385,61.576923,104,328.7,256.94,411.79,57.52,176.73,54.69,608.11,55.01,rough,1057.59,13.87
5578,2426,652,2425.79,654.16,24.584158,62.579208,101,381.02,221.62,557.93,73.64,318.55,63.6,707.25,49.71,rough,1120.9,6.36
5579,2436,656,2435.4,655.61,24.43871,63.539785,93,859.79,433.09,1406.39,82.36,912.25,65.52,728.61,28.8,severe,1181.58,15.55
5580,2445,654,2444.96,653.34,24.665591,64.495699,93,1406.04,944.05,1823.03,82.55,780.44,57.23,636.42,30.0,severe,1241.96,1.22
5581,2453,654,2453.58,653.65,24.635165,65.358242,91,1456.41,1019.81,1744.01,78.84,588.54,48.63,540.78,36.26,severe,1296.44,3.14
5582,2463,655,2463.68,654.05,24.595283,66.367925,106,1202.4,896.23,1529.06,79.17,569.88,38.53,428.47,38.94,severe,1360.22,5.66
5583,2476,657,2475.59,656.26,24.373571,67.558571,140,1233.65,959.53,1440.61,76.84,480.8,26.69,296.77,42.32,rough,1435.43,19.66
5584,2486,656,2485.99,655.82,24.417857,68.599107,112,1051.33,883.33,1327.83,75.86,460.6,16.34,181.73,44.67,rough,1501.16,16.87
5585,2497,654,2496.84,653.77,24.622581,69.683871,93,1142.09,877.78,1587.24,82.03,728.41,6.51,72.44,36.48,severe,1569.68,3.94
5602,2257,663,2256.33,663.2,23.68,45.633,100,110.05,-46.78,284.89,70.77,297.21,3.33,37.0,55.91,rough,50.45,63.48
5603,2267,664,2266.82,663.42,23.6575,46.6825,80,268.68,34.72,433.29,71.7,331.23,5.87,65.24,53.79,rough,116.75,64.9
5604,2274,664,2274.48,662.88,23.712195,47.447561,82,305.33,167.68,436.44,66.13,248.39,12.21,135.82,55.74,rough,165.07,61.44
5605,2284,664,2283.57,664.9,23.510476,48.357143,105,328.18,247.23,381.87,52.59,166.58,18.19,202.31,57.76,rough,222.53,74.18
5606,2291,661,2292.75,663.27,23.672527,49.274725,91,200.69,79.78,325.32,60.01,212.43,18.57,206.5,57.02,rough,280.49,63.95
5607,2305,664,2303.82,665.09,23.490984,50.381967,122,124.32,70.76,164.29,36.4,90.13,18.69,207.86,61.25,moderate,350.43,75.42
5608,2314,664,2314.43,665.12,23.4875,51.442708,96,163.88,106.23,200.51,36.05,79.34,16.31,181.37,61.52,moderate,417.44,75.64
5609,2325,663,2324.65,662.91,23.709091,52.464935,77,201.87,162.97,242.95,32.87,79.06,18.8,209.04,61.15,moderate,482.01,61.64
5610,2331,665,2332.41,665.48,23.452212,53.240708,113,229.54,152.53,292.54,45.33,113.8,16.31,181.39,60.08,moderate,531.01,77.86
5611,2345,664,2343.81,663.01,23.698947,54.381053,95,306.84,178.41,442.5,55.27,215.25,12.56,139.72,56.74,rough,603.04,62.28
5612,2353,666,2354.09,665.76,23.423529,55.408824,102,441.8,351.67,514.14,55.1,213.89,12.54,139.4,56.02,rough,667.96,79.68
5613,2365,667,2365.01,665.52,23.447727,56.501136,88,496.07,437.44,543.65,48.5,108.61,18.19,202.22,58.62,moderate,736.96,78.15
5614,2375,664,2374.32,662.99,23.701031,57.431959,97,434.24,407.33,503.57,41.1,78.56,22.74,252.84,59.6,moderate,795.76,62.15
5615,2382,667,2383.61,667.47,23.252679,58.360714,112,406.63,275.86,472.07,49.41,144.32,23.0,255.77,57.69,rough,854.43,90.47
5616,2394,662,2394.16,662.43,23.757143,59.415646,147,271.49,198.22,407.55,60.67,197.26,33.8,375.9,56.08,rough,921.06,58.6
5617,2406,661,2405.16,661.56,23.844444,60.515873,126,373.65,261.26,493.08,63.3,243.96,42.54,473.05,53.47,rough,990.56,53.09
5618,2415,667,2414.33,665.75,23.425373,61.432836,67,252.64,193.98,373.02,60.4,209.66,47.85,532.08,54.87,rough,1048.48,79.56
5619,2421,667,2422.08,666.09,23.390598,62.207692,117,374.12,205.72,628.99,73.89,395.55,53.27,592.33,48.04,rough,1097.43,81.76
5620,2434,665,2432.93,665.11,23.488793,63.293103,116,664.55,235.57,1286.39,80.65,771.78,59.82,665.14,34.26,severe,1165.99,75.55
5621,2443,662,2443.86,663.11,23.689,64.386,100,1537.35,1076.09,1835.21,81.6,682.26,58.52,650.76,32.23,severe,1235.03,62.91
5622,2455,664,2454.44,663.7,23.629897,65.44433,97,1422.51,1180.8,1625.61,75.52,484.57,48.09,534.81,39.72,severe,1301.88,66.64
5623,2465,662,2465.08,661.97,23.802667,66.508,75,1176.8,994.2,1469.05,74.64,488.76,37.32,415.0,41.69,severe,1369.07,55.73
5624,2471,667,2471.63,665.82,23.417647,67.163235,68,1175.79,926.83,1527.03,76.97,522.32,31.68,352.28,41.02,severe,1410.46,80.05
5625,2485,667,2484.55,667.02,23.297674,68.455039,129,1156.66,850.93,1519.46,80.02,594.06,20.37,226.48,39.65,severe,1492.06,87.63
5626,2496,663,2495.89,664.13,23.586885,69.589344,122,1210.38,888.64,1528.53,79.73,596.89,9.92,110.3,39.96,severe,1563.71,69.36
5627,2506,665,2505.12,665.4,23.460215,70.511828,93,1175.12,787.78,1486.39,80.99,668.57,8.44,93.82,38.03,severe,1621.98,77.36
5628,2511,661,2512.52,661.11,23.889,71.252,100,902.04,-17.31,1582.02,86.11,1479.56,3.22,35.79,32.71,severe,1668.73,50.27
5629,2955,661,2955.0,661.0,23.9,115.5,1,-1608.75,-1608.75,-1608.75,86.35,2620.36,1.0,11.12,37.93,severe,4463.76,49.58
5642,2256,675,2255.5,675.67,22.433019,45.55,106,121.68,-29.35,262.68,73.47,334.94,3.88,43.15,54.64,rough,45.21,142.24
5643,2263,671,2263.64,671.82,22.818085,46.36383,94,293.92,110.95,407.17,63.12,297.17,6.76,75.21,54.65,rough,96.62,117.92
5644,2275,672,2274.1,673.09,22.691429,47.409524,105,349.63,229.88,437.12,62.45,202.55,12.61,140.24,56.89,rough,162.67,125.92
5645,2282,676,2282.95,675.83,22.417273,48.294545,110,238.84,121.7,317.72,62.17,221.84,11.31,125.77,57.0,rough,218.57,143.24
5646,2295,676,2293.13,675.25,22.475,49.313333,120,68.14,-25.05,263.3,59.51,236.8,8.19,91.07,57.7,rough,282.93,139.59
5647,2301,676,2301.5,674.97,22.503191,50.15,94,33.33,4.6,83.46,40.77,91.58,10.27,114.23,62.28,moderate,335.78,137.81
5648,2314,677,2313.11,675.24,22.476471,51.310588,85,37.67,-37.42,104.31,52.83,129.0,6.85,76.19,61.32,moderate,409.09,139.5
5649,2322,672,2322.97,672.02,22.797938,52.296907,97,108.11,26.26,169.86,55.78,150.82,10.01,111.36,60.03,moderate,471.39,119.19
5650,2337,677,2336.58,675.78,22.422449,53.658163,98,139.95,60.59,235.52,57.52,179.18,8.36,92.97,59.08,moderate,557.38,142.91
5651,2344,671,2343.82,671.53,22.847312,54.38172,93,158.35,-2.72,326.01,67.09,312.63,5.12,56.92,55.04,rough,603.08,116.07
5652,2355,676,2354.07,675.35,22.464634,55.407317,82,301.46,16.7,462.42,69.68,377.37,5.96,66.32,52.17,rough,667.87,140.25
5653,2363,672,2362.79,672.47,22.75303,56.278788,66,474.47,408.91,532.25,55.15,165.21,11.13,123.71,57.45,rough,722.92,122.03
5654,2373,673,2373.02,673.13,22.687209,57.302326,86,458.0,401.07,512.54,52.01,118.33,12.78,142.17,58.89,moderate,787.57,126.19
5655,2382,677,2382.65,677.25,22.275455,58.264545,110,396.14,207.39,530.13,64.24,257.79,15.25,169.58,54.74,rough,848.35,152.2
5656,2397,675,2396.02,673.88,22.61194,59.602239,134,199.1,156.1,308.43,52.72,200.64,28.04,311.84,56.77,rough,932.85,130.94
5657,2406,676,2405.75,676.25,22.375281,60.575281,89,229.44,156.17,454.61,63.08,247.02,35.47,394.45,54.66,rough,994.32,145.89
5658,2411,672,2411.38,672.27,22.77284,61.138272,81,220.18,157.77,415.3,63.55,232.74,41.84,465.32,54.73,rough,1029.88,120.78
5659,2426,676,2425.55,675.34,22.466265,62.555422,83,226.81,115.47,400.65,72.53,385.15,47.3,525.92,49.59,rough,1119.4,140.14
5660,2433,676,2433.66,676.32,22.367816,63.365517,87,716.89,180.49,1327.8,83.61,1078.73,50.67,563.42,30.59,severe,1170.57,146.36
5661,2441,674,2442.18,674.4,22.560317,64.218254,126,1391.11,1046.66,1654.41,79.76,619.12,56.68,630.33,35.13,severe,1224.43,134.2
5662,2454,673,2452.57,673.55,22.645192,65.256731,104,1485.04,1272.18,1693.48,74.96,396.6,52.22,580.65,41.83,severe,1290.03,128.84
5663,2461,671,2461.78,671.12,22.887805,66.178049,82,1188.57,1008.63,1335.73,72.68,399.49,42.71,474.98,44.04,rough,1348.23,113.52
5664,2472,671,2473.0,673.36,22.664286,67.3,112,1181.78,893.7,1534.35,78.93,523.22,33.41,371.47,40.85,severe,1419.1,127.64
5665,2485,677,2483.31,676.58,22.341667,68.330952,84,947.66,771.08,1293.18,74.2,533.04,27.2,302.47,42.27,rough,1484.22,148.01
5666,2492,677,2493.94,676.02,22.3975,69.394167,120,1133.34,871.2,1505.25,76.36,484.25,20.43,227.15,43.2,rough,1551.38,144.49
5667,2507,675,2505.65,675.01,22.499115,70.565487,113,1455.08,997.53,2365.15,81.39,1234.3,11.65,129.56,29.04,severe,1625.37,138.07
5668,2515,673,2514.9,671.76,22.82381,71.490476,84,681.66,-61.4,1872.68,85.99,1711.12,3.57,39.69,33.93,severe,1683.8,117.56
5669,2521,677,2520.08,678.68,22.131579,72.007895,38,273.04,-102.24,1232.87,85.43,2234.71,2.47,27.49,36.3,severe,1716.48,161.29
5670,2954,674,2954.73,674.09,22.590909,115.472727,11,-660.83,-1318.41,-368.16,85.98,3921.09,1.0,11.12,37.93,severe,4462.04,132.27
5684,2253,686,2253.23,685.0,21.5,45.323404,94,275.48,-52.66,378.73,64.8,336.73,5.4,60.08,53.61,rough,30.9,201.18
5685,2265,684,2264.37,682.98,21.702299,46.436782,87,89.47,-71.78,349.5,67.41,372.25,2.37,26.39,53.76,rough,101.22,188.4
5686,2271,686,2272.1,684.88,21.512195,47.209756,82,114.12,-30.58,256.66,66.93,268.61,3.93,43.65,56.74,rough,150.05,200.41
5687,2282,685,2283.1,685.3,21.469672,48.309836,122,124.86,-12.08,243.06,64.45,251.4,5.27,58.63,57.12,rough,219.54,203.1
5688,2297,687,2296.61,686.98,21.301869,49.660748,107,-1.03,-59.65,56.9,51.47,118.98,3.33,37.04,62.08,moderate,304.87,213.7
5689,2307,681,2306.47,681.42,21.857692,50.647436,78,2.12,-33.55,37.68,34.27,74.26,7.51,83.56,63.18,moderate,367.2,178.59
5690,2314,684,2314.26,685.05,21.494737,51.426316,57,-27.09,-56.76,-0.57,34.53,89.3,2.8,31.17,63.03,moderate,416.4,201.51
5691,2321,680,2323.01,679.84,22.016418,52.301493,67,-11.41,-63.16,68.4,56.08,158.34,3.22,35.75,60.86,moderate,471.68,168.56
5692,2334,682,2332.77,682.22,21.77766,53.276596,94,28.37,-54.22,92.98,49.83,151.28,5.42,60.31,60.77,moderate,533.28,183.64
5693,2346,684,2344.94,683.93,21.606818,54.494318,88,8.48,-117.9,115.6,63.67,249.87,2.07,22.98,58.04,moderate,610.2,194.43
5694,2356,682,2355.33,681.71,21.828571,55.533333,42,100.97,-119.57,303.23,78.92,527.38,2.04,22.73,48.89,rough,675.83,180.43
5695,2363,680,2363.44,680.12,21.987719,56.34386,57,274.28,-131.15,444.82,75.1,516.81,3.9,43.41,48.12,rough,727.03,170.37
5696,2371,682,2372.1,682.72,21.728155,57.209709,103,273.3,-73.4,507.52,73.61,462.93,4.51,50.14,49.76,rough,781.72,186.77
5697,2387,685,2387.39,684.77,21.523469,58.738776,98,383.68,220.39,541.98,68.13,338.53,15.8,175.73,52.26,rough,878.31,199.7
5698,2396,685,2394.88,685.5,21.45,59.4875,80,278.53,159.29,416.39,68.86,281.09,22.14,246.25,54.21,rough,925.6,204.34
5699,2401,685,2402.47,685.0,21.5,60.246988,83,233.53,156.07,457.42,57.6,262.54,27.96,310.89,54.65,rough,973.58,201.18
5700,2416,683,2414.13,682.84,21.716279,61.412791,86,230.19,172.98,327.31,62.96,198.0,35.19,391.27,56.2,rough,1047.22,187.52
5701,2421,681,2421.26,680.96,21.904348,62.126087,69,296.9,209.31,387.64,63.82,213.87,40.29,448.01,54.99,rough,1092.28,175.64
5702,2431,686,2431.76,686.15,21.385124,63.176033,121,331.53,86.24,1215.13,73.65,705.61,41.72,463.96,39.4,severe,1158.6,208.44
5703,2446,687,2444.51,685.07,21.493137,64.45098,102,1314.34,346.52,1682.59,81.94,975.45,51.4,571.58,27.18,severe,1239.13,201.61
5704,2454,685,2453.8,683.67,21.632967,65.38022,91,1482.73,1236.16,1771.73,76.38,524.89,54.55,606.54,37.69,severe,1297.83,192.78
5705,2463,681,2464.19,681.27,21.872656,66.41875,128,1057.62,788.96,1397.55,77.97,471.35,45.06,501.01,42.38,rough,1363.43,177.64
5706,2477,686,2475.62,684.2,21.58,67.561818,110,916.14,672.37,1220.33,77.54,486.15,38.01,422.69,43.19,rough,1435.64,196.13
5707,2486,684,2485.2,684.23,21.576786,68.519643,56,808.58,656.17,1120.72,76.54,503.99,31.95,355.24,43.64,rough,1496.14,196.33
5708,2491,686,2492.53,686.59,21.340909,69.253409,88,1091.99,691.7,1348.07,79.3,581.1,27.62,307.09,39.94,severe,1542.49,211.23
5709,2505,685,2503.92,684.06,21.594393,70.391589,107,1670.77,997.82,2980.95,84.13,1374.14,16.77,186.45,27.48,severe,1614.39,195.22
5710,2516,684,2515.42,683.67,21.633333,71.541667,84,1989.15,655.83,2669.2,86.65,2158.82,8.52,94.72,26.24,severe,1687.03,192.76
5711,2524,687,2523.62,687.46,21.253846,72.361538,65,721.78,-31.17,1555.49,86.8,1980.42,3.34,37.11,33.72,severe,1738.82,216.73
5712,2954,689,2954.4,689.8,21.02,115.44,5,-593.8,-729.9,-426.13,87.56,4223.54,1.0,11.12,37.93,severe,4459.97,231.5
5733,2254,694,2252.86,694.24,20.575714,45.285714,70,216.61,-48.39,364.14,73.42,431.13,4.64,51.58,51.06,rough,28.51,259.57
5734,2266,693,2267.21,692.61,20.739286,46.721429,56,0.04,-78.8,118.63,64.51,275.37,2.06,22.85,57.3,rough,119.21,249.23
5735,2277,694,2277.04,693.72,20.627778,47.704167,72,54.71,-66.93,206.85,69.14,244.98,2.3,25.58,57.92,rough,181.28,256.28
5736,2285,697,2285.47,695.98,20.402247,48.547191,89,56.05,-65.11,142.62,60.24,259.93,4.02,44.71,57.33,rough,234.53,270.52
5737,2295,697,2295.36,696.89,20.311304,49.535652,115,42.73,-46.27,223.87,61.8,255.28,3.84,42.7,57.56,rough,296.97,276.27
5738,2307,691,2305.68,691.85,20.814943,50.567816,87,19.13,-47.79,59.89,48.19,125.09,5.39,59.9,61.64,moderate,362.17,244.45
5739,2313,692,2314.62,692.1,20.790411,51.461644,73,-24.78,-54.66,-0.56,38.79,91.43,4.15,46.2,62.88,moderate,418.63,246.0
5740,2326,692,2324.94,692.55,20.744554,52.494059,101,18.84,-44.37,56.54,43.39,112.5,4.82,53.59,62.07,moderate,483.85,248.9
5741,2335,691,2335.87,691.68,20.831579,53.587368,95,24.53,-50.45,98.81,63.82,168.04,2.45,27.22,60.47,moderate,552.91,243.4
5742,2346,697,2345.16,696.84,20.315504,54.515504,129,102.62,-13.22,147.24,50.51,154.37,5.84,64.98,60.23,moderate,611.54,276.0
5743,2357,693,2355.9,692.9,20.709722,55.590278,72,87.3,-107.68,152.19,55.68,256.48,3.61,40.14,57.29,rough,679.43,251.1
5744,2365,693,2364.15,693.85,20.614754,56.414754,61,10.28,-134.15,126.1,67.77,277.36,2.2,24.49,57.17,rough,731.51,257.1
5745,2371,694,2372.75,693.87,20.612658,57.274684,79,69.88,-61.57,222.18,71.62,303.45,2.7,30.05,55.99,rough,785.83,257.23
5746,2382,691,2381.83,691.93,20.806818,58.183333,132,248.27,84.02,546.14,71.32,394.51,8.45,93.94,51.77,rough,843.22,244.97
5747,2397,697,2396.46,696.25,20.37479,59.646218,119,498.99,385.4,655.9,64.74,264.48,15.51,172.51,53.93,rough,935.63,272.26
5748,2407,693,2407.38,693.68,20.631783,60.737984,129,347.81,240.33,467.36,58.3,199.5,22.59,251.18,56.33,rough,1004.59,256.02
5749,2417,691,2415.63,692.0,20.8,61.563014,73,307.67,212.3,378.11,55.62,155.9,27.96,310.93,57.56,rough,1056.71,245.4
5750,2421,692,2422.43,693.3,20.669792,62.242708,96,265.28,156.99,333.1,57.77,177.22,30.32,337.19,56.97,rough,1099.64,253.62
5751,2433,696,2433.45,695.83,20.416529,63.344628,121,126.87,75.65,248.91,55.96,305.98,36.04,400.73,53.36,rough,1169.25,269.62
5752,2446,693,2445.54,694.08,20.592105,64.553509,114,741.56,154.13,1482.95,84.11,1147.21,46.11,512.79,30.75,severe,1245.61,258.53
5753,2456,693,2455.13,693.43,20.656667,65.513333,60,1401.85,1056.14,1624.38,79.7,748.39,50.36,559.96,31.47,severe,1306.24,254.45
5754,2461,692,2463.12,692.5,20.750442,66.311504,113,1270.77,880.32,1553.36,79.42,678.67,50.74,564.27,34.35,severe,1356.66,248.53
5755,2475,693,2472.96,694.12,20.5875,67.296429,112,1066.76,750.56,1397.6,78.02,568.74,47.01,522.7,39.17,severe,1418.87,258.82
5756,2482,692,2483.16,692.92,20.708434,68.315663,83,760.35,627.15,956.97,75.79,442.04,38.77,431.16,45.39,rough,1483.25,251.18
5757,2494,696,2492.82,695.7,20.430108,69.28172,93,789.08,644.67,1008.15,75.95,402.33,32.58,362.27,46.87,rough,1544.28,268.76
5758,2502,694,2502.26,694.22,20.577551,70.22551,98,990.41,661.0,1596.11,79.84,1024.57,24.43,271.65,30.8,severe,1603.89,259.45
5759,2511,691,2511.21,692.35,20.765347,71.120792,101,1906.16,1092.14,2879.6,86.52,1744.29,16.2,180.13,26.2,severe,1660.45,247.59
5760,2521,695,2520.83,695.87,20.412931,72.082759,116,1141.48,498.2,1808.14,84.8,1440.1,10.06,111.88,30.91,severe,1721.21,269.85
5761,2534,693,2530.92,694.9,20.509804,73.092157,51,101.16,-137.72,581.95,81.12,1715.48,2.26,25.18,37.28,severe,1784.97,263.73
5762,2544,697,2544.0,697.5,20.25,74.4,2,-167.78,-223.96,-111.6,84.33,3279.14,1.0,11.12,37.93,severe,1867.59,280.14
5763,2949,699,2949.5,699.0,20.1,114.95,2,-488.0,-542.44,-433.55,85.66,4225.1,1.0,11.12,37.93,severe,4429.02,289.61
5764,2952,696,2951.5,696.5,20.35,115.15,2,-736.48,-874.61,-598.35,88.21,4316.19,1.0,11.12,37.93,severe,4441.65,273.82
5785,2256,701,2254.54,701.75,19.825352,45.453521,71,153.97,-124.64,298.41,76.97,447.72,2.95,32.77,51.01,rough,39.11,306.96
5786,2267,707,2266.81,708.37,19.162903,46.680645,62,90.51,-66.94,303.66,74.59,434.8,2.68,29.83,51.78,rough,116.63,348.81
5787,2274,703,2273.83,702.35,19.765217,47.382609,23,-57.66,-106.75,21.88,52.91,202.69,1.07,11.92,59.62,moderate,160.97,310.76
5788,2286,706,2286.61,704.78,19.521569,48.660784,51,154.29,-86.11,405.12,80.39,527.12,3.07,34.16,48.53,rough,241.71,326.15
5789,2294,707,2294.38,707.02,19.297561,49.437805,82,305.99,110.26,430.66,73.86,455.86,5.41,60.15,49.74,rough,290.79,340.3
5790,2303,705,2301.22,703.68,19.631707,50.121951,41,-0.25,-80.95,128.83,70.4,365.29,1.52,16.86,54.53,rough,334.01,319.2
5791,2315,701,2315.87,701.43,19.857377,51.586885,61,-20.81,-80.37,16.11,47.37,150.05,2.7,30.08,61.15,moderate,426.54,304.94
5792,2321,703,2321.61,703.72,19.627835,52.160825,97,0.89,-80.91,60.65,46.15,124.84,5.0,55.55,61.78,moderate,462.8,319.44
5793,2331,702,2332.13,702.65,19.735211,53.21338,142,105.93,33.26,156.86,48.89,129.18,8.74,97.15,60.8,moderate,529.28,312.66
5794,2346,707,2346.1,707.02,19.298077,54.609615,104,146.1,49.74,250.26,52.5,150.57,12.23,135.97,59.68,moderate,617.48,340.27
5795,2355,701,2355.02,701.79,19.821429,55.502041,98,155.9,28.25,266.17,61.26,211.94,8.86,98.55,57.94,rough,673.85,307.21
5796,2364,705,2363.7,705.06,19.494393,56.370093,107,195.75,-31.25,330.91,73.34,383.87,4.02,44.67,52.69,rough,728.69,327.87
5797,2374,705,2372.16,705.48,19.451613,57.216129,62,101.44,-96.55,243.16,77.72,521.4,2.1,23.31,49.07,rough,782.13,330.57
5798,2385,704,2384.73,701.83,19.816667,58.473077,78,330.46,-39.0,593.05,80.7,806.55,4.06,45.14,38.78,severe,861.52,307.51
5799,2393,704,2392.84,703.85,19.615294,59.283529,85,608.14,429.24,712.79,65.61,464.56,7.79,86.66,47.61,rough,912.72,320.23
5800,2403,707,2403.36,705.84,19.415534,60.335922,103,344.63,211.69,513.07,68.45,318.18,10.03,111.51,53.49,rough,979.2,332.85
5801,2415,706,2414.88,704.84,19.515909,61.487879,132,245.14,157.66,295.85,47.21,130.61,16.79,186.67,59.44,moderate,1051.96,326.51
5802,2426,705,2425.28,703.77,19.62268,62.527835,97,236.95,166.32,308.26,59.15,149.86,24.74,275.08,58.36,moderate,1117.65,319.77
5803,2434,706,2434.43,705.97,19.403448,63.442529,87,192.3,102.67,303.86,68.35,192.53,31.35,348.56,56.84,rough,1175.43,333.61
5804,2444,705,2444.33,704.7,19.529687,64.432813,128,166.09,80.05,494.54,62.86,394.27,37.16,413.18,50.32,rough,1237.99,325.64
5805,2456,703,2455.61,703.03,19.696694,65.561157,121,580.86,252.3,1190.09,81.7,836.14,41.39,460.26,33.96,severe,1309.26,315.09
5806,2465,707,2465.29,705.02,19.498148,66.528704,108,900.62,470.44,1388.29,79.23,724.98,43.78,486.83,35.46,severe,1370.38,327.63
5807,2476,706,2474.38,705.09,19.491139,67.437975,79,1229.97,923.28,1443.32,78.74,592.45,48.75,542.11,37.4,severe,1427.81,328.07
5808,2481,703,2482.69,702.27,19.773267,68.269307,101,842.76,614.8,1389.54,75.45,623.31,44.56,495.47,38.9,severe,1480.33,310.25
5809,2496,703,2495.24,703.42,19.657778,69.524444,90,768.16,607.3,997.95,72.69,352.35,35.29,392.4,48.36,rough,1559.61,317.55
5810,2504,706,2503.63,705.56,19.443902,70.363415,82,883.1,566.62,1507.48,81.04,935.21,28.61,318.09,31.13,severe,1612.61,331.06
5811,2511,706,2512.29,704.54,19.545946,71.228829,111,1648.63,843.65,2452.47,85.3,1600.25,20.29,225.6,27.37,severe,1667.27,324.61
5812,2525,705,2524.88,704.75,19.525397,72.488095,126,912.93,474.7,1370.13,84.05,1243.18,8.23,91.53,32.32,severe,1746.82,325.91
5813,2537,704,2534.36,703.44,19.655556,73.435556,45,110.84,-233.81,617.14,78.98,1168.15,1.38,15.36,37.28,severe,1806.66,317.69
5814,2544,704,2544.56,705.5,19.45,74.45625,16,-17.55,-112.63,40.41,69.83,600.99,1.0,11.12,47.24,rough,1871.14,330.67
5815,2566,706,2566.5,707.0,19.3,76.65,4,-83.22,-88.83,-78.15,38.83,186.31,1.0,11.12,60.14,moderate,2009.71,340.15
5816,2574,709,2576.6,710.7,18.93,77.66,10,-47.91,-92.36,64.1,59.76,480.84,1.04,11.58,50.97,rough,2073.51,363.52
5817,2583,706,2583.2,707.0,19.3,78.32,5,-138.67,-212.13,-44.16,80.86,2822.19,1.0,11.12,37.93,severe,2115.2,340.15
5818,2591,708,2592.0,709.25,19.075,79.2,4,-187.65,-251.41,-111.64,85.62,3801.31,1.0,11.12,37.93,severe,2170.79,354.36
5819,2946,707,2947.12,707.38,19.2625,114.7125,8,-439.76,-745.71,-209.37,86.71,3186.48,1.0,11.12,37.93,severe,4414.02,342.52
5845,2257,711,2256.39,711.84,18.815702,45.638843,121,173.69,-7.34,338.78,66.86,288.84,5.46,60.67,55.67,rough,50.82,370.74
5846,2267,715,2265.77,715.39,18.460606,46.577273,66,100.9,29.56,206.06,65.84,228.34,6.08,67.64,57.92,rough,110.1,393.17
5847,2272,717,2273.7,716.65,18.334783,47.369565,92,89.87,-87.54,222.32,68.15,288.94,3.84,42.74,56.25,rough,160.15,401.12
5848,2288,713,2289.77,712.97,18.703226,48.977419,31,84.81,-75.0,327.89,82.36,639.46,2.22,24.74,45.48,rough,261.71,377.85
5849,2296,717,2296.07,716.53,18.347222,49.606944,72,81.36,-135.08,321.16,79.59,552.14,2.12,23.58,48.22,rough,301.48,400.33
5850,2309,715,2306.92,716.9,18.31,50.692,50,32.28,-54.8,95.43,58.52,276.3,2.82,31.33,57.03,rough,370.02,402.68
5851,2312,716,2312.15,718.91,18.108824,51.214706,34,6.29,-69.91,67.68,61.78,208.08,2.96,32.9,59.29,moderate,403.03,415.39
5852,2326,715,2327.27,712.31,18.768889,52.726667,45,5.07,-62.52,73.72,67.28,249.67,2.48,27.59,58.04,moderate,498.54,373.7
5853,2332,717,2332.76,715.76,18.423684,53.276316,76,85.74,10.2,112.95,40.03,150.75,5.43,60.38,60.47,moderate,533.26,395.5
5854,2341,713,2341.24,713.61,18.6392,54.124,125,143.15,43.91,296.03,51.85,186.53,8.88,98.69,58.8,moderate,586.81,381.89
5855,2356,715,2354.9,713.36,18.66383,55.490426,94,181.45,-27.04,302.83,64.08,302.02,6.21,69.1,55.17,rough,673.12,380.33
5856,2365,716,2365.0,716.22,18.378205,56.5,78,198.51,-52.71,362.43,74.97,412.21,3.06,34.04,51.86,rough,736.89,398.38
5857,2373,717,2371.41,718.03,18.197436,57.141026,39,130.97,-75.18,364.72,82.8,642.72,1.91,21.25,45.14,rough,777.38,409.79
5858,2389,713,2390.0,710.88,18.9125,59.0,24,290.32,-78.84,639.17,85.56,1062.78,2.31,25.63,36.21,severe,894.81,364.63
5859,2394,714,2395.43,712.45,18.755319,59.542553,47,199.97,-91.24,592.32,81.79,833.4,2.67,29.65,38.77,severe,929.08,374.55
5860,2405,714,2404.66,714.28,18.571642,60.465672,67,140.9,-33.2,242.13,60.92,354.54,3.99,44.37,53.91,rough,987.39,386.16
5861,2411,714,2412.45,714.78,18.521687,61.244578,83,212.05,116.17,261.98,49.89,171.44,8.16,90.73,58.93,moderate,1036.59,389.31
5862,2425,713,2424.76,713.62,18.6375,62.475962,104,184.69,116.16,257.15,56.44,141.48,19.7,219.03,59.25,moderate,1114.38,382.0
5863,2436,715,2435.58,714.29,18.571084,63.557831,83,184.1,98.49,255.19,56.2,191.66,27.38,304.51,57.18,rough,1182.72,386.19
5864,2445,717,2445.12,716.5,18.35,64.512195,82,124.35,9.84,635.68,58.27,508.64,25.8,286.92,47.76,rough,1243.0,400.16
5865,2453,715,2453.82,714.5,18.55,65.3825,120,504.2,103.67,829.19,81.07,589.75,30.1,334.75,42.81,rough,1297.97,387.52
5866,2466,713,2465.28,714.11,18.589474,66.528421,95,604.29,408.68,929.07,72.68,488.24,36.43,405.12,44.98,rough,1370.36,385.03
5867,2476,714,2475.66,714.58,18.541791,67.565672,67,973.73,746.45,1122.24,77.14,524.77,43.51,483.87,41.3,severe,1435.88,388.04
5868,2481,711,2482.52,711.7,18.829851,68.252239,67,884.21,565.41,1274.17,79.52,632.31,48.45,538.76,38.12,severe,1479.25,369.85
5869,2492,712,2492.09,711.66,18.833628,69.20885,113,861.09,752.51,1013.83,70.96,353.23,40.8,453.71,47.45,rough,1539.67,369.61
5870,2505,715,2504.03,715.19,18.481053,70.403158,95,1064.85,543.32,1784.57,82.64,1024.62,29.56,328.67,30.04,severe,1615.12,391.88
5871,2513,714,2513.11,714.48,18.551899,71.311392,79,909.54,576.11,1458.44,82.26,1137.68,20.58,228.81,31.51,severe,1672.49,387.4
5872,2521,715,2521.52,715.29,18.471154,72.151923,104,842.59,522.42,1391.81,79.23,970.69,13.05,145.1,32.39,severe,1725.58,392.5
5873,2532,714,2531.47,714.01,18.59899,73.147475,99,1174.94,-38.27,2116.22,85.97,1900.86,4.77,53.02,31.07,severe,1788.47,384.43
5874,2542,711,2543.02,713.1,18.690476,74.302381,84,492.24,-151.93,944.9,83.94,1175.8,2.38,26.47,35.07,severe,1861.42,378.65
5875,2554,714,2552.75,716.35,18.365278,75.275,72,578.17,-100.81,1129.69,85.9,1191.81,2.92,32.5,34.55,severe,1922.86,399.19
5876,2563,716,2560.72,718.11,18.188889,76.072222,36,127.9,-105.22,478.62,82.11,795.54,1.44,16.03,40.43,severe,1973.22,410.33
5877,2572,715,2574.03,716.38,18.3625,77.4025,40,25.6,-84.08,148.4,74.73,385.55,1.27,14.15,53.78,rough,2057.25,399.37
5878,2584,714,2583.01,715.39,18.461429,78.301429,70,248.07,-28.55,515.31,83.54,647.6,1.93,21.47,44.33,rough,2114.03,393.12
5879,2592,717,2592.47,717.44,18.256,79.246667,75,15.62,-76.0,261.32,68.89,531.56,1.68,18.66,49.26,rough,2173.74,406.1
5880,2604,717,2601.93,718.52,18.148148,80.192593,27,-61.12,-120.03,-34.62,63.21,888.02,1.4,15.58,38.28,severe,2233.49,412.91
5881,2944,710,2943.71,709.0,19.1,114.371429,7,-274.02,-387.28,-167.89,86.6,3106.03,1.06,11.78,37.93,severe,4392.47,352.78
5912,2254,724,2253.03,723.35,17.664885,45.303053,131,211.65,83.64,454.51,64.92,338.1,6.59,73.3,53.85,rough,29.61,443.43
5913,2262,724,2262.24,723.88,17.611765,46.223529,85,123.52,-17.44,365.14,71.91,400.94,3.79,42.17,52.58,rough,87.75,446.79
5914,2272,725,2272.17,725.26,17.474242,47.216667,66,177.8,-87.0,241.65,54.25,404.14,3.58,39.84,52.19,rough,150.49,455.48
5915,2281,725,2278.79,724.64,17.53617,47.878723,47,82.12,-86.58,194.14,77.63,541.27,2.3,25.52,48.55,rough,192.31,451.56
5916,2296,725,2294.96,726.0,17.4,49.496429,56,92.87,-118.04,249.77,79.42,517.1,1.81,20.13,49.27,rough,294.49,460.17
5917,2306,727,2306.28,726.15,17.384694,50.627551,98,47.56,-85.96,98.91,51.94,246.02,4.03,44.8,57.81,rough,365.94,461.13
5918,2317,726,2316.34,726.27,17.372727,51.634091,88,-7.12,-105.76,38.91,55.56,244.4,2.94,32.71,58.2,moderate,429.52,461.89
5919,2328,724,2328.9,724.5,17.55,52.89,30,8.1,-54.83,70.72,76.74,384.48,1.96,21.74,53.86,rough,508.86,450.69
5920,2334,724,2334.22,724.25,17.574576,53.422034,59,98.69,3.25,168.97,63.49,231.11,3.34,37.1,58.03,moderate,542.46,449.14
5921,2341,725,2343.28,724.11,17.588636,54.328409,88,211.19,-26.88,413.12,75.7,422.16,3.64,40.49,51.44,rough,599.72,448.25
5922,2356,721,2354.08,722.29,17.770588,55.407563,119,289.28,167.1,418.97,62.06,256.44,8.42,93.62,55.83,rough,667.88,436.76
5923,2363,726,2363.34,725.18,17.48169,56.333803,71,223.88,47.27,292.51,66.7,281.22,5.43,60.41,55.63,rough,726.39,455.01
5924,2374,726,2371.35,727.16,17.283721,57.134884,43,80.11,-82.7,233.74,78.83,408.55,2.15,23.94,52.7,rough,776.99,467.51
5925,2382,727,2383.3,729.39,17.061404,58.329825,57,145.74,-56.13,296.99,77.34,569.52,2.55,28.34,47.29,rough,852.48,481.55
5926,2399,721,2399.59,719.18,18.082353,59.958824,34,-23.29,-75.88,19.57,64.47,388.62,1.93,21.41,53.78,rough,955.38,417.06
5927,2408,726,2409.04,725.06,17.494118,60.904412,68,30.64,-47.69,154.0,55.98,269.9,3.8,42.24,57.18,rough,1015.11,454.22
5928,2417,725,2415.92,724.7,17.529508,61.591803,61,41.08,-3.81,182.68,44.79,162.56,10.45,116.25,60.01,moderate,1058.53,451.99
5929,2421,722,2422.84,721.53,17.846535,62.284158,101,102.85,14.93,233.53,58.36,186.96,15.51,172.51,58.57,moderate,1102.26,431.96
5930,2437,721,2434.83,722.3,17.769565,63.482609,92,84.2,12.46,236.6,61.28,204.68,19.95,221.86,57.83,rough,1177.96,436.82
5931,2442,725,2442.44,725.77,17.422785,64.244304,79,234.44,9.81,862.39,62.79,645.02,16.42,182.59,43.52,rough,1226.08,458.73
5932,2453,726,2452.81,725.5,17.45,65.280851,94,560.64,318.44,867.3,74.64,549.1,19.93,221.67,44.43,rough,1291.55,457.01
5933,2462,725,2462.04,723.96,17.604255,66.204255,94,527.45,340.69,735.02,73.84,392.36,27.12,301.56,49.02,rough,1349.88,447.26
5934,2472,721,2472.17,722.35,17.765455,67.217273,110,698.77,321.59,945.15,79.44,574.54,36.15,402.03,41.78,severe,1413.87,437.08
5935,2484,722,2483.34,723.28,17.672,68.3336,125,520.49,289.65,949.15,76.47,584.98,45.11,501.62,41.87,severe,1484.39,442.98
5936,2492,721,2492.71,721.69,17.831132,69.270755,106,983.08,457.01,1164.17,77.11,615.35,42.06,467.76,38.52,severe,1543.58,432.93
5937,2503,724,2502.69,723.72,17.627551,70.269388,98,663.34,356.81,1357.55,81.74,1009.82,33.36,371.01,32.04,severe,1606.67,445.79
5938,2515,725,2515.09,724.27,17.573469,71.509184,98,1238.04,853.27,1899.72,82.03,977.91,23.07,256.5,29.5,severe,1684.98,449.21
5939,2526,727,2526.08,726.49,17.350893,72.608036,112,1003.67,200.45,1721.5,83.66,1168.89,17.78,197.7,31.17,severe,1754.39,463.27
5940,2535,722,2535.35,722.96,17.70431,73.535345,116,598.33,36.92,1622.76,82.11,1334.21,10.32,114.71,33.95,severe,1812.97,440.94
5941,2545,725,2544.35,723.51,17.649451,74.435165,91,150.06,-6.64,741.65,74.99,892.46,9.13,101.56,36.78,severe,1869.81,444.41
5942,2552,726,2553.64,725.24,17.476,75.364,100,188.95,-32.3,963.24,76.88,977.75,3.72,41.41,36.69,severe,1928.48,455.37
5943,2566,724,2563.46,725.96,17.403704,76.346296,54,132.38,-66.66,749.28,75.52,849.45,2.57,28.52,38.66,severe,1990.53,459.93
5944,2571,727,2571.57,727.9,17.21,77.1575,80,315.24,-10.5,681.85,81.65,698.18,4.88,54.23,42.18,rough,2041.77,472.17
5945,2581,725,2580.71,726.53,17.346667,78.070667,75,319.22,-71.54,724.87,84.94,827.54,3.31,36.76,38.24,severe,2099.45,463.54
5946,2594,728,2592.48,729.27,17.072727,79.248485,33,119.07,-89.37,385.96,80.54,611.71,1.94,21.63,46.17,rough,2173.85,480.84
5947,2606,725,2603.71,728.14,17.185714,80.371429,7,-88.55,-126.43,-57.19,67.09,436.28,1.0,11.12,52.36,rough,2244.78,473.7
5948,2942,723,2940.75,722.0,17.8,114.075,4,-1216.05,-1416.75,-1011.68,87.3,3367.54,1.0,11.12,37.93,severe,4373.75,434.9
5984,2255,735,2254.4,734.0,16.6,45.44,70,306.56,-154.64,613.32,81.8,823.25,2.85,31.67,38.47,severe,38.26,510.7
5985,2263,735,2262.91,733.83,16.617284,46.291358,81,442.46,-51.58,681.45,77.02,734.21,4.08,45.35,40.4,severe,92.04,509.61
5986,2274,734,2275.23,733.84,16.616216,47.522973,74,232.1,-59.91,420.39,76.41,728.19,2.57,28.56,41.87,severe,169.84,509.68
5987,2286,734,2288.47,733.64,16.63617,48.846809,47,208.18,-4.0,330.19,73.77,647.67,2.54,28.29,44.51,rough,253.46,508.42
5988,2297,734,2295.93,733.7,16.629508,49.593443,61,210.38,-45.67,331.0,74.76,465.52,2.9,32.26,50.14,rough,300.62,508.84
5989,2304,737,2305.69,736.59,16.341379,50.568966,29,32.84,-57.51,107.15,74.56,330.99,1.66,18.41,55.41,rough,362.24,527.04
5990,2311,735,2311.68,734.84,16.516456,51.168354,79,58.11,-47.9,130.0,66.87,253.91,2.66,29.52,57.6,rough,400.11,515.98
5991,2327,734,2328.27,734.34,16.565854,52.826829,41,38.0,-76.17,130.42,73.96,464.07,2.11,23.41,51.21,rough,504.87,512.86
5992,2334,734,2333.83,732.98,16.701724,53.382759,58,46.52,-124.85,171.79,71.56,350.42,2.32,25.77,54.68,rough,539.98,504.27
5993,2344,733,2346.26,730.28,16.972093,54.625581,43,62.6,-93.22,209.59,78.31,471.0,1.71,19.0,50.88,rough,618.49,487.2
5994,2355,737,2354.8,733.85,16.615385,55.48,65,98.55,-54.13,206.28,72.91,387.81,3.37,37.5,53.16,rough,672.46,509.73
5995,2363,731,2363.22,732.28,16.772043,56.321505,93,140.07,40.98,241.99,65.1,236.5,5.01,55.68,57.52,rough,725.62,499.83
5996,2375,736,2375.72,735.54,16.445588,57.572059,68,127.65,-0.91,226.73,65.37,284.67,3.45,38.38,56.2,rough,804.61,520.45
5997,2386,737,2385.46,736.57,16.342529,58.545977,87,163.06,8.21,295.6,68.82,356.62,5.18,57.58,53.64,rough,866.13,526.96
5998,2393,738,2391.33,739.19,16.080952,59.133333,21,1.39,-108.57,71.74,75.23,534.22,2.22,24.72,49.22,rough,903.23,543.49
5999,2406,733,2407.17,733.33,16.666667,60.716667,36,-36.42,-84.41,-7.83,41.87,224.33,2.74,30.5,58.84,moderate,1003.25,506.49
6000,2414,734,2414.44,733.77,16.622581,61.443548,62,-23.0,-46.12,1.73,24.97,59.14,6.65,73.92,63.72,moderate,1049.16,509.27
6001,2421,731,2422.94,731.58,16.842308,62.294231,104,-5.15,-40.88,19.68,26.06,56.22,8.91,99.12,63.66,moderate,1102.9,495.39
6002,2434,735,2432.54,733.41,16.659259,63.253704,108,6.65,-29.29,64.93,29.17,70.56,9.73,108.17,63.12,moderate,1163.5,506.96
6003,2442,734,2442.03,733.42,16.657971,64.202899,69,86.17,-19.2,564.72,54.61,528.78,8.78,97.63,48.48,rough,1223.46,507.04
6004,2451,734,2451.85,734.68,16.532,65.185,100,445.55,223.95,791.52,74.13,576.51,12.63,140.49,44.72,rough,1285.5,515.0
6005,2464,732,2463.95,733.13,16.686667,66.395,120,469.29,310.39,669.26,74.96,357.89,23.84,265.05,50.64,rough,1361.93,505.23
6006,2475,735,2475.13,734.72,16.528188,67.512752,149,294.75,144.79,574.87,67.03,366.81,34.08,378.94,50.66,rough,1432.54,515.24
6007,2486,737,2485.47,734.77,16.522581,68.547312,93,244.01,134.29,575.4,63.55,439.33,44.06,489.9,48.02,rough,1497.89,515.59
6008,2496,733,2495.78,732.15,16.785047,69.57757,107,689.32,307.15,1002.84,79.67,657.12,43.43,482.97,38.78,severe,1562.97,499.01
6009,2507,731,2506.86,731.97,16.803158,70.686316,95,427.42,146.99,1403.52,77.84,1047.62,34.25,380.85,33.31,severe,1633.0,497.87
6010,2516,733,2516.33,732.94,16.70641,71.633333,78,968.24,272.74,1394.58,81.69,1100.47,28.46,316.46,30.66,severe,1692.82,503.98
6011,2525,737,2524.47,736.81,16.319481,72.446753,77,1168.35,376.29,2437.86,86.69,1956.62,27.47,305.51,29.6,severe,1744.2,528.42
6012,2531,737,2533.59,736.4,16.36036,73.359459,111,912.03,178.28,2299.94,85.63,1715.87,22.64,251.75,31.36,severe,1801.86,525.84
6013,2545,732,2542.8,733.11,16.688542,74.280208,96,825.82,108.68,1693.12,85.01,1415.92,14.32,159.24,32.4,severe,1860.02,505.11
6014,2551,734,2551.49,734.69,16.531169,75.149351,77,1142.37,536.57,1571.09,83.39,1179.32,9.68,107.64,30.93,severe,1914.92,515.05
6015,2561,736,2560.9,734.23,16.577419,76.090323,93,583.61,168.72,1123.1,81.45,880.14,9.65,107.36,34.69,severe,1974.36,512.13
6016,2572,737,2572.82,736.64,16.335965,77.282456,114,156.0,31.44,457.17,72.18,401.03,13.22,146.96,51.76,rough,2049.66,527.38
6017,2586,734,2584.97,733.47,16.653333,78.496667,90,124.42,16.5,489.46,67.43,488.84,7.5,83.44,49.59,rough,2126.36,507.33
6018,2596,734,2595.93,734.59,16.541463,79.592683,82,113.33,-29.9,429.22,67.4,425.07,5.62,62.52,51.76,rough,2195.59,514.4
6019,2607,735,2606.2,736.14,16.386154,80.62,65,140.64,-59.39,466.6,79.45,632.73,3.46,38.42,45.29,rough,2260.49,524.21
6020,2613,734,2612.11,735.78,16.422222,81.211111,18,204.06,-47.51,708.55,85.22,913.37,1.68,18.73,36.74,severe,2297.82,521.93
6021,2624,734,2623.58,735.12,16.488462,82.357692,26,-43.57,-81.98,-17.92,57.75,761.39,1.27,14.07,42.23,rough,2370.25,517.75
6022,2944,734,2943.62,732.19,16.78125,114.3625,16,-453.97,-993.19,-157.92,87.0,4057.8,1.2,13.37,37.92,severe,4391.91,499.25
6058,2256,742,2255.11,742.52,15.747887,45.511268,71,418.52,-255.32,1126.97,85.7,1503.75,1.95,21.66,35.52,severe,42.76,564.53
6059,2266,740,2264.72,740.16,15.984375,46.471875,32,271.71,-194.21,649.09,85.79,1111.96,1.88,20.9,36.35,severe,103.44,549.59
6060,2274,742,2272.96,740.27,15.973077,47.296154,26,213.43,-84.08,377.19,84.39,872.75,1.63,18.15,37.54,severe,155.51,550.3
6061,2284,742,2285.83,740.33,15.966667,48.583333,12,109.03,-104.03,290.09,83.61,696.05,1.4,15.59,43.64,rough,236.82,550.71
6062,2292,740,2292.5,739.28,16.072,49.25,50,202.31,-3.1,327.35,73.92,477.97,2.95,32.76,49.8,rough,278.93,544.05
6063,2305,745,2305.5,743.8,15.62,50.55,10,-82.71,-109.1,-35.24,66.36,273.84,1.0,11.12,57.41,rough,361.05,572.6
6064,2311,749,2310.12,750.15,14.984615,51.011538,26,16.29,-83.51,139.96,75.95,318.34,1.68,18.72,55.89,rough,390.2,612.74
6065,2347,749,2347.14,750.86,14.914286,54.714286,35,85.76,-107.92,211.21,80.94,670.48,1.69,18.75,44.55,rough,624.09,617.18
6066,2357,741,2359.59,740.41,15.959375,55.959375,32,66.6,-39.41,172.57,79.32,565.99,1.45,16.18,47.92,rough,702.74,551.17
6067,2362,746,2362.92,744.88,15.511667,56.291667,60,210.41,-53.36,318.82,73.84,548.57,3.39,37.75,47.52,rough,723.73,579.45
6068,2373,741,2371.57,741.91,15.809091,57.156818,88,104.94,14.58,167.31,43.46,174.41,5.83,64.83,59.6,moderate,778.38,560.66
6069,2381,745,2381.34,745.74,15.426364,58.133636,110,70.93,-52.32,142.6,55.27,187.43,7.03,78.21,59.3,moderate,840.08,584.84
6070,2394,744,2391.26,744.4,15.559574,59.125532,47,-35.18,-126.9,24.4,58.91,351.6,2.65,29.43,54.89,rough,902.74,576.42
6071,2407,740,2407.0,738.26,16.173684,60.7,19,-59.99,-104.98,-38.69,52.51,357.22,1.94,21.59,54.76,rough,1002.19,537.63
6072,2412,740,2413.71,738.91,16.108824,61.370588,34,-52.36,-71.91,-33.27,38.8,368.82,2.3,25.55,54.37,rough,1044.55,541.73
6073,2425,743,2425.47,740.24,15.975862,62.546552,58,-53.8,-230.98,-25.01,38.88,320.29,2.23,24.84,55.89,rough,1118.84,550.13
6074,2436,741,2435.27,741.2,15.880357,63.526786,56,-40.6,-140.08,-8.1,48.71,420.28,2.91,32.36,52.73,rough,1180.75,556.16
6075,2444,741,2445.39,742.09,15.790541,64.539189,74,131.47,-73.67,781.55,77.07,820.32,4.04,44.9,39.47,severe,1244.7,561.83
6076,2455,745,2454.56,744.37,15.562617,65.456075,107,779.89,176.72,1250.81,81.62,944.67,12.34,137.27,32.79,severe,1302.62,576.23
6077,2463,745,2463.41,743.39,15.660976,66.341463,82,731.58,413.34,1270.11,79.01,688.47,20.83,231.67,39.08,severe,1358.55,570.02
6078,2471,747,2472.57,745.99,15.400935,67.257009,107,643.71,255.01,951.99,76.26,650.65,28.23,313.96,40.25,severe,1416.38,586.44
6079,2486,741,2483.68,743.47,15.653247,68.367532,77,185.1,120.45,423.08,56.95,416.9,39.15,435.3,49.38,rough,1486.53,570.5
6080,2492,741,2492.56,742.53,15.747126,69.256322,87,315.81,111.38,828.45,75.69,606.78,46.83,520.69,42.22,rough,1542.67,564.57
6081,2501,742,2502.0,743.29,15.670629,70.2,143,333.33,107.82,754.44,76.85,507.37,45.41,504.93,45.31,rough,1602.28,569.41
6082,2515,741,2513.24,741.95,15.804545,71.323636,110,219.42,111.1,650.12,67.05,576.38,37.67,418.85,44.32,rough,1673.26,560.95
6083,2521,745,2521.21,746.06,15.394382,72.121348,89,296.99,197.09,427.72,71.49,493.78,37.12,412.78,46.49,rough,1723.65,586.86
6084,2531,747,2531.46,746.28,15.372277,73.145545,101,347.36,176.0,732.68,76.23,778.81,31.14,346.25,37.74,severe,1788.35,588.25
6085,2546,745,2544.7,743.82,15.618182,74.47,110,870.32,156.7,1522.01,81.99,1152.34,20.89,232.25,31.71,severe,1872.01,572.72
6086,2554,744,2554.43,744.92,15.508,75.443,100,335.35,92.64,1136.48,74.51,724.54,19.1,212.43,40.3,severe,1933.47,579.68
6087,2562,741,2562.83,742.89,15.710843,76.283133,83,310.44,163.86,519.73,69.76,392.44,18.36,204.14,50.82,rough,1986.54,566.87
6088,2573,746,2573.8,745.58,15.441584,77.380198,101,121.56,44.5,244.35,58.93,219.88,21.61,240.34,57.03,rough,2055.84,583.87
6089,2586,741,2584.33,741.61,15.83871,78.433333,93,14.98,-23.12,54.03,38.58,121.45,14.95,166.21,61.14,moderate,2122.36,558.79
6090,2591,745,2591.75,745.2,15.48,79.175294,85,-20.88,-40.55,17.36,25.02,71.72,10.21,113.54,63.09,moderate,2169.23,581.45
6091,2601,741,2601.33,742.01,15.798925,80.133333,93,-23.05,-59.34,270.44,37.85,230.31,3.81,42.34,58.58,moderate,2229.74,561.3
6092,2615,741,2613.92,743.3,15.670476,81.392381,105,117.3,-70.29,815.99,71.31,634.72,2.93,32.54,45.4,rough,2309.28,569.42
6093,2624,744,2623.1,744.71,15.528814,82.310169,59,51.99,-61.75,251.98,74.06,429.64,1.86,20.7,52.22,rough,2367.25,578.36
6094,2636,746,2634.16,747.76,15.224,83.416,25,-58.14,-112.36,-16.67,63.25,1368.7,1.11,12.3,37.93,severe,2437.1,597.62
6095,2946,745,2942.4,743.0,15.7,114.24,5,-1313.54,-1827.98,-1076.0,83.53,3366.18,1.0,11.12,37.93,severe,4384.17,567.55
6128,2259,758,2260.71,758.74,14.125806,46.070968,31,364.78,-177.07,1168.92,87.41,1970.97,2.16,24.03,35.8,severe,78.12,666.99
6129,2264,754,2265.3,755.11,14.488679,46.530189,53,673.57,-192.99,1445.16,87.13,1848.85,2.47,27.41,34.05,severe,107.12,644.07
6130,2273,751,2274.43,753.24,14.676087,47.443478,92,426.53,-102.69,897.45,81.88,1234.84,3.04,33.84,35.4,severe,164.81,632.23
6131,2285,753,2285.08,753.91,14.609286,48.507857,140,218.25,-4.18,438.64,75.27,551.29,3.0,33.34,47.42,rough,232.05,636.45
6132,2297,752,2296.28,752.0,14.8,49.628333,60,60.65,-72.18,169.14,77.25,370.73,1.78,19.78,54.01,rough,302.83,624.4
6133,2302,753,2302.82,754.68,14.531667,50.281667,60,1.74,-88.85,108.94,69.46,321.66,1.63,18.18,55.87,rough,344.1,641.35
6134,2313,753,2312.32,755.18,14.482143,51.232143,56,62.97,-110.1,155.51,69.52,281.53,2.63,29.3,56.71,rough,404.13,644.48
6135,2324,754,2326.07,754.55,14.544828,52.606897,58,26.4,-82.52,148.92,73.58,304.52,1.85,20.56,56.25,rough,490.97,640.52
6136,2337,752,2335.07,753.62,14.638333,53.506667,60,75.93,-55.9,148.24,68.98,353.76,2.43,27.07,54.4,rough,547.81,634.61
6137,2342,755,2342.57,755.56,14.444444,54.257143,63,128.26,-17.73,403.69,72.86,515.3,2.91,32.33,49.05,rough,595.22,646.86
6138,2352,759,2351.24,759.37,14.062857,55.124286,70,232.02,-126.76,443.7,81.01,707.76,2.72,30.22,42.49,rough,649.99,670.96
6139,2366,750,2367.48,749.0,15.1,56.748077,52,117.46,-115.32,294.47,73.8,567.4,4.03,44.79,47.42,rough,752.56,605.45
6140,2372,755,2373.18,753.47,14.652941,57.317647,68,114.42,-178.78,223.63,72.71,521.06,4.01,44.54,48.88,rough,788.54,633.69
6141,2382,756,2380.85,754.37,14.562712,58.084746,59,-17.87,-113.97,79.82,64.1,369.32,3.01,33.48,54.31,rough,837.0,639.39
6142,2445,754,2446.54,751.47,14.852542,64.654237,59,-36.74,-135.38,99.32,64.93,1276.71,3.25,36.17,37.78,severe,1251.97,621.08
6143,2455,754,2455.57,754.26,14.574157,65.557303,89,621.12,27.57,1684.43,84.6,1448.27,9.5,105.66,33.87,severe,1309.02,638.67
6144,2465,752,2464.77,752.88,14.711538,66.476923,78,1278.14,906.38,1638.21,81.66,894.84,18.14,201.72,29.76,severe,1367.11,629.99
6145,2475,755,2475.86,755.36,14.46381,67.585714,105,1122.92,607.92,1504.49,82.47,769.51,26.79,297.89,33.96,severe,1437.15,645.64
6146,2486,753,2485.2,752.4,14.760377,68.519811,106,669.27,277.54,1096.07,80.74,741.19,36.54,406.31,36.74,severe,1496.15,626.9
6147,2493,756,2494.71,754.72,14.527523,69.470642,109,491.9,122.67,828.32,80.9,616.09,44.59,495.82,41.09,severe,1556.21,641.61
6148,2507,756,2506.21,754.38,14.56194,70.620896,134,407.71,188.92,760.69,76.52,534.71,50.78,564.66,43.69,rough,1628.87,639.44
6149,2516,756,2515.49,754.93,14.507216,71.549485,97,268.04,123.35,663.8,72.02,428.76,47.6,529.36,47.98,rough,1687.53,642.9
6150,2526,756,2526.19,755.6,14.440426,72.619149,94,246.0,101.72,461.23,66.78,307.34,41.42,460.64,52.29,rough,1755.09,647.11
6151,2536,753,2535.88,753.86,14.614286,73.588095,84,271.03,130.69,495.26,69.84,360.06,33.88,376.79,51.01,rough,1816.3,636.13
6152,2543,752,2543.3,752.35,14.764634,74.330488,82,233.01,134.06,348.31,70.09,421.47,28.97,322.15,49.65,rough,1863.19,626.64
6153,2552,757,2552.45,755.26,14.473864,75.245455,88,220.58,87.51,354.35,62.22,255.93,29.51,328.16,54.83,rough,1920.99,645.0
6154,2563,756,2562.22,754.96,14.503846,76.222115,104,267.2,98.31,441.31,72.38,354.93,29.93,332.77,51.46,rough,1982.68,643.11
6155,2571,752,2571.11,752.8,14.72,77.110526,95,363.43,163.91,660.74,74.76,449.74,27.48,305.59,48.13,rough,2038.8,629.45
6156,2584,754,2582.75,754.03,14.596581,78.275214,117,199.3,9.59,588.33,74.14,436.4,18.84,209.53,50.05,rough,2112.37,637.25
6157,2591,754,2591.56,754.0,14.6,79.156,75,6.19,-37.18,139.22,46.46,161.76,10.21,113.55,60.25,moderate,2168.01,637.03
6158,2601,752,2601.07,751.51,14.849474,80.107368,95,-50.83,-63.48,-37.85,14.15,36.93,2.95,32.85,81.89,easy,2228.1,621.28
6159,2612,757,2609.2,756.7,14.33,80.92,30,-55.09,-63.72,-46.7,18.21,35.22,2.23,24.76,74.88,easy,2279.44,654.09
6160,2625,752,2624.67,751.33,14.866667,82.466667,75,61.21,-59.33,415.38,73.13,440.84,2.25,24.98,51.79,rough,2377.14,620.19
6161,2634,754,2633.02,754.02,14.598148,83.301852,54,60.03,-77.48,421.18,72.29,583.36,1.81,20.16,47.39,rough,2429.89,637.15
6162,2640,759,2639.24,759.41,14.058824,83.923529,17,127.99,-54.39,241.67,80.93,570.96,1.28,14.28,47.43,rough,2469.16,671.22
6163,2941,757,2941.33,757.67,14.233333,114.133333,3,-1184.97,-1301.84,-1079.99,88.29,4370.92,1.0,11.12,37.93,severe,4377.43,660.2
6196,2267,764,2267.24,761.95,13.804762,46.72381,63,769.6,-235.53,1591.18,87.32,1993.52,2.54,28.21,33.5,severe,119.36,687.27
6197,2275,767,2275.27,766.0,13.4,47.526667,30,121.96,-152.31,473.8,86.87,1594.87,1.23,13.67,37.23,severe,170.07,712.84
6198,2286,767,2287.57,765.25,13.475,48.757353,68,139.7,-31.37,292.87,77.67,601.23,1.95,21.65,46.38,rough,247.81,708.1
6199,2297,767,2296.53,765.42,13.457692,49.652564,78,105.83,-76.26,270.2,78.02,471.35,1.99,22.14,50.61,rough,304.36,709.19
6200,2305,765,2305.49,764.04,13.595745,50.548936,47,49.62,-100.46,204.06,79.54,446.76,1.68,18.66,51.71,rough,360.98,700.47
6201,2314,763,2313.67,762.04,13.796154,51.366667,78,71.09,-127.65,179.83,66.71,368.82,2.81,31.25,53.94,rough,412.63,687.81
6202,2323,765,2321.52,763.07,13.692593,52.151852,27,-2.9,-90.55,73.32,76.59,367.81,1.36,15.08,54.47,rough,462.23,694.35
6203,2332,764,2332.91,762.88,13.712162,53.290541,74,17.75,-189.81,147.36,74.49,417.77,1.76,19.61,52.79,rough,534.16,693.12
6204,2342,763,2344.39,763.24,13.67551,54.438776,49,160.16,-104.93,438.3,81.14,664.17,2.83,31.44,44.25,rough,606.69,695.43
6205,2355,766,2353.86,765.73,13.427451,55.386275,51,38.05,-160.39,236.7,77.79,533.61,1.62,18.04,49.08,rough,666.54,711.1
6206,2364,768,2364.62,769.85,13.015385,56.461538,13,-78.58,-172.32,-21.99,81.88,482.53,1.11,12.33,50.91,rough,734.46,737.13
6207,2448,760,2449.83,758.97,14.103333,64.983333,30,-41.43,-118.31,26.07,69.23,1332.86,2.54,28.26,37.83,severe,1272.76,668.41
6208,2454,764,2455.56,764.03,13.597403,65.555844,77,21.23,-91.98,533.25,63.65,1061.01,4.91,54.58,37.55,severe,1308.92,700.37
6209,2466,762,2464.57,762.12,13.7875,66.457292,96,620.32,43.51,1271.05,81.6,1070.74,13.83,153.79,33.59,severe,1365.87,688.36
6210,2471,764,2472.57,765.01,13.499,67.257,100,571.07,142.63,1221.94,81.6,926.88,20.29,225.63,33.43,severe,1416.38,706.58
6211,2486,764,2484.28,763.71,13.628846,68.427885,104,1084.04,665.79,1355.66,81.93,797.67,31.7,352.54,32.97,severe,1490.34,698.38
6212,2493,763,2494.51,763.76,13.624096,69.450602,83,598.59,197.82,917.75,78.08,701.85,41.08,456.86,38.06,severe,1554.95,698.68
6213,2505,765,2503.63,764.65,13.534831,70.362921,89,326.35,182.1,678.95,69.59,445.79,48.47,539.03,47.06,rough,1612.57,704.32
6214,2512,767,2513.3,766.66,13.334091,71.329545,88,203.15,55.62,443.14,69.93,405.87,54.17,602.37,48.62,rough,1673.63,717.0
6215,2522,762,2522.09,763.62,13.638235,72.208824,102,228.64,71.73,662.56,73.68,422.01,50.08,556.87,48.25,rough,1729.17,697.79
6216,2534,765,2534.35,765.05,13.4952,73.4352,125,153.35,43.6,323.23,66.12,269.72,44.31,492.75,53.79,rough,1806.64,706.82
6217,2545,763,2543.93,763.87,13.613084,74.393458,107,136.35,34.22,408.74,60.3,268.93,39.54,439.72,54.23,rough,1867.17,699.38
6218,2552,763,2553.01,763.47,13.653333,75.301333,75,142.51,33.81,255.4,64.68,238.11,37.62,418.3,55.28,rough,1924.52,696.83
6219,2564,764,2563.87,764.77,13.522549,76.387255,102,95.79,8.65,426.57,59.5,322.47,38.12,423.88,52.89,rough,1993.12,705.09
6220,2574,763,2573.97,762.36,13.764151,77.39717,106,290.43,8.38,680.2,73.43,486.29,29.45,327.46,47.27,rough,2056.91,689.83
6221,2582,767,2583.3,765.23,13.477215,78.33038,79,71.1,-14.0,350.82,54.68,319.98,22.85,254.12,54.12,rough,2115.86,707.96
6222,2594,762,2593.07,762.8,13.719608,79.306863,102,7.06,-37.53,145.45,42.82,153.8,14.46,160.74,60.21,moderate,2177.54,692.65
6223,2602,761,2602.35,761.77,13.823404,80.235106,94,-40.1,-47.31,-29.62,9.57,24.9,8.36,92.94,89.93,easy,2236.17,686.09
6224,2612,762,2609.46,763.29,13.670732,80.946341,41,-52.48,-63.53,-45.18,15.84,23.91,2.84,31.6,79.35,easy,2281.1,695.73
6225,2635,761,2634.74,759.32,14.068421,83.473684,19,61.26,-53.74,314.67,80.39,545.61,1.79,19.9,48.56,rough,2440.75,670.61
6226,2644,764,2645.23,763.46,13.653846,84.523077,13,-32.47,-115.56,49.68,64.58,1053.81,1.0,11.12,37.93,severe,2507.03,696.8
6227,2652,767,2652.88,768.56,13.14375,85.2875,16,117.73,-21.72,263.74,81.04,2520.51,1.18,13.09,37.26,severe,2555.32,729.02
6228,2942,762,2941.56,762.67,13.733333,114.155556,9,-900.45,-1253.1,-570.42,88.76,3648.63,1.09,12.14,37.93,severe,4378.84,691.78
6264,2264,776,2264.97,774.11,12.589231,46.496923,65,419.89,-34.27,813.28,84.59,1158.15,2.14,23.8,35.5,severe,105.02,764.05
6265,2276,773,2274.64,773.72,12.628125,47.464063,64,515.02,136.48,945.81,82.49,1097.08,3.32,36.95,34.88,severe,166.12,761.59
6266,2281,772,2281.77,772.75,12.725,48.176667,60,360.05,-73.93,989.28,83.88,1159.52,2.56,28.44,35.8,severe,211.13,755.47
6267,2292,774,2290.45,774.36,12.563636,49.045455,22,-56.84,-126.34,9.48,79.19,466.97,1.26,14.07,51.39,rough,266.01,765.67
6268,2300,775,2300.2,776.06,12.394286,50.02,35,-18.89,-164.89,75.25,75.1,395.18,1.28,14.24,53.62,rough,327.57,776.36
6269,2314,777,2313.07,777.93,12.207143,51.307143,14,-92.57,-189.04,-6.84,76.83,352.74,1.1,12.24,54.95,rough,408.87,788.19
6270,2324,776,2323.11,774.17,12.583333,52.311111,18,-99.6,-184.4,-42.41,76.81,349.41,1.08,11.99,55.06,rough,472.29,764.42
6271,2335,777,2336.96,778.04,12.196296,53.696296,27,-31.77,-253.2,51.32,74.34,458.6,1.78,19.82,51.61,rough,559.79,788.87
6272,2344,773,2345.53,771.32,12.868421,54.552632,19,-77.1,-208.02,59.48,75.88,440.72,1.15,12.78,52.21,rough,613.88,746.41
6273,2351,776,2351.29,775.51,12.449206,55.128571,63,23.2,-102.77,68.74,61.3,243.1,2.08,23.11,58.17,moderate,650.26,772.89
6274,2361,771,2360.85,772.93,12.706757,56.085135,74,17.19,-79.92,85.55,65.8,347.73,1.93,21.41,54.96,rough,710.69,756.63
6275,2457,773,2457.23,772.07,12.792982,65.722807,57,-60.8,-474.86,24.96,58.02,1430.98,3.77,41.88,37.75,severe,1319.47,751.18
6276,2462,775,2463.55,773.77,12.623377,66.354545,77,33.77,-27.0,130.28,51.63,311.9,9.04,100.51,55.5,rough,1359.38,761.89
6277,2475,775,2475.06,773.81,12.618519,67.506481,108,199.71,33.25,590.17,70.94,482.96,19.36,215.31,48.56,rough,1432.14,762.2
6278,2486,772,2484.53,772.68,12.732432,68.452703,74,697.51,344.39,1155.73,82.57,926.08,28.11,312.57,32.2,severe,1491.91,755.0
6279,2491,773,2493.11,774.26,12.574359,69.311111,117,1006.64,570.98,1247.21,78.87,688.95,34.52,383.82,36.6,severe,1546.13,764.99
6280,2506,773,2503.77,774.37,12.562727,70.377273,110,579.85,162.71,1125.72,80.3,791.84,42.7,474.85,35.26,severe,1613.48,765.72
6281,2512,775,2512.49,775.88,12.412,71.249333,75,251.99,61.99,502.11,78.15,451.63,47.91,532.78,47.34,rough,1668.57,775.24
6282,2523,776,2522.39,774.77,12.523,72.239,100,175.89,54.33,410.02,61.36,326.68,54.9,610.47,51.19,rough,1731.08,768.23
6283,2531,774,2532.03,774.24,12.575862,73.202586,116,302.42,47.88,583.88,75.25,470.81,52.57,584.54,46.15,rough,1791.95,764.89
6284,2546,777,2544.88,776.32,12.367692,74.487692,130,190.1,-15.48,412.8,75.63,390.52,48.34,537.5,49.56,rough,1873.12,778.04
6285,2554,772,2554.4,772.28,12.772222,75.439815,108,125.35,24.77,403.84,65.33,285.1,45.5,505.98,53.39,rough,1933.27,752.49
6286,2564,776,2564.13,774.49,12.55098,76.412745,102,59.26,8.19,183.89,52.12,156.88,42.49,472.48,57.95,rough,1994.73,766.47
6287,2577,772,2575.14,772.52,12.747727,77.513636,88,8.41,2.92,22.0,11.61,41.47,33.61,373.7,84.1,easy,2064.27,754.04
6288,2583,772,2584.92,773.96,12.603774,78.492453,106,6.97,-10.73,29.88,20.03,45.88,26.1,290.23,69.75,moderate,2126.09,763.13
6289,2597,773,2595.73,773.51,12.649254,79.573134,134,-23.56,-37.68,1.69,14.2,29.92,16.0,177.96,81.14,easy,2194.36,760.26
6290,2606,774,2605.19,773.08,12.6925,80.51875,80,-44.37,-51.73,-37.71,10.39,20.78,6.71,74.6,88.72,easy,2254.09,757.53
6291,2611,774,2610.03,773.18,12.682353,81.002941,34,-57.11,-62.12,-51.58,16.8,22.22,1.97,21.86,77.78,easy,2284.68,758.17
6292,2649,770,2649.79,768.93,13.107143,84.978571,14,45.15,-275.42,294.49,83.61,1684.4,1.22,13.55,37.66,severe,2535.81,731.33
6293,2659,777,2657.71,775.14,12.485714,85.771429,21,-2.76,-263.78,178.08,81.53,2577.12,1.21,13.5,37.92,severe,2585.89,770.59
6294,2660,778,2662.0,778.0,12.2,86.2,8,50.76,-116.3,208.3,85.22,3314.16,1.0,11.12,37.65,severe,2612.96,788.64
6330,2253,788,2250.5,788.6,11.14,45.05,10,-127.16,-283.4,-18.0,83.75,976.93,1.0,11.12,37.93,severe,13.63,855.59
6331,2267,781,2267.26,782.84,11.716176,46.726471,68,413.01,-77.7,1084.93,85.92,1348.36,2.31,25.65,35.52,severe,119.52,819.2
6332,2274,782,2274.65,782.66,11.734118,47.464706,85,403.39,53.82,1185.08,78.92,972.14,3.55,39.44,35.49,severe,166.16,818.06
6333,2284,784,2283.33,784.54,11.54557,48.332911,79,179.77,-129.64,518.98,81.89,737.49,1.68,18.73,41.93,severe,221.0,829.97
6334,2294,784,2293.45,786.2,11.379592,49.344898,49,328.5,-59.15,866.25,85.97,1158.65,2.15,23.92,36.01,severe,284.92,840.46
6335,2304,784,2304.62,783.18,11.681818,50.461818,55,-16.34,-155.42,74.76,74.14,406.82,1.52,16.89,53.24,rough,355.48,821.37
6336,2313,782,2312.65,782.88,11.711765,51.264706,34,13.74,-103.27,100.08,74.95,381.54,1.73,19.23,53.94,rough,406.19,819.48
6337,2320,784,2318.65,784.7,11.53,51.865,20,-20.46,-164.43,93.42,78.72,516.49,1.29,14.3,49.85,rough,444.11,830.96
6338,2334,783,2335.42,783.5,11.65,53.541667,36,-38.91,-148.48,40.66,76.17,386.72,1.42,15.78,53.87,rough,550.02,823.38
6339,2344,783,2343.35,781.88,11.811538,54.334615,26,-50.69,-146.12,-2.87,69.2,302.39,1.05,11.65,56.52,rough,600.11,813.17
6340,2354,781,2354.61,778.87,12.113043,55.46087,23,-13.21,-77.24,44.34,74.41,305.32,1.63,18.13,56.39,rough,671.25,794.13
6341,2458,782,2459.98,782.36,11.764444,65.997778,45,-81.78,-374.65,-17.21,64.97,1680.77,2.28,25.31,37.85,severe,1336.84,816.15
6342,2467,781,2466.84,781.71,11.829268,66.684146,82,7.85,-17.77,82.15,31.8,134.35,8.44,93.85,61.21,moderate,1380.2,812.05
6343,2474,783,2473.85,784.07,11.592958,67.384507,71,51.16,6.78,155.68,45.06,139.65,13.1,145.66,60.49,moderate,1424.44,826.98
6344,2482,783,2482.84,782.52,11.748077,68.283654,104,226.4,47.46,501.3,68.68,513.86,21.66,240.82,47.3,rough,1481.23,817.18
6345,2495,787,2495.31,785.08,11.491791,69.530597,134,618.75,308.96,1137.9,79.17,598.99,29.21,324.77,41.94,severe,1560.0,833.37
6346,2507,787,2506.2,785.99,11.400962,70.620192,104,364.54,69.54,712.24,74.9,594.28,36.69,407.97,43.01,rough,1628.83,839.11
6347,2516,783,2515.62,783.14,11.686486,71.562162,74,99.09,16.74,280.89,64.85,339.23,46.0,511.47,51.82,rough,1688.33,821.07
6348,2524,784,2525.14,784.0,11.6,72.514103,78,240.17,112.27,377.29,72.51,330.14,50.49,561.45,51.01,rough,1748.46,826.54
6349,2535,786,2535.35,783.95,11.605376,73.535484,93,126.8,-10.15,405.0,71.85,431.64,46.84,520.88,48.74,rough,1812.98,826.2
6350,2546,787,2546.35,786.16,11.384043,74.635106,94,-12.09,-19.45,38.18,20.67,188.58,40.91,454.89,63.24,moderate,1882.44,840.18
6351,2557,785,2556.84,783.88,11.611579,75.684211,95,76.94,-8.24,320.93,52.13,263.06,39.31,437.14,54.76,rough,1948.71,825.81
6352,2566,781,2566.2,782.27,11.773418,76.620253,79,29.07,6.67,135.08,32.61,99.29,37.28,414.51,60.26,moderate,2007.83,815.58
6353,2574,783,2574.41,782.2,11.779518,77.440964,83,9.93,1.66,29.09,17.57,51.28,32.38,360.04,73.44,easy,2059.68,815.2
6354,2582,786,2582.85,784.9,11.51,78.284545,110,10.88,-17.08,97.65,42.54,114.14,25.08,278.87,60.72,moderate,2112.96,832.22
6355,2594,787,2593.58,784.68,11.532258,79.358065,93,-7.04,-31.49,142.28,27.05,106.08,16.82,187.09,61.58,moderate,2180.77,830.82
6356,2603,783,2602.23,782.95,11.704819,80.222892,83,-36.83,-48.26,-24.7,11.99,22.06,8.54,94.99,85.75,easy,2235.4,819.92
6357,2610,784,2608.4,785.09,11.491489,80.840426,47,-54.53,-61.64,-45.54,18.5,24.75,2.29,25.51,74.71,easy,2274.41,833.39
6358,2666,784,2665.6,782.4,11.76,86.56,5,-119.49,-175.06,-75.32,68.66,2593.55,1.0,11.12,37.93,severe,2635.7,816.43
6359,2670,789,2670.0,789.33,11.066667,87.0,3,-260.78,-349.74,-176.41,65.17,2536.52,1.0,11.12,37.93,severe,2663.49,860.23
6360,2925,782,2925.0,781.5,11.85,112.5,4,-1245.7,-1576.88,-999.16,88.46,3882.47,1.0,11.12,37.93,severe,4274.26,810.74
6387,2254,794,2252.75,795.32,10.467857,45.275,56,424.86,-71.58,688.0,81.78,1032.68,2.74,30.45,35.43,severe,27.84,898.05
6388,2267,797,2266.18,795.55,10.44507,46.61831,71,543.97,-46.28,1064.42,85.33,1427.75,2.27,25.26,34.79,severe,112.69,899.49
6389,2272,793,2272.49,791.86,10.814433,47.249485,97,879.52,81.31,1390.34,84.53,1220.39,4.33,48.17,32.76,severe,152.56,876.16
6390,2284,794,2283.99,794.15,10.584706,48.398824,85,294.41,48.32,697.85,83.63,713.71,1.91,21.27,42.01,rough,225.16,890.67
6391,2295,794,2294.5,794.24,10.575728,49.450485,103,649.51,-127.78,1427.81,85.13,1269.23,3.58,39.8,34.11,severe,291.59,891.24
6392,2303,798,2301.67,797.71,10.228571,50.167347,49,378.59,-161.73,1292.54,85.49,1412.73,2.21,24.62,35.72,severe,336.87,913.17
6393,2314,790,2315.48,788.45,11.155172,51.548276,29,40.5,-90.87,105.01,71.3,510.01,1.9,21.1,49.78,rough,424.1,854.64
6394,2322,793,2320.05,791.75,10.825,52.005,20,-37.0,-131.62,35.47,77.3,530.54,1.33,14.76,49.41,rough,452.95,875.49
6395,2333,790,2334.19,788.14,11.185714,53.419048,21,-53.11,-164.76,22.92,73.29,472.71,1.41,15.64,51.2,rough,542.28,852.71
6396,2466,794,2465.21,793.28,10.672368,66.521053,76,-32.24,-106.83,1.56,48.05,443.29,2.72,30.24,52.03,rough,1369.89,885.13
6397,2472,794,2473.28,794.62,10.537607,67.328205,117,10.21,-25.88,35.45,22.07,80.2,7.6,84.51,66.32,moderate,1420.88,893.65
6398,2484,791,2483.9,791.76,10.824324,68.39009,111,146.39,31.42,360.86,58.87,263.55,16.67,185.33,55.87,rough,1487.96,875.53
6399,2496,794,2495.05,794.18,10.581579,69.505263,76,527.65,265.99,768.15,77.19,485.15,22.83,253.87,46.42,rough,1558.4,890.87
6400,2502,797,2502.99,796.95,10.304938,70.298765,81,530.4,314.95,827.98,77.18,484.97,28.36,315.41,46.04,rough,1608.52,908.34
6401,2512,793,2512.03,793.12,10.6875,71.2025,80,238.19,28.82,492.05,73.62,430.23,38.13,423.96,48.73,rough,1665.61,884.18
6402,2521,791,2521.64,792.17,10.783,72.164,100,35.87,-13.26,193.56,51.45,232.69,44.81,498.34,55.57,rough,1726.34,878.14
6403,2534,791,2532.72,792.42,10.758427,73.27191,89,249.0,110.3,422.92,76.9,364.25,40.1,445.87,50.59,rough,1796.33,879.7
6404,2542,792,2542.82,794.48,10.551786,74.282143,112,92.7,-19.34,359.44,58.89,315.92,34.54,384.07,53.35,rough,1860.14,892.75
6405,2556,791,2555.45,793.01,10.699145,75.545299,117,-11.01,-24.03,3.31,12.12,27.33,31.05,345.25,83.87,easy,1939.93,883.44
6406,2567,795,2566.1,795.48,10.452427,76.609709,103,-15.45,-31.73,4.41,16.05,37.47,26.41,293.69,76.99,easy,2007.17,899.03
6407,2572,791,2573.07,791.76,10.824211,77.307368,95,2.4,-24.72,60.82,28.88,73.48,25.68,285.51,61.99,moderate,2051.24,875.54
6408,2585,794,2583.8,794.1,10.589873,78.379747,79,-22.13,-31.15,9.57,14.14,73.78,17.34,192.86,79.8,easy,2118.98,890.34
6409,2592,791,2591.86,792.47,10.75303,79.186364,66,5.05,-37.84,146.55,42.93,133.19,14.34,159.49,60.87,moderate,2169.93,880.04
6410,2601,793,2602.09,793.7,10.629825,80.208772,114,-43.88,-62.73,-30.95,12.18,26.88,6.22,69.13,85.44,easy,2234.51,887.82
6411,2616,794,2611.33,793.0,10.7,81.133333,3,-62.52,-66.7,-59.98,12.1,18.74,1.0,11.12,86.18,easy,2292.91,883.39
6412,2624,794,2624.0,796.05,10.395455,82.4,22,-53.75,-80.26,-34.6,40.5,140.2,1.15,12.76,61.56,moderate,2372.92,902.62
6413,2675,798,2676.5,799.0,10.1,87.65,2,-162.66,-210.37,-114.96,83.23,2819.83,1.0,11.12,37.93,severe,2704.55,921.29
6414,2923,795,2922.5,795.0,10.5,112.25,2,-1708.4,-1777.17,-1639.63,88.41,3206.25,1.0,11.12,37.93,severe,4258.47,896.02
6452,2254,804,2251.22,803.35,9.664706,45.122059,68,309.47,-77.32,632.98,82.53,864.56,3.12,34.67,37.15,severe,18.18,948.78
6453,2265,804,2266.95,805.61,9.438983,46.694915,59,511.81,9.29,1499.18,84.58,1454.7,2.39,26.61,34.96,severe,117.53,963.04
6454,2275,802,2275.1,803.08,9.692381,47.509524,105,799.82,257.15,1605.85,83.7,1294.68,3.89,43.26,33.24,severe,168.99,947.04
6455,2284,804,2284.07,803.77,9.623171,48.407317,82,160.25,-172.56,518.02,82.92,1025.02,1.61,17.93,36.99,severe,225.7,951.41
6456,2294,806,2294.61,804.0,9.6,49.460938,64,402.95,-186.3,1288.06,86.68,1629.48,2.55,28.34,35.56,severe,292.25,952.87
6457,2304,804,2301.97,804.53,9.547368,50.197368,38,354.8,-88.02,1009.08,85.7,1365.78,2.18,24.21,35.86,severe,338.77,956.2
6458,2311,801,2309.92,799.5,10.05,50.991667,12,-60.74,-165.69,-5.5,77.9,505.98,1.07,11.89,50.19,rough,388.94,924.45
6459,2464,807,2465.83,808.33,9.166667,66.583333,6,-62.9,-79.74,-56.5,28.18,241.51,1.24,13.74,58.4,moderate,1373.83,980.24
6460,2472,807,2474.54,805.93,9.407317,67.453659,82,-36.92,-69.25,18.98,40.02,92.91,2.22,24.69,62.96,moderate,1428.8,965.04
6461,2486,802,2484.82,802.36,9.76383,68.48227,141,55.35,-27.26,259.32,46.51,211.49,10.1,112.35,58.44,moderate,1493.78,942.52
6462,2496,803,2495.11,802.89,9.710606,69.510606,66,344.5,90.68,635.58,79.43,610.99,18.96,210.86,43.79,rough,1558.74,945.88
6463,2502,805,2502.81,805.74,9.426389,70.280556,72,449.83,107.86,637.84,78.85,557.14,26.02,289.32,44.4,rough,1607.37,963.84
6464,2514,801,2514.14,801.6,9.83964,71.413514,111,132.54,-17.8,471.81,71.22,370.63,37.58,417.89,51.22,rough,1678.94,937.73
6465,2526,803,2525.25,802.39,9.761321,72.524528,106,7.79,-26.27,192.47,39.9,184.37,36.45,405.31,57.79,rough,1749.12,942.68
6466,2532,803,2534.09,802.02,9.797872,73.408511,94,168.62,11.49,307.85,73.78,319.84,31.13,346.16,53.03,rough,1804.96,940.37
6467,2546,807,2545.85,804.67,9.533051,74.584746,118,46.2,-37.6,384.6,48.17,283.3,24.04,267.34,55.32,rough,1879.26,957.1
6468,2557,805,2556.88,803.88,9.612403,75.687597,129,-28.56,-35.35,-16.02,8.52,28.28,20.51,228.03,90.84,easy,1948.92,952.09
6469,2567,806,2565.76,805.15,9.485075,76.576119,67,-29.35,-37.92,15.29,16.54,45.99,17.0,188.99,76.5,easy,2005.05,960.13
6470,2573,806,2574.24,804.44,9.556122,77.42449,98,-32.74,-40.35,-24.91,7.62,17.68,16.72,185.95,93.01,easy,2058.63,955.64
6471,2585,801,2584.0,802.41,9.759483,78.4,116,-35.32,-49.88,-24.5,9.53,20.04,10.76,119.64,89.98,easy,2120.25,942.8
6472,2594,804,2593.32,803.6,9.640196,79.332353,102,-47.48,-63.16,-33.98,13.14,26.94,4.52,50.27,83.87,easy,2179.15,950.33
6473,2602,804,2601.53,801.19,9.880556,80.152778,36,-55.27,-63.58,-43.41,17.3,31.36,2.22,24.68,76.6,easy,2230.97,935.15
6474,2678,804,2678.38,804.0,9.6,87.8375,8,-118.8,-193.31,-48.38,80.25,3729.45,1.0,11.12,37.93,severe,2716.4,952.87
6475,2680,809,2679.33,808.0,9.2,87.933333,3,8.72,-13.93,33.62,76.84,3495.12,1.0,11.12,37.88,severe,2722.45,978.14
6476,2922,804,2922.0,804.0,9.6,112.2,1,-1758.18,-1758.18,-1758.18,88.57,3086.12,1.0,11.12,37.93,severe,4255.31,952.87
6515,2256,816,2255.32,817.63,8.236842,45.531579,19,143.77,-13.21,357.34,85.08,737.63,1.38,15.3,42.15,rough,44.05,1038.98
6516,2266,815,2266.42,813.98,8.602353,46.642353,85,1000.32,79.58,1644.39,85.02,1414.47,3.85,42.85,32.12,severe,114.21,1015.89
6517,2275,817,2274.29,816.38,8.362366,47.429032,93,800.61,225.46,1531.26,84.03,1318.9,4.15,46.13,33.22,severe,163.9,1031.05
6518,2282,816,2282.56,815.55,8.445455,48.255682,88,756.97,-14.83,1488.78,85.57,1307.94,3.99,44.36,33.48,severe,216.12,1025.8
6519,2293,813,2291.72,813.67,8.632812,49.171875,64,270.4,-258.46,624.07,83.1,1101.52,1.98,22.07,36.35,severe,273.99,1013.97
6520,2302,813,2300.69,810.88,8.911538,50.069231,26,72.8,-163.98,377.61,84.38,990.82,1.55,17.19,37.49,severe,330.68,996.36
6521,2464,812,2464.52,813.48,8.652273,66.452273,44,-55.71,-91.27,-40.65,33.29,381.64,2.56,28.51,53.96,rough,1365.55,1012.74
6522,2471,813,2472.16,814.13,8.587013,67.215584,77,-44.13,-52.3,-33.08,11.15,24.23,6.7,74.46,87.29,easy,1413.77,1016.86
6523,2482,817,2481.77,815.83,8.416935,68.177419,124,-41.5,-48.31,-14.58,11.6,34.52,9.76,108.55,85.97,easy,1474.52,1027.6
6524,2493,811,2492.88,811.67,8.832759,69.287931,116,10.74,-33.85,196.09,44.62,240.05,16.51,183.6,57.37,rough,1544.67,1001.34
6525,2507,812,2505.95,812.72,8.728283,70.594949,99,169.14,-25.43,498.46,73.58,417.18,29.49,327.91,50.1,rough,1627.23,1007.94
6526,2513,812,2514.0,812.72,8.727586,71.4,87,12.34,-50.86,161.06,55.33,265.02,36.77,408.88,55.23,rough,1678.08,1007.98
6527,2521,812,2522.2,812.78,8.722124,72.220354,113,-32.99,-48.89,-17.32,13.49,50.56,32.71,363.77,80.63,easy,1729.9,1008.32
6528,2534,811,2532.56,812.0,8.8,73.25625,96,10.85,-43.31,190.3,42.63,181.36,24.65,274.11,58.65,moderate,1795.34,1003.41
6529,2541,812,2541.67,812.98,8.702439,74.167073,82,1.29,-53.33,177.34,44.1,188.57,17.81,198.08,58.94,moderate,1852.87,1009.57
6530,2552,813,2552.67,813.81,8.618868,75.266981,106,-39.34,-49.06,-32.39,8.08,38.9,13.68,152.09,91.74,easy,1922.35,1014.85
6531,2567,813,2565.82,814.37,8.562963,76.582407,108,-10.37,-48.05,125.64,43.7,116.28,8.31,92.4,61.83,moderate,2005.44,1018.38
6532,2575,813,2575.45,813.06,8.69403,77.544776,67,-43.36,-48.53,-35.04,8.96,17.27,10.39,115.58,91.09,easy,2066.23,1010.1
6533,2581,816,2582.58,814.38,8.561957,78.257609,92,-51.65,-62.17,-43.18,9.35,18.04,5.16,57.33,90.73,easy,2111.26,1018.44
6534,2594,815,2592.56,814.97,8.503226,79.256452,62,-54.96,-64.02,-9.72,22.46,45.86,1.46,16.29,67.18,moderate,2174.35,1022.15
6535,2679,810,2679.11,809.78,9.022222,87.911111,9,-94.09,-411.99,29.7,83.22,3449.74,1.0,11.12,37.93,severe,2721.05,989.37
6536,2682,815,2683.25,818.0,8.2,88.325,12,-179.27,-596.76,-44.45,82.95,3595.66,1.03,11.5,37.93,severe,2747.19,1041.31
6575,2255,822,2254.22,823.2,7.679747,45.421519,79,346.08,-93.75,590.82,80.97,833.34,2.36,26.21,37.97,severe,37.09,1074.17
6576,2264,822,2265.63,823.65,7.635443,46.563291,79,599.35,25.51,1158.31,82.29,1170.92,3.38,37.54,34.4,severe,109.22,1076.97
6577,2276,827,2275.59,826.88,7.311712,47.558559,111,1008.81,289.76,1554.31,84.32,1125.58,7.22,80.29,31.84,severe,172.08,1097.42
6578,2287,823,2286.87,823.31,7.668889,48.686667,90,657.5,-77.08,1341.32,85.12,1306.22,3.2,35.55,34.09,severe,243.34,1074.85
6579,2296,821,2294.73,819.71,8.029268,49.473171,41,202.04,-59.18,581.21,83.86,964.53,2.4,26.67,36.7,severe,293.03,1052.09
6580,2467,822,2467.66,821.15,7.885135,66.766216,74,-46.4,-80.56,-32.28,22.43,102.81,4.01,44.54,65.29,moderate,1385.38,1061.19
6581,2475,827,2475.68,825.79,7.421429,67.567857,84,-42.66,-48.96,-39.23,6.79,13.59,8.96,99.69,95.1,easy,1436.02,1090.49
6582,2486,825,2486.07,826.05,7.394565,68.606522,92,-44.17,-50.81,-39.21,6.52,10.22,16.87,187.54,95.14,easy,1501.63,1092.18
6583,2492,822,2493.35,822.16,7.784071,69.334513,113,-42.24,-49.76,-30.44,8.16,17.29,21.19,235.63,91.77,easy,1547.61,1067.58
6584,2504,823,2503.27,822.12,7.787963,70.326852,108,-34.11,-50.0,116.45,22.86,116.81,28.52,317.18,62.47,moderate,1610.3,1067.33
6585,2512,826,2512.15,825.67,7.433333,71.215152,99,-50.99,-56.97,-17.96,9.71,51.99,30.2,335.78,87.37,easy,1666.41,1089.73
6586,2521,824,2522.33,823.91,7.608696,72.232609,138,-48.52,-57.12,-33.49,8.5,21.57,28.97,322.19,90.53,easy,1730.68,1078.66
6587,2537,821,2535.84,821.89,7.811034,73.584138,145,-2.15,-54.09,338.4,40.38,209.65,16.69,185.63,58.36,moderate,1816.05,1065.88
6588,2547,826,2546.23,825.14,7.48617,74.623404,94,19.89,-48.2,323.64,48.97,287.69,6.31,70.2,56.52,rough,1881.7,1086.4
6589,2554,823,2554.4,822.42,7.757955,75.439773,88,-36.29,-47.95,13.78,21.76,103.78,6.34,70.51,66.27,moderate,1933.27,1069.23
6590,2562,825,2562.36,823.51,7.64881,76.235714,84,-23.62,-61.03,105.53,45.48,152.69,3.66,40.69,61.01,moderate,1983.54,1076.12
6591,2574,824,2573.25,822.51,7.749296,77.325352,71,-54.05,-63.85,-46.31,12.07,33.76,3.04,33.8,85.62,easy,2052.37,1069.78
6592,2582,822,2580.41,822.73,7.727027,78.040541,37,-58.65,-65.47,-51.64,9.16,21.28,2.04,22.65,91.16,easy,2097.55,1071.18
6593,2597,822,2595.96,820.52,7.948148,79.596296,27,-43.19,-74.47,-5.07,49.63,85.49,1.66,18.49,63.23,moderate,2195.82,1057.21
6594,2688,828,2686.24,826.29,7.371429,88.62381,21,-309.53,-829.1,-40.31,85.31,3271.24,1.04,11.56,37.93,severe,2766.07,1093.64
6641,2256,835,2253.44,834.18,6.582418,45.343956,91,476.83,-91.05,870.85,82.92,1021.96,3.54,39.36,35.08,severe,32.19,1143.48
6642,2262,835,2264.04,833.2,6.679592,46.404082,49,324.47,-142.7,654.96,81.87,1199.81,2.33,25.95,36.02,severe,99.16,1137.35
6643,2273,836,2273.13,834.77,6.523077,47.312821,78,696.9,-19.89,1290.82,85.61,1253.97,4.86,54.0,33.76,severe,156.56,1147.23
6644,2284,834,2282.78,832.75,6.724615,48.278462,65,379.46,-65.63,1102.48,85.64,1432.91,2.17,24.11,35.72,severe,217.56,1134.5
6645,2466,836,2468.53,835.73,6.426667,66.853333,15,-60.82,-64.82,-58.04,11.87,56.07,1.34,14.87,85.39,easy,1390.88,1153.32
6646,2471,831,2471.23,832.0,6.8,67.123333,60,-54.39,-62.4,-49.49,9.89,25.66,3.42,38.04,89.67,easy,1407.94,1129.74
6647,2481,833,2482.24,833.54,6.646465,68.224242,99,-48.49,-53.0,-43.97,4.57,11.04,10.1,112.33,98.98,easy,1477.48,1139.44
6648,2497,837,2495.27,835.42,6.458065,69.526882,93,-34.39,-45.66,-25.66,14.06,21.86,16.33,181.61,81.62,easy,1559.76,1151.34
6649,2503,832,2503.11,831.6,6.84,70.310526,95,-48.68,-53.33,-34.01,8.51,15.11,21.77,242.13,91.19,easy,1609.26,1127.21
6650,2515,836,2515.18,835.13,6.486735,71.518367,98,-52.14,-54.7,-46.88,4.21,6.68,23.19,257.91,98.87,open,1685.56,1149.53
6651,2527,835,2526.94,833.8,6.620175,72.69386,114,-38.87,-48.6,5.62,19.85,118.75,24.78,275.51,67.91,moderate,1759.81,1141.1
6652,2535,835,2535.33,833.29,6.670588,73.532941,85,166.91,-29.51,396.97,77.17,403.06,16.82,187.07,51.4,rough,1812.82,1137.91
6653,2544,834,2543.76,833.51,6.649367,74.375949,79,185.66,55.72,366.26,69.52,339.56,9.45,105.05,53.76,rough,1866.07,1139.25
6654,2554,833,2553.86,834.01,6.598824,75.385882,85,220.0,-52.89,418.91,79.18,446.64,3.04,33.85,50.66,rough,1929.86,1142.45
6655,2562,832,2560.37,831.03,6.896667,76.036667,30,-19.57,-61.83,110.85,57.12,321.6,2.51,27.87,55.83,rough,1970.97,1123.63
6656,2688,835,2688.0,835.0,6.5,88.8,1,-738.32,-738.32,-738.32,88.37,2777.65,1.0,11.12,37.93,severe,2777.19,1148.69
6657,2690,835,2690.0,835.0,6.5,89.0,1,-395.18,-395.18,-395.18,79.7,2950.89,1.0,11.12,37.93,severe,2789.83,1148.69
6719,2255,843,2253.29,842.0,5.8,45.329412,51,285.11,-123.53,626.19,82.61,977.74,1.84,20.49,36.27,severe,31.28,1192.91
6720,2264,840,2265.54,838.62,6.138462,46.553846,26,297.24,-37.07,708.47,85.9,1165.71,2.28,25.31,36.18,severe,108.62,1171.53
6721,2272,840,2271.63,839.26,6.073684,47.163158,19,220.63,-55.48,562.67,86.24,1189.65,1.48,16.5,36.66,severe,147.11,1175.62
6722,2474,843,2475.02,842.29,5.770833,67.502083,48,-60.72,-70.56,-53.82,13.76,33.21,1.51,16.77,82.79,easy,1431.86,1194.75
6723,2481,841,2482.16,842.11,5.78913,68.216304,92,-54.31,-60.46,-47.76,6.46,13.36,4.84,53.85,95.96,easy,1476.98,1193.59
6724,2493,843,2492.32,844.03,5.596694,69.232231,121,-40.71,-51.11,-27.7,12.98,22.48,8.09,89.95,84.04,easy,1541.15,1205.75
6725,2503,841,2503.08,841.45,5.854667,70.308,75,-46.4,-52.16,-33.15,10.74,17.84,12.37,137.61,87.82,easy,1609.1,1189.45
6726,2511,843,2511.52,844.09,5.590722,71.151546,97,-50.99,-53.3,-49.05,1.94,4.0,14.1,156.81,100.0,open,1662.39,1206.13
6727,2522,842,2522.5,843.27,5.67265,72.250427,117,-41.96,-49.5,0.18,13.18,43.85,22.79,253.44,82.06,easy,1731.8,1200.95
6728,2536,842,2535.29,843.15,5.685263,73.529474,95,70.84,-22.3,267.12,62.81,255.9,19.03,211.59,56.37,rough,1812.6,1200.15
6729,2545,841,2545.79,842.07,5.792632,74.578947,95,200.67,90.28,379.52,62.15,278.61,10.98,122.04,55.47,rough,1878.89,1193.37
6730,2556,845,2554.13,844.96,5.503659,75.413415,82,28.42,-63.68,352.58,61.39,329.92,3.78,42.06,55.32,rough,1931.6,1211.63
6731,2687,845,2687.33,845.33,5.466667,88.733333,3,-242.78,-379.1,-159.58,86.33,1576.2,1.0,11.12,37.93,severe,2772.98,1213.96
6732,2693,846,2692.6,847.6,5.24,89.26,5,-296.32,-490.32,-221.2,83.73,3416.28,1.0,11.12,37.93,severe,2806.25,1228.28
6794,2254,854,2251.97,853.41,4.658824,45.197059,34,90.26,-300.31,436.65,84.85,1000.46,1.13,12.53,37.42,severe,22.91,1264.99
6795,2475,854,2478.42,853.32,4.667742,67.841935,31,-61.14,-69.8,-55.92,15.39,42.5,1.41,15.71,79.65,easy,1453.33,1264.43
6796,2486,854,2485.33,852.05,4.795402,68.533333,87,-54.37,-66.49,-44.21,13.1,25.67,2.76,30.65,84.1,easy,1497.0,1256.36
6797,2492,858,2493.2,858.37,4.162745,69.319608,102,-39.92,-63.52,12.75,33.53,104.64,3.34,37.16,62.52,moderate,1546.67,1296.33
6798,2504,851,2503.2,851.6,4.840164,70.319672,122,-53.12,-60.5,-42.5,8.12,18.4,4.3,47.81,92.94,easy,1609.84,1253.54
6799,2512,857,2512.49,856.54,4.346281,71.24876,121,-48.91,-53.17,-37.77,5.45,31.26,11.07,123.07,96.74,easy,1668.53,1284.73
6800,2523,854,2523.36,854.28,4.572,72.336,150,24.94,-49.63,425.88,46.85,265.77,20.22,224.83,56.24,rough,1737.21,1270.48
6801,2535,853,2534.07,853.57,4.643284,73.406716,134,220.35,9.27,448.15,69.47,341.37,15.07,167.59,53.14,rough,1804.84,1265.97
6802,2544,853,2544.12,852.48,4.751887,74.412264,106,222.56,-18.59,391.22,70.67,360.39,7.43,82.57,53.04,rough,1868.36,1259.11
6803,2553,856,2552.24,855.0,4.5,75.224,75,-13.34,-61.16,123.51,54.52,231.29,2.57,28.61,58.63,moderate,1919.64,1275.02
6804,2564,855,2564.4,857.77,4.223256,76.439535,43,-50.96,-63.26,-38.57,22.49,68.77,2.75,30.58,66.32,moderate,1996.42,1292.51
6805,2574,857,2572.82,859.22,4.077778,77.282222,45,-39.47,-63.55,30.67,42.17,201.69,2.94,32.64,59.53,moderate,2049.65,1301.7
6806,2582,859,2581.33,860.61,3.939394,78.133333,33,41.81,-59.61,203.65,76.31,356.94,2.2,24.47,54.51,rough,2103.41,1310.44
6807,2688,853,2688.0,854.33,4.566667,88.8,3,-289.81,-363.3,-217.03,86.82,2281.94,1.0,11.12,37.93,severe,2777.19,1270.81
6808,2690,853,2689.75,855.38,4.4625,88.975,8,-219.32,-327.67,-131.17,79.0,2717.95,1.0,11.12,37.93,severe,2788.25,1277.39
6875,2254,862,2251.13,862.16,3.784211,45.113158,38,285.37,5.77,640.34,81.54,833.27,1.51,16.79,38.37,severe,17.61,1320.24
6876,2481,867,2483.43,865.89,3.411429,68.342857,35,-55.64,-63.5,-47.34,18.42,47.45,2.13,23.72,74.15,easy,1484.97,1343.79
6877,2493,867,2492.37,866.57,3.342697,69.237079,89,32.41,-43.14,264.35,58.13,236.24,8.94,99.46,57.87,rough,1541.46,1348.13
6878,2505,866,2503.62,864.13,3.586957,70.361957,92,-39.81,-51.5,12.87,16.25,104.22,9.29,103.33,75.69,easy,1612.51,1332.7
6879,2511,867,2512.0,866.15,3.384848,71.2,66,-41.42,-47.63,14.95,16.5,154.52,15.19,168.86,73.31,easy,1665.45,1345.47
6880,2521,867,2522.1,866.12,3.388,72.2104,125,348.69,-37.68,774.56,78.4,717.31,22.24,247.28,40.24,severe,1729.27,1345.27
6881,2535,867,2533.96,865.72,3.428155,73.396117,103,516.1,276.3,885.37,79.67,547.94,16.35,181.79,44.96,rough,1804.17,1342.73
6882,2543,864,2544.2,864.24,3.57619,74.419841,126,315.36,-23.22,582.38,76.9,478.32,8.18,91.01,48.8,rough,1868.84,1333.38
6883,2556,861,2555.92,863.19,3.680734,75.591743,109,77.78,-59.6,272.89,64.81,266.13,5.7,63.34,56.9,rough,1942.86,1326.78
6884,2567,866,2567.2,865.22,3.478495,76.72043,93,-1.2,-39.09,62.08,39.72,154.15,9.63,107.03,60.56,moderate,2014.16,1339.55
6885,2577,866,2576.37,866.61,3.339437,77.63662,71,188.22,-5.17,448.1,74.33,415.82,8.64,96.12,51.43,rough,2072.03,1348.33
6886,2583,867,2583.26,867.04,3.296296,78.325926,54,64.49,-65.15,256.95,73.45,488.01,3.95,43.9,50.19,rough,2115.58,1351.06
6887,2691,868,2691.0,868.5,3.15,89.1,2,-450.68,-493.14,-408.22,85.4,4267.97,1.0,11.12,37.93,severe,2796.14,1360.3
6955,2253,870,2251.05,869.52,3.047619,45.104762,42,352.28,-14.32,741.9,84.91,1067.08,2.13,23.66,35.88,severe,17.08,1366.77
6956,2469,878,2469.43,879.21,2.078571,66.942857,14,-58.28,-64.14,-53.84,22.15,78.03,1.6,17.85,66.71,moderate,1396.54,1427.98
6957,2474,879,2475.75,878.75,2.124528,67.575472,53,-53.97,-62.15,-48.15,9.7,25.51,3.38,37.57,90.01,easy,1436.5,1425.08
6958,2483,871,2484.45,873.02,2.697701,68.444828,87,-47.42,-60.3,-36.43,12.53,33.99,4.86,54.0,84.69,easy,1491.41,1388.87
6959,2497,872,2495.79,872.62,2.738028,69.578873,71,53.33,-36.07,239.61,62.37,270.11,14.28,158.76,56.34,rough,1563.05,1386.32
6960,2503,873,2503.65,874.35,2.565278,70.365278,72,-38.59,-47.09,13.8,19.98,112.37,19.01,211.42,68.27,moderate,1612.72,1397.24
6961,2512,873,2512.82,873.73,2.626923,71.282051,78,59.09,-45.54,469.22,53.73,434.29,21.82,242.61,50.7,rough,1670.63,1393.34
6962,2525,876,2524.33,875.59,2.441176,72.432941,85,771.0,468.19,1045.52,77.02,576.57,28.06,312.0,41.85,severe,1743.33,1405.07
6963,2533,874,2532.49,873.93,2.607143,73.248571,70,825.57,581.14,1026.38,76.01,492.99,22.41,249.2,44.52,rough,1794.85,1394.59
6964,2541,875,2542.27,874.7,2.529592,74.226531,98,423.72,141.67,647.55,74.31,437.41,17.89,198.92,48.82,rough,1856.63,1399.49
6965,2554,877,2553.17,875.88,2.412409,75.316788,137,106.84,14.22,437.0,60.27,294.15,17.9,199.05,55.05,rough,1925.5,1406.89
6966,2564,872,2562.66,872.16,2.783516,76.265934,91,37.86,-0.04,163.16,45.53,179.17,15.64,173.96,59.17,moderate,1985.45,1383.45
6967,2572,876,2572.55,875.71,2.428713,77.255446,101,184.78,16.15,639.32,68.9,439.33,16.05,178.46,50.22,rough,2047.96,1405.86
6968,2585,874,2583.38,875.16,2.483721,78.338372,86,254.44,-62.44,681.86,77.84,745.04,6.21,69.08,40.98,severe,2116.36,1402.39
6969,2591,878,2589.5,877.58,2.241667,78.95,24,3.61,-70.94,125.83,70.87,835.68,2.65,29.43,39.8,severe,2155.0,1417.68
6970,2683,878,2682.67,879.33,2.066667,88.266667,3,-680.14,-772.17,-514.96,89.15,3867.03,1.0,11.12,37.93,severe,2743.51,1428.73
7041,2466,886,2467.93,887.7,1.23,66.793333,30,-54.08,-63.71,-44.62,16.6,52.32,2.42,26.87,77.16,easy,1387.09,1481.58
7042,2471,883,2472.61,885.16,1.483929,67.260714,56,-48.25,-60.49,-41.14,9.04,24.08,4.4,48.94,91.14,easy,1416.62,1465.54
7043,2482,884,2483.2,883.79,1.621014,68.32029,138,-43.51,-50.93,-34.32,7.15,13.45,8.99,100.01,94.46,easy,1483.55,1456.88
7044,2497,881,2495.84,882.49,1.750993,69.584106,151,-34.96,-42.12,-26.36,7.72,32.1,17.46,194.11,92.32,easy,1563.38,1448.67
7045,2507,887,2505.45,886.66,1.334043,70.544681,94,-34.26,-45.05,48.03,16.04,76.86,27.7,308.07,75.69,easy,1624.06,1475.01
7046,2513,882,2513.14,881.43,1.856818,71.313636,88,148.3,-45.22,449.65,69.2,473.07,28.82,320.44,48.53,rough,1672.63,1441.99
7047,2523,883,2522.88,883.96,1.604211,72.288421,95,554.46,270.59,841.13,74.4,496.78,34.38,382.36,45.13,rough,1734.2,1457.94
7048,2534,883,2533.66,883.66,1.634021,73.365979,97,551.04,294.44,792.43,74.61,415.81,29.53,328.38,48.0,rough,1802.27,1456.06
7049,2543,884,2544.2,884.28,1.572477,74.420183,109,304.27,108.98,578.69,74.95,419.86,26.73,297.28,49.44,rough,1868.86,1459.95
7050,2557,887,2556.16,886.44,1.355714,75.615714,70,148.09,27.61,462.76,71.45,348.23,28.52,317.11,52.43,rough,1944.38,1473.64
7051,2562,883,2563.09,883.02,1.697872,76.308511,94,91.43,23.77,273.31,62.9,302.65,25.25,280.73,54.39,rough,1988.14,1452.03
7052,2573,884,2573.21,884.56,1.543519,77.321296,108,291.47,113.93,535.38,76.15,429.48,19.66,218.67,49.69,rough,2052.12,1461.78
7053,2584,887,2583.41,886.08,1.392473,78.34086,93,383.39,250.4,522.73,70.76,366.47,11.45,127.36,51.68,rough,2116.52,1471.32
7054,2591,881,2590.6,882.79,1.721053,79.059649,57,109.06,-62.5,298.16,75.27,618.57,4.0,44.45,45.88,rough,2161.92,1450.56
7055,2686,883,2682.0,885.67,1.433333,88.2,15,-159.45,-555.98,26.41,83.85,3863.16,1.06,11.73,37.93,severe,2739.29,1468.74
7129,2465,894,2467.04,895.37,0.462963,66.703704,54,-55.65,-62.65,-43.91,13.52,38.92,3.04,33.83,82.92,easy,1381.43,1530.03
7130,2474,897,2474.71,895.99,0.400917,67.470642,109,-41.65,-51.7,-34.73,6.1,13.01,10.4,115.63,96.22,easy,1429.88,1533.95
7131,2485,894,2484.51,893.57,0.642593,68.450926,108,-38.69,-43.13,-32.18,6.2,9.22,17.16,190.82,95.72,easy,1491.8,1518.69
7132,2491,897,2492.38,895.83,0.416514,69.237615,109,-39.14,-43.43,-29.89,6.36,11.16,23.51,261.46,94.96,easy,1541.49,1532.97
7133,2503,897,2503.03,896.32,0.367544,70.302632,114,-25.68,-40.8,199.57,17.0,119.31,30.82,342.75,72.49,easy,1608.77,1536.06
7134,2513,891,2513.85,892.1,0.78972,71.385047,107,180.34,-27.36,449.61,72.4,417.15,37.14,412.97,49.53,rough,1677.14,1509.39
7135,2525,894,2524.03,894.21,0.579439,72.402804,107,213.06,11.35,665.43,71.55,447.53,42.87,476.71,48.02,rough,1741.43,1522.68
7136,2531,894,2532.12,893.79,0.621429,73.211905,84,407.01,109.92,616.79,74.39,529.97,39.22,436.17,44.61,rough,1792.54,1520.02
7137,2542,894,2542.45,894.16,0.584167,74.245,120,446.33,168.26,659.25,73.73,396.57,36.73,408.44,48.7,rough,1857.79,1522.38
7138,2555,892,2553.42,892.3,0.769737,75.342105,76,153.12,34.02,406.95,68.52,381.1,34.32,381.59,50.99,rough,1927.1,1510.66
7139,2562,896,2562.71,895.35,0.464894,76.271277,94,120.32,9.78,363.71,64.76,326.61,33.79,375.78,52.91,rough,1985.79,1529.91
7140,2573,895,2573.1,894.79,0.521368,77.310256,117,280.49,71.07,539.08,71.32,414.97,24.17,268.75,49.9,rough,2051.42,1526.34
7141,2585,893,2585.15,893.44,0.655556,78.514815,81,560.03,398.57,1051.01,73.38,616.47,12.95,143.97,42.81,rough,2127.51,1517.87
7142,2596,892,2594.31,891.92,0.808333,79.430952,84,472.08,-62.75,1129.39,82.81,963.5,4.72,52.52,35.03,severe,2185.38,1508.22
7143,2600,894,2600.0,896.12,0.388235,80.0,51,360.14,-6.74,609.56,82.5,1538.92,3.72,41.35,35.73,severe,2221.32,1534.75
7232,2462,906,2463.77,905.23,-0.523438,66.376563,64,-56.84,-65.1,-50.14,9.75,33.1,3.39,37.69,89.69,easy,1360.77,1592.34
7233,2473,905,2473.04,904.83,-0.483333,67.304444,90,-42.13,-52.14,-30.29,9.23,16.46,11.03,122.64,90.6,easy,1419.38,1589.81
7234,2485,906,2485.29,905.22,-0.521978,68.528571,91,-29.55,-34.36,-25.41,3.62,8.48,22.77,253.19,99.88,open,1496.7,1592.25
7235,2496,905,2495.49,905.1,-0.510345,69.549425,87,-32.92,-43.81,-22.84,12.37,17.81,31.83,353.92,83.68,easy,1561.19,1591.51
7236,2503,907,2503.61,906.98,-0.697917,70.361458,96,-29.97,-39.7,-14.68,13.68,49.02,38.73,430.67,79.96,easy,1612.48,1603.36
7237,2515,904,2514.48,903.25,-0.325397,71.448413,126,41.46,-18.28,361.72,52.52,287.1,44.08,490.21,53.9,rough,1681.14,1579.83
7238,2524,906,2524.7,904.49,-0.449425,72.470115,87,234.95,-7.24,697.78,75.68,596.27,50.88,565.74,42.74,rough,1745.68,1587.67
7239,2536,903,2535.46,903.67,-0.367241,73.54569,116,660.13,217.7,895.53,78.55,556.02,47.45,527.66,41.82,severe,1813.62,1582.47
7240,2544,907,2543.77,906.66,-0.666304,74.377174,92,619.18,365.5,888.95,75.22,394.58,48.92,543.97,46.98,rough,1866.14,1601.37
7241,2553,901,2552.78,901.33,-0.132727,75.278182,110,381.57,99.07,590.27,74.28,456.11,42.58,473.49,46.82,rough,1923.06,1567.66
7242,2565,904,2565.4,903.99,-0.398925,76.539785,93,190.86,15.73,481.43,71.47,423.6,35.24,391.91,49.4,rough,2002.75,1584.48
7243,2576,905,2576.09,904.79,-0.478723,77.608511,94,280.03,105.25,586.11,73.52,479.22,26.77,297.73,47.73,rough,2070.26,1589.52
7244,2584,901,2585.15,901.7,-0.17,78.514545,110,799.38,407.35,1181.04,80.17,679.24,17.72,197.07,39.19,severe,2127.49,1570.02
7245,2597,905,2596.03,904.91,-0.491045,79.602985,134,557.36,130.87,1072.21,80.37,685.35,10.78,119.84,40.82,severe,2196.24,1590.3
7246,2607,901,2605.0,902.33,-0.232653,80.5,49,207.98,-128.42,438.1,82.03,1738.62,3.07,34.19,36.63,severe,2252.91,1573.97
7247,2611,903,2609.0,904.06,-0.405556,80.9,18,-24.0,-125.49,90.24,82.68,2788.62,1.4,15.52,37.91,severe,2278.17,1584.9
7346,2448,917,2448.8,919.2,-1.92,64.88,30,-56.47,-63.16,-49.29,16.35,41.55,2.13,23.66,77.95,easy,1266.23,1680.56
7347,2455,916,2455.51,916.49,-1.648837,65.551163,43,-53.7,-62.39,-45.68,13.88,26.56,3.25,36.12,82.67,easy,1308.63,1663.43
7348,2462,914,2462.52,913.93,-1.393151,66.252055,73,-51.84,-62.29,-44.66,8.67,19.99,5.72,63.65,91.83,easy,1352.9,1647.28
7349,2471,913,2471.45,914.61,-1.461468,67.144954,109,-39.8,-49.63,-28.89,8.91,16.84,13.59,151.09,90.99,easy,1409.3,1651.59
7350,2481,911,2480.79,912.24,-1.224444,68.078889,90,-28.95,-34.38,-25.83,3.71,8.67,21.02,233.72,99.84,open,1468.3,1636.62
7351,2492,915,2492.38,915.14,-1.513821,69.238211,123,-23.33,-26.56,-20.58,2.75,7.47,32.71,363.78,100.0,open,1541.53,1654.9
7352,2507,915,2506.26,914.8,-1.480233,70.625581,86,-22.12,-29.98,-9.05,10.07,37.27,45.19,502.53,86.21,easy,1629.17,1652.78
7353,2515,915,2515.03,914.59,-1.458889,71.503333,90,98.8,-24.27,641.18,62.28,494.43,52.07,579.04,46.59,rough,1684.61,1651.43
7354,2524,911,2524.52,912.0,-1.2,72.451852,81,499.61,120.09,788.36,78.16,588.4,56.38,626.9,41.13,severe,1744.53,1635.08
7355,2533,917,2533.65,915.64,-1.564423,73.365385,104,540.32,300.21,747.57,77.8,471.53,59.1,657.23,44.35,rough,1802.23,1658.1
7356,2545,916,2544.58,916.0,-1.6,74.458333,84,674.51,374.8,867.89,78.25,484.09,52.88,588.06,43.62,rough,1871.27,1660.35
7357,2551,912,2552.12,912.03,-1.203333,75.212222,90,582.15,306.61,857.3,76.63,458.14,47.55,528.75,45.3,rough,1918.89,1635.29
7358,2562,911,2562.08,912.06,-1.206087,76.207826,115,487.33,304.65,723.76,76.65,476.41,38.85,432.04,45.85,rough,1981.78,1635.46
7359,2575,913,2573.82,913.34,-1.334,77.382,100,205.73,48.44,490.51,72.38,453.45,28.99,322.38,48.8,rough,2055.95,1643.54
7360,2584,915,2584.96,913.31,-1.331193,78.49633,109,239.03,54.4,660.5,71.52,524.63,20.78,231.09,46.95,rough,2126.34,1643.37
7361,2596,916,2595.01,914.64,-1.46375,79.50125,80,357.41,146.37,598.3,76.36,437.04,11.99,133.34,49.59,rough,2189.82,1651.74
7362,2604,914,2603.49,913.2,-1.319718,80.349296,71,179.39,-61.51,390.89,75.54,716.28,3.67,40.83,42.46,rough,2243.39,1642.64
7363,2665,914,2664.29,915.71,-1.571429,86.428571,7,-651.13,-1119.43,-425.49,88.43,3694.3,1.0,11.12,37.93,severe,2627.4,1658.54
7467,2437,928,2439.21,929.12,-2.912121,63.921212,33,-41.41,-59.06,-19.24,38.02,60.51,2.63,29.24,63.94,moderate,1205.67,1743.23
7468,2448,927,2448.58,927.19,-2.718841,64.857971,69,-48.19,-60.74,-38.05,12.43,27.16,4.7,52.21,85.09,easy,1264.84,1731.02
7469,2455,922,2454.73,923.2,-2.319643,65.473214,56,-44.54,-49.24,-39.49,5.31,12.61,7.93,88.18,97.78,easy,1303.7,1705.8
7470,2462,923,2463.15,923.12,-2.311828,66.315054,93,-44.03,-48.89,-35.98,6.32,13.89,12.96,144.13,95.64,easy,1356.88,1705.31
7471,2476,927,2474.64,925.46,-2.546154,67.463736,91,-27.64,-36.97,-22.29,5.97,12.72,22.14,246.16,95.68,easy,1429.44,1720.11
7472,2483,923,2483.33,922.0,-2.2,68.333333,102,-24.45,-28.8,-21.21,3.15,7.01,27.25,303.0,100.0,open,1484.37,1698.25
7473,2494,926,2494.04,925.36,-2.535789,69.404211,95,-18.36,-22.49,-5.43,5.13,11.78,38.34,426.35,96.11,easy,1552.02,1719.46
7474,2503,923,2503.0,923.57,-2.357143,70.3,112,-14.74,-22.25,-6.77,6.34,24.31,45.81,509.39,93.09,easy,1608.6,1708.17
7475,2514,924,2513.79,924.3,-2.430303,71.378788,99,175.61,-22.26,504.08,67.34,461.18,55.93,621.99,46.94,rough,1676.74,1712.79
7476,2524,921,2523.55,921.2,-2.120238,72.354762,84,437.17,196.69,771.21,76.58,552.78,62.66,696.81,42.17,rough,1738.39,1693.21
7477,2532,924,2532.23,924.08,-2.407692,73.223077,65,351.24,188.68,486.55,73.52,384.77,63.36,704.54,47.83,rough,1793.24,1711.36
7478,2543,923,2543.36,923.35,-2.335165,74.336264,91,491.06,208.0,925.08,78.42,551.29,52.58,584.67,42.58,rough,1863.56,1706.78
7479,2557,923,2555.91,922.34,-2.233945,75.590826,109,831.27,602.17,1034.97,74.55,428.05,40.64,451.95,45.3,rough,1942.81,1700.39
7480,2564,924,2565.11,923.87,-2.386777,76.510744,121,591.47,376.56,945.15,76.68,454.42,31.49,350.14,46.44,rough,2000.92,1710.04
7481,2577,922,2575.94,922.88,-2.288235,77.594118,102,435.2,165.43,734.77,78.3,528.97,21.74,241.8,45.65,rough,2069.35,1703.82
7482,2584,921,2585.33,922.78,-2.277778,78.533333,81,191.05,63.04,353.53,74.66,304.97,14.31,159.15,54.48,rough,2128.68,1703.16
7483,2596,922,2594.67,923.01,-2.301149,79.466667,87,250.12,78.01,457.43,74.69,331.21,9.78,108.79,53.64,rough,2187.63,1704.63
7484,2603,923,2603.35,923.89,-2.388889,80.334568,81,227.93,7.84,412.35,76.15,452.05,5.51,61.26,50.29,rough,2242.46,1710.18
7485,2611,924,2608.89,924.97,-2.497222,80.888889,36,30.93,-48.62,182.19,76.19,858.31,1.66,18.51,39.01,severe,2277.47,1717.02
7486,2656,925,2657.17,926.17,-2.616667,85.716667,12,-293.3,-638.91,-57.32,86.45,6254.13,1.07,11.89,37.93,severe,2582.43,1724.57
7487,2662,924,2660.7,923.4,-2.34,86.07,10,-309.95,-926.25,-43.18,83.75,5498.8,1.08,12.04,37.93,severe,2604.75,1707.09
7601,2426,939,2427.33,939.81,-3.980952,62.733333,21,-56.87,-61.57,-50.36,18.01,28.31,1.82,20.2,75.48,easy,1130.63,1810.74
7602,2434,931,2435.47,933.71,-3.370588,63.547059,34,-45.15,-61.07,-21.74,29.98,52.16,2.85,31.73,64.19,moderate,1182.03,1772.19
7603,2445,933,2445.02,933.86,-3.385882,64.502353,85,-42.66,-53.62,-32.45,10.54,26.1,8.7,96.74,88.17,easy,1242.38,1773.15
7604,2457,934,2457.27,933.44,-3.344,65.727,100,-37.74,-44.59,-28.88,8.25,15.76,15.11,168.01,92.07,easy,1319.74,1770.51
7605,2467,931,2466.93,931.57,-3.157282,66.693204,103,-30.48,-40.45,-21.28,9.51,17.34,21.62,240.4,89.38,easy,1380.77,1758.71
7606,2476,935,2475.62,936.51,-3.651136,67.5625,88,-21.73,-24.07,-19.72,3.42,8.12,31.09,345.76,99.7,open,1435.68,1789.91
7607,2481,931,2482.74,931.99,-3.198765,68.274074,81,-21.26,-24.2,-19.1,2.73,5.92,32.45,360.87,100.0,open,1480.63,1761.33
7608,2493,933,2493.06,934.06,-3.405738,69.305738,122,-12.29,-19.49,7.07,10.24,20.23,41.81,464.94,86.67,easy,1545.79,1774.41
7609,2507,936,2506.2,934.52,-3.452336,70.619626,107,-0.54,-12.28,19.65,15.95,54.48,53.26,592.23,74.84,easy,1628.79,1777.35
7610,2516,933,2516.16,933.18,-3.318085,71.615957,94,82.16,-0.4,445.9,48.71,297.43,61.71,686.22,52.17,rough,1691.73,1768.87
7611,2526,931,2525.7,931.24,-3.124468,72.570213,94,116.48,7.13,296.33,62.5,335.04,66.77,742.48,50.47,rough,1752.0,1756.64
7612,2535,931,2534.96,932.44,-3.243878,73.495918,98,226.01,46.18,437.02,73.0,370.23,59.55,662.23,49.24,rough,1810.48,1764.18
7613,2543,933,2543.54,932.3,-3.23038,74.35443,79,397.39,146.18,755.49,78.34,561.56,51.42,571.83,42.87,rough,1864.71,1763.33
7614,2553,932,2553.43,932.35,-3.235484,75.342742,124,802.35,559.86,1008.69,75.63,443.49,41.65,463.12,44.91,rough,1927.14,1763.65
7615,2566,937,2564.83,936.06,-3.606061,76.482828,99,757.06,569.32,1000.18,70.93,422.57,30.39,337.95,46.57,rough,1999.15,1787.06
7616,2573,933,2573.7,932.79,-3.278512,77.370248,121,584.64,265.58,791.99,72.35,448.99,21.57,239.84,47.3,rough,2055.21,1766.37
7617,2585,934,2584.49,933.36,-3.336066,78.44918,122,124.82,-7.7,373.54,75.45,443.24,10.98,122.15,50.78,rough,2123.36,1770.01
7618,2596,932,2595.88,932.51,-3.250893,79.5875,112,87.97,-26.92,338.04,63.12,357.33,3.56,39.6,54.15,rough,2195.27,1764.63
7619,2606,937,2605.55,936.08,-3.607692,80.554945,91,171.53,-4.05,436.37,73.91,435.18,5.17,57.47,51.15,rough,2256.38,1787.17
7620,2613,934,2613.12,933.41,-3.341333,81.312,75,-4.13,-185.93,216.58,61.52,1014.07,3.73,41.44,37.75,severe,2304.2,1770.34
7621,2622,936,2620.46,935.85,-3.584615,82.046154,39,-34.07,-663.56,124.62,68.13,2831.06,1.97,21.94,37.87,severe,2350.57,1785.71
7622,2630,939,2629.37,940.53,-4.052632,82.936842,19,-29.57,-243.89,118.66,78.74,2530.18,1.48,16.5,37.9,severe,2406.83,1815.27
7735,2417,947,2419.0,947.6,-4.76,61.9,30,-56.08,-62.14,-49.14,17.29,31.14,2.14,23.8,76.63,easy,1077.99,1859.95
7736,2426,944,2426.12,945.12,-4.512308,62.612308,65,-47.46,-60.56,-40.16,10.09,25.97,5.51,61.27,89.16,easy,1122.99,1844.31
7737,2434,941,2434.03,941.57,-4.156579,63.402632,76,-45.99,-61.53,-31.66,12.67,29.94,6.41,71.26,84.47,easy,1172.91,1821.84
7738,2441,942,2442.09,943.33,-4.332759,64.209483,116,-31.92,-47.52,-17.92,11.41,24.75,13.36,148.61,86.36,easy,1223.88,1832.97
7739,2454,941,2452.83,941.76,-4.176415,65.283019,106,-20.01,-35.66,-11.41,11.8,21.47,18.66,207.45,85.44,easy,1291.69,1823.09
7740,2464,944,2464.33,943.57,-4.357391,66.433043,115,-25.13,-34.63,-13.75,11.84,19.37,27.0,300.21,84.88,easy,1364.33,1834.52
7741,2474,946,2474.19,945.94,-4.59386,67.419298,114,-26.1,-33.04,-18.98,9.85,14.34,36.05,400.83,87.92,easy,1426.63,1849.46
7742,2486,945,2485.92,944.47,-4.446763,68.592086,139,-14.99,-19.79,-6.69,6.12,13.94,43.76,486.57,93.93,easy,1500.72,1840.17
7743,2497,945,2496.6,944.81,-4.480992,69.660331,121,10.7,-9.68,31.62,19.13,32.43,51.34,570.94,70.03,moderate,1568.19,1842.33
7744,2506,942,2505.83,942.33,-4.233333,70.583333,72,19.98,8.48,36.16,16.24,28.74,56.95,633.31,74.78,easy,1626.5,1826.69
7745,2515,945,2514.98,944.76,-4.475789,71.497895,95,34.64,13.46,56.35,25.9,40.56,65.94,733.21,60.15,moderate,1684.27,1842.0
7746,2524,941,2524.79,941.25,-4.12459,72.478689,122,116.45,6.63,469.56,54.49,310.66,66.02,734.18,51.28,rough,1746.22,1819.82
7747,2535,947,2534.76,946.83,-4.682576,73.475758,132,265.6,151.79,443.23,71.16,271.52,55.68,619.15,52.35,rough,1809.2,1855.06
7748,2543,941,2543.6,941.69,-4.168992,74.35969,129,383.26,206.05,783.21,73.26,399.09,48.68,541.38,48.18,rough,1865.04,1822.62
7749,2556,944,2555.37,943.99,-4.398519,75.537037,135,505.92,286.63,852.23,76.83,498.35,36.95,410.9,45.19,rough,1939.41,1837.12
7750,2566,944,2565.39,945.29,-4.528571,76.538961,77,745.49,555.98,967.73,75.75,408.13,27.34,304.01,47.29,rough,2002.7,1845.33
7751,2572,946,2574.13,945.93,-4.593443,77.413115,122,668.26,291.38,955.43,76.7,529.44,19.51,216.98,44.47,rough,2057.92,1849.43
7752,2587,942,2585.98,943.21,-4.321212,78.597727,132,278.83,-0.19,653.32,78.69,597.81,11.66,129.62,45.06,rough,2132.74,1832.24
7753,2596,945,2595.31,944.35,-4.434884,79.531395,86,142.6,-57.09,569.1,66.21,546.15,4.75,52.86,47.89,rough,2191.72,1839.42
7754,2604,944,2605.63,944.32,-4.431579,80.563158,76,172.66,-69.01,700.38,75.04,644.48,2.26,25.17,44.83,rough,2256.9,1839.21
7755,2617,941,2615.36,941.79,-4.178571,81.535714,70,344.72,-30.93,880.9,80.47,837.36,6.2,68.94,37.6,severe,2318.33,1823.23
7756,2621,945,2620.85,945.69,-4.569231,82.084615,65,324.82,-60.46,752.0,77.64,794.15,5.06,56.26,39.13,severe,2353.0,1847.9
7757,2631,944,2631.32,944.76,-4.47619,83.131746,63,88.53,-63.04,177.94,70.77,1155.31,4.28,47.56,37.22,severe,2419.15,1842.03
7758,2643,943,2642.36,944.0,-4.4,84.236207,58,77.68,-359.92,530.93,81.81,2293.4,2.11,23.47,37.42,severe,2488.91,1837.21
7759,2659,949,2658.29,950.14,-5.014286,85.828571,7,46.22,-316.87,312.68,87.98,4140.18,1.26,14.02,37.66,severe,2589.5,1876.02
7855,2417,956,2416.83,956.38,-5.638462,61.682692,52,-51.22,-62.17,-33.53,16.0,35.81,3.78,41.98,78.64,easy,1064.27,1915.44
7856,2422,953,2422.86,953.26,-5.326087,62.285507,69,-40.69,-52.76,-31.96,9.94,21.89,7.76,86.32,89.4,easy,1102.35,1895.71
7857,2432,953,2432.75,952.93,-5.292857,63.275397,126,-34.29,-40.76,-10.45,10.87,23.66,15.03,167.19,87.25,easy,1164.87,1893.61
7858,2446,956,2445.66,954.79,-5.478947,64.566165,133,-2.59,-32.77,32.58,30.01,53.01,23.87,265.46,62.76,moderate,1246.41,1905.37
7859,2456,951,2455.55,951.72,-5.171667,65.555,120,-7.52,-15.42,24.77,13.22,30.08,28.24,313.99,82.05,easy,1308.87,1885.96
7860,2465,956,2463.65,956.13,-5.613,66.365,100,-14.33,-20.02,-10.74,3.43,7.92,36.35,404.26,99.33,open,1360.04,1913.84
7861,2471,957,2471.75,956.71,-5.67125,67.175,80,-14.62,-18.97,-10.8,4.55,11.88,41.57,462.23,96.89,easy,1411.2,1917.51
7862,2481,955,2481.57,954.97,-5.496522,68.156522,115,-14.77,-23.09,-6.15,7.31,14.91,47.36,526.68,91.59,easy,1473.2,1906.48
7863,2494,957,2493.44,956.07,-5.606504,69.343902,123,6.04,-12.45,52.62,20.58,53.19,57.12,635.2,66.5,moderate,1548.21,1913.43
7864,2506,951,2505.49,951.4,-5.139583,70.548958,96,25.87,14.22,46.25,22.23,45.13,62.32,692.97,63.39,moderate,1624.33,1883.93
7865,2514,956,2513.32,956.4,-5.64,71.331765,85,25.49,12.45,41.76,17.47,35.59,71.05,790.07,71.44,moderate,1673.77,1915.54
7866,2521,953,2522.15,952.19,-5.219388,72.215306,98,50.82,23.68,186.97,35.91,111.07,67.16,746.82,57.78,rough,1729.58,1888.97
7867,2532,957,2531.46,956.68,-5.66789,73.145872,109,162.87,29.03,332.55,64.45,235.6,57.66,641.18,53.91,rough,1788.37,1917.3
7868,2545,956,2544.67,954.49,-5.448696,74.466957,115,357.4,231.64,512.98,70.47,302.77,44.68,496.84,51.59,rough,1871.82,1903.46
7869,2555,955,2554.45,953.3,-5.32987,75.445455,77,500.85,335.94,721.43,72.1,388.93,35.1,390.28,48.74,rough,1933.62,1895.95
7870,2561,957,2561.89,955.19,-5.51875,76.189062,64,688.37,384.69,919.95,76.69,501.53,27.51,305.87,44.69,rough,1980.6,1907.88
7871,2571,957,2570.74,956.24,-5.624272,77.073786,103,901.75,659.41,1083.87,74.3,437.19,18.68,207.73,46.08,rough,2036.48,1914.55
7872,2582,957,2581.49,954.51,-5.45102,78.14898,98,585.01,113.42,1096.57,82.99,823.74,8.97,99.75,36.48,severe,2104.4,1903.6
7873,2591,956,2590.01,953.79,-5.378873,79.001408,71,8.55,-61.14,167.93,67.4,519.5,3.62,40.24,49.55,rough,2158.24,1899.05
7874,2600,951,2597.52,951.69,-5.168966,79.751724,29,53.04,-62.91,275.31,73.3,403.96,2.24,24.93,52.98,rough,2205.64,1885.79
7875,2614,954,2614.61,951.95,-5.194667,81.461333,75,264.02,-39.8,673.18,82.94,802.88,3.73,41.49,39.29,severe,2313.63,1887.41
7876,2625,951,2625.15,951.97,-5.196512,82.515116,86,533.29,113.11,968.03,83.63,887.94,9.08,100.98,34.77,severe,2380.2,1887.53
7877,2636,951,2636.11,952.05,-5.204505,83.610811,111,397.89,70.24,1004.52,80.78,809.49,9.95,110.68,37.91,severe,2449.41,1888.03
7878,2647,951,2646.57,952.89,-5.289216,84.656863,102,477.41,-112.06,1546.93,84.4,1860.47,5.31,59.03,34.96,severe,2515.48,1893.38
7879,2657,954,2655.61,955.87,-5.587013,85.561039,77,617.01,27.25,1092.94,85.06,1638.47,4.8,53.42,34.21,severe,2572.6,1912.19
7880,2660,952,2660.62,953.57,-5.357143,86.061905,21,124.05,-336.46,451.83,85.6,3365.51,1.69,18.76,37.19,severe,2604.24,1897.67
7981,2417,962,2416.93,963.38,-6.337805,61.692683,82,-42.82,-62.49,-22.83,17.8,40.02,5.8,64.53,75.21,easy,1064.9,1959.62
7982,2427,964,2426.86,963.58,-6.358,62.686,100,-22.91,-35.6,-4.26,12.31,28.45,15.28,169.88,84.56,easy,1127.64,1960.9
7983,2437,963,2436.99,962.95,-6.295192,63.699038,104,-11.14,-36.61,19.04,23.84,49.13,24.3,270.22,63.13,moderate,1191.63,1956.93
7984,2446,965,2445.16,965.75,-6.575309,64.516049,81,-1.54,-13.86,22.73,21.59,37.94,32.01,355.92,66.9,moderate,1243.24,1974.62
7985,2452,966,2453.95,965.55,-6.554918,65.395082,122,-11.89,-15.38,-5.89,6.49,18.44,37.4,415.89,93.58,easy,1298.77,1973.33
7986,2467,966,2466.28,966.87,-6.687402,66.628346,127,-8.76,-13.94,1.94,6.19,13.44,46.53,517.42,93.64,easy,1376.67,1981.7
7987,2477,965,2476.4,965.21,-6.52069,67.64023,87,1.54,-10.74,17.58,15.33,26.6,51.11,568.3,76.94,easy,1440.59,1971.17
7988,2485,966,2486.01,964.8,-6.48,68.60125,80,6.48,-4.89,28.8,15.94,49.03,57.2,636.05,74.73,easy,1501.29,1968.6
7989,2497,964,2496.71,965.05,-6.504762,69.671429,84,76.86,2.86,236.8,54.56,171.53,65.44,727.74,55.87,rough,1568.89,1970.17
7990,2504,962,2504.96,962.36,-6.236283,70.49646,113,55.44,14.88,229.07,46.97,130.99,69.68,774.84,56.97,rough,1621.01,1953.21
7991,2517,966,2516.48,966.01,-6.60122,71.647561,82,37.66,23.21,55.92,25.7,37.35,72.39,804.97,59.8,moderate,1693.72,1976.26
7992,2521,962,2523.27,962.66,-6.265591,72.326882,93,41.45,24.79,84.77,25.99,71.83,65.78,731.52,59.15,moderate,1736.63,1955.06
7993,2537,963,2534.67,964.47,-6.447312,73.466667,93,207.66,45.69,446.44,72.34,376.89,54.47,605.7,49.48,rough,1808.63,1966.54
7994,2541,964,2542.74,965.67,-6.567368,74.273684,95,434.04,222.33,593.63,74.45,381.51,46.51,517.16,48.59,rough,1859.61,1974.12
7995,2553,961,2552.08,962.14,-6.214458,75.208434,83,311.74,225.42,412.87,65.86,263.5,36.97,411.1,53.58,rough,1918.65,1951.83
7996,2561,963,2561.9,963.58,-6.357692,76.189744,78,469.21,325.68,701.75,74.26,429.11,27.23,302.8,48.2,rough,1980.64,1960.88
7997,2574,964,2573.5,965.02,-6.502222,77.35,90,703.81,492.23,1083.35,77.02,460.74,16.02,178.15,46.64,rough,2053.93,1970.01
7998,2582,962,2582.65,962.82,-6.281818,78.265152,66,624.63,-27.26,1032.69,81.29,810.82,6.66,74.02,36.82,severe,2111.74,1956.08
7999,2592,967,2589.56,967.31,-6.730556,78.955556,36,231.2,-48.53,718.2,83.81,991.85,2.47,27.52,36.53,severe,2155.35,1984.43
8000,2617,961,2619.74,960.96,-6.096491,81.973684,57,19.77,-59.55,198.32,69.62,407.55,2.99,33.29,53.01,rough,2345.99,1944.38
8001,2627,961,2627.45,960.59,-6.059375,82.744792,96,235.35,4.79,945.45,73.13,647.13,9.51,105.75,43.91,rough,2394.7,1942.03
8002,2632,967,2632.43,966.19,-6.619118,83.242647,68,284.09,84.14,498.14,76.6,592.6,10.22,113.6,45.28,rough,2426.15,1977.39
8003,2641,963,2641.98,962.12,-6.211538,84.197692,130,603.36,79.9,1059.82,83.1,1060.56,14.61,162.47,33.63,severe,2486.48,1951.64
8004,2656,966,2654.69,964.74,-6.474038,85.469231,104,427.03,105.6,871.54,81.08,914.35,10.4,115.6,34.9,severe,2566.8,1968.22
8005,2664,964,2664.3,964.6,-6.45974,86.42987,77,422.97,-59.83,897.01,81.91,1640.26,3.87,43.06,35.36,severe,2627.48,1967.32
8006,2674,964,2672.0,966.5,-6.65,87.2,30,117.34,-84.96,491.52,83.74,2012.86,2.33,25.95,37.18,severe,2676.13,1979.34
8113,2255,976,2257.67,975.4,-7.54,45.766667,15,-83.26,-161.26,15.02,69.83,448.17,1.0,11.12,51.99,rough,58.9,2035.56
8114,2262,979,2262.0,978.04,-7.803571,46.2,28,-30.36,-168.65,81.26,71.86,334.94,1.08,12.01,55.51,rough,86.27,2052.21
8115,2278,976,2278.07,978.36,-7.835714,47.807143,14,-52.44,-141.78,11.68,74.49,304.06,1.06,11.78,56.47,rough,187.79,2054.24
8116,2284,979,2284.29,979.43,-7.942857,48.428571,7,-69.91,-119.88,-33.13,77.93,439.3,1.0,11.12,52.27,rough,227.04,2061.01
8117,2409,975,2410.24,976.1,-7.609524,61.02381,21,-57.82,-63.56,-50.34,22.35,245.28,1.98,22.06,61.12,moderate,1022.65,2039.95
8118,2413,972,2414.48,971.2,-7.11954,61.448276,87,-45.05,-63.97,-27.52,18.06,66.21,5.33,59.24,73.97,easy,1049.46,2009.0
8119,2426,973,2424.41,973.12,-7.311702,62.441489,94,-16.32,-26.31,39.29,18.47,60.86,14.97,166.51,72.78,easy,1112.2,2021.14
8120,2433,973,2434.49,972.68,-7.267778,63.448889,90,36.37,-6.92,102.15,41.9,103.5,24.34,270.63,60.95,moderate,1175.83,2018.36
8121,2445,977,2444.4,976.61,-7.66129,64.439516,124,0.12,-18.86,100.48,29.61,70.65,33.09,367.97,61.6,moderate,1238.41,2043.22
8122,2455,977,2454.47,975.95,-7.594667,65.446667,75,8.15,-11.06,38.43,27.71,46.86,42.65,474.3,61.65,moderate,1302.03,2039.01
8123,2462,977,2463.53,976.16,-7.615741,66.352778,108,-0.11,-10.61,25.41,19.92,35.21,50.45,560.99,68.67,moderate,1359.26,2040.34
8124,2477,977,2475.77,976.57,-7.657282,67.576699,103,9.67,1.76,23.01,13.0,21.05,59.86,665.7,80.54,easy,1436.58,2042.97
8125,2483,971,2483.08,972.32,-7.232468,68.307792,77,14.51,7.93,21.6,12.26,27.14,60.78,675.89,81.56,easy,1482.76,2016.13
8126,2493,973,2493.48,974.09,-7.409091,69.347934,121,73.25,9.19,185.95,49.52,159.02,69.06,767.97,56.04,rough,1548.46,2027.29
8127,2505,976,2504.53,975.38,-7.537984,70.452713,129,101.51,30.57,257.58,55.78,196.35,77.76,864.66,54.14,rough,1618.25,2035.43
8128,2515,972,2514.41,973.12,-7.312245,71.440816,98,58.34,27.52,159.8,36.61,128.53,75.33,837.62,56.65,rough,1680.66,2021.17
8129,2524,977,2524.15,976.02,-7.601538,72.414615,130,109.79,34.15,363.73,51.26,219.78,66.44,738.82,54.12,rough,1742.17,2039.45
8130,2535,977,2535.26,975.44,-7.544444,73.525641,117,107.98,42.9,312.21,51.26,259.08,55.51,617.25,53.63,rough,1812.35,2035.84
8131,2547,977,2546.62,975.76,-7.575833,74.6625,120,265.03,54.48,438.47,70.96,314.01,44.67,496.68,51.76,rough,1884.17,2037.82
8132,2556,971,2555.62,971.85,-7.18547,75.562393,117,345.11,226.2,458.46,70.06,244.47,34.97,388.88,54.12,rough,1941.01,2013.16
8133,2566,972,2565.18,972.56,-7.25567,76.517526,97,462.7,240.8,774.33,79.19,435.5,26.18,291.17,48.1,rough,2001.34,2017.6
8134,2572,976,2572.8,976.12,-7.611538,77.279808,104,496.21,293.9,798.41,76.31,459.11,20.96,233.05,47.53,rough,2049.5,2040.08
8135,2583,971,2582.8,972.37,-7.237288,78.279661,118,790.16,487.01,1054.47,76.45,610.85,10.61,117.99,41.84,severe,2112.65,2016.44
8136,2594,973,2593.05,975.57,-7.556522,79.305435,92,560.02,-50.47,1111.15,82.75,970.59,4.56,50.66,34.55,severe,2177.45,2036.6
8137,2608,977,2604.88,979.2,-7.92,80.488,25,25.91,-55.87,208.04,73.91,398.6,1.64,18.19,53.34,rough,2252.15,2059.56
8138,2627,973,2626.16,971.38,-7.138182,82.616364,55,29.94,-57.04,188.75,70.84,338.86,2.53,28.15,55.12,rough,2386.59,2010.18
8139,2633,973,2633.59,974.23,-7.422857,83.358571,70,93.14,-49.0,305.33,68.23,470.77,6.15,68.35,50.42,rough,2433.47,2028.16
8140,2642,972,2642.19,971.91,-7.190909,84.219318,88,618.3,84.41,1144.97,81.66,940.36,13.34,148.29,33.63,severe,2487.85,2013.51
8141,2652,973,2651.98,973.35,-7.334694,85.197959,98,835.01,349.46,1190.75,83.57,921.95,14.4,160.09,32.34,severe,2549.66,2022.59
8142,2662,973,2662.45,973.09,-7.309412,86.244706,85,764.07,308.45,1077.33,82.16,737.06,11.1,123.42,38.03,severe,2615.78,2020.99
8143,2673,975,2673.09,975.11,-7.510784,87.308824,102,471.06,-72.64,793.89,82.21,1337.43,5.07,56.33,35.01,severe,2683.0,2033.71
8144,2685,978,2683.38,978.53,-7.85283,88.337736,53,263.14,-30.84,736.61,81.48,1732.19,2.73,30.32,36.34,severe,2747.99,2055.32
8251,2256,983,2258.21,984.58,-8.457895,45.821053,19,-38.96,-98.62,23.62,73.4,367.1,1.02,11.36,54.51,rough,62.33,2093.54
8252,2266,987,2264.69,986.31,-8.630769,46.469231,13,-83.09,-218.26,-14.46,77.13,335.69,1.0,11.12,55.49,rough,103.27,2104.46
8253,2274,984,2274.14,984.12,-8.411765,47.413725,51,17.85,-203.47,213.21,75.22,375.29,1.11,12.33,54.15,rough,162.94,2090.63
8254,2285,985,2283.77,986.0,-8.6,48.376923,13,-10.22,-113.45,95.73,82.09,587.72,1.22,13.54,47.63,rough,223.78,2102.52
8255,2302,989,2302.71,988.57,-8.857143,50.271429,14,-75.12,-126.38,-47.45,63.93,471.49,1.13,12.57,51.26,rough,343.45,2118.76
8256,2324,984,2325.3,986.3,-8.63,52.53,20,-41.89,-101.26,21.4,70.47,418.94,1.14,12.69,52.89,rough,486.12,2104.41
8257,2332,985,2332.48,986.82,-8.681818,53.247727,44,27.58,-113.68,342.87,76.72,1051.5,1.75,19.44,37.73,severe,531.45,2107.68
8258,2409,984,2410.55,984.9,-8.489655,61.055172,29,-59.25,-62.58,-54.69,14.69,116.87,1.46,16.24,78.56,easy,1024.63,2095.55
8259,2414,981,2415.22,980.83,-8.082609,61.521739,69,-41.71,-54.99,-27.35,17.11,32.67,5.82,64.71,76.66,easy,1054.1,2069.83
8260,2423,984,2423.01,984.75,-8.475,62.300893,112,-29.99,-44.42,-16.07,17.54,33.72,10.83,120.48,75.54,easy,1103.32,2094.62
8261,2431,981,2432.38,982.24,-8.224348,63.238261,115,1.86,-33.78,105.91,38.85,100.52,20.21,224.69,61.52,moderate,1162.53,2078.79
8262,2446,986,2444.77,986.25,-8.625439,64.477193,114,-16.02,-25.8,4.97,12.98,39.6,31.89,354.64,81.92,easy,1240.79,2104.12
8263,2457,983,2456.77,983.68,-8.368182,65.677273,66,-3.7,-13.46,21.6,25.34,43.52,43.94,488.66,61.72,moderate,1316.59,2087.87
8264,2465,987,2465.88,986.1,-8.609783,66.588043,92,21.42,-9.67,57.52,31.6,59.45,52.95,588.84,60.5,moderate,1374.13,2103.13
8265,2477,985,2476.17,984.87,-8.487234,67.617021,94,14.79,6.03,35.05,13.99,29.18,63.21,702.85,78.32,easy,1439.12,2095.39
8266,2487,985,2486.16,983.6,-8.360417,68.615625,96,22.54,4.58,85.21,27.87,84.62,71.01,789.58,58.51,moderate,1502.2,2087.38
8267,2492,987,2493.24,986.02,-8.602273,69.323864,88,81.26,21.84,192.98,55.37,197.95,77.34,860.06,54.23,rough,1546.94,2102.66
8268,2506,985,2504.54,985.01,-8.50101,70.453535,99,69.03,35.32,165.02,47.59,145.34,83.64,930.09,55.51,rough,1618.3,2096.26
8269,2513,986,2513.94,985.25,-8.52549,71.394118,102,169.71,42.28,476.73,65.21,350.74,78.65,874.56,48.89,rough,1677.71,2097.81
8270,2524,987,2523.49,985.95,-8.595385,72.349231,65,234.56,79.42,469.03,71.58,430.79,69.78,776.0,46.63,rough,1738.04,2102.22
8271,2532,983,2532.94,983.44,-8.34359,73.29359,78,139.75,50.88,405.71,60.67,480.63,60.08,668.09,46.26,rough,1797.7,2086.32
8272,2547,983,2546.19,984.11,-8.410843,74.619277,83,210.07,54.71,640.81,69.69,629.22,48.2,535.95,42.03,rough,1881.44,2090.57
8273,2556,986,2555.62,983.75,-8.375,75.561842,76,397.44,208.13,667.82,77.05,519.53,39.62,440.61,44.96,rough,1940.98,2088.3
8274,2562,987,2563.01,985.12,-8.511905,76.30119,84,640.78,312.91,977.49,80.98,623.73,34.01,378.19,40.72,severe,1987.68,2096.95
8275,2573,985,2572.77,985.12,-8.512264,77.277358,106,537.94,273.16,833.9,76.59,577.37,26.12,290.48,43.27,rough,2049.34,2096.97
8276,2583,986,2583.8,983.72,-8.371818,78.38,110,796.41,625.55,1107.85,74.11,424.27,16.65,185.09,47.21,rough,2118.99,2088.1
8277,2596,986,2595.84,984.55,-8.455462,79.584034,119,590.41,-1.89,1071.51,81.71,786.27,8.9,99.01,37.62,severe,2195.05,2093.39
8278,2607,986,2604.81,985.76,-8.575926,80.481481,54,160.18,-5.29,415.07,76.23,469.91,3.68,40.91,50.23,rough,2251.74,2101.0
8279,2610,982,2608.0,981.54,-8.153846,80.8,13,90.34,-37.69,205.12,78.61,342.75,1.96,21.81,54.7,rough,2271.86,2074.33
8280,2635,984,2636.52,981.65,-8.164583,83.652083,48,-14.51,-69.28,65.48,62.71,258.84,2.66,29.61,57.77,rough,2452.01,2075.01
8281,2645,981,2644.57,981.27,-8.126804,84.456701,97,115.14,-61.45,646.79,72.18,596.32,6.02,66.99,46.4,rough,2502.84,2072.63
8282,2653,984,2653.83,984.19,-8.419048,85.382857,105,111.9,-64.28,626.49,74.63,604.24,4.88,54.3,46.25,rough,2561.34,2091.09
8283,2664,981,2663.27,982.26,-8.225743,86.326733,101,407.32,-60.61,1050.22,80.8,785.95,7.54,83.85,38.75,severe,2620.97,2078.88
8284,2671,985,2671.19,984.25,-8.424658,87.119178,73,160.72,-37.36,500.48,77.8,623.77,5.98,66.54,45.29,rough,2671.02,2091.44
8285,2682,985,2681.99,984.31,-8.431081,88.198649,74,215.37,-118.89,500.92,78.22,698.08,4.66,51.79,42.76,rough,2739.21,2091.85
8286,2693,986,2690.93,986.71,-8.671429,89.092857,42,89.8,-62.96,412.99,79.35,918.06,1.72,19.1,37.38,severe,2795.69,2107.03
8397,2268,990,2269.83,989.25,-8.925,46.983333,12,-1.31,-121.69,87.98,77.52,343.4,1.1,12.27,55.24,rough,135.75,2123.05
8398,2274,993,2274.53,990.76,-9.076471,47.452941,17,-3.26,-123.81,157.62,74.14,417.8,1.11,12.32,52.93,rough,165.41,2132.61
8399,2284,990,2282.35,988.53,-8.852941,48.235294,17,34.63,-112.28,147.58,79.0,549.4,1.25,13.94,48.63,rough,214.83,2118.49
8400,2304,993,2305.03,993.53,-9.353333,50.503333,30,-63.25,-116.03,-27.18,54.87,251.42,1.08,12.04,58.11,moderate,358.1,2150.1
8401,2310,999,2309.67,999.75,-9.975,50.966667,12,-79.13,-97.46,-63.83,45.36,160.35,1.0,11.12,60.94,moderate,387.37,2189.37
8402,2329,995,2330.31,994.82,-9.482051,53.030769,39,82.56,-82.23,487.15,76.36,677.2,1.57,17.51,44.36,rough,517.75,2158.23
8403,2336,994,2336.36,994.13,-9.412857,53.635714,70,228.11,-99.22,625.52,79.97,721.13,2.42,26.88,42.12,rough,555.96,2153.86
8404,2344,994,2342.93,995.97,-9.596667,54.293333,30,144.78,-111.64,557.15,79.23,818.78,1.88,20.88,39.59,severe,597.5,2165.47
8405,2353,997,2352.07,1000.07,-10.006897,55.206897,29,21.44,-134.7,209.16,81.8,732.1,1.65,18.33,42.99,rough,655.21,2191.39
8406,2406,994,2408.11,993.66,-9.365789,60.810526,38,-54.77,-63.72,-47.32,18.6,200.05,2.59,28.85,69.05,moderate,1009.18,2150.89
8407,2415,993,2415.72,992.98,-9.298165,61.57156,109,-45.81,-57.96,-32.04,10.93,23.14,6.78,75.4,87.69,easy,1057.25,2146.62
8408,2427,997,2426.3,995.3,-9.530435,62.630435,92,-27.3,-42.8,-15.0,14.69,25.96,15.92,177.04,80.43,easy,1124.13,2161.29
8409,2435,995,2435.44,993.89,-9.389344,63.544262,122,-15.27,-26.12,-7.14,11.73,20.19,23.74,264.01,85.27,easy,1181.86,2152.38
8410,2445,997,2445.49,996.47,-9.646875,64.548958,96,-17.32,-23.18,-12.65,7.95,15.3,33.93,377.34,91.35,easy,1245.32,2168.64
8411,2454,991,2454.3,992.45,-9.24537,65.42963,108,-18.71,-22.45,-11.66,8.06,16.09,41.78,464.6,90.61,easy,1300.95,2143.28
8412,2465,993,2464.08,994.38,-9.438158,66.407895,76,-3.7,-18.48,26.15,19.34,43.02,51.66,574.47,69.37,moderate,1362.75,2155.46
8413,2473,995,2472.93,995.86,-9.585714,67.293333,105,23.33,2.68,61.17,22.37,71.27,60.68,674.77,62.46,moderate,1418.68,2164.78
8414,2481,993,2482.41,994.4,-9.43964,68.241441,111,103.44,10.01,438.28,54.63,340.39,69.87,776.99,50.17,rough,1478.57,2155.55
8415,2496,993,2496.17,993.86,-9.386325,69.617094,117,193.36,66.8,372.14,66.18,273.39,83.14,924.52,50.86,rough,1565.46,2152.19
8416,2507,995,2506.01,995.5,-9.550476,70.600952,105,58.15,34.72,192.63,29.9,220.93,88.44,983.45,52.9,rough,1627.61,2162.56
8417,2516,997,2516.45,996.49,-9.648684,71.644737,76,365.67,42.22,1248.09,67.15,1021.09,80.04,890.08,30.61,severe,1693.54,2168.76
8418,2523,992,2522.92,993.35,-9.335135,72.291892,74,413.45,78.04,1432.22,74.99,1016.58,73.17,813.7,30.8,severe,1734.42,2148.95
8419,2531,991,2531.79,992.34,-9.234043,73.178723,94,733.51,102.44,1280.06,83.93,1047.28,64.75,720.03,29.56,severe,1790.44,2142.57
8420,2542,992,2542.35,992.84,-9.283916,74.234965,143,862.01,334.6,1295.43,80.75,849.06,55.44,616.47,31.04,severe,1857.16,2145.72
8421,2556,991,2554.67,993.4,-9.34,75.466667,105,864.46,496.91,1340.08,80.41,695.84,44.92,499.52,36.49,severe,1934.96,2149.26
8422,2565,994,2565.22,995.3,-9.530172,76.522414,116,799.27,423.31,1254.74,77.25,580.44,35.54,395.18,41.08,severe,2001.65,2161.27
8423,2577,995,2576.13,994.68,-9.468421,77.613158,76,835.3,527.06,1050.36,78.75,490.52,25.35,281.9,44.35,rough,2070.55,2157.37
8424,2583,992,2583.92,992.51,-9.250649,78.392208,77,911.47,748.29,1154.81,72.62,354.08,18.99,211.15,48.59,rough,2119.76,2143.62
8425,2594,993,2593.89,994.18,-9.418018,79.389189,111,677.26,119.13,1113.42,79.76,781.36,10.14,112.81,37.21,severe,2182.74,2154.19
8426,2606,994,2604.28,993.87,-9.386765,80.427941,68,210.31,-3.51,439.42,78.74,533.19,3.83,42.62,47.97,rough,2248.35,2152.21
8427,2672,990,2671.52,988.87,-8.886957,87.152174,23,-40.75,-60.49,-0.39,59.53,271.73,1.76,19.57,57.43,rough,2673.11,2120.64
8428,2680,990,2678.74,988.35,-8.834783,87.873913,23,-37.89,-91.45,21.68,63.23,594.37,1.89,21.0,47.38,rough,2718.7,2117.35
8429,2696,995,2696.0,993.68,-9.367742,89.6,31,24.34,-497.91,180.18,82.42,1204.88,1.5,16.7,37.76,severe,2827.73,2151.01
8430,2700,995,2699.4,995.9,-9.59,89.94,10,2.46,-54.9,115.48,82.79,1317.46,1.24,13.8,37.9,severe,2849.21,2165.05
8542,2303,1003,2302.33,1004.14,-10.414286,50.233333,21,-58.19,-109.11,-29.08,65.27,288.49,1.19,13.28,56.95,rough,341.04,2217.12
8543,2312,1005,2310.33,1005.29,-10.528571,51.033333,21,-59.9,-81.94,-44.39,38.64,115.12,1.11,12.31,62.34,moderate,391.58,2224.34
8544,2328,1003,2330.0,1001.57,-10.157143,53.0,14,-31.5,-100.6,27.04,69.82,266.68,1.54,17.14,57.6,rough,515.81,2200.88
8545,2335,1004,2335.81,1003.05,-10.305172,53.581034,58,114.88,-91.64,479.51,76.98,566.14,2.72,30.19,47.56,rough,552.51,2210.23
8546,2344,1004,2343.29,1003.67,-10.367241,54.32931,58,208.83,-97.43,518.82,83.02,644.47,2.58,28.74,44.6,rough,599.77,2214.15
8547,2354,1007,2353.28,1006.55,-10.654878,55.328049,82,206.37,-50.82,506.48,83.05,662.24,2.2,24.49,44.09,rough,662.86,2232.32
8548,2364,1004,2364.9,1004.03,-10.403333,56.49,30,-65.0,-118.42,-28.59,64.9,256.51,1.25,13.89,57.94,rough,736.26,2216.43
8549,2378,1007,2379.41,1007.54,-10.753846,57.941026,39,-54.57,-73.98,-32.72,28.79,166.98,2.39,26.63,60.65,moderate,827.92,2238.57
8550,2385,1003,2385.83,1005.54,-10.553659,58.582927,41,-55.56,-68.65,-45.88,23.59,248.52,2.62,29.15,58.81,moderate,868.46,2225.92
8551,2394,1004,2394.54,1005.88,-10.588,59.454,50,-53.65,-63.73,-44.61,19.67,102.88,2.39,26.57,70.21,moderate,923.49,2228.09
8552,2406,1002,2407.36,1002.99,-10.298507,60.735821,67,-51.4,-65.28,-42.2,16.48,34.23,2.75,30.63,77.91,easy,1004.46,2209.81
8553,2415,1004,2415.22,1003.72,-10.372165,61.521649,97,-37.99,-44.5,-27.99,9.15,17.18,10.09,112.16,90.79,easy,1054.09,2214.46
8554,2426,1002,2424.75,1002.77,-10.276812,62.475362,69,-31.49,-37.22,-18.16,10.47,17.92,18.8,209.02,87.86,easy,1114.34,2208.44
8555,2432,1006,2433.18,1005.64,-10.563636,63.318182,88,-18.49,-30.0,-10.75,13.46,21.36,27.15,301.94,81.97,easy,1167.58,2226.55
8556,2445,1003,2444.7,1003.89,-10.388506,64.470115,87,-18.01,-23.19,-12.04,7.36,11.9,36.0,400.33,92.36,easy,1240.34,2215.49
8557,2456,1007,2455.3,1005.88,-10.5875,65.530208,96,-12.1,-20.69,28.44,14.74,29.6,46.41,516.13,78.19,easy,1307.3,2228.06
8558,2463,1004,2463.88,1003.48,-10.348333,66.3875,120,3.35,-20.92,44.58,19.75,59.14,53.55,595.52,68.02,moderate,1361.46,2212.95
8559,2477,1007,2475.91,1005.47,-10.546512,67.590698,86,102.84,15.69,351.86,59.92,350.53,65.61,729.6,50.14,rough,1437.46,2225.47
8560,2483,1007,2484.05,1005.05,-10.504545,68.404545,66,508.88,216.41,650.07,77.68,486.71,73.35,815.63,43.11,rough,1488.87,2222.82
8561,2492,1004,2492.92,1003.43,-10.342857,69.292481,133,438.36,227.7,778.1,75.93,528.69,81.65,907.98,41.64,severe,1544.96,2212.61
8562,2507,1007,2505.97,1006.65,-10.664948,70.596907,97,413.78,96.81,840.49,80.92,670.57,88.18,980.53,36.93,severe,1627.35,2232.95
8563,2512,1002,2512.54,1002.83,-10.283099,71.253521,71,389.85,59.24,1082.29,79.58,841.69,83.48,928.31,32.06,severe,1668.83,2208.83
8564,2523,1004,2522.7,1003.99,-10.398925,72.269892,93,776.73,304.84,1491.44,82.55,1049.24,73.43,816.57,28.74,severe,1733.03,2216.15
8565,2533,1004,2533.53,1003.5,-10.35,73.352778,144,1037.88,507.35,1630.37,83.02,900.45,63.26,703.42,27.94,severe,1801.44,2213.06
8566,2547,1005,2546.21,1003.86,-10.385827,74.62126,127,1218.26,915.5,1469.63,79.04,625.09,51.13,568.57,36.29,severe,1881.56,2215.32
8567,2554,1007,2554.73,1004.98,-10.497849,75.473118,93,1123.99,920.52,1417.42,76.56,493.17,42.74,475.25,41.49,severe,1935.37,2222.4
8568,2565,1006,2564.73,1004.57,-10.456977,76.473256,86,900.17,790.05,1020.04,69.76,358.71,33.61,373.75,47.54,rough,1998.55,2219.82
8569,2576,1002,2575.39,1002.95,-10.295,77.539,100,887.31,733.7,1146.29,72.55,372.64,24.3,270.25,47.8,rough,2065.87,2209.58
8570,2585,1003,2585.66,1003.2,-10.319828,78.566379,116,834.92,430.47,1125.19,78.76,648.79,14.41,160.19,40.16,severe,2130.76,2211.15
8571,2597,1006,2595.42,1004.44,-10.443836,79.542466,73,181.42,-59.18,723.34,78.77,736.61,4.86,54.02,41.74,severe,2192.42,2218.99
8572,2604,1002,2601.81,999.31,-9.930769,80.180769,26,57.21,-38.13,313.55,78.2,562.33,1.79,19.86,48.06,rough,2232.74,2186.58
8573,2705,1004,2704.9,1003.5,-10.35,90.49,10,-183.64,-688.39,-19.96,83.85,1719.11,1.0,11.12,37.93,severe,2883.95,2213.06
8574,2710,1008,2710.0,1008.0,-10.8,91.0,1,-385.95,-385.95,-385.95,85.16,2133.82,1.0,11.12,37.93,severe,2916.16,2241.48
8687,2305,1010,2306.73,1008.18,-10.818182,50.672727,11,-62.78,-85.04,-46.46,39.24,118.62,1.04,11.54,62.24,moderate,368.8,2242.63
8688,2311,1013,2311.4,1014.51,-11.451111,51.14,45,-53.13,-84.61,-35.35,43.65,98.57,1.3,14.46,62.85,moderate,398.31,2282.61
8689,2320,1016,2318.33,1015.53,-11.553333,51.833333,15,-76.27,-108.19,-60.92,40.9,107.12,1.0,11.12,62.6,moderate,442.11,2289.07
8690,2334,1016,2333.93,1015.41,-11.54058,53.392754,69,-48.28,-79.59,-25.87,39.79,81.23,1.46,16.24,63.38,moderate,540.61,2288.26
8691,2345,1016,2344.21,1016.05,-11.605263,54.421053,19,-62.25,-92.96,-13.5,53.53,160.09,1.07,11.85,60.95,moderate,605.57,2292.35
8692,2357,1016,2357.57,1018.54,-11.853571,55.757143,28,34.71,-58.18,120.36,73.71,279.41,2.51,27.88,56.94,rough,689.97,2308.04
8693,2361,1015,2363.59,1015.7,-11.569565,56.35942,69,47.78,-62.88,143.75,67.61,286.86,3.63,40.31,56.57,rough,728.01,2290.1
8694,2376,1011,2374.9,1013.29,-11.328571,57.48961,77,-17.26,-73.47,141.65,50.33,270.94,4.61,51.22,57.26,rough,799.4,2274.87
8695,2384,1015,2383.71,1015.31,-11.531461,58.370787,89,27.38,-50.99,313.67,54.97,282.76,9.67,107.5,56.4,rough,855.06,2287.69
8696,2392,1012,2392.28,1012.44,-11.244444,59.227778,90,-39.84,-52.13,-18.23,17.98,54.92,8.61,95.77,74.25,easy,909.2,2269.56
8697,2403,1014,2402.87,1013.9,-11.390265,60.286726,113,-34.06,-57.7,-17.43,16.6,28.8,7.1,79.01,77.57,easy,976.09,2278.77
8698,2412,1014,2411.77,1014.43,-11.443137,61.177451,102,-22.46,-42.55,-9.59,16.05,27.58,11.16,124.12,78.31,easy,1032.35,2282.11
8699,2421,1012,2421.48,1011.74,-11.174194,62.148387,93,-19.79,-38.39,0.54,18.1,32.1,18.16,201.97,74.11,easy,1093.68,2265.12
8700,2432,1013,2432.41,1013.74,-11.373958,63.240625,96,-1.97,-22.58,3.16,10.61,27.52,29.12,323.82,86.64,easy,1162.68,2277.74
8701,2444,1012,2443.31,1012.26,-11.226263,64.331313,99,-7.75,-22.25,5.95,15.37,49.69,38.85,431.99,76.97,easy,1231.57,2268.41
8702,2452,1014,2452.24,1015.37,-11.537,65.224,100,-8.15,-18.74,47.45,22.28,97.47,48.1,534.85,62.76,moderate,1287.96,2288.04
8703,2463,1015,2462.85,1014.89,-11.48932,66.285437,103,42.19,-9.8,145.56,45.17,148.75,57.2,636.08,57.32,rough,1355.01,2285.03
8704,2474,1013,2472.95,1012.95,-11.295181,67.295181,83,187.1,28.92,460.48,71.15,338.61,65.37,726.88,50.06,rough,1418.79,2272.76
8705,2483,1011,2483.11,1013.29,-11.328788,68.310606,66,422.46,231.9,557.71,73.14,392.65,74.91,833.03,46.41,rough,1482.93,2274.89
8706,2491,1015,2490.91,1014.77,-11.477011,69.090805,87,519.53,281.61,958.15,74.27,588.74,82.76,920.34,39.24,severe,1532.22,2284.25
8707,2501,1014,2500.74,1013.84,-11.383654,70.074038,104,835.7,386.18,1205.89,83.42,804.07,89.57,995.98,30.31,severe,1594.33,2278.35
8708,2511,1015,2511.35,1015.04,-11.50396,71.134653,101,928.76,290.02,1485.82,83.25,1093.17,81.72,908.67,27.33,severe,1661.32,2285.95
8709,2523,1012,2523.14,1012.69,-11.268519,72.313889,108,996.75,405.87,1634.22,83.88,1048.57,70.8,787.33,27.67,severe,1735.81,2271.08
8710,2536,1015,2534.44,1014.22,-11.421918,73.443836,73,1099.18,830.11,1448.41,79.76,666.94,59.48,661.4,35.1,severe,1807.19,2280.77
8711,2541,1014,2542.78,1013.54,-11.353684,74.277895,95,1088.91,766.65,1446.43,80.69,635.74,51.56,573.35,36.66,severe,1859.87,2276.46
8712,2556,1013,2555.18,1014.56,-11.45641,75.517949,117,1170.73,802.98,1523.03,81.5,631.74,39.34,437.46,37.14,severe,1938.2,2282.95
8713,2566,1011,2565.08,1012.05,-11.205085,76.508475,59,1118.76,854.43,1421.19,79.13,518.44,30.63,340.58,41.54,severe,2000.77,2267.07
8714,2571,1013,2571.94,1013.46,-11.345556,77.194444,90,1087.23,841.7,1345.72,72.2,471.15,23.7,263.58,43.65,rough,2044.1,2275.95
8715,2581,1015,2580.79,1014.87,-11.486957,78.07913,115,768.51,323.16,1166.17,80.6,689.89,14.98,166.6,39.22,severe,2099.99,2284.88
8716,2592,1013,2591.39,1013.15,-11.315152,79.139394,99,220.4,58.66,567.08,74.92,533.17,6.39,71.01,47.75,rough,2166.96,2274.02
8717,2600,1010,2598.14,1010.57,-11.057143,79.814286,21,60.32,-56.93,263.29,79.28,419.05,1.77,19.67,52.51,rough,2209.59,2257.73
8718,2714,1015,2716.33,1016.33,-11.633333,91.633333,3,-1157.7,-1437.82,-958.21,87.86,2464.99,1.0,11.12,37.93,severe,2956.17,2294.12
8824,2254,1025,2254.0,1026.0,-12.6,45.4,4,-78.67,-85.76,-72.71,38.49,169.39,1.0,11.12,60.66,moderate,35.73,2355.19
8825,2264,1028,2264.13,1030.23,-13.023333,46.413333,30,119.08,-68.46,489.34,84.0,885.29,1.62,17.98,37.68,severe,99.74,2381.93
8826,2278,1027,2277.53,1028.93,-12.893333,47.753333,15,300.11,11.32,548.25,85.12,860.84,1.92,21.29,37.4,severe,184.39,2373.71
8827,2281,1027,2280.91,1028.64,-12.863636,48.090909,11,176.78,-0.81,426.03,86.26,995.8,1.66,18.44,36.9,severe,205.71,2371.84
8828,2308,1024,2310.26,1025.52,-12.551852,51.025926,27,-50.12,-67.11,-30.2,41.77,100.31,1.77,19.73,62.76,moderate,391.11,2352.14
8829,2317,1026,2315.87,1026.81,-12.680769,51.586538,52,-52.3,-99.07,-27.34,30.85,73.21,1.81,20.14,63.6,moderate,426.52,2360.29
8830,2327,1024,2328.4,1025.2,-12.52,52.84,40,-36.68,-82.17,-6.96,45.37,96.44,2.11,23.51,62.86,moderate,505.7,2350.13
8831,2334,1025,2333.61,1025.46,-12.545902,53.360656,61,-34.79,-67.53,-9.49,35.12,66.95,3.07,34.15,63.71,moderate,538.59,2351.77
8832,2345,1024,2344.34,1025.72,-12.57234,54.434043,47,-40.69,-80.78,-8.85,43.91,94.64,1.58,17.62,62.95,moderate,606.39,2353.44
8833,2354,1025,2354.12,1025.39,-12.539394,55.412121,66,-14.67,-64.27,53.69,49.53,174.44,3.76,41.81,60.32,moderate,668.17,2351.36
8834,2363,1026,2363.13,1026.02,-12.602222,56.313333,90,114.99,37.21,289.36,64.64,228.86,10.92,121.38,57.51,rough,725.1,2355.33
8835,2371,1023,2372.01,1022.72,-12.272263,57.20073,137,255.52,-15.37,624.11,74.88,450.03,11.85,131.81,49.77,rough,781.15,2334.48
8836,2385,1024,2384.46,1024.23,-12.422807,58.446491,114,347.69,8.61,646.42,77.81,559.5,17.96,199.72,45.44,rough,859.85,2343.99
8837,2396,1022,2395.21,1022.31,-12.231429,59.520952,105,-22.69,-40.64,33.94,27.54,115.72,16.55,184.05,61.3,moderate,927.72,2331.9
8838,2402,1027,2402.66,1026.38,-12.638235,60.265686,102,-16.91,-30.8,-9.99,11.59,39.24,19.49,216.72,85.21,easy,974.76,2357.6
8839,2415,1025,2413.95,1025.38,-12.537719,61.394737,114,-10.26,-22.82,20.03,15.38,40.22,21.1,234.6,78.43,easy,1046.08,2351.25
8840,2422,1021,2422.26,1021.22,-12.121978,62.226374,91,-3.4,-12.78,35.88,15.59,61.33,23.3,259.11,77.25,easy,1098.61,2324.99
8841,2431,1023,2431.18,1024.13,-12.413333,63.118333,120,69.07,2.21,225.24,45.44,167.92,32.31,359.29,58.23,moderate,1154.95,2343.39
8842,2442,1023,2442.52,1022.26,-12.225862,64.251724,116,103.38,1.48,270.93,63.96,232.18,41.51,461.64,55.43,rough,1226.55,2331.55
8843,2455,1027,2455.39,1025.34,-12.534314,65.539216,102,269.7,-10.84,656.08,77.17,501.72,54.61,607.3,45.23,rough,1307.87,2351.04
8844,2466,1023,2465.71,1023.22,-12.321739,66.570652,92,197.56,32.83,639.36,72.27,518.27,63.51,706.26,44.53,rough,1373.03,2337.61
8845,2475,1021,2475.73,1022.2,-12.220354,67.572566,113,256.78,119.84,461.13,73.33,336.87,71.97,800.33,49.28,rough,1436.31,2331.2
8846,2486,1025,2485.47,1025.27,-12.527049,68.546721,122,290.11,172.95,430.76,70.67,298.17,82.01,911.97,49.62,rough,1497.85,2350.58
8847,2495,1022,2495.48,1023.11,-12.311111,69.548485,99,424.22,225.63,922.24,76.44,574.43,89.78,998.34,39.76,severe,1561.13,2336.94
8848,2506,1026,2506.87,1025.28,-12.528155,70.687379,103,578.0,313.77,956.82,77.4,688.07,84.28,937.24,35.72,severe,1633.07,2350.65
8849,2517,1022,2515.95,1023.12,-12.311957,71.594565,92,1176.51,790.63,1649.84,81.71,794.16,75.68,841.59,29.63,severe,1690.37,2336.99
8850,2523,1022,2523.3,1022.29,-12.228947,72.330263,76,1392.78,991.4,1680.46,79.09,640.01,68.57,762.5,33.68,severe,1736.85,2331.75
8851,2532,1022,2531.74,1022.21,-12.22093,73.174419,86,1174.24,881.48,1509.79,77.56,600.56,60.29,670.43,36.69,severe,1790.17,2331.24
8852,2541,1022,2542.1,1022.81,-12.281188,74.209901,101,969.47,755.25,1256.76,77.21,450.89,50.03,556.35,43.18,rough,1855.58,2335.05
8853,2555,1026,2554.72,1025.03,-12.502655,75.471681,113,1189.83,806.83,1761.16,79.43,750.82,37.26,414.32,33.46,severe,1935.28,2349.04
8854,2564,1023,2563.65,1022.88,-12.28835,76.365049,103,1469.23,1137.3,1850.01,80.12,703.76,29.08,323.36,33.9,severe,1991.71,2335.5
8855,2572,1025,2573.26,1024.07,-12.406931,77.325743,101,1068.48,622.75,1457.07,80.08,768.62,19.52,217.1,34.78,severe,2052.4,2342.99
8856,2587,1023,2586.05,1022.55,-12.255172,78.604598,87,392.39,110.52,646.98,78.08,599.39,7.68,85.42,44.63,rough,2133.18,2333.4
8857,2594,1024,2592.55,1022.77,-12.277419,79.254839,31,146.57,-31.84,328.6,77.83,568.04,1.89,21.0,47.38,rough,2174.25,2334.81
8858,2724,1025,2724.6,1025.6,-12.56,92.46,5,-668.2,-820.71,-498.65,88.41,2839.99,1.0,11.12,37.93,severe,3008.39,2352.66
8970,2257,1034,2256.26,1034.31,-13.431081,45.625676,74,410.65,-69.15,773.64,83.33,916.51,3.25,36.18,35.47,severe,49.99,2407.68
8971,2263,1036,2263.7,1035.7,-13.569643,46.369643,56,418.31,-37.53,741.79,83.21,990.21,2.85,31.7,35.46,severe,96.98,2416.44
8972,2274,1034,2272.77,1033.5,-13.35,47.276786,56,317.49,-27.78,583.66,84.56,832.28,2.18,24.19,38.18,severe,154.29,2402.56
8973,2280,1034,2279.68,1032.53,-13.252632,47.968421,19,174.66,-64.38,514.03,85.3,861.87,1.92,21.36,38.08,severe,197.97,2396.41
8974,2306,1033,2306.2,1035.27,-13.526667,50.62,15,-63.22,-72.7,-58.4,18.34,56.95,1.0,11.12,74.06,easy,365.47,2413.72
8975,2311,1036,2312.57,1036.39,-13.639241,51.256962,79,-51.37,-60.84,-28.38,16.42,31.5,3.09,34.32,78.08,easy,405.7,2420.83
8976,2321,1031,2321.92,1032.88,-13.287755,52.191837,98,-44.58,-71.93,-32.26,18.17,40.92,4.21,46.85,74.65,easy,464.76,2398.63
8977,2337,1032,2336.27,1032.86,-13.285714,53.626786,112,-38.63,-57.62,-20.17,19.11,97.15,7.13,79.26,71.06,moderate,555.4,2398.5
8978,2346,1036,2345.86,1034.71,-13.470886,54.586076,79,47.28,-42.37,194.84,66.41,267.62,5.36,59.64,57.05,rough,615.99,2410.2
8979,2355,1033,2355.27,1033.27,-13.326582,55.526582,79,57.49,-42.51,172.17,55.45,188.37,5.26,58.44,59.47,moderate,675.4,2401.08
8980,2364,1036,2363.47,1035.29,-13.528571,56.346753,77,161.39,73.51,259.16,58.3,225.24,13.21,146.89,57.2,rough,727.21,2413.84
8981,2374,1036,2374.38,1034.09,-13.409,57.438,100,193.86,51.41,461.38,68.16,329.86,22.16,246.41,53.17,rough,796.14,2406.29
8982,2385,1033,2385.08,1032.6,-13.259615,58.507692,104,155.94,-8.51,542.66,68.16,416.75,25.67,285.49,50.45,rough,863.71,2396.85
8983,2396,1037,2396.05,1036.05,-13.605319,59.605319,94,15.33,-18.34,54.4,40.2,76.04,29.6,329.16,61.57,moderate,933.05,2418.69
8984,2405,1034,2405.81,1033.93,-13.393182,60.580682,88,21.09,-18.7,84.59,43.03,92.35,27.13,301.74,61.2,moderate,994.66,2405.29
8985,2416,1037,2415.7,1036.01,-13.601493,61.570149,67,48.7,5.13,90.91,44.48,76.89,31.35,348.67,61.24,moderate,1057.16,2418.45
8986,2422,1034,2423.86,1033.61,-13.360976,62.386179,123,62.97,-4.59,118.65,38.09,100.37,33.34,370.7,60.3,moderate,1108.7,2403.25
8987,2437,1037,2436.08,1036.98,-13.698261,63.607826,115,176.31,57.64,381.19,60.24,220.62,43.98,489.11,55.21,rough,1185.87,2424.56
8988,2441,1031,2441.95,1031.61,-13.161111,64.19537,108,227.87,73.37,368.2,68.42,236.94,45.3,503.71,54.33,rough,1222.99,2390.63
8989,2453,1031,2452.73,1033.33,-13.333028,65.273394,109,215.68,67.26,502.89,68.94,374.67,55.46,616.7,49.43,rough,1291.08,2401.49
8990,2467,1032,2466.3,1031.77,-13.177358,66.630189,106,646.96,212.48,1085.42,81.22,739.07,67.12,746.34,34.89,severe,1376.79,2391.66
8991,2472,1037,2473.1,1036.49,-13.649254,67.310448,67,863.09,297.04,1385.08,82.99,893.36,75.19,836.07,28.34,severe,1419.76,2421.46
8992,2481,1036,2480.64,1034.62,-13.461538,68.064423,104,545.58,314.66,1125.81,74.99,580.72,81.53,906.6,39.43,severe,1467.38,2409.61
8993,2493,1036,2493.77,1035.32,-13.532174,69.376522,115,339.74,231.16,480.86,66.73,276.42,92.09,1024.03,49.35,rough,1550.27,2414.07
8994,2503,1031,2503.06,1032.96,-13.295763,70.305932,118,563.9,217.88,866.89,77.41,518.67,87.2,969.72,40.88,severe,1608.97,2399.13
8995,2517,1036,2516.05,1035.03,-13.502655,71.60531,113,855.32,716.19,1071.49,71.7,342.07,74.11,824.09,45.61,rough,1691.05,2412.2
8996,2526,1031,2525.51,1031.18,-13.117978,72.550562,89,1057.15,926.7,1152.58,68.61,347.1,65.03,723.11,44.92,rough,1750.76,2387.9
8997,2534,1033,2535.01,1032.42,-13.241837,73.50102,98,1259.04,1046.43,1617.75,76.3,521.52,55.45,616.6,39.0,severe,1810.8,2395.73
8998,2547,1031,2546.21,1031.19,-13.119266,74.621101,109,1382.97,932.9,1869.19,80.27,730.8,44.54,495.25,32.52,severe,1881.55,2387.99
8999,2555,1036,2556.29,1034.79,-13.47931,75.628736,87,1607.19,1187.87,1980.37,82.13,799.61,34.06,378.76,29.81,severe,1945.2,2410.73
9000,2567,1036,2566.39,1035.65,-13.564706,76.638824,85,1154.85,834.15,1498.76,81.54,702.65,23.97,266.59,36.05,severe,2009.01,2416.12
9001,2572,1032,2573.38,1032.84,-13.284091,77.3375,88,802.12,465.73,1329.76,80.51,738.04,17.49,194.45,37.36,severe,2053.14,2398.4
9002,2584,1031,2582.3,1031.6,-13.159794,78.229897,97,453.07,57.97,902.73,79.47,707.82,9.13,101.54,40.82,severe,2109.51,2390.55
9003,2590,1032,2589.17,1032.12,-13.212195,78.917073,41,57.02,-55.59,342.67,78.19,600.73,2.54,28.26,46.82,rough,2152.92,2393.86
9004,2728,1035,2728.0,1035.0,-13.5,92.8,1,-1058.06,-1058.06,-1058.06,87.9,2791.28,1.0,11.12,37.93,severe,3029.86,2412.04
9005,2731,1039,2730.92,1040.42,-14.041667,93.091667,12,-319.24,-671.66,-57.54,86.92,3083.84,1.03,11.5,37.93,severe,3048.29,2446.25
9120,2254,1044,2253.4,1041.64,-14.164286,45.340476,42,233.87,-95.77,637.55,85.0,999.03,2.67,29.7,36.51,severe,31.97,2454.0
9121,2264,1046,2265.5,1047.0,-14.7,46.55,8,-98.43,-127.68,-79.01,64.5,255.92,1.0,11.12,57.97,rough,108.38,2487.84
9122,2279,1049,2280.0,1050.27,-15.027273,48.0,33,-38.78,-91.91,-16.67,40.04,147.79,2.86,31.8,61.21,moderate,199.97,2508.51
9123,2285,1048,2287.26,1048.27,-14.827397,48.726027,73,-34.78,-68.64,-22.08,24.13,90.27,3.98,44.29,62.93,moderate,245.83,2495.88
9124,2297,1042,2296.89,1044.5,-14.45,49.689024,82,-47.34,-70.69,-34.33,20.33,57.4,3.6,39.99,70.4,moderate,306.66,2472.04
9125,2307,1044,2306.02,1043.53,-14.353448,50.601724,58,-47.66,-61.66,-34.95,12.96,34.3,3.74,41.61,84.0,easy,364.31,2465.95
9126,2312,1045,2313.69,1044.99,-14.498701,51.368831,77,-35.88,-48.42,-11.61,27.13,37.03,8.76,97.38,64.26,moderate,412.77,2475.12
9127,2325,1043,2324.15,1042.04,-14.20396,52.414851,101,-39.12,-48.99,17.5,17.12,52.65,12.65,140.64,75.56,easy,478.84,2456.5
9128,2332,1043,2332.79,1042.88,-14.287826,53.27913,115,22.48,-45.51,243.79,51.79,217.22,15.52,172.59,58.08,moderate,533.44,2461.8
9129,2345,1042,2343.64,1043.07,-14.307407,54.364198,81,228.79,-10.86,368.34,73.31,333.0,13.13,145.97,53.48,rough,601.98,2463.04
9130,2351,1041,2352.99,1042.27,-14.226966,55.298876,89,148.61,89.93,214.32,58.6,192.77,10.8,120.08,58.45,moderate,661.02,2457.96
9131,2366,1041,2364.54,1043.73,-14.373148,56.453704,108,128.76,18.16,290.68,66.62,237.53,18.21,202.53,56.67,rough,733.97,2467.19
9132,2373,1041,2373.63,1043.23,-14.323457,57.362963,81,101.57,53.1,179.0,51.82,156.87,25.41,282.53,58.85,moderate,791.4,2464.05
9133,2385,1041,2383.52,1042.18,-14.218478,58.352174,92,73.18,-4.01,139.67,50.07,131.74,32.93,366.22,59.29,moderate,853.89,2457.42
9134,2391,1041,2392.07,1042.39,-14.238889,59.206944,72,11.93,-7.32,43.15,28.57,67.58,36.39,404.67,61.4,moderate,907.88,2458.71
9135,2405,1043,2404.81,1043.26,-14.326374,60.481319,91,33.5,12.85,63.4,29.07,63.61,36.36,404.33,61.41,moderate,988.38,2464.24
9136,2414,1041,2413.88,1042.31,-14.231081,61.387838,74,51.86,17.67,86.44,36.61,66.32,36.75,408.71,61.19,moderate,1045.64,2458.22
9137,2425,1046,2424.57,1045.04,-14.504444,62.456667,90,89.49,61.39,158.72,30.36,77.06,43.33,481.78,60.21,moderate,1113.16,2475.48
9138,2433,1046,2432.44,1046.0,-14.6,63.24433,97,125.72,52.92,183.8,45.04,128.77,48.35,537.68,58.06,moderate,1162.91,2481.52
9139,2442,1047,2442.54,1044.77,-14.477381,64.253571,84,190.44,108.41,304.86,64.92,225.92,54.07,601.21,54.3,rough,1226.66,2473.77
9140,2454,1045,2453.74,1043.64,-14.363971,65.373529,136,108.07,39.15,334.38,58.91,289.73,61.87,687.97,52.25,rough,1297.41,2466.61
9141,2467,1041,2464.72,1041.17,-14.116667,66.472222,90,645.57,211.68,1230.9,83.52,897.98,69.72,775.29,29.78,severe,1366.81,2450.99
9142,2472,1045,2473.22,1046.53,-14.652885,67.322115,104,970.27,372.85,1464.28,83.97,921.18,79.77,887.02,27.22,severe,1420.49,2484.86
9143,2485,1041,2484.08,1041.8,-14.180263,68.407895,76,695.36,436.4,1208.59,76.81,706.81,87.37,971.57,34.27,severe,1489.08,2455.01
9144,2491,1044,2492.74,1044.31,-14.430952,69.27381,84,525.37,302.43,778.15,73.33,493.63,94.36,1049.3,41.4,severe,1543.78,2470.84
9145,2506,1047,2504.75,1044.98,-14.497619,70.475,84,634.17,419.91,861.56,74.19,436.96,85.36,949.2,43.15,rough,1619.65,2475.05
9146,2512,1044,2512.47,1043.2,-14.320408,71.246939,98,858.77,704.34,1164.87,71.05,416.62,77.58,862.74,43.04,rough,1668.42,2463.86
9147,2524,1042,2524.0,1042.83,-14.283333,72.4,108,960.82,692.61,1302.65,77.13,507.29,66.06,734.58,40.41,severe,1741.25,2461.52
9148,2533,1041,2532.76,1042.47,-14.247368,73.275789,95,804.07,243.54,1172.34,78.48,680.92,57.31,637.28,36.47,severe,1796.57,2459.25
9149,2541,1042,2541.74,1043.26,-14.325735,74.173529,136,841.88,195.7,1598.7,81.73,872.5,48.4,538.19,30.89,severe,1853.28,2464.2
9150,2553,1041,2551.89,1041.93,-14.193182,75.188636,88,1196.18,775.59,1581.22,79.82,708.46,38.15,424.27,34.69,severe,1917.4,2455.82
9151,2563,1043,2563.16,1043.73,-14.373404,76.315957,94,1100.74,873.33,1371.32,74.61,474.48,27.03,300.54,43.24,rough,1988.61,2467.21
9152,2574,1045,2574.3,1044.37,-14.437302,77.430159,126,703.01,449.45,929.15,74.67,482.9,16.13,179.36,45.95,rough,2058.99,2471.24
9153,2587,1042,2584.8,1042.07,-14.207216,78.480412,97,267.1,-58.77,591.45,78.39,567.56,5.68,63.22,46.46,rough,2125.33,2456.71
9154,2591,1046,2589.04,1047.04,-14.703704,78.903704,27,188.11,-51.63,402.29,80.17,631.28,3.34,37.09,45.08,rough,2152.07,2488.07
9155,2611,1046,2611.0,1046.0,-14.6,81.1,1,-128.02,-128.02,-128.02,52.35,147.81,1.0,11.12,61.33,moderate,2290.81,2481.52
9156,2734,1047,2733.11,1045.0,-14.5,93.311111,9,-149.79,-415.49,0.91,85.76,2710.21,1.05,11.63,37.93,severe,3062.15,2475.2
9268,2255,1057,2256.75,1059.75,-15.975,45.675,4,-88.31,-101.98,-73.3,33.94,139.67,1.0,11.12,61.59,moderate,53.1,2568.37
9269,2268,1057,2270.32,1058.14,-15.813636,47.031818,22,-56.23,-102.6,-33.09,34.82,94.7,1.12,12.46,62.98,moderate,138.81,2558.18
9270,2275,1054,2276.15,1055.58,-15.557692,47.615385,52,-34.08,-91.19,-14.81,32.4,91.0,3.2,35.59,62.96,moderate,175.67,2542.01
9271,2286,1056,2286.5,1055.94,-15.59375,48.65,80,-22.57,-27.46,-15.29,7.34,17.45,10.38,115.38,93.92,easy,241.03,2544.29
9272,2297,1057,2296.99,1055.29,-15.528866,49.698969,97,-29.16,-35.36,-21.73,7.33,15.6,13.5,150.08,93.79,easy,307.29,2540.19
9273,2305,1051,2304.73,1051.84,-15.184375,50.472917,96,-30.41,-41.45,-12.9,17.75,26.05,11.12,123.69,75.39,easy,356.18,2518.43
9274,2315,1055,2314.75,1055.03,-15.502632,51.475,76,-31.6,-43.2,-11.48,18.89,37.12,17.23,191.58,72.64,easy,419.48,2538.54
9275,2321,1051,2322.33,1051.31,-15.130556,52.233333,108,-13.2,-45.71,74.46,34.05,86.79,19.01,211.38,62.03,moderate,467.38,2515.03
9276,2336,1055,2333.54,1054.51,-15.451064,53.354255,94,123.38,15.28,203.81,57.29,166.09,26.13,290.53,58.4,moderate,538.18,2535.28
9277,2341,1052,2341.92,1051.41,-15.141,54.192,100,204.31,111.47,276.22,59.03,196.24,21.28,236.63,57.33,rough,591.1,2515.69
9278,2353,1053,2353.75,1052.84,-15.284472,55.375155,161,209.0,49.68,379.1,66.61,291.14,21.37,237.65,54.34,rough,665.84,2524.76
9279,2367,1057,2365.93,1054.85,-15.485,56.593333,120,80.27,44.03,115.22,38.62,90.32,27.49,305.65,60.91,moderate,742.79,2537.42
9280,2377,1054,2376.69,1052.2,-15.22,57.668571,105,77.06,46.43,108.57,34.1,71.48,32.8,364.77,61.16,moderate,810.71,2520.68
9281,2387,1052,2386.54,1051.83,-15.182979,58.654255,94,32.87,-3.12,88.01,40.95,121.31,40.76,453.31,59.32,moderate,872.97,2518.35
9282,2394,1054,2394.15,1053.91,-15.390909,59.414773,88,103.05,24.33,300.49,51.23,197.51,46.62,518.47,56.17,rough,921.01,2531.48
9283,2402,1051,2402.28,1051.08,-15.107843,60.228431,102,72.35,27.67,171.82,48.76,135.76,44.12,490.63,58.43,moderate,972.41,2513.6
9284,2414,1052,2412.87,1052.94,-15.29386,61.286842,114,124.45,60.94,197.51,49.43,137.99,46.87,521.17,57.88,rough,1039.26,2525.35
9285,2421,1052,2421.73,1053.45,-15.345263,62.172632,95,124.83,71.11,188.52,40.01,91.07,49.8,553.72,59.15,moderate,1095.22,2528.6
9286,2437,1055,2435.68,1055.12,-15.511579,63.568421,95,178.59,128.14,262.3,51.22,116.95,57.69,641.48,57.51,rough,1183.38,2539.1
9287,2444,1051,2445.22,1051.99,-15.198684,64.522368,76,235.89,119.57,303.29,56.17,173.49,61.08,679.25,55.2,rough,1243.64,2519.34
9288,2453,1057,2452.9,1055.51,-15.551389,65.290278,72,154.33,103.8,256.06,52.25,168.18,68.92,766.42,55.3,rough,1292.15,2541.62
9289,2461,1052,2461.73,1051.52,-15.151786,66.173214,112,149.05,47.13,423.01,66.38,354.54,72.96,811.35,49.27,rough,1347.92,2516.37
9290,2473,1057,2472.91,1056.03,-15.602521,67.290756,119,449.73,91.75,1158.09,78.84,748.24,84.64,941.24,34.55,severe,1418.51,2544.85
9291,2487,1051,2485.52,1051.47,-15.147368,68.551754,114,1043.79,630.19,1430.58,81.25,706.13,92.89,1032.92,31.97,severe,1498.17,2516.1
9292,2495,1056,2495.04,1057.02,-15.701835,69.50367,109,1166.08,822.88,1382.73,79.6,640.73,96.01,1067.65,33.11,severe,1558.3,2551.12
9293,2501,1051,2501.01,1051.55,-15.155208,70.101042,96,778.56,455.66,1167.71,79.07,646.43,89.57,996.07,35.54,severe,1596.03,2516.59
9294,2512,1052,2512.24,1053.94,-15.393694,71.224324,111,1108.64,793.07,1410.5,81.0,698.17,78.72,875.41,32.79,severe,1666.99,2531.66
9295,2523,1054,2522.24,1053.66,-15.365789,72.223684,114,924.31,192.83,1418.86,82.51,1012.81,68.83,765.42,28.21,severe,1730.11,2529.89
9296,2531,1056,2532.51,1055.06,-15.506429,73.251429,140,228.61,119.45,863.47,65.52,503.54,59.04,656.52,45.11,rough,1795.03,2538.78
9297,2547,1056,2545.27,1054.9,-15.489516,74.526613,124,319.24,156.14,699.16,68.41,521.76,46.66,518.9,44.86,rough,1875.58,2537.71
9298,2555,1051,2554.22,1050.4,-15.03956,75.421978,91,951.2,585.62,1267.24,80.27,662.45,36.86,409.9,37.58,severe,1932.14,2509.29
9299,2561,1054,2562.76,1054.56,-15.456034,76.275862,116,865.61,546.97,1228.58,79.77,590.91,29.95,333.0,40.75,severe,1986.08,2535.59
9300,2576,1053,2574.82,1053.84,-15.384167,77.4825,120,733.14,504.56,891.26,71.13,345.77,18.39,204.47,49.89,rough,2062.3,2531.05
9301,2583,1057,2582.65,1056.66,-15.666316,78.265263,95,647.87,442.76,738.75,65.86,327.89,12.1,134.56,51.35,rough,2111.74,2548.88
9302,2592,1051,2591.1,1053.62,-15.361765,79.110294,68,354.05,0.24,730.75,83.36,799.38,3.54,39.33,38.9,severe,2165.12,2529.64
9303,2634,1059,2634.0,1060.25,-16.025,83.4,36,-12.42,-65.6,49.86,60.21,164.23,2.04,22.65,60.75,moderate,2436.09,2571.53
9304,2641,1059,2641.89,1060.79,-16.078723,84.189362,47,-5.32,-52.29,37.22,53.76,206.98,2.91,32.4,59.37,moderate,2485.95,2574.93
9305,2653,1059,2651.92,1060.2,-16.02,85.192,25,-39.66,-66.63,-3.26,60.37,422.46,1.72,19.08,52.74,rough,2549.29,2571.22
9306,2734,1054,2734.79,1053.86,-15.385714,93.478571,14,-154.1,-720.4,26.9,83.05,2452.8,1.03,11.45,37.93,severe,3072.73,2531.15
9307,2742,1056,2740.5,1053.75,-15.375,94.05,4,-332.47,-369.47,-294.61,74.4,3290.16,1.0,11.12,37.93,severe,3108.82,2530.47
9442,2254,1067,2257.73,1066.2,-16.62,45.773333,15,-65.44,-79.33,-56.02,32.67,54.99,1.19,13.22,64.21,moderate,59.32,2609.12
9443,2266,1064,2265.33,1063.45,-16.345455,46.533333,33,-62.41,-82.61,-50.57,30.25,68.54,1.24,13.74,63.79,moderate,107.32,2591.78
9444,2275,1064,2274.95,1063.94,-16.393651,47.495238,63,-19.17,-48.94,4.48,26.96,62.3,4.93,54.83,63.73,moderate,168.08,2594.82
9445,2282,1063,2282.55,1063.4,-16.339759,48.255422,83,-9.84,-23.54,8.53,17.36,31.36,11.84,131.71,75.85,easy,216.1,2591.42
9446,2294,1062,2293.46,1063.14,-16.313793,49.345977,87,-14.79,-24.28,-3.84,12.99,19.8,19.52,217.05,83.34,easy,284.99,2589.78
9447,2304,1065,2303.81,1065.55,-16.555263,50.380702,114,-16.09,-31.57,22.65,16.81,55.08,24.52,272.65,75.23,easy,350.35,2605.03
9448,2312,1062,2312.25,1063.09,-16.308571,51.224762,105,28.79,-37.82,224.04,47.95,187.8,23.38,260.01,58.44,moderate,403.67,2589.45
9449,2323,1063,2324.01,1063.32,-16.332168,52.401399,143,53.61,-21.74,213.39,48.31,153.75,29.41,327.07,58.95,moderate,477.99,2590.94
9450,2337,1062,2335.01,1063.37,-16.336957,53.501087,92,73.25,19.45,166.75,53.58,124.82,34.18,380.1,59.43,moderate,547.46,2591.24
9451,2342,1063,2343.82,1063.04,-16.304082,54.381633,98,74.87,28.43,232.85,50.66,147.89,31.76,353.19,58.86,moderate,603.08,2589.16
9452,2356,1065,2355.57,1064.57,-16.456557,55.557377,122,60.87,32.95,95.39,43.52,104.67,33.03,367.34,60.2,moderate,677.35,2598.79
9453,2365,1064,2365.28,1065.4,-16.540404,56.528283,99,69.53,48.85,98.39,32.55,53.02,36.42,404.97,61.53,moderate,738.68,2604.09
9454,2374,1061,2373.69,1062.65,-16.265,57.36875,80,60.06,35.36,99.66,39.39,66.98,38.21,424.91,61.03,moderate,791.77,2586.69
9455,2381,1061,2382.03,1062.24,-16.223762,58.20297,101,56.44,15.66,206.96,52.51,176.01,43.44,483.05,57.31,rough,844.46,2584.09
9456,2392,1065,2392.07,1065.22,-16.521951,59.206504,123,269.14,110.54,472.96,65.85,276.73,52.9,588.25,52.35,rough,907.85,2602.92
9457,2402,1061,2402.82,1062.19,-16.218519,60.282222,135,289.43,48.52,553.39,72.2,351.36,55.19,613.76,49.76,rough,975.8,2583.76
9458,2415,1066,2415.55,1064.92,-16.491538,61.554615,130,194.2,110.64,475.89,55.19,286.55,59.15,657.76,52.05,rough,1056.18,2601.0
9459,2427,1063,2426.77,1063.42,-16.342282,62.677181,149,146.68,114.36,199.12,39.68,96.52,60.93,677.57,58.11,moderate,1127.09,2591.58
9460,2437,1063,2436.15,1065.25,-16.525,63.615,80,176.41,128.52,220.72,42.49,92.28,66.57,740.27,57.7,rough,1186.33,2603.12
9461,2441,1063,2443.05,1064.38,-16.438462,64.305495,91,230.22,173.42,283.33,50.1,121.8,69.47,772.47,56.28,rough,1229.94,2597.65
9462,2452,1061,2451.42,1063.32,-16.331959,65.142268,97,233.22,150.21,301.6,53.27,141.66,73.67,819.21,55.37,rough,1282.8,2590.92
9463,2462,1062,2462.57,1062.8,-16.279839,66.257258,124,129.36,53.42,276.34,56.79,202.48,80.97,900.35,53.58,rough,1353.23,2587.63
9464,2477,1063,2475.95,1063.57,-16.357377,67.595082,61,197.55,64.08,498.99,73.38,558.04,91.56,1018.13,41.42,severe,1437.74,2592.53
9465,2482,1062,2483.36,1060.92,-16.09186,68.336047,86,718.23,191.77,1185.92,83.87,880.54,95.98,1067.28,28.17,severe,1484.54,2575.76
9466,2492,1067,2491.73,1065.44,-16.543529,69.172941,85,644.99,178.94,1120.62,82.47,831.81,100.5,1117.55,29.79,severe,1537.41,2604.29
9467,2505,1066,2504.43,1063.82,-16.382075,70.443396,106,1080.56,664.93,1304.92,80.71,774.37,88.35,982.42,29.94,severe,1617.66,2594.09
9468,2514,1067,2513.76,1066.07,-16.607292,71.376042,96,439.71,86.21,1017.33,78.97,835.94,80.02,889.86,32.18,severe,1676.57,2608.32
9469,2522,1065,2522.72,1064.52,-16.451923,72.272115,104,207.68,107.05,705.82,60.52,481.2,71.01,789.61,45.13,rough,1733.17,2598.5
9470,2535,1065,2534.14,1064.4,-16.439583,73.413542,96,202.03,169.2,226.5,35.63,86.26,60.14,668.81,58.17,moderate,1805.27,2597.72
9471,2541,1067,2541.49,1066.01,-16.601449,74.149275,69,230.22,177.91,280.27,49.86,100.99,53.68,596.89,57.98,rough,1851.75,2607.95
9472,2551,1062,2551.7,1062.46,-16.245745,75.170213,94,305.0,196.72,630.54,59.47,373.66,42.9,477.03,49.8,rough,1916.24,2585.48
9473,2561,1066,2561.42,1064.18,-16.418,76.142,100,372.09,198.49,807.96,70.43,453.57,34.3,381.44,47.51,rough,1977.62,2596.36
9474,2573,1067,2573.77,1065.67,-16.567424,77.377273,132,645.35,379.41,926.99,75.1,393.37,24.01,267.02,48.53,rough,2055.65,2605.8
9475,2587,1063,2586.3,1063.46,-16.346392,78.629897,97,728.34,575.51,881.6,71.53,367.35,12.05,134.03,49.67,rough,2134.78,2591.83
9476,2594,1066,2594.19,1064.56,-16.455696,79.418987,79,575.52,-25.88,901.14,81.8,852.3,5.02,55.83,35.91,severe,2184.62,2598.74
9477,2600,1069,2598.88,1069.76,-16.976471,79.888235,34,275.52,-35.19,739.4,85.39,1042.13,2.45,27.27,36.29,severe,2214.26,2631.64
9478,2629,1064,2630.31,1065.19,-16.51875,83.03125,32,-51.32,-62.3,-36.41,30.95,121.03,2.07,23.01,62.1,moderate,2412.8,2602.72
9479,2636,1067,2636.67,1066.44,-16.64386,83.666667,57,-22.24,-44.28,9.77,29.69,105.29,6.81,75.78,62.27,moderate,2452.94,2610.62
9480,2647,1067,2646.76,1067.51,-16.75119,84.67619,84,45.41,-1.52,118.26,51.98,159.63,9.42,104.78,60.15,moderate,2516.7,2617.4
9481,2653,1064,2654.86,1065.27,-16.52716,85.48642,81,36.99,-57.3,132.36,60.71,224.14,5.31,59.01,58.46,moderate,2567.88,2603.25
9482,2667,1068,2664.81,1067.44,-16.744444,86.480952,63,146.98,-58.53,596.97,76.34,626.78,3.29,36.61,45.45,rough,2630.71,2616.98
9483,2674,1067,2674.69,1069.31,-16.930952,87.469048,42,306.44,-23.64,586.79,82.25,696.2,2.81,31.28,42.43,rough,2693.12,2628.76
9484,2686,1069,2684.08,1069.51,-16.951282,88.407692,39,79.73,-40.97,331.7,76.74,494.67,2.51,27.94,49.99,rough,2752.41,2630.04
9485,2692,1069,2693.23,1069.43,-16.943333,89.323333,30,-52.53,-85.92,-32.33,44.12,372.13,1.52,16.91,54.32,rough,2810.25,2629.54
9486,2702,1067,2703.2,1068.0,-16.8,90.32,5,-630.26,-1359.18,-80.28,83.71,2524.3,1.0,11.12,37.93,severe,2873.21,2620.49
9487,2737,1060,2736.06,1059.88,-15.9875,93.60625,16,-50.68,-465.4,112.23,83.56,2704.0,1.11,12.39,37.93,severe,3080.79,2569.16
9488,2740,1065,2739.12,1065.0,-16.5,93.9125,8,-69.23,-137.27,-1.92,73.64,1638.14,1.0,11.12,37.93,severe,3100.14,2601.54
9625,2256,1078,2256.0,1080.0,-18.0,45.6,3,-80.29,-89.13,-67.06,34.74,125.18,1.0,11.12,62.04,moderate,48.37,2696.29
9626,2262,1079,2264.29,1080.0,-18.0,46.429412,51,-24.43,-73.79,8.64,52.67,152.39,2.69,29.9,61.08,moderate,100.76,2696.29
9627,2273,1071,2274.11,1072.86,-17.286111,47.411111,108,2.17,-67.22,32.06,35.38,92.11,5.29,58.87,62.77,moderate,162.77,2651.19
9628,2287,1072,2285.72,1072.49,-17.249153,48.572034,118,-0.66,-21.76,30.7,23.06,39.82,16.41,182.53,65.32,moderate,236.1,2648.86
9629,2295,1074,2295.77,1073.32,-17.332258,49.577419,93,-3.74,-9.05,5.61,13.59,20.78,26.31,292.55,81.82,easy,299.61,2654.11
9630,2306,1077,2306.64,1076.62,-17.661864,50.663559,118,5.54,-15.0,59.34,27.51,85.33,35.09,390.15,60.98,moderate,368.22,2674.93
9631,2317,1076,2315.39,1074.89,-17.488889,51.538889,90,102.83,-7.69,259.3,61.18,205.45,35.52,394.98,56.66,rough,423.51,2664.0
9632,2322,1075,2323.14,1073.77,-17.377381,52.314286,84,75.06,40.07,175.21,42.63,123.38,37.54,417.46,59.24,moderate,472.49,2656.96
9633,2333,1076,2333.16,1074.84,-17.484444,53.316296,135,57.94,24.32,88.46,32.53,56.83,43.58,484.58,61.0,moderate,535.78,2663.72
9634,2345,1073,2344.0,1073.26,-17.326415,54.4,106,59.15,28.14,118.16,38.6,70.26,41.79,464.73,60.7,moderate,604.24,2653.74
9635,2351,1073,2352.31,1073.16,-17.315663,55.231325,83,66.37,29.55,106.04,47.38,72.79,41.25,458.69,60.61,moderate,656.75,2653.06
9636,2364,1077,2364.55,1075.46,-17.546296,56.45463,108,57.68,34.99,76.27,26.7,48.03,45.63,507.42,61.14,moderate,734.03,2667.63
9637,2376,1075,2375.41,1074.11,-17.411382,57.54065,123,72.33,26.91,300.23,45.76,193.04,48.77,542.34,56.34,rough,802.63,2659.11
9638,2385,1075,2384.67,1074.84,-17.483636,58.467273,110,282.49,79.74,450.35,68.41,297.37,54.57,606.82,51.52,rough,861.16,2663.67
9639,2393,1076,2393.59,1074.95,-17.495455,59.359091,88,394.05,286.65,535.33,62.99,224.86,60.59,673.75,52.75,rough,917.49,2664.42
9640,2406,1076,2404.88,1075.08,-17.507921,60.488119,101,585.04,437.25,747.37,66.05,281.27,67.67,752.51,49.45,rough,988.81,2665.21
9641,2412,1072,2412.78,1072.77,-17.276699,61.27767,103,448.84,226.95,702.06,70.81,403.65,66.43,738.68,46.49,rough,1038.68,2650.6
9642,2427,1077,2424.47,1075.14,-17.514286,62.446753,77,282.08,158.38,382.34,62.75,194.46,71.19,791.66,53.62,rough,1112.53,2665.61
9643,2431,1077,2432.27,1075.0,-17.5,63.226506,83,214.62,141.33,264.04,52.72,134.4,73.7,819.5,55.7,rough,1161.79,2664.71
9644,2447,1077,2445.62,1075.05,-17.504717,64.562264,106,237.92,170.99,311.59,54.35,124.02,79.82,887.59,55.48,rough,1246.16,2665.0
9645,2454,1076,2454.38,1074.28,-17.427835,65.438144,97,283.37,225.94,306.66,35.62,84.54,84.09,935.09,56.17,rough,1301.49,2660.15
9646,2464,1074,2464.17,1074.12,-17.412403,66.417054,129,236.05,148.59,324.88,50.01,150.4,90.19,1002.93,53.98,rough,1363.32,2659.17
9647,2474,1071,2473.25,1072.09,-17.208772,67.324561,114,116.41,47.65,197.67,50.85,150.71,95.08,1057.24,54.32,rough,1420.65,2646.31
9648,2482,1072,2482.69,1073.61,-17.361417,68.269291,127,106.96,39.64,282.23,58.18,257.49,103.13,1146.76,50.51,rough,1480.33,2655.95
9649,2494,1071,2494.92,1072.92,-17.291667,69.491667,108,275.35,43.27,749.64,73.4,607.15,100.02,1112.22,38.89,severe,1557.54,2651.55
9650,2506,1071,2505.75,1073.0,-17.3,70.574713,87,323.44,53.58,908.29,76.62,793.01,89.78,998.33,33.52,severe,1625.95,2652.07
9651,2516,1077,2514.78,1077.52,-17.752128,71.47766,94,140.74,69.47,211.23,51.95,181.72,82.64,918.95,54.05,rough,1682.99,2680.63
9652,2522,1073,2523.58,1073.64,-17.363529,72.357647,85,137.24,89.24,203.8,49.94,115.78,73.07,812.5,56.75,rough,1738.58,2656.08
9653,2535,1074,2534.02,1073.87,-17.387097,73.402151,93,207.55,127.9,289.05,46.76,115.17,63.31,704.0,57.03,rough,1804.55,2657.57
9654,2546,1071,2546.67,1071.98,-17.197826,74.667391,92,286.74,236.71,369.28,54.41,126.39,50.93,566.34,57.06,rough,1884.48,2645.62
9655,2556,1074,2555.43,1075.01,-17.500901,75.543243,111,286.8,211.89,375.68,56.09,152.13,44.37,493.37,56.7,rough,1939.8,2664.76
9656,2563,1071,2563.62,1071.86,-17.186364,76.362121,66,329.17,237.89,429.61,60.74,289.77,35.8,398.15,52.75,rough,1991.53,2644.89
9657,2571,1074,2572.27,1074.88,-17.488,77.227,100,474.87,323.49,613.04,67.47,255.85,28.65,318.64,53.46,rough,2046.16,2663.95
9658,2587,1075,2584.72,1074.5,-17.449573,78.471795,117,512.74,414.97,679.45,70.84,311.81,16.9,187.98,52.29,rough,2124.79,2661.52
9659,2593,1074,2593.7,1074.6,-17.46,79.37,70,814.29,585.77,1000.21,79.45,636.37,8.96,99.61,41.02,severe,2181.53,2662.18
9660,2603,1076,2602.19,1077.17,-17.717308,80.219231,52,392.27,-57.62,972.16,83.03,1004.76,3.11,34.62,35.59,severe,2235.17,2678.43
9661,2616,1078,2615.95,1080.29,-18.029268,81.595122,41,-10.27,-62.54,125.22,63.15,217.52,2.21,24.52,59.09,moderate,2322.08,2698.14
9662,2625,1074,2627.02,1075.26,-17.526,82.702,50,66.8,-60.71,289.02,70.65,362.1,2.79,31.02,54.17,rough,2392.0,2666.35
9663,2636,1073,2634.64,1073.49,-17.349254,83.464179,67,68.16,-34.25,286.48,66.3,288.12,7.71,85.76,56.14,rough,2440.15,2655.18
9664,2641,1074,2642.33,1074.2,-17.42029,84.233333,69,133.07,0.2,392.89,71.23,359.63,14.08,156.6,53.12,rough,2488.73,2659.67
9665,2656,1076,2656.5,1074.92,-17.491743,85.649541,109,26.33,-58.03,143.79,60.27,248.07,6.91,76.82,57.67,rough,2578.19,2664.18
9666,2667,1072,2666.68,1073.91,-17.390541,86.667568,74,205.34,-63.37,528.62,74.44,543.83,3.97,44.2,47.66,rough,2642.49,2657.79
9667,2677,1077,2677.68,1075.44,-17.544118,87.767647,68,318.97,48.89,527.72,80.37,568.55,4.84,53.86,46.19,rough,2711.98,2667.49
9668,2687,1073,2686.22,1074.59,-17.458621,88.622414,58,4.13,-50.57,238.66,55.78,414.43,5.33,59.27,52.73,rough,2765.98,2662.09
9669,2694,1075,2693.09,1075.48,-17.548485,89.309091,33,-56.57,-70.26,-45.23,28.6,224.84,1.41,15.73,58.91,moderate,2809.35,2667.77
9670,2700,1076,2699.75,1077.25,-17.725,89.975,8,-132.6,-342.64,-70.42,65.72,1127.02,1.0,11.12,37.93,severe,2851.42,2678.92
9671,2739,1070,2740.0,1072.5,-17.25,94.0,16,-90.15,-432.36,87.25,83.72,2317.58,1.19,13.25,37.92,severe,3105.66,2648.91
9672,2747,1074,2745.37,1074.71,-17.470732,94.536585,41,-38.5,-235.05,9.03,54.57,1294.81,1.74,19.38,37.88,severe,3139.56,2662.86
9673,2750,1079,2748.0,1079.57,-17.956522,94.8,23,-30.31,-148.53,13.07,58.67,1381.89,2.51,27.93,37.83,severe,3156.2,2693.54
9862,2676,1080,2676.5,1079.54,-17.953846,87.65,26,216.95,-21.1,445.39,86.18,699.92,1.48,16.51,42.91,rough,2704.55,2693.37
