burg_candidate_rank,cell_id,x,y,lat,lon,settlement_desirability,population_estimate,local_population_radius_sum,connectivity_score,strategic_score,burg_candidate_score,coastal_flag,water_flag
1,1690,2324.0,892.0,10.563652,81.625487,0.98278,405.89,5466.17,0.9912,89.2459,90.0577,True,True
2,3687,346.53,2432.1,-13.81769,50.320276,0.96263,388.35,7567.93,0.9847,87.9241,88.7008,True,True
3,1906,2157.02,1034.03,8.315217,78.982088,0.95296,372.62,7670.3,0.9762,87.087,87.8322,True,True
4,3621,383.76,2400.5,-13.317376,50.909643,0.9418,376.51,8991.78,0.9822,86.5472,87.3002,True,True
5,2093,1441.94,1271.48,4.556148,67.661686,0.94595,371.05,6987.15,0.977,86.5176,87.2597,True,True
6,2071,1432.17,1225.97,5.276617,67.507,0.93775,365.03,6760.66,0.975,85.8634,86.5934,True,True
7,686,2014.67,351.0,19.128211,76.728438,0.93618,386.64,5457.78,0.9815,85.7145,86.4878,True,True
8,1867,2208.84,1019.14,8.550857,79.802397,0.93243,358.33,7326.76,0.9716,85.4857,86.2023,True,True
9,1239,2248.92,619.7,14.874501,80.436927,0.9266,347.56,6827.31,0.9653,84.894,85.5891,True,True
10,1826,2210.82,963.76,9.427654,79.833662,0.92146,342.2,8490.83,0.9628,84.6733,85.3577,True,True
11,1982,2093.64,1096.47,7.326702,77.978708,0.92499,333.44,7222.92,0.9553,84.6447,85.3116,True,False
12,2841,1028.64,1980.03,-6.6609,61.118615,0.92462,345.8,5695.73,0.9645,84.6047,85.2963,True,True
13,2072,1457.39,1223.94,5.308698,67.906205,0.91996,339.9,7100.16,0.9614,84.3786,85.0584,True,True
14,2492,1234.52,1725.38,-2.629488,64.37792,0.9185,335.73,6152.88,0.9587,84.1131,84.7845,True,False
15,1980,2031.75,1083.07,7.538857,76.998921,0.91192,339.39,5973.19,0.9633,83.7006,84.3794,True,True
16,2301,1376.18,1521.11,0.604194,66.620496,0.91369,326.63,6126.73,0.9532,83.6651,84.3184,True,False
17,1946,2111.55,1063.02,7.856284,78.262217,0.90874,325.66,8048.73,0.9539,83.5454,84.1967,True,False
18,1983,2178.5,1087.5,7.468696,79.32208,0.90558,374.0,5603.39,0.9641,83.2156,83.9636,True,True
19,1139,1137.4,571.6,15.635973,62.840525,0.90613,367.55,5040.78,0.9639,83.1852,83.9203,True,True
20,2050,1439.12,1196.98,5.735587,67.616984,0.90485,323.34,7104.23,0.9532,83.1416,83.7883,True,False
21,1692,2377.86,895.03,10.515672,82.478168,0.90598,359.01,3589.21,0.9631,82.9891,83.7071,True,True
22,1981,2073.85,1089.15,7.442645,77.665351,0.90321,319.65,6924.74,0.9508,82.9599,83.5992,True,False
23,2191,1428.06,1412.32,2.326435,67.441939,0.90459,321.27,5897.25,0.9516,82.9537,83.5962,True,False
24,4103,122.4,2593.06,-16.365843,46.772086,0.89789,335.94,8748.85,0.9569,82.9014,83.5733,True,True
25,620,2096.81,345.0,19.223197,78.028887,0.89813,368.89,5495.28,0.9598,82.5878,83.3255,True,True
26,3688,378.31,2417.95,-13.593645,50.823305,0.8963,324.93,7773.13,0.9552,82.6411,83.291,True,False
27,4363,53.0,2696.0,-17.99543,45.673339,0.89873,371.17,3870.72,0.9603,82.4494,83.1917,True,True
28,3324,849.52,2224.06,-10.524201,58.283026,0.89832,325.99,4321.67,0.9563,82.4014,83.0534,True,False
29,3327,937.87,2221.19,-10.478716,59.68174,0.89796,313.8,5761.05,0.9478,82.3907,83.0183,True,False
30,3078,1020.42,2086.22,-8.342059,60.988495,0.89525,328.93,5900.16,0.9549,82.34,82.9979,True,True
31,2360,1345.51,1594.88,-0.563591,66.135057,0.89783,305.16,6494.47,0.9412,82.3493,82.9596,True,False
32,1782,2249.34,931.58,9.937083,80.443548,0.89353,315.58,7161.95,0.9503,82.2821,82.9133,True,False
33,2165,1470.52,1366.83,3.046685,68.11411,0.89265,312.46,7980.14,0.9482,82.2761,82.901,True,False
34,2023,1395.9,1155.76,6.388142,66.932734,0.89404,302.04,5899.38,0.9398,81.9815,82.5856,True,False
35,3266,996.62,2194.24,-10.052134,60.611792,0.88929,330.71,6340.23,0.9518,81.908,82.5694,True,True
36,3328,990.5,2216.62,-10.406299,60.514854,0.88873,335.89,6206.92,0.952,81.854,82.5257,True,True
37,2244,1395.03,1449.46,1.738482,66.91893,0.89045,316.7,5572.81,0.9513,81.8921,82.5255,True,False
38,4449,2820.02,2685.54,-17.829813,89.477895,0.88961,361.82,3437.97,0.9546,81.6383,82.3619,True,True
39,2116,1464.67,1290.57,4.253894,68.021518,0.88272,348.44,6796.23,0.9497,81.4504,82.1473,True,True
40,3009,1022.38,2056.58,-7.872768,61.019492,0.88712,305.47,5466.2,0.9443,81.5123,82.1233,True,False
41,2391,1343.43,1618.25,-0.933577,66.102039,0.88824,292.17,6414.97,0.9337,81.5143,82.0986,True,False
42,2192,1461.65,1397.1,2.56746,67.973627,0.88245,325.39,6774.52,0.9476,81.3908,82.0416,True,True
43,2117,1480.34,1284.84,4.344637,68.269477,0.8806,332.43,7735.08,0.9473,81.3638,82.0286,True,True
44,2094,1456.17,1262.6,4.696678,67.886904,0.88439,298.65,6722.72,0.9397,81.3816,81.9789,True,False
45,2893,1027.01,2002.5,-7.016616,61.092836,0.88447,302.04,5468.4,0.9423,81.2866,81.8907,True,False
46,2650,1081.98,1850.94,-4.61728,61.96313,0.88556,300.21,4797.61,0.9406,81.2552,81.8556,True,False
47,2423,1300.25,1658.25,-1.566853,65.418582,0.88188,301.09,6522.45,0.9422,81.2235,81.8256,True,False
48,1825,2181.77,979.76,9.174361,79.373864,0.87561,292.88,9253.01,0.9375,81.0076,81.5934,True,False
49,2142,1490.27,1331.9,3.599627,68.426802,0.87412,298.51,8232.16,0.9409,80.8407,81.4377,True,False
50,619,2012.95,345.62,19.213454,76.701241,0.87611,355.05,4865.15,0.9468,80.6946,81.4047,True,True
51,4271,52.83,2684.83,-17.81865,45.6707,0.8759,361.75,4103.71,0.9472,80.5972,81.3207,True,True
52,2605,1107.51,1826.57,-4.231532,62.367221,0.87466,296.77,4963.14,0.9408,80.4938,81.0874,True,False
53,1799,1369.21,993.3,8.959996,66.510287,0.87363,299.43,5444.14,0.9407,80.4753,81.0742,True,False
54,1640,2279.96,847.1,11.274476,80.928237,0.87043,287.58,6657.03,0.9347,80.2785,80.8536,True,False
55,1365,2292.53,675.35,13.993454,81.127244,0.87051,283.6,6738.71,0.9316,80.2373,80.8045,True,False
56,2088,1951.05,1236.15,5.115414,75.72134,0.87051,306.62,4790.04,0.9396,80.1536,80.7669,True,False
57,2272,1378.07,1494.82,1.020482,66.650533,0.86864,299.81,5848.42,0.938,80.1144,80.714,True,False
58,3751,305.43,2456.5,-14.203849,49.669612,0.86652,303.95,7143.06,0.9373,80.1007,80.7086,True,False
59,2745,1054.22,1910.7,-5.563299,61.523638,0.87095,280.88,5868.97,0.9293,80.1263,80.6881,True,False
60,2110,1947.02,1271.46,4.556377,75.65758,0.86844,318.39,4674.78,0.9395,79.9882,80.625,True,False
61,3550,38.45,2355.85,-12.610523,45.442998,0.8684,358.2,2367.11,0.9428,79.7733,80.4897,True,True
62,4025,123.44,2579.75,-16.155047,46.788457,0.85853,333.88,9323.62,0.9354,79.7484,80.4161,True,True
63,2422,1275.95,1669.06,-1.73794,65.033783,0.86571,278.69,6398.4,0.9289,79.804,80.3614,True,False
64,3753,368.16,2442.7,-13.985376,50.662614,0.86119,292.08,7508.56,0.9333,79.6882,80.2724,True,False
65,2330,1370.85,1553.42,0.092753,66.536147,0.86604,272.34,6298.12,0.9238,79.724,80.2687,True,False
66,2012,1984.0,1120.34,6.948829,76.242997,0.86424,278.28,6197.84,0.9289,79.6755,80.2321,True,False
67,2111,1990.38,1284.73,4.346304,76.344004,0.86472,293.09,4579.22,0.9353,79.6347,80.2209,True,False
68,1800,1392.61,980.64,9.160471,66.880724,0.86485,278.92,5394.39,0.9293,79.6312,80.1891,True,False
69,1535,2285.24,778.56,12.359542,81.011868,0.8652,275.93,5452.95,0.9268,79.6189,80.1708,True,False
70,4357,2827.08,2672.54,-17.624027,89.589718,0.85904,340.04,3255.6,0.9362,79.0855,79.7656,True,True
71,1689,2274.9,876.25,10.813007,80.848179,0.85615,276.99,6829.99,0.9292,79.1725,79.7264,True,False
72,2024,1420.52,1169.22,6.174998,67.322459,0.85654,264.66,6433.82,0.9201,78.9884,79.5177,True,False
73,1866,2198.92,1022.42,8.49893,79.64529,0.8512,309.02,7065.44,0.9293,78.8444,79.4625,True,False
74,3147,1016.16,2129.8,-9.031885,60.921068,0.8523,269.83,5971.91,0.9253,78.7224,79.2621,True,False
75,1865,2155.23,1005.12,8.772891,78.953711,0.84695,258.24,8866.01,0.9173,78.5342,79.0507,True,False
76,2606,1135.29,1811.15,-3.987435,62.806996,0.84896,269.14,5316.82,0.9246,78.3936,78.9319,True,False
77,1074,1112.08,554.55,15.90576,62.439613,0.84747,296.09,4891.92,0.9261,78.2635,78.8557,True,False
78,1305,2283.66,656.42,14.293169,80.986893,0.84712,262.81,6090.25,0.9209,78.2855,78.8111,True,False
79,1737,2266.05,900.87,10.423216,80.708115,0.84512,261.32,7107.25,0.9202,78.2486,78.7712,True,False
80,1240,2266.07,641.65,14.526967,80.708337,0.84358,275.69,6974.09,0.9222,78.1583,78.7097,True,False
81,3689,399.48,2416.79,-13.575306,51.158411,0.8433,252.32,8325.87,0.9134,78.1374,78.642,True,False
82,3622,408.7,2384.86,-13.069773,51.304449,0.83419,304.31,9726.53,0.9196,77.7593,78.3679,True,False
83,2794,1046.96,1934.73,-5.943824,61.40873,0.84362,255.13,5279.68,0.9156,77.8418,78.352,True,False
84,2216,1395.43,1429.53,2.054066,66.925388,0.84121,284.75,5082.47,0.9217,77.7561,78.3256,True,False
85,1174,2245.84,596.04,15.249005,80.388095,0.83986,242.15,7314.36,0.9059,77.6363,78.1206,False,False
86,3323,820.24,2234.62,-10.691359,57.819547,0.83841,267.82,4755.94,0.9187,77.4615,77.9971,True,False
87,3881,129.0,2513.5,-15.106276,46.876493,0.83034,342.93,7846.18,0.9209,77.2837,77.9695,True,True
88,1993,1397.58,1130.99,6.78027,66.959344,0.8398,242.44,5611.95,0.9061,77.4369,77.9218,False,False
89,1423,2286.11,719.04,13.301794,81.025589,0.8353,253.4,5300.09,0.9157,77.248,77.7548,True,False
90,1840,1359.51,1012.87,8.650239,66.356599,0.83308,279.2,4693.68,0.9168,77.0356,77.594,True,False
91,2948,1026.35,2021.54,-7.318008,61.082376,0.83148,266.82,6048.47,0.9148,77.0439,77.5775,True,False
92,4092,2414.6,2580.24,-16.16278,83.059826,0.83042,284.55,4650.6,0.9158,76.8211,77.3902,True,False
93,3814,124.33,2494.25,-14.80153,46.802615,0.82077,338.61,8214.63,0.9153,76.5365,77.2137,True,True
94,1246,2464.21,621.72,14.842477,83.845134,0.82613,319.77,4901.43,0.9165,76.5555,77.1951,True,True
95,4342,2367.14,2680.28,-17.746616,82.308387,0.82764,275.56,3933.94,0.9135,76.4951,77.0462,True,False
96,1922,1363.95,1060.89,7.889976,66.427009,0.82574,289.58,4711.98,0.9137,76.4537,77.0329,True,False
97,3554,388.15,2341.68,-12.386164,50.979034,0.81594,291.45,9010.47,0.9085,76.1607,76.7436,True,False
98,4102,77.92,2603.09,-16.524541,46.067858,0.81745,297.07,6909.4,0.9097,76.0445,76.6386,True,False
99,688,2067.08,361.1,18.968245,77.558271,0.81588,324.08,6587.61,0.9113,75.922,76.5701,True,True
100,3951,150.59,2547.57,-15.645574,47.21832,0.81366,307.51,7627.2,0.9086,75.836,76.451,True,True
101,1588,2278.29,812.49,11.822389,80.901931,0.81839,233.27,6726.95,0.9036,75.9812,76.4477,False,False
102,3752,337.23,2453.85,-14.161958,50.17292,0.81587,240.6,7671.76,0.9038,75.9133,76.3945,True,False
103,3750,289.8,2464.12,-14.324546,49.422155,0.81358,268.8,7720.07,0.9051,75.778,76.3156,True,False
104,3433,452.92,2293.99,-11.631257,52.00453,0.80344,314.04,10995.39,0.9036,75.4055,76.0336,True,True
105,2098,1584.88,1257.85,4.771874,69.924422,0.81311,225.56,7395.38,0.8956,75.535,75.9861,False,False
106,2456,1265.22,1686.38,-2.012089,64.864003,0.81667,224.77,5791.23,0.8915,75.5274,75.977,False,False
107,1979,1995.6,1097.28,7.31389,76.426526,0.81228,245.12,6066.83,0.9022,75.4383,75.9286,True,False
108,1000,990.12,527.51,16.333815,60.508867,0.80981,306.83,5151.6,0.9064,75.2278,75.8414,True,True
109,2361,1363.66,1585.87,-0.421005,66.42232,0.81591,217.89,6062.69,0.8759,75.2242,75.6599,False,False
110,1736,2253.24,915.53,10.191078,80.505309,0.80963,223.74,6670.46,0.8936,75.1626,75.6101,False,False
111,1238,2228.88,626.94,14.759762,80.119664,0.80932,224.1,6544.53,0.8947,75.1444,75.5926,False,False
112,1945,2092.48,1072.13,7.711986,77.96024,0.8092,220.57,7834.05,0.8864,75.1396,75.5807,False,False
113,1905,2126.72,1030.7,8.367917,78.502299,0.80958,216.22,8210.7,0.8759,75.0218,75.4542,False,False
114,2073,1481.91,1230.95,5.197732,68.294364,0.81068,212.14,7819.9,0.8656,74.8699,75.2942,False,False
115,2095,1485.32,1261.92,4.707395,68.348417,0.80807,216.05,7613.13,0.8765,74.853,75.2851,False,False
116,2273,1390.56,1482.49,1.215694,66.84815,0.80566,220.03,6052.54,0.8874,74.6929,75.1329,False,False
117,1272,1248.37,638.59,14.575332,64.597154,0.80003,288.05,4991.6,0.8995,74.3796,74.9557,True,False
118,2217,1416.89,1428.38,2.0722,67.26511,0.80799,213.57,5761.3,0.8706,74.5245,74.9516,False,False
119,2493,1262.23,1715.41,-2.471719,64.81659,0.80516,216.79,5770.81,0.8801,74.491,74.9246,False,False
120,1075,1130.59,560.13,15.817458,62.732622,0.80015,238.3,5467.35,0.8949,74.3611,74.8377,True,False
121,2099,1613.49,1262.37,4.700291,70.377465,0.80592,212.77,5940.22,0.8701,74.3858,74.8113,False,False
122,3079,1041.34,2090.75,-8.413756,61.319773,0.80139,217.73,5972.5,0.8847,74.3277,74.7631,False,False
123,1691,2367.96,899.75,10.441006,82.321354,0.79886,285.06,4102.53,0.8984,74.1718,74.7419,True,False
124,2696,1077.36,1875.14,-5.00041,61.890034,0.80272,216.87,5373.53,0.8818,74.3006,74.7343,False,False
125,2218,1452.26,1421.33,2.183811,67.824968,0.80016,217.48,6259.35,0.8842,74.2644,74.6993,False,False
126,2842,1047.03,1960.82,-6.356881,61.409783,0.80305,212.92,5603.86,0.8722,74.1783,74.6041,False,False
127,1364,2284.4,693.56,13.705143,80.998519,0.7998,214.97,6358.35,0.8791,74.1584,74.5883,False,False
128,3071,345.9,2113.84,-8.779318,50.310263,0.79627,293.5,4013.83,0.8978,73.9645,74.5515,True,True
129,1071,1012.21,545.49,16.049271,60.858537,0.79551,260.39,4486.66,0.8944,73.9031,74.4239,True,False
130,1781,2227.07,936.42,9.860496,80.091063,0.79696,213.22,7011.41,0.8768,73.9886,74.4151,False,False
131,3375,526.1,2268.34,-11.225157,53.163023,0.78367,310.55,10689.41,0.8923,73.7445,74.3656,True,True
132,2096,1519.46,1255.23,4.813402,68.888893,0.79381,213.25,8476.52,0.8769,73.9361,74.3626,False,False
133,4433,2303.03,2695.32,-17.984721,81.293502,0.79437,295.58,3657.26,0.8969,73.7695,74.3606,True,True
134,1960,1397.57,1097.75,7.30638,66.959267,0.79667,215.26,6005.04,0.8804,73.9135,74.344,False,False
135,3210,1011.94,2160.24,-9.513857,60.854319,0.79699,213.73,5919.61,0.878,73.8838,74.3113,False,False
136,1881,1365.43,1035.99,8.284221,66.45045,0.79699,215.74,4751.27,0.8811,73.8027,74.2341,False,False
137,1801,1414.59,984.67,9.096618,67.228588,0.79286,219.92,6244.87,0.8865,73.778,74.2178,False,False
138,3148,1046.76,2124.13,-8.942126,61.405474,0.79675,209.78,6175.64,0.8687,73.7288,74.1484,False,False
139,639,459.73,353.36,19.090925,52.112329,0.78412,303.34,7654.99,0.8919,73.411,74.0177,True,True
140,3326,917.17,2223.88,-10.521254,59.353973,0.79093,219.01,5333.55,0.8848,73.5012,73.9392,False,False
141,1072,1041.74,543.91,16.074264,61.326115,0.78945,227.9,4660.6,0.8879,73.3716,73.8274,False,False
142,1073,1078.71,547.69,16.014471,61.911398,0.78909,226.76,4659.62,0.8877,73.3404,73.7939,False,False
143,4356,2802.57,2668.32,-17.557182,89.201677,0.78975,246.57,3492.94,0.8898,73.2896,73.7828,True,False
144,618,2008.24,339.11,19.316455,76.62664,0.78354,316.33,4676.78,0.8929,73.0368,73.6695,True,True
145,2134,2028.17,1294.47,4.192157,76.942146,0.78863,217.32,4794.16,0.8819,73.2198,73.6545,False,False
146,2051,1459.85,1194.98,5.767223,67.945157,0.79477,198.19,7316.8,0.8421,73.2422,73.6386,False,False
147,4267,2824.42,2637.76,-17.073457,89.547661,0.78641,272.63,3255.6,0.8904,73.032,73.5773,True,False
148,1478,2279.32,746.2,12.871773,80.918161,0.79149,206.62,5188.77,0.8644,73.1573,73.5705,False,False
149,3383,792.96,2261.22,-11.112417,57.387623,0.78338,254.07,5340.94,0.887,72.9975,73.5056,True,False
150,2424,1334.18,1647.21,-1.392126,65.955607,0.79181,199.73,6215.44,0.8476,72.9984,73.3979,False,False
151,2120,1581.86,1294.44,4.192604,69.87667,0.78367,209.94,7312.31,0.87,72.9452,73.365,False,False
152,2097,1549.53,1252.95,4.849528,69.364944,0.77642,243.82,9172.06,0.8821,72.8596,73.3472,True,False
153,1943,2036.14,1068.39,7.771153,77.068414,0.78898,202.16,6152.82,0.8552,72.9244,73.3287,False,False
154,4435,2355.86,2692.42,-17.938748,82.129894,0.78426,249.89,3308.98,0.8871,72.8231,73.3229,True,False
155,2118,1518.54,1291.11,4.245291,68.874345,0.77483,264.03,8187.94,0.8831,72.6468,73.1748,True,False
156,1947,2176.06,1056.73,7.955867,79.283454,0.77379,287.87,6707.86,0.8848,72.4289,73.0046,True,True
157,2567,1175.91,1780.24,-3.498131,63.450089,0.77669,229.21,5911.56,0.8808,72.4724,72.9308,True,False
158,3267,1011.81,2197.73,-10.107349,60.8522,0.78282,200.85,6367.99,0.8559,72.5173,72.919,False,False
159,3265,756.74,2204.89,-10.220629,56.814263,0.77412,295.68,4924.94,0.8858,72.2605,72.8518,True,True
160,1140,1165.71,574.19,15.594898,63.288602,0.775,254.3,5263.78,0.8824,72.3024,72.811,True,False
161,1241,2330.85,613.72,14.969071,81.733965,0.76592,268.61,8174.9,0.8786,71.9238,72.461,True,False
162,4266,2798.98,2640.14,-17.111092,89.144857,0.77295,241.77,3492.94,0.8799,71.9017,72.3852,True,False
163,4024,81.23,2581.55,-16.183502,46.120252,0.76341,299.4,7485.64,0.8801,71.689,72.2877,True,True
164,4026,146.63,2575.02,-16.080168,47.155623,0.76397,232.99,8671.54,0.8742,71.761,72.2269,True,False
165,3434,518.76,2297.62,-11.688626,53.046708,0.75634,305.24,10894.42,0.8767,71.5194,72.1299,True,True
166,4104,147.78,2606.44,-16.577614,47.173773,0.76176,252.96,8635.06,0.8749,71.6099,72.1159,True,False
167,2607,1164.93,1809.94,-3.968281,63.276341,0.7757,191.74,6155.86,0.838,71.6578,72.0412,False,False
168,2782,2213.48,1898.06,-5.363218,79.875795,0.76634,271.77,3701.66,0.8791,71.4364,71.9799,True,False
169,1923,1386.48,1068.3,7.772701,66.783561,0.7733,196.86,5306.16,0.8485,71.5747,71.9684,False,False
170,3431,400.7,2285.39,-11.495133,51.177749,0.75981,258.97,8110.68,0.8744,71.3992,71.9171,True,False
171,3389,981.15,2253.07,-10.983398,60.366902,0.77037,199.87,5733.7,0.8524,71.4844,71.8841,False,False
172,2733,2250.37,1856.24,-4.701173,80.459917,0.75925,285.95,5215.22,0.8765,71.0573,71.6292,True,True
173,4170,2416.35,2608.32,-16.607363,83.087505,0.76452,204.57,4650.6,0.8584,71.0444,71.4536,False,False
174,2166,1491.83,1356.8,3.205478,68.45136,0.76904,183.75,7432.91,0.8222,71.0447,71.4122,False,False
175,1207,1237.91,619.02,14.885116,64.431571,0.75775,265.41,4600.81,0.8738,70.8282,71.359,True,False
176,1944,2064.43,1066.9,7.794787,77.516223,0.76808,184.69,7007.32,0.8251,70.978,71.3474,False,False
177,3430,387.54,2295.49,-11.654939,50.969475,0.75264,284.18,7024.16,0.8727,70.7259,71.2943,True,True
178,3435,532.33,2283.26,-11.461358,53.261662,0.74724,266.37,9492.09,0.868,70.5423,71.075,True,False
179,2245,1416.86,1461.38,1.549872,67.264525,0.76736,179.13,6123.49,0.8117,70.581,70.9393,False,False
180,2894,1043.49,1993.35,-6.871801,61.353723,0.76492,182.27,5587.01,0.8209,70.5088,70.8734,False,False
181,2491,1213.54,1729.02,-2.687181,64.045837,0.74965,267.39,5806.78,0.8694,70.3078,70.8426,True,False
182,2121,1612.25,1295.91,4.169417,70.357727,0.76499,180.74,5710.7,0.8171,70.4587,70.8202,False,False
183,3325,885.3,2224.12,-10.525112,58.849386,0.75786,199.65,4372.8,0.8496,70.373,70.7723,False,False
184,826,2229.77,423.49,17.980596,80.133718,0.74928,263.32,5366.55,0.8688,70.2177,70.7444,True,False
185,1738,2361.79,912.15,10.244672,82.223731,0.75066,267.8,3971.83,0.87,70.175,70.7106,True,False
186,4016,2422.42,2563.55,-15.898607,83.183649,0.75056,273.36,3510.45,0.8705,70.1224,70.6691,True,False
187,3623,436.52,2383.74,-13.052032,51.74491,0.74396,202.14,9820.86,0.851,70.0389,70.4432,False,False
188,3949,46.75,2552.0,-15.715769,45.574395,0.74089,305.99,5093.15,0.8683,69.5721,70.1841,True,True
189,4101,58.55,2611.95,-16.664785,45.761205,0.73859,292.52,6499.24,0.8657,69.5252,70.1102,True,True
190,2892,96.22,2015.56,-7.22333,46.357589,0.73959,293.94,4860.06,0.8664,69.4179,70.0058,True,True
191,4443,2598.54,2686.13,-17.839217,85.971708,0.74755,203.2,3316.16,0.8533,69.5736,69.98,False,False
192,1392,1301.63,722.76,13.242936,65.440372,0.74417,208.31,3859.07,0.8607,69.5263,69.9429,False,False
193,3817,275.86,2479.14,-14.56227,49.201376,0.74342,199.27,6622.78,0.8466,69.5435,69.942,False,False
194,4341,2323.29,2686.46,-17.844342,81.614179,0.7411,280.36,3635.84,0.8659,69.3726,69.9333,True,True
195,2746,1075.28,1903.7,-5.452539,61.857001,0.75405,176.0,5589.95,0.8117,69.5591,69.9111,False,False
196,3329,1011.98,2228.0,-10.586566,60.854996,0.75299,176.8,5975.51,0.8133,69.5575,69.9111,False,False
197,1141,1184.98,572.68,15.618848,63.593693,0.73984,237.52,5674.29,0.8611,69.4356,69.9106,True,False
198,2651,1105.53,1848.71,-4.581953,62.33585,0.75576,173.01,5563.74,0.8031,69.5249,69.8709,False,False
199,2187,2140.13,1378.1,2.868209,78.714669,0.741,260.52,3518.25,0.8639,69.3161,69.8371,True,False
200,1001,1005.27,522.64,16.411029,60.748669,0.7457,196.95,4745.46,0.8433,69.4278,69.8217,False,False
201,1780,2196.49,947.54,9.684473,79.606825,0.75009,172.68,8114.43,0.8056,69.4611,69.8064,False,False
202,3816,242.6,2486.23,-14.67457,48.674849,0.7361,211.05,7277.07,0.8564,69.2703,69.6924,False,False
203,3497,593.52,2326.13,-12.140097,54.230251,0.73004,278.84,8590.83,0.8596,69.0455,69.6031,True,True
204,3072,353.54,2113.26,-8.770075,50.431231,0.73641,286.12,3642.8,0.8639,69.0001,69.5724,True,True
205,3950,133.52,2557.83,-15.808134,46.947994,0.72878,287.94,7438.57,0.8597,68.8217,69.3976,True,True
206,3555,398.96,2356.27,-12.617211,51.150262,0.72984,203.74,9298.13,0.8514,68.9673,69.3748,False,False
207,3264,731.92,2210.02,-10.301872,56.421385,0.73095,275.13,5904.24,0.8597,68.7982,69.3485,True,True
208,3376,561.73,2268.86,-11.233319,53.727044,0.72361,257.52,10703.13,0.8538,68.7276,69.2427,True,False
209,3494,507.26,2324.31,-12.11129,52.864706,0.72016,286.9,11771.88,0.8548,68.6227,69.1965,True,True
210,2025,1450.47,1160.97,6.305633,67.796681,0.74913,162.92,7108.44,0.7812,68.8361,69.1619,False,False
211,3560,557.54,2357.0,-12.628704,53.660753,0.72525,243.64,8821.73,0.8534,68.6166,69.1039,True,False
212,1843,1454.59,1001.21,8.834732,67.861956,0.74378,171.15,6499.16,0.8023,68.7587,69.101,False,False
213,1447,1307.69,747.89,12.844981,65.536287,0.73241,240.64,3830.62,0.8573,68.616,69.0973,True,False
214,4365,107.71,2694.9,-17.977948,46.539391,0.73691,192.99,5129.43,0.8358,68.7045,69.0905,False,False
215,2530,1230.04,1742.22,-2.896143,64.307068,0.7414,177.28,5751.89,0.8114,68.6624,69.017,False,False
216,3820,369.39,2472.21,-14.452553,50.682175,0.74379,163.98,7451.76,0.7869,68.5949,68.9229,False,False
217,1271,859.51,639.96,14.553714,58.441153,0.72915,253.95,3818.36,0.8566,68.3679,68.8758,True,False
218,1332,1275.22,680.78,13.907478,65.022282,0.72913,242.02,4041.14,0.8555,68.372,68.856,True,False
219,2241,2174.46,1426.27,2.10562,79.258164,0.72879,276.34,2998.31,0.8586,68.2812,68.8339,True,True
220,3313,395.65,2222.56,-10.500374,51.097814,0.72092,274.1,8342.01,0.854,68.2587,68.8069,True,True
221,2119,1546.7,1296.43,4.161204,69.319997,0.73153,176.63,9174.42,0.8084,68.301,68.6542,False,False
222,3624,466.68,2381.86,-13.022251,52.222258,0.71921,200.54,10395.19,0.8446,68.2084,68.6095,False,False
223,504,136.77,292.67,20.051557,46.999517,0.7196,277.96,7159.09,0.8537,68.0192,68.5751,True,True
224,3815,214.05,2487.9,-14.700959,48.222912,0.71979,244.75,8059.08,0.8505,68.0822,68.5717,True,False
225,1824,2162.04,966.67,9.381565,79.061527,0.73633,162.39,8892.95,0.7867,68.2229,68.5477,False,False
226,2302,1396.82,1516.2,0.681935,66.947271,0.73698,165.86,6776.99,0.7923,68.1222,68.4539,False,False
227,2193,1489.95,1389.84,2.682433,68.421707,0.73874,159.81,7517.32,0.7791,68.0967,68.4164,False,False
228,1904,2099.55,1042.43,8.182181,78.07218,0.73768,157.84,8641.12,0.7745,68.0711,68.3868,False,False
229,3557,456.86,2360.61,-12.685916,52.066887,0.71123,249.89,11430.64,0.8461,67.7829,68.2827,True,False
230,1660,1362.96,875.88,10.818798,66.411239,0.72221,224.42,4563.87,0.8498,67.8322,68.281,True,False
231,3388,945.41,2250.2,-10.938054,59.80101,0.73339,172.37,5423.69,0.8019,67.8759,68.2206,False,False
232,3010,1038.05,2066.66,-8.0323,61.267597,0.73247,168.51,5435.21,0.7955,67.6966,68.0336,False,False
233,3438,612.82,2296.3,-11.667752,54.535906,0.70563,283.43,9958.95,0.8463,67.2106,67.7775,True,True
234,2949,1040.78,2034.82,-7.528246,61.310816,0.72961,165.21,5485.57,0.7896,67.3903,67.7207,False,False
235,3492,444.84,2337.79,-12.324591,51.876494,0.70235,281.65,11506.23,0.8443,67.1197,67.6831,True,True
236,3432,433.06,2291.36,-11.589636,51.690041,0.705,275.87,9736.78,0.8452,67.1194,67.6712,True,True
237,4098,2596.8,2590.75,-16.329259,85.944215,0.71528,224.31,3816.22,0.8458,67.1739,67.6225,True,False
238,1306,2389.75,644.27,14.485403,82.666335,0.71118,234.55,5830.52,0.8445,67.0918,67.5609,True,False
239,3952,180.29,2548.58,-15.661664,47.688408,0.72135,169.24,7637.21,0.7945,67.1363,67.4748,False,False
240,3882,181.02,2524.61,-15.282095,47.699975,0.70654,240.92,7825.48,0.8426,66.9586,67.4404,True,False
241,1138,925.11,579.46,15.511448,59.479709,0.70971,252.26,5125.99,0.8455,66.922,67.4266,True,False
242,3493,446.82,2309.13,-11.870925,51.907827,0.69883,285.86,11493.7,0.8427,66.8365,67.4082,True,True
243,3495,524.63,2323.75,-12.102421,53.139655,0.70638,192.23,9903.04,0.8291,66.9482,67.3327,False,False
244,2652,1134.4,1835.09,-4.36632,62.792978,0.73253,147.41,6073.45,0.7502,66.9615,67.2563,False,False
245,2135,2057.89,1301.9,4.074523,77.412695,0.71171,197.86,4117.33,0.8392,66.8323,67.228,False,False
246,4097,2573.3,2579.59,-16.152605,85.572173,0.71102,214.66,3695.86,0.8424,66.7908,67.2201,True,False
247,3372,396.29,2258.64,-11.071617,51.10798,0.7021,260.94,7490.63,0.8421,66.5894,67.1112,True,True
248,343,500.47,196.94,21.567153,52.757197,0.70448,239.19,6069.44,0.8412,66.5779,67.0563,True,False
249,2219,1487.37,1427.39,2.087916,68.380813,0.72497,147.86,7064.19,0.7555,66.6271,66.9228,False,False
250,1708,1362.07,902.14,10.403104,66.39722,0.70392,225.89,4956.88,0.8396,66.3782,66.83,True,False
251,3146,614.35,2141.27,-9.213578,54.560134,0.69977,283.13,5718.84,0.843,66.2311,66.7973,True,True
252,2457,1298.94,1683.18,-1.961423,65.397771,0.72464,146.14,6325.29,0.7511,66.4381,66.7304,False,False
253,3374,453.22,2250.19,-10.937782,52.009192,0.69117,283.13,10897.33,0.8381,66.1325,66.6988,True,True
254,2143,1515.45,1322.5,3.748469,68.825364,0.70884,171.26,8451.43,0.795,66.3403,66.6828,False,False
255,2392,1366.08,1618.21,-0.932993,66.460681,0.72419,145.23,6408.53,0.749,66.3764,66.6669,False,False
256,1505,1332.69,784.95,12.258378,65.932017,0.71355,174.66,4079.52,0.8017,66.2859,66.6352,False,False
257,3491,407.28,2303.62,-11.783681,51.28192,0.69376,241.68,9498.44,0.8354,66.1052,66.5885,True,False
258,1304,2256.46,661.87,14.20689,80.556222,0.72112,145.85,6521.24,0.7522,66.2275,66.5192,False,False
259,3818,305.96,2480.98,-14.591478,49.677948,0.71817,148.83,6858.11,0.7604,66.2021,66.4998,False,False
260,3385,849.68,2250.89,-10.948924,58.28557,0.71323,168.15,4700.99,0.7907,66.1381,66.4744,False,False
261,2458,1323.22,1671.92,-1.783218,65.782185,0.71897,143.38,6663.24,0.7468,65.9923,66.2791,False,False
262,1864,2127.75,1005.89,8.760702,78.518707,0.71657,139.76,8636.76,0.7384,65.9013,66.1809,False,False
263,1688,2253.69,875.13,10.830761,80.512488,0.71559,143.83,6198.12,0.7498,65.7483,66.0359,False,False
264,3883,206.14,2507.87,-15.017126,48.09769,0.69672,180.98,7470.42,0.8089,65.6033,65.9653,False,False
265,1639,2258.86,841.26,11.366868,80.594248,0.7128,143.57,6786.54,0.7503,65.6262,65.9133,False,False
266,3119,2452.47,2086.86,-8.352181,83.659366,0.69525,229.04,3032.14,0.8349,65.4435,65.9016,True,False
267,1611,1359.27,847.16,11.27359,66.352934,0.69801,184.83,4140.25,0.8158,65.4278,65.7975,False,False
268,1709,1393.58,908.99,10.294677,66.895959,0.70438,165.35,5100.64,0.7847,65.4392,65.7699,False,False
269,4452,3150.33,2694.28,-17.968256,94.707029,0.70416,175.44,2266.45,0.8013,65.389,65.7399,False,False
270,3563,661.55,2348.67,-12.496862,55.307348,0.69013,190.45,6816.27,0.8239,65.3213,65.7022,False,False
271,1004,1108.09,530.81,16.281616,62.376517,0.7041,161.83,5537.13,0.7784,65.3578,65.6815,False,False
272,1137,904.94,585.54,15.415231,59.160447,0.69029,192.54,4933.6,0.8275,65.1765,65.5616,False,False
273,1077,1200.96,555.99,15.882988,63.846739,0.68938,195.39,4793.78,0.8281,65.1044,65.4952,False,False
274,1175,2284.82,583.26,15.451257,81.005185,0.68521,197.31,7359.05,0.8257,65.0638,65.4584,False,False
275,1076,1158.0,556.54,15.874311,63.166568,0.69776,170.1,5352.64,0.7909,65.1037,65.4439,False,False
276,4027,174.32,2580.51,-16.167144,47.593956,0.70382,138.14,9243.35,0.7392,65.0681,65.3444,False,False
277,3080,1067.4,2093.06,-8.450337,61.732249,0.70524,138.44,6484.56,0.7398,64.8555,65.1323,False,False
278,4020,2533.64,2565.3,-15.92627,84.944323,0.68325,235.82,4289.84,0.8288,64.6159,65.0875,True,False
279,454,396.58,264.9,20.491293,51.112524,0.67966,224.21,6377.48,0.8256,64.5459,64.9943,True,False
280,1842,1423.21,1007.66,8.732703,67.365092,0.70518,135.69,5755.65,0.7334,64.6521,64.9235,False,False
281,1994,1424.31,1137.08,6.683726,67.382487,0.70705,130.79,5971.87,0.7192,64.5568,64.8184,False,False
282,2878,2338.89,1949.65,-6.179942,81.861139,0.67931,231.09,4645.57,0.8261,64.326,64.7881,True,False
283,3813,116.84,2480.1,-14.577554,46.683937,0.67208,275.41,7244.85,0.8267,64.1223,64.6732,True,True
284,3496,548.18,2316.26,-11.983841,53.51246,0.67031,223.32,9793.61,0.8202,64.1773,64.6239,True,False
285,2133,2001.1,1305.85,4.011951,76.513649,0.69791,146.91,4531.62,0.7519,64.3176,64.6115,False,False
286,2132,1964.17,1302.83,4.059814,75.929084,0.68274,182.0,4569.06,0.8083,64.2452,64.6092,False,False
287,3437,583.45,2280.45,-11.416939,54.070884,0.66677,252.83,9445.62,0.8212,63.8999,64.4056,True,True
288,3050,2402.21,2042.81,-7.654768,82.863648,0.67665,225.88,3160.07,0.824,63.9232,64.375,True,False
289,1841,1387.09,1009.83,8.698316,66.793322,0.69528,142.46,5125.26,0.7438,64.0519,64.3368,False,False
290,1534,2260.26,782.31,12.300201,80.616458,0.69912,130.7,6131.19,0.723,64.0718,64.3332,False,False
291,3139,355.76,2135.89,-9.128366,50.466313,0.67397,244.68,3992.59,0.8245,63.8365,64.3259,True,False
292,2075,1554.76,1226.73,5.264605,69.447722,0.69457,131.2,8544.16,0.7248,64.0604,64.3228,False,False
293,1142,1237.13,593.96,15.281854,64.419328,0.67384,221.01,4592.42,0.8219,63.851,64.293,True,False
294,4273,121.16,2680.56,-17.751068,46.752418,0.67283,214.34,5221.33,0.8206,63.829,64.2577,True,False
295,1559,1359.4,814.61,11.788754,66.355001,0.69481,142.04,4327.91,0.7433,63.915,64.1991,False,False
296,1206,872.85,610.89,15.013891,58.652363,0.67262,228.32,4292.58,0.822,63.7298,64.1864,True,False
297,2076,1585.63,1232.59,5.171795,69.936361,0.69356,134.62,6941.27,0.7302,63.8958,64.1651,False,False
298,3556,425.51,2354.03,-12.58166,51.570509,0.66475,203.36,9951.68,0.8147,63.6964,64.1031,True,False
299,3188,2514.53,2107.72,-8.682331,84.641795,0.67282,226.18,2800.1,0.8218,63.5645,64.0169,True,False
300,4183,2829.58,2624.94,-16.870532,89.629255,0.67091,252.78,3092.41,0.8236,63.4944,64.0,True,True
301,3194,2699.07,2122.18,-8.91137,87.563134,0.67314,194.08,3293.25,0.8185,63.5865,63.9747,False,False
302,2331,1396.67,1549.3,0.157906,66.944878,0.69472,127.35,6703.53,0.716,63.6974,63.9521,False,False
303,2052,1487.23,1192.77,5.802096,68.378622,0.69565,121.5,8411.58,0.6995,63.6681,63.9111,False,False
304,3880,102.64,2493.15,-14.784099,46.459161,0.66214,270.9,7677.05,0.8204,63.3447,63.8865,True,True
305,759,2219.15,410.1,18.192624,79.965679,0.66671,223.68,5341.25,0.8181,63.3576,63.8049,True,False
306,1273,1265.62,649.86,14.39696,64.87032,0.67311,180.65,4004.85,0.8046,63.4187,63.78,False,False
307,2074,1509.98,1229.79,5.21603,68.73876,0.69312,121.04,8751.13,0.6995,63.5253,63.7674,False,False
308,2087,1933.05,1239.04,5.069728,75.436397,0.68016,158.5,4794.52,0.7676,63.3525,63.6695,False,False
309,1902,2031.59,1042.8,8.176396,76.996277,0.69089,126.43,6417.53,0.7155,63.3771,63.63,False,False
310,2891,75.54,2018.81,-7.274856,46.030218,0.66393,267.32,4290.28,0.8212,63.089,63.6236,True,True
311,1939,1904.89,1074.9,7.668121,74.990578,0.69409,126.54,4594.95,0.7142,63.3699,63.623,False,False
312,1610,1344.88,838.08,11.417328,66.125002,0.66455,227.52,4497.29,0.8173,63.0889,63.544,True,False
313,2421,2268.84,1604.96,-0.723196,80.75223,0.66625,231.46,2747.0,0.8187,63.0296,63.4925,True,False
314,3436,559.58,2286.48,-11.51231,53.69293,0.65678,209.18,9858.46,0.8108,63.0421,63.4604,True,False
315,638,432.25,350.72,19.132705,51.677256,0.65634,226.58,7516.84,0.8125,62.765,63.2182,True,False
316,2528,1180.39,1757.15,-3.132563,63.521,0.65784,214.75,6464.55,0.812,62.7411,63.1706,True,False
317,1070,923.75,563.95,15.756981,59.458103,0.65921,221.79,5125.99,0.8138,62.7143,63.1579,True,False
318,3627,566.19,2377.51,-12.95343,53.797628,0.66767,157.22,8345.12,0.7629,62.7858,63.1002,False,False
319,2531,1268.2,1743.23,-2.912188,64.911166,0.68512,122.02,6396.59,0.7061,62.7913,63.0354,False,False
320,2645,2376.76,1808.61,-3.947214,82.460702,0.65817,248.22,3513.6,0.8158,62.4867,62.9831,True,True
321,3371,376.43,2250.87,-10.948589,50.793529,0.65218,262.58,6796.07,0.8139,62.4059,62.9311,True,True
322,3559,533.4,2349.63,-12.512002,53.278493,0.66264,160.62,9106.61,0.7681,62.6066,62.9278,False,False
323,1173,2223.07,585.64,15.413682,80.027687,0.68032,125.97,6675.38,0.7116,62.5775,62.8294,False,False
324,3195,2731.26,2118.4,-8.851411,88.072761,0.65651,223.09,3576.67,0.8121,62.3066,62.7527,True,False
325,3490,394.86,2334.94,-12.279505,51.085271,0.64674,258.79,8886.77,0.8104,62.198,62.7156,True,True
326,4364,88.15,2696.16,-17.998041,46.229871,0.65282,242.05,4795.45,0.8122,62.187,62.6711,True,True
327,3884,238.57,2513.39,-15.104565,48.611019,0.68173,115.55,7843.71,0.6897,62.422,62.6531,False,False
328,3138,343.53,2126.53,-8.980154,50.272703,0.65328,251.43,4013.83,0.8134,62.1492,62.6521,True,True
329,2686,2221.59,1837.76,-4.408634,80.004227,0.6541,199.44,4652.99,0.8082,62.1897,62.5886,True,False
330,3499,675.75,2321.3,-12.063523,55.532079,0.64613,224.94,8134.99,0.8065,61.9965,62.4464,True,False
331,1558,1334.65,812.72,11.818721,65.963053,0.65185,220.84,4132.54,0.8095,61.991,62.4327,True,False
332,1961,1421.76,1108.33,7.138864,67.342159,0.67947,116.18,6636.38,0.6925,62.1686,62.4009,False,False
333,3384,821.07,2260.91,-11.1076,57.832573,0.66818,145.63,5045.01,0.7427,62.071,62.3623,False,False
334,2362,1391.09,1582.68,-0.37049,66.85654,0.67934,114.03,6489.62,0.6866,62.0338,62.2618,False,False
335,564,168.63,315.47,19.690716,47.503837,0.64367,254.46,7242.17,0.8082,61.7444,62.2533,True,True
336,927,1013.07,491.08,16.910587,60.872135,0.65453,166.18,6023.64,0.7767,61.8149,62.1472,False,False
337,4186,146.66,2643.6,-17.165879,47.156107,0.64463,180.54,7141.33,0.8006,61.6644,62.0255,False,False
338,2246,1447.25,1448.92,1.747104,67.745654,0.68102,110.19,6957.72,0.6631,61.7889,62.0092,False,False
339,1504,1314.7,778.47,12.36098,65.647355,0.64468,231.17,3759.28,0.8067,61.3794,61.8417,True,False
340,1823,2132.75,980.68,9.159768,78.597858,0.66848,113.48,9580.23,0.6865,61.614,61.8409,False,False
341,2122,1640.39,1290.37,4.257019,70.80323,0.67922,109.9,5622.39,0.6672,61.576,61.7958,False,False
342,1948,2192.16,1066.01,7.808927,79.538271,0.64071,210.05,5884.31,0.8016,61.2515,61.6716,True,False
343,3201,339.69,2163.52,-9.565775,50.211981,0.63961,254.25,5044.58,0.8059,61.151,61.6595,True,True
344,1007,1199.56,532.49,16.255115,63.824536,0.6683,123.4,5094.6,0.7042,61.3931,61.6398,False,False
345,3558,508.76,2355.37,-12.602876,52.888391,0.63451,180.26,10816.62,0.7948,61.2632,61.6237,False,False
346,3625,497.03,2387.87,-13.117414,52.70282,0.63555,174.9,11057.61,0.7896,61.2735,61.6233,False,False
347,3192,2640.32,2116.24,-8.8173,86.633073,0.6443,209.86,2727.42,0.8036,61.1758,61.5955,True,False
348,3256,392.34,2189.49,-9.976814,51.045468,0.63582,253.68,7006.55,0.8021,61.041,61.5483,True,True
349,3268,1036.75,2187.41,-9.943969,61.247006,0.6721,108.74,6342.34,0.6746,61.2796,61.4971,False,False
350,3819,333.3,2480.73,-14.587424,50.110824,0.66415,122.7,6744.45,0.7014,61.2377,61.4831,False,False
351,2494,1291.19,1709.97,-2.38562,65.275081,0.67674,109.49,6635.38,0.6517,61.2356,61.4546,False,False
352,3390,1009.64,2257.68,-11.056455,60.817881,0.66312,126.99,5924.51,0.7087,61.1984,61.4524,False,False
353,3211,1038.99,2157.74,-9.474198,61.282498,0.66963,108.41,6157.61,0.6752,61.0913,61.3082,False,False
354,1422,2257.36,715.97,13.350388,80.570541,0.67115,108.59,5864.08,0.6649,60.9802,61.1974,False,False
355,897,2257.92,460.42,17.396038,80.579323,0.63511,261.04,5784.11,0.7902,60.6316,61.1537,True,True
356,1907,2184.45,1039.68,8.225683,79.41628,0.63396,188.62,6945.42,0.7952,60.7764,61.1536,True,False
357,1002,1035.21,520.31,16.447887,61.222642,0.66191,124.42,4841.63,0.7039,60.8978,61.1466,False,False
358,3953,212.95,2544.36,-15.594835,48.205494,0.67351,108.97,7899.61,0.6392,60.9284,61.1464,False,False
359,2564,2316.34,1751.79,-3.04761,81.504257,0.63564,238.93,3954.51,0.8019,60.6652,61.143,True,True
360,3754,401.81,2443.07,-13.991309,51.195293,0.6446,151.23,8251.03,0.7477,60.8403,61.1428,False,False
361,3255,368.8,2174.32,-9.736683,50.672731,0.63297,249.53,5753.1,0.7993,60.6371,61.1362,True,True
362,1303,2216.76,650.5,14.386825,79.927737,0.66218,117.5,6335.56,0.6916,60.8721,61.1071,False,False
363,2077,1616.34,1230.46,5.205534,70.4226,0.67793,109.69,6251.9,0.6265,60.8235,61.0428,False,False
364,2697,1103.62,1877.59,-5.039179,62.305644,0.66879,108.21,5954.02,0.6649,60.8223,61.0388,False,False
365,4253,2397.74,2649.72,-17.262834,82.7929,0.63454,220.12,4414.78,0.7993,60.5942,61.0344,True,False
366,1908,2208.78,1040.77,8.208457,79.801392,0.63183,207.0,6309.07,0.7961,60.5629,60.9769,True,False
367,2274,1427.72,1487.65,1.133915,67.43642,0.67544,109.28,6598.6,0.6298,60.7445,60.9631,False,False
368,2109,1928.98,1271.05,4.562871,75.371915,0.64013,167.52,4554.94,0.7768,60.6073,60.9423,False,False
369,2795,1075.16,1934.92,-5.946741,61.855143,0.66425,110.0,5628.05,0.6791,60.711,60.931,False,False
370,1882,1389.9,1040.95,8.205564,66.837781,0.6625,114.32,5352.67,0.6862,60.6811,60.9097,False,False
371,571,441.9,328.97,19.47696,51.830031,0.64015,150.61,7409.86,0.746,60.3901,60.6913,False,False
372,4254,2416.45,2639.48,-17.100668,83.089126,0.64048,159.04,4650.6,0.7614,60.3668,60.6848,False,False
373,3387,912.24,2249.36,-10.924719,59.275992,0.66078,109.42,5767.12,0.6769,60.4394,60.6582,False,False
374,287,461.9,169.74,21.997777,52.146701,0.62983,182.33,5135.25,0.7922,60.212,60.5767,False,False
375,1924,1420.03,1074.74,7.670719,67.314748,0.67116,108.59,6110.31,0.6285,60.3562,60.5734,False,False
376,2078,1643.61,1239.51,5.062275,70.854319,0.68597,110.99,5974.61,0.5653,60.2689,60.4909,False,False
377,2247,1479.72,1454.16,1.664079,68.259651,0.67606,109.38,7292.48,0.5953,60.2509,60.4697,False,False
378,2425,1362.66,1646.99,-1.388499,66.406605,0.65926,106.67,6248.71,0.6696,60.2539,60.4673,False,False
379,2931,2359.28,1983.24,-6.711748,82.184055,0.63001,182.2,4039.69,0.7923,60.0964,60.4608,False,False
380,825,2197.7,417.39,18.077168,79.626084,0.62557,200.15,6368.37,0.7918,60.0428,60.4431,True,False
381,3877,2292.14,2481.57,-14.600816,81.121157,0.63641,262.37,767.67,0.778,59.9161,60.4409,True,True
382,3561,599.71,2361.39,-12.698296,54.328345,0.62188,212.82,8228.18,0.7911,59.9825,60.4081,True,False
383,3191,2605.94,2115.27,-8.801924,86.088802,0.63024,200.68,2528.07,0.7944,59.9734,60.3748,True,False
384,1661,1389.36,882.87,10.708254,66.829195,0.65282,121.05,5154.11,0.6957,60.1316,60.3737,False,False
385,1477,2249.45,749.48,12.819886,80.445269,0.67411,109.07,5263.86,0.6083,60.1045,60.3226,False,False
386,2100,1654.54,1265.91,4.644252,71.027318,0.68305,110.51,5624.82,0.5669,60.0461,60.2671,False,False
387,2303,1426.75,1519.87,0.62381,67.421192,0.68428,110.71,6989.74,0.55,59.9902,60.2116,False,False
388,621,2134.14,336.86,19.352106,78.619863,0.62547,255.07,5279.91,0.7792,59.6815,60.1916,True,True
389,3312,372.63,2232.05,-10.650683,50.733423,0.62277,242.51,7167.22,0.7781,59.6882,60.1733,True,True
390,2275,1458.25,1485.06,1.174941,67.919778,0.68271,110.46,7605.88,0.55,59.9501,60.171,False,False
391,3498,620.44,2336.14,-12.298482,54.656516,0.62244,248.88,8614.08,0.7686,59.6635,60.1612,True,True
392,2057,1650.03,1203.54,5.631614,70.955942,0.68523,110.87,6210.81,0.5484,59.9388,60.1606,False,False
393,3145,598.66,2143.07,-9.242041,54.311632,0.62604,252.43,5897.33,0.771,59.6475,60.1523,True,True
394,2079,1673.11,1230.95,5.197682,71.321331,0.68543,110.9,5556.78,0.5493,59.8922,60.114,False,False
395,1756,1421.15,937.78,9.838899,67.332451,0.62658,168.26,5631.0,0.7766,59.7555,60.092,False,False
396,3202,365.67,2162.72,-9.553162,50.623206,0.6264,250.06,4904.22,0.7725,59.5833,60.0834,True,True
397,2101,1686.15,1260.86,4.724283,71.527635,0.68537,110.89,5266.11,0.5484,59.8376,60.0594,False,False
398,4361,3150.07,2673.53,-17.639787,94.702938,0.62839,171.43,2724.05,0.7826,59.6511,59.9939,False,False
399,1735,2226.74,904.4,10.36737,80.085699,0.65347,105.73,6683.13,0.6614,59.7416,59.953,False,False
400,2058,1680.37,1204.27,5.620078,71.436246,0.6841,110.68,5609.28,0.5449,59.7227,59.9441,False,False
401,2495,1322.02,1707.26,-2.342781,65.763086,0.68099,110.18,6683.91,0.55,59.718,59.9383,False,False
402,505,171.48,297.32,19.978026,47.548943,0.61943,239.58,6973.57,0.7799,59.4576,59.9368,True,True
403,990,576.75,526.62,16.347895,53.964813,0.62252,256.69,5621.5,0.7696,59.3358,59.8491,True,True
404,2804,1354.12,1938.95,-6.010628,66.271407,0.68277,110.47,5553.54,0.5445,59.6142,59.8351,False,False
405,2805,1389.07,1935.85,-5.961566,66.824637,0.68295,110.5,5411.45,0.5446,59.6122,59.8332,False,False
406,2653,1162.84,1844.6,-4.516903,63.243204,0.67171,108.68,7085.19,0.5772,59.5869,59.8043,False,False
407,2026,1488.35,1161.21,6.30174,68.39636,0.67744,109.61,7697.42,0.55,59.5815,59.8008,False,False
408,2002,1680.69,1130.47,6.788454,71.441232,0.68307,110.52,5081.8,0.5442,59.575,59.7961,False,False
409,2396,1485.77,1621.5,-0.985066,68.355456,0.68095,110.18,6448.73,0.5432,59.5654,59.7857,False,False
410,2462,1452.46,1674.64,-1.826357,67.828221,0.68081,110.15,6472.12,0.5431,59.5557,59.776,False,False
411,3885,268.29,2509.97,-15.05037,49.081617,0.65501,105.98,7059.6,0.6417,59.5413,59.7533,False,False
412,2429,1486.32,1654.97,-1.514855,68.364115,0.6812,110.22,5992.73,0.5434,59.5326,59.7531,False,False
413,1587,2248.6,810.74,11.850148,80.43186,0.65578,106.1,6285.19,0.6436,59.5397,59.7519,False,False
414,1995,1455.51,1132.93,6.749445,67.876505,0.67697,109.53,6522.82,0.5565,59.5261,59.7451,False,False
415,1903,2065.06,1040.46,8.213371,77.526246,0.66363,107.37,7723.46,0.6015,59.5181,59.7328,False,False
416,1003,1070.78,523.78,16.392857,61.785718,0.64661,115.53,5313.84,0.6837,59.4872,59.7183,False,False
417,2616,1458.59,1806.31,-3.910782,67.925254,0.68176,110.31,5247.96,0.5438,59.4936,59.7142,False,False
418,2756,1384.16,1907.24,-5.508564,66.746949,0.68113,110.2,5601.16,0.5436,59.4847,59.7051,False,False
419,2617,1486.75,1811.43,-3.991774,68.370965,0.68154,110.27,5237.16,0.5437,59.474,59.6946,False,False
420,2147,1651.63,1321.71,3.760852,70.981207,0.67969,109.97,5338.71,0.55,59.4659,59.6858,False,False
421,2879,2350.32,1969.0,-6.48631,82.042089,0.61987,188.23,4122.09,0.787,59.2825,59.6589,True,False
422,2053,1520.84,1205.64,5.598433,68.910693,0.67259,108.82,8647.05,0.5548,59.4305,59.6481,False,False
423,2304,1458.45,1523.16,0.571703,67.922953,0.6766,109.47,7951.58,0.5426,59.4179,59.6368,False,False
424,2123,1679.55,1294.88,4.18574,71.423226,0.68061,110.12,4606.34,0.5471,59.3942,59.6145,False,False
425,2363,1419.98,1585.89,-0.421353,67.313933,0.67659,109.47,6824.24,0.5488,59.3954,59.6143,False,False
426,2080,1705.67,1234.36,5.143785,71.836728,0.68121,110.22,4718.72,0.5432,59.3797,59.6001,False,False
427,2430,1515.02,1650.64,-1.44635,68.8186,0.67981,109.99,5510.87,0.5426,59.3611,59.5811,False,False
428,2463,1478.81,1685.71,-2.001597,68.245359,0.67874,109.82,6269.07,0.5419,59.3613,59.5809,False,False
429,1863,2098.99,1006.97,8.743566,78.063374,0.66738,107.98,9378.96,0.5656,59.3359,59.5519,False,False
430,2393,1393.5,1621.52,-0.985364,66.894726,0.67517,109.24,6834.1,0.55,59.3162,59.5347,False,False
431,2464,1515.37,1679.07,-1.896378,68.824029,0.67942,109.93,5362.32,0.5424,59.3117,59.5316,False,False
432,3212,1069.98,2152.25,-9.387304,61.773047,0.67067,108.51,6510.63,0.5689,59.2942,59.5112,False,False
433,1996,1489.83,1132.15,6.761852,68.419706,0.67552,109.3,6879.75,0.5454,59.2648,59.4834,False,False
434,2428,1456.42,1642.26,-1.313651,67.890816,0.67698,109.53,6456.24,0.5408,59.2365,59.4556,False,False
435,2365,1481.63,1588.11,-0.456491,68.289886,0.67555,109.3,7188.95,0.5399,59.2039,59.4225,False,False
436,2059,1703.43,1197.6,5.725663,71.801288,0.67806,109.71,5359.75,0.5413,59.1933,59.4127,False,False
437,1448,1332.37,753.47,12.756643,65.926973,0.63791,129.75,3992.46,0.7074,59.1326,59.3921,False,False
438,2332,1425.91,1549.8,0.150066,67.407868,0.67398,109.05,6548.01,0.5482,59.164,59.3821,False,False
439,2577,1492.06,1778.96,-3.477815,68.455075,0.67726,109.58,5518.44,0.5411,59.1517,59.3708,False,False
440,2279,1583.39,1490.02,1.09643,69.900856,0.67849,109.78,4676.06,0.5416,59.1499,59.3695,False,False
441,2532,1296.89,1743.6,-2.918002,65.365315,0.67353,108.97,6404.86,0.5492,59.134,59.3519,False,False
442,2576,1454.74,1773.99,-3.399047,67.864266,0.67692,109.52,5589.34,0.5409,59.1315,59.3506,False,False
443,1884,1452.35,1039.13,8.234431,67.82639,0.6733,108.94,6602.17,0.5486,59.1294,59.3473,False,False
444,2759,1482.35,1900.23,-5.397666,68.301321,0.67738,109.6,5051.38,0.5413,59.1083,59.3274,False,False
445,2004,1746.52,1145.38,6.552465,72.483424,0.67774,109.66,4806.82,0.541,59.1017,59.321,False,False
446,2001,1648.09,1139.74,6.64169,70.925193,0.67635,109.43,5606.13,0.5402,59.0798,59.2987,False,False
447,2459,1350.78,1684.29,-1.979147,66.21842,0.67256,108.82,6601.63,0.5488,59.0791,59.2967,False,False
448,2307,1555.52,1512.27,0.744201,69.459691,0.6762,109.41,5627.64,0.5402,59.0723,59.2911,False,False
449,1757,1454.24,946.02,9.708452,67.85627,0.63207,131.4,6300.67,0.7094,59.0203,59.2831,False,False
450,3690,432.99,2422.05,-13.658534,51.688969,0.63518,118.11,8304.91,0.685,59.0395,59.2757,False,False
451,3338,1294.05,2219.0,-10.444054,65.320392,0.67679,109.5,4874.75,0.5408,59.037,59.256,False,False
452,2333,1454.57,1558.86,0.006529,67.861507,0.67335,108.95,7319.86,0.5385,59.0356,59.2535,False,False
453,2170,1619.74,1357.71,3.190946,70.476382,0.67518,109.24,5499.04,0.5425,59.0254,59.2439,False,False
454,2608,1197.63,1813.17,-4.0194,63.794008,0.65677,106.26,6298.48,0.6112,59.0294,59.2419,False,False
455,2852,1358.29,1970.08,-6.503338,66.33739,0.67616,109.4,5156.25,0.5405,59.0201,59.2389,False,False
456,1962,1455.42,1103.48,7.215784,67.875004,0.67224,108.77,6877.8,0.5449,59.0186,59.2361,False,False
457,2698,1132.21,1869.42,-4.909902,62.758251,0.67194,108.72,6428.24,0.5487,59.0123,59.2298,False,False
458,2747,1099.45,1903.98,-5.456993,62.239732,0.65526,106.02,6298.2,0.6163,59.014,59.226,False,False
459,1363,2248.22,687.4,13.802742,80.425761,0.66472,107.55,6094.93,0.5795,59.0089,59.224,False,False
460,2663,1484.7,1840.14,-4.446403,68.338485,0.67551,109.29,5423.18,0.5401,58.9964,59.215,False,False
461,3269,1067.1,2188.53,-9.961634,61.72751,0.67271,108.84,6261.14,0.5453,58.9874,59.2051,False,False
462,3155,1264.87,2130.34,-9.040439,64.858433,0.67593,109.36,4990.22,0.5403,58.9791,59.1978,False,False
463,2575,1419.27,1774.86,-3.412836,67.302724,0.67448,109.13,5937.97,0.5394,58.97,59.1883,False,False
464,2031,1640.78,1169.97,6.16314,70.809464,0.6745,109.13,5962.58,0.5391,58.9686,59.1869,False,False
465,2500,1491.94,1710.0,-2.386018,68.453223,0.67523,109.25,5371.56,0.5398,58.9652,59.1837,False,False
466,2951,1104.13,2026.79,-7.401112,62.313727,0.6725,108.81,6880.53,0.5396,58.9422,59.1598,False,False
467,512,420.03,318.68,19.639824,51.483818,0.60779,207.25,7556.92,0.7824,58.7329,59.1474,True,False
468,2537,1451.24,1740.01,-2.861231,67.808798,0.67388,109.03,5914.98,0.539,58.9175,59.1356,False,False
469,2465,1545.12,1672.93,-1.799154,69.295118,0.67422,109.09,5671.63,0.5392,58.9173,59.1354,False,False
470,1971,1738.28,1109.09,7.126976,72.353013,0.67572,109.33,4653.83,0.5398,58.9159,59.1345,False,False
471,2501,1514.13,1702.78,-2.271757,68.80447,0.67368,109.0,5998.29,0.5389,58.9108,59.1288,False,False
472,2538,1484.12,1740.54,-2.869553,68.329381,0.67408,109.06,5673.89,0.5392,58.9064,59.1245,False,False
473,1949,2205.92,1058.02,7.935362,79.756214,0.61046,201.51,5672.5,0.7831,58.7159,59.1189,True,False
474,2397,1522.44,1617.49,-0.921606,68.936059,0.67442,109.12,5391.59,0.5393,58.8994,59.1177,False,False
475,3012,1103.84,2055.04,-7.848429,62.309216,0.67164,108.67,6868.24,0.5407,58.8988,59.1162,False,False
476,2536,1418.94,1745.39,-2.946354,67.297533,0.67345,108.96,5965.77,0.5387,58.8871,59.1051,False,False
477,2748,1130.74,1903.79,-5.453974,62.735019,0.67067,108.51,6970.4,0.5426,58.8759,59.0929,False,False
478,1963,1490.83,1101.54,7.24638,68.435622,0.6724,108.79,6633.18,0.5378,58.8747,59.0922,False,False
479,2034,1740.56,1173.14,6.112896,72.388985,0.6751,109.23,4654.86,0.5394,58.8645,59.083,False,False
480,2276,1487.23,1483.57,1.198554,68.378524,0.66976,108.36,7666.82,0.5407,58.8561,59.0729,False,False
481,2033,1708.83,1171.37,6.141008,71.886816,0.67371,109.0,5071.24,0.5386,58.798,59.016,False,False
482,2851,1328.69,1967.49,-6.462328,65.868713,0.67367,109.0,5000.57,0.539,58.7944,59.0124,False,False
483,2700,1204.52,1867.15,-4.873949,63.903087,0.67199,108.72,5946.31,0.5385,58.7758,58.9932,False,False
484,2755,1355.75,1898.67,-5.372897,66.297105,0.67256,108.82,5566.11,0.5383,58.769,58.9867,False,False
485,1779,2155.42,936.99,9.851429,78.956714,0.6661,107.77,8363.56,0.5458,58.7679,58.9835,False,False
486,1885,1486.17,1032.58,8.338129,68.361741,0.66966,108.35,6305.7,0.5446,58.7597,58.9764,False,False
487,3456,1203.22,2288.93,-11.551173,63.882431,0.6738,109.02,4502.82,0.5393,58.75,58.968,False,False
488,2431,1552.16,1642.34,-1.315019,69.406427,0.67234,108.78,5559.65,0.5381,58.748,58.9655,False,False
489,2366,1510.93,1580.96,-0.343268,68.753861,0.67159,108.66,6093.86,0.5375,58.747,58.9643,False,False
490,2499,1458.21,1711.25,-2.405823,67.919201,0.67178,108.69,5932.05,0.5377,58.7443,58.9617,False,False
491,1925,1456.47,1073.91,7.683796,67.891606,0.66954,108.33,6783.05,0.5407,58.7379,58.9546,False,False
492,3956,300.01,2538.79,-15.506621,49.583716,0.66937,108.3,6801.69,0.5399,58.7135,58.9301,False,False
493,2570,1258.41,1769.2,-3.323289,64.756082,0.66724,107.96,6480.35,0.5505,58.7121,58.928,False,False
494,2760,1510.55,1910.74,-5.564057,68.747809,0.67236,108.79,5063.28,0.5382,58.6938,58.9114,False,False
495,2395,1451.92,1613.68,-0.861223,67.819649,0.66959,108.34,7019.58,0.5363,58.6898,58.9064,False,False
496,1778,2127.57,944.3,9.735705,78.515878,0.66649,107.84,7681.49,0.5435,58.6743,58.8899,False,False
497,2705,1357.74,1873.38,-4.97252,66.328632,0.67147,108.64,5379.28,0.5376,58.6557,58.873,False,False
498,2248,1515.81,1460.3,1.566885,68.831019,0.66872,108.2,6421.82,0.5418,58.6561,58.8725,False,False
499,3455,1168.64,2281.12,-11.427414,63.334942,0.67251,108.81,4493.44,0.5385,58.6416,58.8592,False,False
500,3459,1290.14,2283.23,-11.460832,65.258403,0.67318,108.92,4027.89,0.5387,58.639,58.8569,False,False
501,2056,1619.48,1199.92,5.688918,70.472262,0.66859,108.18,6484.87,0.541,58.6402,58.8566,False,False
502,2853,1395.12,1972.17,-6.53653,66.920372,0.67103,108.57,5513.25,0.5374,58.6362,58.8533,False,False
503,2709,1483.45,1868.52,-4.895601,68.318741,0.67134,108.62,5109.87,0.5376,58.6142,58.8314,False,False
504,1940,1931.24,1066.63,7.799035,75.407637,0.65068,105.28,5055.43,0.62,58.6032,58.8137,False,False
505,2426,1399.3,1655.15,-1.517724,66.986532,0.6673,107.97,6925.41,0.5405,58.589,58.8049,False,False
506,1898,1902.41,1041.37,8.198963,74.951376,0.67002,108.41,4643.25,0.5442,58.5829,58.7997,False,False
507,2798,1166.19,1929.38,-5.859031,63.296196,0.66836,108.14,6963.63,0.5355,58.5797,58.796,False,False
508,513,428.01,297.63,19.973098,51.610077,0.60595,180.68,6776.31,0.7782,58.4327,58.7941,True,False
509,2278,1551.84,1479.44,1.263841,69.401393,0.6698,108.37,5868.21,0.5364,58.5704,58.7871,False,False
510,2498,1416.86,1709.33,-2.375504,67.264552,0.66878,108.21,6505.14,0.5358,58.5624,58.7788,False,False
511,2654,1195.37,1840.21,-4.447478,63.758123,0.66652,107.84,6681.17,0.5436,58.5605,58.7761,False,False
512,970,2377.6,507.87,16.644786,82.474063,0.6071,217.43,4544.08,0.783,58.3393,58.7742,True,False
513,4272,100.45,2686.28,-17.84159,46.424565,0.60597,222.43,5129.43,0.7829,58.3261,58.771,True,False
514,2466,1578.67,1676.48,-1.855463,69.826112,0.67081,108.53,4887.59,0.5371,58.5415,58.7585,False,False
515,2003,1708.94,1138.07,6.668049,71.888531,0.67112,108.58,4709.91,0.537,58.5409,58.7581,False,False
516,2905,1385.7,1999.9,-6.975438,66.771247,0.67024,108.44,5186.13,0.537,58.5326,58.7495,False,False
517,3449,970.47,2283.11,-11.459048,60.197779,0.65551,106.06,5688.16,0.5927,58.5351,58.7473,False,False
518,2305,1492.09,1509.84,0.782601,68.455501,0.66664,107.86,7731.3,0.5344,58.5277,58.7434,False,False
519,2220,1519.1,1425.36,2.120087,68.883166,0.66634,107.81,5986.3,0.5455,58.4996,58.7152,False,False
520,350,708.88,221.03,21.185753,56.056521,0.60875,245.9,5937.85,0.7607,58.2206,58.7124,True,True
521,1968,1649.29,1108.53,7.135717,70.944159,0.66983,108.38,5198.26,0.5362,58.4907,58.7074,False,False
522,2758,1452.18,1905.59,-5.482456,67.823655,0.66945,108.31,5264.29,0.5364,58.4752,58.6919,False,False
523,2306,1515.88,1524.36,0.552791,68.83211,0.6676,108.02,6435.62,0.535,58.4541,58.6701,False,False
524,2571,1296.15,1780.03,-3.494669,65.353561,0.66684,107.89,6427.06,0.538,58.4515,58.6673,False,False
525,1687,2222.99,871.87,10.882313,80.026324,0.66534,107.65,6434.22,0.5437,58.4474,58.6627,False,False
526,2710,1514.58,1875.98,-5.013781,68.811511,0.66927,108.29,5095.31,0.5364,58.4414,58.658,False,False
527,2539,1517.61,1737.69,-2.824437,68.859613,0.66834,108.13,5758.91,0.5357,58.4405,58.6567,False,False
528,1970,1707.58,1104.89,7.19337,71.866953,0.67008,108.42,4584.24,0.5363,58.4387,58.6555,False,False
529,2754,1332.69,1904.93,-5.47197,65.932104,0.66858,108.17,5498.99,0.5359,58.4316,58.6479,False,False
530,2796,1106.59,1933.71,-5.927645,62.352736,0.66563,107.7,6309.44,0.5421,58.4261,58.6415,False,False
531,2896,1104.91,2002.31,-7.0136,62.326162,0.66597,107.75,6772.34,0.5375,58.4212,58.6367,False,False
532,2496,1362.75,1706.1,-2.32434,66.407896,0.66591,107.74,6679.8,0.5371,58.3986,58.6141,False,False
533,2460,1383.24,1674.16,-1.818741,66.732327,0.66512,107.61,6714.18,0.5395,58.3902,58.6055,False,False
534,2542,1618.94,1746.59,-2.965274,70.463734,0.66932,108.29,4612.89,0.5364,58.3881,58.6047,False,False
535,3074,490.06,2094.9,-8.479443,52.592363,0.60495,228.59,4233.98,0.7822,58.1348,58.592,True,True
536,4448,2791.14,2689.73,-17.896186,89.020702,0.60802,176.37,3777.7,0.7787,58.2382,58.5909,False,False
537,2803,1323.17,1930.85,-5.882348,65.781389,0.66757,108.01,5637.83,0.5353,58.3638,58.5798,False,False
538,2461,1427.21,1684.68,-1.985286,67.42849,0.66647,107.83,6395.59,0.5344,58.3574,58.5731,False,False
539,3886,302.82,2507.05,-15.004213,49.628286,0.66059,106.88,6827.44,0.5549,58.354,58.5678,False,False
540,2171,1644.6,1362.32,3.117977,70.869939,0.6685,108.16,4801.25,0.5354,58.3346,58.5509,False,False
541,2146,1618.17,1329.83,3.632426,70.451493,0.66475,107.55,5668.87,0.5447,58.3329,58.5481,False,False
542,3339,1322.26,2220.04,-10.460528,65.766909,0.66871,108.19,4547.29,0.536,58.3297,58.5461,False,False
543,3756,461.37,2450.59,-14.110413,52.138171,0.66255,107.2,7936.02,0.5386,58.331,58.5454,False,False
544,2661,1427.52,1848.7,-4.581863,67.4334,0.66698,107.92,5789.02,0.5347,58.3286,58.5444,False,False
545,2533,1334.47,1735.28,-2.786321,65.960329,0.66477,107.56,7077.37,0.5348,58.3225,58.5376,False,False
546,2032,1674.54,1164.34,6.252257,71.343928,0.66705,107.93,5687.37,0.5345,58.3175,58.5333,False,False
547,2277,1523.93,1493.17,1.046466,68.959624,0.66621,107.79,6077.61,0.5342,58.2969,58.5124,False,False
548,3275,1261.58,2195.17,-10.066749,64.806378,0.66732,107.97,5176.45,0.5351,58.2876,58.5035,False,False
549,3335,1205.88,2219.71,-10.455275,63.924587,0.66675,107.88,5541.2,0.5347,58.2814,58.4971,False,False
550,4366,139.47,2691.36,-17.922003,47.042168,0.62209,132.88,5614.36,0.7098,58.2277,58.4935,False,False
551,2367,1542.85,1583.32,-0.380685,69.259078,0.66631,107.81,5768.79,0.5343,58.2709,58.4865,False,False
552,3398,1265.01,2256.23,-11.033381,64.860658,0.66812,108.1,4414.13,0.5356,58.2649,58.4811,False,False
553,2749,1173.66,1899.68,-5.388971,63.41448,0.66488,107.57,6739.32,0.5334,58.2652,58.4804,False,False
554,2250,1587.24,1455.75,1.638972,69.961915,0.66732,107.97,5002.36,0.5348,58.2624,58.4783,False,False
555,2657,1288.94,1835.72,-4.376298,65.23942,0.66528,107.64,6392.11,0.5338,58.2609,58.4762,False,False
556,3218,1265.37,2156.77,-9.458895,64.866304,0.66746,107.99,4763.63,0.5352,58.25,58.4659,False,False
557,2757,1420.19,1898.87,-5.376145,67.317365,0.66619,107.79,5491.02,0.5344,58.2304,58.446,False,False
558,2658,1335.22,1835.63,-4.374939,65.972153,0.66506,107.6,6188.35,0.5337,58.2196,58.4348,False,False
559,3330,1040.3,2219.2,-10.447157,61.303325,0.65463,105.92,5980.56,0.5769,58.2219,58.4338,False,False
560,2903,1320.05,1998.27,-6.949665,65.732056,0.66633,107.81,5189.51,0.5346,58.2091,58.4247,False,False
561,2000,1616.02,1135.03,6.716233,70.417477,0.66587,107.74,5595.12,0.5338,58.2088,58.4243,False,False
562,4105,173.15,2614.71,-16.708588,47.575466,0.62444,119.91,7434.56,0.686,58.1814,58.4212,False,False
563,3574,1002.03,2353.64,-12.575607,60.697472,0.66698,107.91,4684.88,0.5349,58.2024,58.4182,False,False
564,2280,1619.63,1485.68,1.16517,70.474696,0.66761,108.02,4248.82,0.535,58.1975,58.4135,False,False
565,3270,1102.39,2195.73,-10.075626,62.286186,0.664,107.43,6776.89,0.5328,58.1966,58.4114,False,False
566,1612,1387.12,847.13,11.274061,66.793809,0.63791,103.21,4566.13,0.652,58.2024,58.4089,False,False
567,2843,1075.43,1967.82,-6.467623,61.859425,0.64568,104.47,6227.01,0.6096,58.1937,58.4026,False,False
568,2660,1397.68,1842.2,-4.478948,66.960923,0.66514,107.62,5891.93,0.5336,58.1872,58.4024,False,False
569,3314,515.23,2207.6,-10.263626,52.990843,0.59986,228.86,10136.67,0.7534,57.9436,58.4013,True,True
570,2662,1451.06,1835.73,-4.376574,67.805983,0.66553,107.68,5549.2,0.5339,58.1819,58.3972,False,False
571,2251,1621.41,1457.33,1.61398,70.502763,0.6675,108.0,4174.64,0.5349,58.1788,58.3948,False,False
572,2569,1230.15,1772.52,-3.375809,64.308834,0.65579,106.1,6262.22,0.568,58.1778,58.39,False,False
573,2850,1299.95,1968.65,-6.480789,65.413781,0.66581,107.73,5091.84,0.5342,58.1535,58.3689,False,False
574,3011,1070.03,2063.0,-7.974351,61.773862,0.65744,106.37,6043.17,0.5613,58.1493,58.3621,False,False
575,3086,1264.55,2099.59,-8.553606,64.853408,0.66598,107.75,4886.41,0.5343,58.1424,58.3579,False,False
576,2198,1645.66,1391.13,2.661926,70.886637,0.66716,107.94,4045.56,0.5347,58.135,58.3509,False,False
577,2502,1547.01,1708.08,-2.355759,69.325042,0.66498,107.59,5498.01,0.5336,58.1306,58.3457,False,False
578,1817,1937.86,977.95,9.203049,75.512546,0.66528,107.64,5260.34,0.5337,58.1251,58.3403,False,False
579,3149,1079.4,2117.05,-8.830116,61.922193,0.6324,102.32,7075.86,0.6538,58.1332,58.3378,False,False
580,2535,1389.61,1748.33,-2.992904,66.833128,0.66395,107.43,6132.44,0.5329,58.1182,58.3331,False,False
581,3189,2545.9,2110.61,-8.728072,85.138414,0.60479,206.05,2804.96,0.7803,57.92,58.3321,True,False
582,2027,1522.57,1166.84,6.212736,68.938053,0.66052,106.87,7926.13,0.5348,58.117,58.3307,False,False
583,2338,1612.26,1551.02,0.13076,70.357917,0.66637,107.82,4334.91,0.5344,58.1074,58.3231,False,False
584,1777,2096.93,947.03,9.692412,78.030783,0.66049,106.86,8142.51,0.5331,58.1084,58.3221,False,False
585,2432,1581.7,1645.51,-1.365151,69.874165,0.66548,107.67,4910.31,0.5339,58.1021,58.3175,False,False
586,1710,1428.89,910.63,10.268708,67.455027,0.63845,103.3,5596.57,0.6379,58.1094,58.316,False,False
587,2904,1352.58,2005.5,-7.06412,66.246908,0.66446,107.51,5506.7,0.5334,58.0907,58.3057,False,False
588,1732,2128.17,905.84,10.344631,78.525323,0.66343,107.34,6230.13,0.5326,58.0874,58.302,False,False
589,2806,1422.77,1932.07,-5.901678,67.358174,0.66476,107.55,5206.13,0.5336,58.0789,58.294,False,False
590,2704,1327.99,1868.25,-4.891349,65.857615,0.6647,107.55,5205.93,0.5336,58.0748,58.2899,False,False
591,1934,1737.29,1071.91,7.715485,72.337333,0.66595,107.75,4356.17,0.5339,58.071,58.2865,False,False
592,2467,1609.18,1671.74,-1.780315,70.309219,0.66492,107.58,5020.37,0.5336,58.0696,58.2848,False,False
593,1734,2186.79,917.08,10.166672,79.453279,0.65865,106.57,7623.7,0.5415,58.0665,58.2797,False,False
594,2568,1203.98,1782.3,-3.530673,63.894438,0.63186,103.22,6319.64,0.6565,58.055,58.2614,False,False
595,3215,1172.28,2159.78,-9.506552,63.39271,0.66432,107.48,5036.3,0.5333,58.0233,58.2383,False,False
596,2854,1417.54,1959.76,-6.339996,67.275261,0.66316,107.3,5809.31,0.5327,58.0188,58.2334,False,False
597,3954,241.52,2540.89,-15.539918,48.657733,0.65764,106.4,8266.24,0.5387,58.0184,58.2312,False,False
598,1172,2196.86,597.18,15.230975,79.612749,0.63716,103.09,6720.98,0.631,58.0237,58.2299,False,False
599,1969,1678.39,1104.68,7.196745,71.404927,0.66461,107.53,4818.63,0.533,58.0116,58.2267,False,False
600,2615,1423.62,1811.17,-3.987751,67.37163,0.6637,107.38,5386.17,0.5328,58.0101,58.2249,False,False
601,2540,1552.56,1743.6,-2.918083,69.412862,0.66397,107.43,5147.98,0.5331,58.0066,58.2215,False,False
602,3373,412.13,2269.64,-11.245731,51.358685,0.59898,224.1,9328.0,0.7522,57.7641,58.2123,True,True
603,4192,328.65,2636.54,-17.054119,50.037168,0.66515,107.62,4198.72,0.5339,57.996,58.2112,False,False
604,3274,1234.53,2183.53,-9.882467,64.378051,0.66335,107.33,5317.14,0.5327,57.9751,58.1898,False,False
605,1476,2223.21,756.46,12.709305,80.029928,0.6609,106.93,6105.48,0.5372,57.9723,58.1861,False,False
606,445,125.73,267.73,20.446509,46.824743,0.59791,217.19,7064.7,0.7703,57.7449,58.1793,True,False
607,1965,1551.99,1106.65,7.165527,69.403779,0.66207,107.12,6169.91,0.5315,57.9622,58.1765,False,False
608,3073,482.51,2100.78,-8.572501,52.472927,0.60115,229.48,4704.92,0.7708,57.7105,58.1694,True,True
609,2309,1619.42,1517.26,0.665173,70.471352,0.66424,107.47,4378.08,0.533,57.9344,58.1494,False,False
610,3337,1267.26,2226.38,-10.560837,64.896229,0.66342,107.34,4911.49,0.5327,57.9323,58.147,False,False
611,3085,1228.42,2100.01,-8.560354,64.281321,0.66333,107.32,4976.36,0.5326,57.9324,58.147,False,False
612,3576,1071.74,2352.69,-12.560503,61.800999,0.66398,107.43,4469.98,0.5331,57.9288,58.1437,False,False
613,1772,1934.12,944.07,9.73939,75.453369,0.66403,107.44,4383.67,0.533,57.9187,58.1336,False,False
614,1058,390.52,559.15,15.833022,51.016586,0.59996,239.5,7375.16,0.755,57.6544,58.1334,True,True
615,1180,2445.23,597.24,15.230045,83.54461,0.60383,237.69,4730.37,0.7568,57.6553,58.1307,True,True
616,1857,1906.28,1009.08,8.710199,75.012581,0.66353,107.36,4733.47,0.5325,57.9153,58.13,False,False
617,1366,2426.73,668.37,14.10392,83.251772,0.59991,204.47,4431.4,0.7774,57.7082,58.1172,True,False
618,2223,1619.1,1426.8,2.097209,70.466255,0.66399,107.43,4262.18,0.5327,57.898,58.1128,False,False
619,3277,1323.89,2187.34,-9.942869,65.792794,0.66323,107.31,4681.43,0.5326,57.8898,58.1044,False,False
620,1532,2187.61,778.04,12.367706,79.46626,0.66089,106.93,6287.06,0.5311,57.8842,58.0981,False,False
621,2308,1584.06,1525.93,0.52792,69.911582,0.66272,107.23,4959.72,0.532,57.8755,58.0899,False,False
622,2902,1289.84,1992.53,-6.858758,65.253732,0.66199,107.11,5379.38,0.5318,57.8695,58.0838,False,False
623,2427,1426.55,1649.49,-1.42823,67.418044,0.66076,106.91,6263.21,0.5309,57.8671,58.0809,False,False
624,1731,2095.84,909.67,10.283993,78.013518,0.66048,106.86,6184.82,0.5309,57.8379,58.0517,False,False
625,2394,1422.8,1618.77,-0.941795,67.358639,0.6594,106.69,6433.76,0.5331,57.8291,58.0425,False,False
626,3367,2212.05,2222.03,-10.491998,79.853178,0.60248,174.5,3041.52,0.7753,57.6918,58.0408,False,False
627,1821,2062.23,967.9,9.362077,77.481371,0.65853,106.55,7464.62,0.5295,57.8234,58.0365,False,False
628,341,428.49,204.35,21.449807,51.617777,0.59841,177.52,5639.8,0.7733,57.6692,58.0242,True,False
629,2054,1547.55,1197.5,5.727272,69.333572,0.65485,105.95,8514.32,0.5365,57.8073,58.0192,False,False
630,2664,1514.41,1836.26,-4.384977,68.808963,0.66148,107.02,5182.68,0.5316,57.8047,58.0188,False,False
631,1638,2226.21,843.09,11.337928,80.077411,0.65815,106.49,6126.8,0.5387,57.804,58.017,False,False
632,2060,1740.7,1202.76,5.643976,72.391264,0.66244,107.18,4412.41,0.5317,57.7864,58.0008,False,False
633,1586,2215.81,818.51,11.727033,79.912742,0.65774,106.42,6820.52,0.5346,57.7827,57.9955,False,False
634,2708,1454.32,1869.57,-4.912273,67.857651,0.66108,106.96,5282.98,0.5312,57.7807,57.9946,False,False
635,2398,1554.62,1610.06,-0.803949,69.445381,0.66092,106.93,5304.89,0.5311,57.77,57.9839,False,False
636,1899,1933.78,1035.81,8.286927,75.447961,0.66005,106.79,4986.71,0.5364,57.7646,57.9782,False,False
637,2574,1394.52,1783.25,-3.545639,66.910896,0.65946,106.7,6259.55,0.5302,57.7608,57.9742,False,False
638,4019,2503.85,2563.63,-15.899856,84.472709,0.59921,215.48,4306.73,0.7717,57.5406,57.9716,True,False
639,4032,328.91,2573.92,-16.062711,50.041194,0.65881,106.59,6671.75,0.5298,57.7562,57.9694,False,False
640,2503,1581.38,1712.38,-2.423746,69.869031,0.66129,106.99,4886.52,0.5314,57.7534,57.9674,False,False
641,1193,425.07,626.39,14.768559,51.563603,0.5967,238.02,8289.06,0.753,57.4909,57.967,True,True
642,3512,1075.47,2321.43,-12.065694,61.859971,0.661,106.95,5070.75,0.5313,57.7522,57.966,False,False
643,1677,1902.6,873.78,10.852059,74.954324,0.66297,107.27,3669.02,0.5325,57.75,57.9645,False,False
644,1964,1517.81,1101.72,7.243613,68.862637,0.6598,106.75,5947.39,0.5301,57.7477,57.9612,False,False
645,2534,1364.79,1741.47,-2.884285,66.44025,0.65898,106.62,6471.65,0.5298,57.7437,57.957,False,False
646,2334,1487.45,1546.49,0.202446,68.382103,0.65773,106.42,7315.19,0.529,57.7392,57.9521,False,False
647,3955,272.36,2539.64,-15.520111,49.145947,0.65742,106.37,6504.9,0.5354,57.7374,57.9501,False,False
648,286,423.78,168.15,22.022887,51.543153,0.60112,162.01,5333.54,0.7619,57.6218,57.9459,False,False
649,2750,1206.46,1901.96,-5.424983,63.933672,0.65955,106.71,5944.38,0.5301,57.7299,57.9433,False,False
650,2797,1133.08,1939.18,-6.014229,62.77204,0.65726,106.34,7517.51,0.529,57.7301,57.9428,False,False
651,3152,1165.31,2133.11,-9.084323,63.282275,0.66049,106.87,5242.12,0.5309,57.7288,57.9425,False,False
652,2497,1386.33,1713.37,-2.43936,66.781302,0.65874,106.58,6467.57,0.5296,57.7226,57.9358,False,False
653,1421,2219.3,717.94,13.319234,79.96806,0.65826,106.5,5982.01,0.5338,57.7074,57.9204,False,False
654,2578,1517.58,1777.38,-3.452843,68.859095,0.66003,106.79,5276.56,0.5306,57.6943,57.9078,False,False
655,2504,1612.98,1705.09,-2.308325,70.369364,0.66045,106.86,4709.8,0.5309,57.6629,57.8766,False,False
656,1733,2156.64,909.91,10.280116,78.976084,0.65594,106.13,7090.39,0.5329,57.6542,57.8665,False,False
657,1928,1546.42,1075.2,7.663353,69.315698,0.65966,106.73,5099.26,0.5301,57.6368,57.8503,False,False
658,1822,2098.71,976.99,9.218125,78.058897,0.65173,105.45,9480.28,0.5325,57.624,57.8349,False,False
659,1270,840.33,648.84,14.413101,58.137477,0.60343,158.32,4077.18,0.755,57.5164,57.833,False,False
660,4274,151.51,2670.84,-17.597058,47.232888,0.60824,140.82,6397.51,0.7222,57.5457,57.8274,False,False
661,3209,661.33,2174.42,-9.738256,55.303849,0.59759,241.57,6268.47,0.7538,57.3325,57.8156,True,True
662,1727,1964.37,913.03,10.230782,75.932201,0.65998,106.78,4502.67,0.5305,57.598,57.8116,False,False
663,3156,1292.75,2125.56,-8.964746,65.29975,0.65945,106.7,4813.51,0.5303,57.5912,57.8046,False,False
664,2364,1449.05,1587.65,-0.449169,67.774243,0.65604,106.14,7243.55,0.528,57.5912,57.8035,False,False
665,2618,1524.24,1809.61,-3.963019,68.964459,0.65877,106.59,5250.47,0.5299,57.5865,57.7997,False,False
666,2468,1639.7,1679.66,-1.905716,70.792346,0.65984,106.76,4183.34,0.5305,57.5489,57.7624,False,False
667,1730,2066.05,912.62,10.237149,77.541956,0.65797,106.46,5471.24,0.5293,57.5451,57.758,False,False
668,3315,535.57,2215.19,-10.383761,53.31293,0.59387,219.85,9006.6,0.7493,57.3048,57.7445,True,True
669,1533,2224.79,785.0,12.257567,80.054955,0.65516,106.0,6171.7,0.5352,57.5299,57.742,False,False
670,4362,3164.28,2684.93,-17.820234,94.927861,0.60032,221.67,2431.2,0.7661,57.2978,57.7412,True,True
671,2579,1549.03,1772.97,-3.38301,69.356893,0.65795,106.45,5300.45,0.5294,57.5245,57.7374,False,False
672,3451,1043.93,2283.61,-11.466902,61.360781,0.65568,106.09,5988.08,0.5333,57.5126,57.7248,False,False
673,1858,1929.42,1000.1,8.852338,75.378839,0.65804,106.47,5156.43,0.5292,57.5115,57.7245,False,False
674,773,426.21,438.3,17.746144,51.581547,0.59747,154.29,7943.07,0.7466,57.3915,57.7001,False,False
675,1369,2504.07,686.51,13.816691,84.476154,0.59951,233.54,4159.77,0.7539,57.225,57.6921,True,True
676,4358,2858.3,2673.05,-17.632117,90.084026,0.60085,243.98,2849.55,0.7559,57.2033,57.6913,True,True
677,3957,337.98,2545.0,-15.604977,50.184805,0.65596,106.13,6320.16,0.528,57.4766,57.6889,False,False
678,2221,1551.34,1419.68,2.209965,69.393553,0.65638,106.2,5699.8,0.53,57.4705,57.6829,False,False
679,1893,1735.41,1036.87,8.270234,72.307611,0.65853,106.55,4396.92,0.5295,57.4624,57.6755,False,False
680,3551,101.71,2370.19,-12.837492,46.444423,0.59975,234.03,3607.73,0.754,57.1782,57.6462,True,True
681,1926,1484.8,1066.05,7.808302,68.340117,0.65455,105.9,6876.02,0.527,57.4231,57.6349,False,False
682,3454,1139.47,2295.09,-11.648646,62.873226,0.65738,106.36,4788.71,0.5292,57.4204,57.6331,False,False
683,4171,2448.79,2601.96,-16.506622,83.601091,0.62449,106.88,4465.66,0.6613,57.3925,57.6063,False,False
684,706,419.16,416.82,18.086216,51.470009,0.58843,205.28,8126.38,0.7707,57.1952,57.6058,True,False
685,631,183.61,383.56,18.612762,47.740977,0.59467,224.97,7113.92,0.7499,57.152,57.602,True,True
686,3077,573.4,2115.21,-8.800892,53.911779,0.59714,228.21,5156.28,0.7518,57.1329,57.5893,True,True
687,617,1886.21,332.25,19.425081,74.694811,0.59821,237.4,3946.44,0.7536,57.1004,57.5752,True,True
688,928,1040.22,495.42,16.841892,61.301937,0.63649,102.98,5576.72,0.6047,57.3676,57.5735,False,False
689,1632,2034.18,842.2,11.352106,77.037384,0.65681,106.27,4643.63,0.529,57.3587,57.5713,False,False
690,2950,1069.85,2027.1,-7.406018,61.770993,0.65182,105.46,6266.56,0.5382,57.3555,57.5665,False,False
691,2102,1716.49,1260.85,4.724342,72.007985,0.65693,106.29,4608.53,0.5284,57.3522,57.5647,False,False
692,2844,1102.61,1965.38,-6.429077,62.289676,0.6527,105.6,6525.46,0.5326,57.3493,57.5605,False,False
693,2610,1264.39,1805.68,-3.900786,64.850835,0.65409,105.83,6317.88,0.5278,57.3376,57.5493,False,False
694,3157,1325.28,2123.98,-8.939775,65.814726,0.65583,106.11,5017.76,0.5281,57.3161,57.5283,False,False
695,3452,1068.83,2294.75,-11.643178,61.754962,0.65472,105.93,5782.77,0.5275,57.314,57.5259,False,False
696,1475,2196.04,749.5,12.819641,79.599684,0.65418,105.84,6112.71,0.527,57.3054,57.5171,False,False
697,3276,1290.12,2191.79,-10.013358,65.258148,0.65529,106.02,5074.31,0.5278,57.2776,57.4897,False,False
698,896,2237.37,482.3,17.04964,80.254113,0.59358,234.61,6479.39,0.7509,57.0152,57.4844,True,True
699,1693,2404.06,884.01,10.690077,82.892857,0.59939,238.75,2255.79,0.7547,57.0055,57.483,True,True
700,1927,1516.31,1066.26,7.805011,68.838993,0.65399,105.81,5933.69,0.5266,57.265,57.4766,False,False
701,2895,1073.71,1994.04,-6.882789,61.832194,0.64395,104.19,6275.07,0.5644,57.2615,57.4699,False,False
702,1935,1771.39,1073.96,7.683035,72.877174,0.65631,106.19,4193.53,0.5281,57.2526,57.465,False,False
703,2619,1549.6,1802.87,-3.856234,69.366041,0.6549,105.96,5099.8,0.5276,57.2487,57.4606,False,False
704,1530,2118.8,788.69,12.199183,78.376955,0.65518,106.01,4836.09,0.5279,57.2451,57.4572,False,False
705,2706,1386.22,1875.8,-5.010939,66.779575,0.6539,105.8,5523.4,0.5268,57.2137,57.4253,False,False
706,1245,2442.5,624.11,14.804635,83.501493,0.595,226.66,5264.06,0.7503,56.9658,57.4191,True,True
707,1726,1930.79,911.58,10.253693,75.400545,0.65533,106.03,4294.83,0.5277,57.1878,57.3998,False,False
708,1966,1579.27,1102.3,7.234465,69.835621,0.65421,105.85,5091.42,0.5267,57.1825,57.3942,False,False
709,2901,1269.86,2004.4,-7.046759,64.93738,0.65389,105.8,5216.61,0.5269,57.1782,57.3898,False,False
710,622,2141.41,337.22,19.346326,78.734868,0.59414,241.65,4893.27,0.7519,56.8875,57.3708,True,True
711,2614,1386.23,1812.54,-4.0094,66.77969,0.65288,105.63,5777.66,0.5261,57.1575,57.3688,False,False
712,2849,1262.07,1967.77,-6.46685,64.814146,0.65442,105.88,4642.66,0.5273,57.1565,57.3683,False,False
713,4033,371.34,2582.37,-16.196552,50.71296,0.65304,105.66,5628.88,0.5262,57.1536,57.3649,False,False
714,3322,744.72,2220.01,-10.460009,56.623899,0.58902,209.71,5337.68,0.7718,56.9299,57.3493,True,False
715,2249,1549.24,1451.69,1.703138,69.360331,0.65252,105.58,5870.97,0.5259,57.1377,57.3489,False,False
716,3220,1326.33,2158.75,-9.490184,65.831371,0.65416,105.84,4607.96,0.527,57.1276,57.3393,False,False
717,2336,1548.93,1546.73,0.198648,69.355437,0.65301,105.65,5350.43,0.5261,57.1155,57.3268,False,False
718,2335,1520.28,1552.0,0.115282,68.901865,0.65276,105.61,5463.39,0.526,57.1085,57.3198,False,False
719,1775,2024.4,946.55,9.700095,76.882457,0.6525,105.57,5608.82,0.5259,57.1064,57.3175,False,False
720,692,2183.22,373.12,18.77795,79.396881,0.59285,241.77,5326.95,0.7511,56.8326,57.3161,True,True
721,2337,1588.07,1554.54,0.075059,69.974921,0.65318,105.68,5096.78,0.5263,57.1021,57.3135,False,False
722,3509,977.17,2317.6,-12.005044,60.303927,0.65166,105.44,5569.33,0.5288,57.0928,57.3037,False,False
723,1629,1934.0,850.58,11.219331,75.451336,0.65465,105.92,3744.5,0.5275,57.0707,57.2825,False,False
724,2807,1453.34,1933.42,-5.923097,67.842062,0.65272,105.61,5037.97,0.5262,57.0606,57.2718,False,False
725,1862,2069.58,1009.68,8.700702,77.5977,0.6465,104.6,8382.85,0.529,57.0564,57.2656,False,False
726,3217,1226.95,2160.22,-9.51357,64.258105,0.65294,105.64,4812.18,0.5263,57.0514,57.2627,False,False
727,2609,1234.91,1807.89,-3.935774,64.384078,0.65029,105.21,5873.29,0.5297,57.0455,57.2559,False,False
728,1773,1967.25,949.92,9.646795,75.977786,0.65174,105.45,5493.48,0.5254,57.0288,57.2397,False,False
729,1816,1899.01,974.92,9.250903,74.897445,0.65326,105.69,4256.12,0.5263,57.0094,57.2208,False,False
730,2572,1325.51,1772.67,-3.3782,65.818412,0.6498,105.14,6684.89,0.5242,57.007,57.2173,False,False
731,2194,1522.74,1389.66,2.685217,68.940726,0.64662,104.62,7219.29,0.5329,56.9982,57.2074,False,False
732,2148,1684.23,1329.82,3.632542,71.497306,0.65263,105.59,4465.46,0.5258,56.9792,57.1904,False,False
733,2400,1621.14,1621.67,-0.987815,70.498556,0.65219,105.52,4673.79,0.5256,56.9693,57.1803,False,False
734,3213,1099.44,2163.43,-9.564364,62.239531,0.64785,104.82,7130.03,0.527,56.97,57.1797,False,False
735,2707,1416.29,1874.1,-4.983973,67.255583,0.65091,105.31,5557.08,0.525,56.9686,57.1792,False,False
736,4029,242.46,2576.87,-16.109552,48.67262,0.64635,104.58,8398.74,0.5239,56.9553,57.1645,False,False
737,3219,1299.54,2159.28,-9.498599,65.407207,0.65181,105.46,4783.44,0.5256,56.9535,57.1644,False,False
738,2434,1649.85,1654.16,-1.502157,70.953093,0.65249,105.57,4198.26,0.526,56.9404,57.1515,False,False
739,1725,1898.83,905.62,10.348,74.894672,0.65267,105.6,4053.18,0.5261,56.9396,57.1508,False,False
740,2845,1133.33,1971.61,-6.527589,62.77608,0.64787,104.82,7410.33,0.5232,56.9351,57.1447,False,False
741,3257,512.61,2193.41,-10.038925,52.949352,0.58634,221.43,9155.37,0.7449,56.7018,57.1447,True,True
742,2808,1483.45,1941.77,-6.055254,68.318812,0.65058,105.26,5109.72,0.525,56.8922,57.1027,False,False
743,2529,1200.4,1749.79,-3.01601,63.837789,0.59117,156.35,5967.29,0.7497,56.7607,57.0734,False,False
744,565,215.65,322.55,19.578586,48.248295,0.58658,238.06,7739.75,0.7474,56.5968,57.0729,True,True
745,1859,1960.45,1016.14,8.598415,75.870073,0.64713,104.7,6265.11,0.5285,56.8446,57.054,False,False
746,3336,1232.69,2217.95,-10.427492,64.348943,0.65,105.17,5111.88,0.5245,56.8419,57.0522,False,False
747,1575,1874.69,820.65,11.693169,74.512428,0.65283,105.63,3096.07,0.5262,56.8402,57.0515,False,False
748,3443,779.41,2285.05,-11.489677,57.173113,0.60154,135.66,5727.67,0.7107,56.7768,57.0481,False,False
749,1585,2189.91,808.32,11.888341,79.502663,0.6477,104.79,6429.73,0.523,56.8054,57.015,False,False
750,1933,1704.12,1076.39,7.644623,71.812137,0.65026,105.21,4635.19,0.5242,56.8001,57.0105,False,False
751,1886,1516.33,1037.17,8.265411,68.839353,0.64876,104.97,5487.73,0.5243,56.7928,57.0028,False,False
752,4031,301.38,2570.58,-16.009865,49.605403,0.64729,104.73,6494.32,0.5228,56.7787,56.9881,False,False
753,1126,406.23,606.44,15.084346,51.265315,0.58587,217.53,8300.26,0.744,56.5503,56.9854,True,True
754,1776,2068.79,940.5,9.79579,77.585239,0.64726,104.72,6502.44,0.5227,56.7756,56.985,False,False
755,1897,1867.56,1043.56,8.16427,74.399614,0.64892,104.99,4719.96,0.5273,56.77,56.98,False,False
756,1678,1938.49,880.07,10.752555,75.522442,0.65038,105.23,4003.29,0.5249,56.7457,56.9561,False,False
757,3273,1193.86,2188.13,-9.955366,63.734287,0.64876,104.97,5159.91,0.5238,56.7455,56.9554,False,False
758,4453,3167.64,2695.5,-17.987514,94.981177,0.5938,220.65,2266.45,0.7496,56.5125,56.9538,True,True
759,2433,1616.89,1647.0,-1.388735,70.431196,0.64952,105.09,4388.95,0.5241,56.7158,56.9259,False,False
760,2222,1589.51,1421.17,2.186378,69.997733,0.64818,104.87,5302.74,0.5232,56.711,56.9207,False,False
761,4110,342.04,2601.65,-16.501804,50.249137,0.64859,104.94,4907.4,0.5237,56.7013,56.9112,False,False
762,2701,1239.04,1871.39,-4.941011,64.449527,0.64687,104.66,6073.88,0.5225,56.6944,56.9037,False,False
763,2703,1299.27,1864.95,-4.839143,65.402979,0.64694,104.67,5968.19,0.5227,56.6899,56.8992,False,False
764,1679,1972.48,875.38,10.8267,76.060612,0.64886,104.98,4580.02,0.524,56.6888,56.8987,False,False
765,1967,1614.22,1102.79,7.226639,70.388916,0.6483,104.89,4875.84,0.523,56.6663,56.8761,False,False
766,3254,336.79,2209.32,-10.290864,50.166035,0.587,219.41,6498.89,0.7449,56.4369,56.8757,True,True
767,1818,1966.17,981.23,9.150982,75.960619,0.64641,104.59,6130.26,0.5222,56.6618,56.871,False,False
768,2030,1609.6,1161.43,6.298353,70.31583,0.64632,104.57,6151.37,0.5219,56.6531,56.8623,False,False
769,3448,942.23,2285.38,-11.494963,59.750796,0.64454,104.28,5616.64,0.5325,56.6517,56.8602,False,False
770,2369,1618.12,1588.72,-0.466078,70.450723,0.64792,104.83,4752.31,0.523,56.6243,56.8339,False,False
771,1887,1546.13,1038.64,8.242143,69.311108,0.64833,104.9,4428.51,0.5233,56.6195,56.8293,False,False
772,1929,1585.55,1069.69,7.750687,69.935114,0.6477,104.79,4718.73,0.5228,56.5992,56.8088,False,False
773,3216,1200.86,2156.1,-9.448337,63.845012,0.64739,104.74,4864.67,0.523,56.5991,56.8086,False,False
774,1783,2373.96,923.73,10.061263,82.416449,0.59082,219.41,3182.58,0.747,56.3594,56.7982,True,True
775,1998,1555.73,1133.08,6.747179,69.462984,0.64464,104.3,6624.63,0.5209,56.5695,56.7781,False,False
776,2573,1359.81,1769.56,-3.328968,66.36139,0.64486,104.34,6357.15,0.5211,56.5582,56.7668,False,False
777,2028,1553.53,1165.06,6.24086,69.42818,0.6428,104.0,7704.47,0.5199,56.5468,56.7548,False,False
778,3691,462.1,2411.97,-13.499018,52.149727,0.61062,98.8,9374.61,0.6383,56.556,56.7536,False,False
779,1883,1419.89,1041.53,8.196461,67.312592,0.64234,103.93,6260.78,0.5309,56.5418,56.7496,False,False
780,3151,1136.04,2119.53,-8.86929,62.818852,0.64368,104.15,6851.59,0.5206,56.5226,56.7309,False,False
781,3204,512.43,2155.0,-9.430817,52.946642,0.58493,224.44,6461.92,0.7445,56.277,56.7259,True,True
782,1686,2194.69,881.71,10.726493,79.57843,0.64297,104.03,6482.05,0.5246,56.4987,56.7068,False,False
783,1888,1578.68,1040.13,8.218597,69.826272,0.6469,104.67,4248.88,0.5224,56.4808,56.6902,False,False
784,1802,1459.94,970.13,9.326852,67.946594,0.58602,154.93,6359.42,0.7465,56.3779,56.6877,False,False
785,2656,1257.16,1842.99,-4.491461,64.736427,0.64372,104.15,6125.53,0.5206,56.439,56.6473,False,False
786,1680,2002.22,879.98,10.753948,76.531445,0.64575,104.48,4594.5,0.5221,56.4318,56.6407,False,False
787,969,2367.15,510.56,16.60218,82.308528,0.58117,200.25,5632.5,0.7626,56.2345,56.635,True,False
788,1555,625.56,809.06,11.876614,54.737583,0.58391,218.51,6362.29,0.7432,56.167,56.604,True,True
789,1181,2458.14,608.27,15.055379,83.74912,0.58485,211.9,4632.71,0.7507,56.1669,56.5907,True,False
790,2988,2278.87,2049.61,-7.762491,80.91105,0.58706,228.99,3322.89,0.7462,56.0911,56.5491,True,True
791,4434,2328.86,2694.39,-17.969938,81.702442,0.58403,166.47,3492.24,0.7633,56.1999,56.5329,False,False
792,2611,1294.51,1807.23,-3.925342,65.327587,0.6421,103.89,6246.13,0.5196,56.3184,56.5262,False,False
793,2659,1366.29,1845.33,-4.528448,66.464022,0.64231,103.92,5837.48,0.5197,56.2873,56.4951,False,False
794,499,1868.9,282.48,20.212941,74.420748,0.58626,235.06,3164.52,0.7466,56.0218,56.4919,True,True
795,1609,587.84,840.93,11.372177,54.140336,0.58318,231.31,5334.45,0.7444,56.0161,56.4787,True,True
796,3311,348.52,2222.03,-10.492056,50.351698,0.58161,210.13,7134.87,0.7406,56.0459,56.4662,True,False
797,2857,1519.55,1960.8,-6.356464,68.890265,0.64396,104.19,4360.73,0.5211,56.2571,56.4654,False,False
798,4034,395.44,2573.01,-16.048372,51.094486,0.64132,103.76,6175.69,0.519,56.2434,56.4509,False,False
799,1820,2037.55,979.54,9.177862,77.090672,0.63865,103.33,8017.65,0.5173,56.2378,56.4445,False,False
800,3386,877.23,2259.78,-11.089643,58.721731,0.61855,100.08,5022.51,0.6176,56.244,56.4441,False,False
801,1720,1738.84,907.58,10.317052,72.361821,0.64557,104.45,2947.5,0.5218,56.221,56.4299,False,False
802,1659,559.22,857.53,11.109293,53.687356,0.5823,222.71,5733.78,0.7429,55.9719,56.4173,True,True
803,3573,974.05,2349.17,-12.504839,60.25445,0.6433,104.08,4452.58,0.5204,56.2088,56.417,False,False
804,1362,2218.65,681.26,13.899898,79.957665,0.63827,103.27,6629.57,0.5261,56.2055,56.4121,False,False
805,3577,1101.56,2346.55,-12.463236,62.273062,0.64301,104.04,4520.08,0.5204,56.1945,56.4026,False,False
806,572,470.33,337.72,19.338523,52.280089,0.58556,146.25,7007.81,0.7291,56.1091,56.4016,False,False
807,3271,1135.16,2190.76,-9.997026,62.804937,0.64098,103.71,5904.37,0.5188,56.184,56.3915,False,False
808,3626,531.35,2387.84,-13.116916,53.246151,0.6004,109.22,9141.88,0.6588,56.1636,56.3821,False,False
809,3331,1070.64,2224.1,-10.524743,61.783549,0.63974,103.51,6021.65,0.522,56.1648,56.3718,False,False
810,4187,177.36,2643.49,-17.164132,47.642089,0.61522,99.54,6689.12,0.6158,56.1674,56.3665,False,False
811,351,756.78,211.03,21.344109,56.814842,0.58231,224.54,5082.51,0.7431,55.9002,56.3493,True,True
812,2655,1228.28,1842.68,-4.486479,64.27909,0.6398,103.52,6119.53,0.5195,56.1359,56.3429,False,False
813,1110,2250.6,563.82,15.759046,80.463479,0.59709,122.34,6801.12,0.6837,56.0965,56.3411,False,False
814,1997,1523.79,1130.72,6.784445,68.95737,0.63919,103.42,6759.64,0.5175,56.1316,56.3385,False,False
815,3453,1104.34,2291.17,-11.586561,62.317148,0.64065,103.66,5596.14,0.5189,56.1261,56.3334,False,False
816,386,84.81,229.44,21.052632,46.17693,0.57972,207.28,5551.12,0.7501,55.894,56.3086,True,False
817,3575,1041.22,2348.52,-12.494411,61.317777,0.64147,103.79,4704.79,0.5193,56.0868,56.2943,False,False
818,506,208.06,293.32,20.041299,48.128086,0.57877,218.74,6993.23,0.7404,55.821,56.2585,True,True
819,2029,1587.11,1172.05,6.130168,69.959838,0.63739,103.13,7033.6,0.5176,56.0366,56.2429,False,False
820,1006,1168.76,529.26,16.306197,63.336863,0.62486,101.1,5218.08,0.5797,56.0378,56.24,False,False
821,1810,1714.72,978.03,9.201733,71.980005,0.64258,103.97,3432.16,0.5198,56.0262,56.2341,False,False
822,348,645.77,198.3,21.545522,55.057403,0.57999,216.79,5907.5,0.7408,55.7881,56.2217,True,True
823,3457,1236.99,2289.25,-11.556119,64.417053,0.64091,103.7,4402.59,0.5191,56.0081,56.2155,False,False
824,2613,1356.3,1799.92,-3.809577,66.305923,0.63856,103.32,6120.57,0.5173,56.0076,56.2143,False,False
825,2055,1583.58,1199.03,5.703,69.903932,0.63485,102.72,7115.22,0.5244,55.9861,56.1915,False,False
826,1683,2091.85,880.52,10.745393,77.950337,0.63918,103.42,5420.57,0.5179,55.9812,56.188,False,False
827,4374,409.85,2692.39,-17.93829,51.322664,0.64268,103.98,2821.76,0.5201,55.9672,56.1751,False,False
828,2269,2184.13,1454.86,1.653098,79.411268,0.57903,192.11,2849.07,0.7636,55.7704,56.1547,True,False
829,3272,1161.98,2189.25,-9.97307,63.229545,0.63863,103.33,5415.51,0.5175,55.9334,56.14,False,False
830,2399,1590.15,1613.85,-0.863904,70.007853,0.63912,103.41,4903.21,0.5176,55.9101,56.117,False,False
831,2612,1325.47,1811.81,-3.997766,65.817776,0.6374,103.13,6082.46,0.5167,55.9084,56.1147,False,False
832,1491,360.07,792.02,12.146377,50.534529,0.57481,212.2,8756.41,0.7372,55.6854,56.1098,True,True
833,3458,1264.79,2288.0,-11.536469,64.857219,0.64011,103.57,4053.04,0.5185,55.8986,56.1058,False,False
834,3397,1234.32,2250.0,-10.934744,64.374818,0.63886,103.37,4824.0,0.5177,55.8836,56.0903,False,False
835,3562,624.06,2354.3,-12.586064,54.713763,0.57598,205.07,8031.67,0.7366,55.6752,56.0853,True,False
836,1972,1777.9,1107.88,7.145986,72.980238,0.63884,103.36,4300.93,0.5174,55.8155,56.0222,False,False
837,1941,1957.98,1065.5,7.816962,75.831106,0.62539,101.19,5720.83,0.5621,55.8196,56.022,False,False
838,3332,1104.04,2229.6,-10.611851,62.312379,0.63555,102.83,6588.77,0.5154,55.8121,56.0178,False,False
839,3075,526.27,2099.49,-8.552084,53.165616,0.57986,213.98,4205.5,0.7402,55.5683,55.9963,True,True
840,1932,1673.74,1073.91,7.683812,71.331289,0.63781,103.2,4722.36,0.5166,55.7762,55.9826,False,False
841,1125,363.42,584.95,15.424475,50.587645,0.57305,227.88,8217.91,0.7385,55.5196,55.9754,True,True
842,2081,1735.84,1228.39,5.238266,72.314417,0.63763,103.17,4700.61,0.5166,55.7612,55.9676,False,False
843,1005,1133.05,520.99,16.437168,62.77163,0.60993,98.68,5712.77,0.6208,55.762,55.9594,False,False
844,288,489.43,177.21,21.879545,52.58242,0.58301,144.19,5371.49,0.7246,55.6519,55.9403,False,False
845,3692,488.68,2422.66,-13.668229,52.570544,0.6151,99.52,8704.85,0.5781,55.7171,55.9161,False,False
846,1108,2184.87,567.69,15.697739,79.423,0.63297,102.41,6439.87,0.5209,55.708,55.9128,False,False
847,2167,1518.42,1353.62,3.255781,68.872344,0.60868,98.48,7757.43,0.6089,55.6969,55.8939,False,False
848,3450,1004.44,2283.61,-11.466855,60.735494,0.62861,101.71,5984.94,0.5385,55.6569,55.8603,False,False
849,3084,1196.73,2092.69,-8.444427,63.77977,0.63607,102.91,4827.54,0.5158,55.6504,55.8562,False,False
850,3334,1174.23,2222.32,-10.496572,63.423465,0.63507,102.75,5405.26,0.5153,55.6372,55.8427,False,False
851,3510,1006.0,2316.25,-11.983675,60.760303,0.634,102.58,5615.09,0.5175,55.6235,55.8287,False,False
852,3511,1035.11,2315.86,-11.977476,61.221069,0.63441,102.65,5717.8,0.5149,55.6187,55.824,False,False
853,3203,382.68,2144.32,-9.261734,50.892558,0.57616,214.85,4908.7,0.7381,55.3473,55.777,True,True
854,4030,270.21,2571.68,-16.027307,49.111908,0.63137,102.15,7407.96,0.513,55.5648,55.7691,False,False
855,1237,2190.14,621.97,14.83844,79.506412,0.60769,98.32,6252.37,0.6156,55.5705,55.7671,False,False
856,3333,1137.43,2220.57,-10.468837,62.840926,0.63375,102.54,5119.09,0.5144,55.4919,55.697,False,False
857,4191,306.67,2639.82,-17.106118,49.689164,0.63512,102.76,4066.65,0.5155,55.485,55.6905,False,False
858,2956,1268.87,2034.7,-7.526447,64.921678,0.63368,102.53,4884.65,0.5145,55.4609,55.666,False,False
859,2582,1649.35,1777.92,-3.461401,70.945161,0.63443,102.65,4270.48,0.5151,55.4538,55.6591,False,False
860,455,431.51,267.14,20.455749,51.665568,0.58243,134.35,6363.14,0.7048,55.3689,55.6376,False,False
861,3377,597.06,2236.16,-10.715689,54.286406,0.56821,213.75,9275.23,0.7336,55.2077,55.6352,True,True
862,827,2248.59,420.77,18.023654,80.431708,0.57346,203.29,5310.1,0.7394,55.2232,55.6297,True,False
863,1931,1647.97,1072.3,7.709342,70.92322,0.63366,102.52,4620.05,0.5141,55.4219,55.627,False,False
864,1851,1710.58,1007.6,8.733518,71.914421,0.63469,102.69,3832.93,0.5149,55.4163,55.6217,False,False
865,1728,2002.93,912.29,10.242392,76.542598,0.63336,102.47,4670.98,0.5143,55.4076,55.6126,False,False
866,3378,629.63,2246.39,-10.877658,54.801953,0.5656,227.15,10220.02,0.7341,55.1397,55.594,True,True
867,4028,209.22,2576.18,-16.098617,48.146522,0.6242,100.99,9488.46,0.5183,55.3886,55.5906,False,False
868,3396,1199.78,2257.75,-11.057486,63.828039,0.63259,102.35,4687.62,0.5139,55.3487,55.5534,False,False
869,1707,460.86,889.0,10.611066,52.130161,0.57089,216.3,6404.45,0.7355,55.0968,55.5295,True,True
870,3214,1130.89,2158.26,-9.482524,62.737384,0.62944,101.84,6701.95,0.5117,55.3191,55.5228,False,False
871,392,272.15,242.08,20.852559,49.14264,0.57357,151.43,5279.02,0.7383,55.2083,55.5111,False,False
872,1739,2376.48,912.36,10.241297,82.456345,0.57599,203.93,3182.58,0.7364,55.1009,55.5088,True,False
873,854,796.96,469.17,17.257507,57.450952,0.57127,213.49,6043.81,0.7353,55.0783,55.5053,True,True
874,1684,2129.91,878.24,10.781448,78.552924,0.63005,101.94,5878.04,0.5122,55.274,55.4779,False,False
875,1633,2061.83,851.65,11.202464,77.475003,0.63164,102.2,4693.21,0.5135,55.2727,55.4771,False,False
876,2856,1490.57,1973.03,-6.550042,68.431404,0.63128,102.14,4921.76,0.5133,55.2698,55.474,False,False
877,1811,1742.4,975.4,9.243271,72.418234,0.63336,102.48,3457.5,0.5143,55.2654,55.4704,False,False
878,3439,645.2,2273.18,-11.301801,55.048481,0.56581,208.14,9741.73,0.7317,55.054,55.4703,True,True
879,1894,1770.45,1036.69,8.273139,72.862235,0.63235,102.31,4183.34,0.5135,55.2643,55.4689,False,False
880,1729,2037.62,913.56,10.222404,77.091771,0.63047,102.01,5473.8,0.5124,55.2606,55.4646,False,False
881,1999,1582.69,1138.79,6.65677,69.889805,0.62982,101.9,5947.03,0.5119,55.2606,55.4644,False,False
882,4270,3145.69,2645.0,-17.188019,94.633631,0.5745,212.97,3292.66,0.7371,55.0184,55.4444,True,True
883,1978,1966.2,1095.99,7.334244,75.961197,0.59086,115.43,5372.12,0.6685,55.2076,55.4385,False,False
884,4108,277.52,2608.17,-16.604996,49.227715,0.63012,101.95,5468.35,0.5123,55.2341,55.438,False,False
885,511,356.09,295.57,20.005684,50.47151,0.56974,199.14,7093.84,0.7322,55.0355,55.4338,True,False
886,3391,1036.98,2256.79,-11.042372,61.250685,0.6266,101.38,6094.68,0.5215,55.2194,55.4222,False,False
887,1438,478.22,759.9,12.654849,52.405022,0.56574,210.72,9193.33,0.732,54.9913,55.4127,True,True
888,2897,1140.88,1994.68,-6.892893,62.895499,0.62704,101.45,7384.31,0.5105,55.2035,55.4064,False,False
889,2005,1768.67,1133.43,6.741615,72.834142,0.63093,102.08,4525.47,0.5125,55.1844,55.3885,False,False
890,1179,2413.5,594.37,15.275474,83.042402,0.57114,205.43,5280.95,0.734,54.9551,55.3659,True,False
891,1472,2098.97,739.77,12.973579,78.06298,0.63083,102.07,4316.0,0.5129,55.1602,55.3643,False,False
892,1442,624.96,757.27,12.696504,54.727947,0.56637,222.04,7918.17,0.7339,54.9203,55.3643,True,True
893,2855,1452.51,1967.49,-6.462391,67.829005,0.62966,101.88,5062.17,0.5123,55.1522,55.356,False,False
894,1434,313.1,742.47,12.930936,49.791049,0.5653,206.5,8913.91,0.7309,54.9062,55.3192,True,False
895,691,2171.82,357.55,19.024445,79.216252,0.56915,229.2,5049.77,0.7361,54.8227,55.2811,True,True
896,1470,2031.61,746.45,12.867772,76.996719,0.6308,102.06,3418.61,0.513,55.0547,55.2588,False,False
897,1044,2378.14,529.9,16.296088,82.482599,0.57057,201.72,4915.27,0.7331,54.8549,55.2583,True,False
898,3092,1450.69,2090.41,-8.408275,67.800133,0.62949,101.85,4309.59,0.5122,55.0501,55.2538,False,False
899,1774,1993.27,940.91,9.789303,76.389691,0.62806,101.62,4945.17,0.5108,54.9974,55.2007,False,False
900,3514,1139.06,2326.59,-12.147375,62.866734,0.62859,101.7,4495.59,0.5116,54.9963,55.1997,False,False
901,1896,1841.34,1045.59,8.132136,73.984512,0.62821,101.64,4776.44,0.5107,54.9863,55.1896,False,False
902,3678,2171.27,2368.85,-12.816322,79.207628,0.57217,208.47,2703.63,0.7349,54.7432,55.1602,True,False
903,1892,1703.16,1044.88,8.143401,71.796992,0.62816,101.63,4523.57,0.5107,54.9515,55.1548,False,False
904,1437,467.85,753.34,12.758752,52.240749,0.56237,222.89,8857.51,0.7317,54.703,55.1488,True,True
905,2639,2194.52,1812.22,-4.004361,79.575637,0.58906,115.11,4066.44,0.6677,54.9091,55.1393,False,False
906,3093,1482.38,2090.61,-8.411446,68.301788,0.62854,101.7,3932.01,0.5116,54.9256,55.129,False,False
907,1608,560.03,844.85,11.310025,53.700073,0.56737,204.69,5741.52,0.732,54.7016,55.111,True,False
908,2368,1576.58,1577.49,-0.288272,69.793128,0.62661,101.38,5086.43,0.5098,54.8908,55.0935,False,False
909,3640,981.59,2387.66,-13.114096,60.373807,0.62757,101.54,4248.45,0.5107,54.8777,55.0808,False,False
910,2809,1525.44,1934.13,-5.934348,68.983553,0.62691,101.43,4586.36,0.5105,54.865,55.0679,False,False
911,3394,1132.54,2259.07,-11.078354,62.763512,0.62631,101.33,5001.85,0.51,54.8621,55.0648,False,False
912,1195,487.21,629.97,14.711872,52.547293,0.5631,217.92,7479.99,0.7316,54.591,55.0269,True,True
913,1590,2639.11,826.61,11.598789,86.614037,0.56965,228.4,2468.75,0.7365,54.5628,55.0196,True,True
914,1856,1871.69,1013.47,8.64062,74.465014,0.62615,101.31,4713.1,0.5095,54.8076,55.0102,False,False
915,787,968.07,426.74,17.929128,60.159763,0.56723,198.8,5227.04,0.7308,54.6101,55.0077,True,False
916,3150,1102.11,2129.14,-9.021451,62.281836,0.6209,100.46,6932.52,0.5153,54.7969,54.9978,False,False
917,3515,1166.66,2316.43,-11.986515,63.303736,0.62675,101.41,4060.83,0.5105,54.7917,54.9945,False,False
918,4182,2798.95,2622.31,-16.828795,89.144458,0.56924,201.13,3492.94,0.7323,54.5768,54.9791,True,False
919,760,2249.13,410.98,18.178693,80.440206,0.56622,211.06,5108.59,0.7321,54.5466,54.9687,True,True
920,570,419.19,334.57,19.388278,51.470558,0.55886,179.3,7071.78,0.7503,54.5761,54.9347,True,False
921,3572,939.8,2348.24,-12.490069,59.712195,0.62515,101.15,4679.08,0.509,54.7237,54.926,False,False
922,719,944.82,396.88,18.401943,59.791656,0.56763,204.62,3959.09,0.7319,54.5103,54.9195,True,False
923,246,943.85,147.59,22.348358,59.776401,0.62727,101.49,2741.08,0.5127,54.7144,54.9174,False,False
924,3368,2247.6,2201.61,-10.168815,80.41602,0.56827,220.83,2698.14,0.7351,54.4644,54.9061,True,True
925,440,1794.98,251.7,20.700279,73.250638,0.56841,204.11,3314.8,0.7323,54.4973,54.9056,True,False
926,3081,1105.18,2088.92,-8.384719,62.330387,0.61921,100.19,7306.04,0.513,54.6771,54.8775,False,False
927,3887,342.82,2510.9,-15.065052,50.261498,0.61947,100.23,6895.65,0.5146,54.6769,54.8773,False,False
928,3392,1072.56,2257.86,-11.059252,61.81396,0.62258,100.73,5915.74,0.5085,54.6742,54.8757,False,False
929,1499,629.56,787.33,12.220663,54.800871,0.56244,200.29,7324.52,0.7284,54.4694,54.87,True,False
930,2961,1421.55,2031.65,-7.478174,67.338747,0.62437,101.02,4643.63,0.509,54.6624,54.8644,False,False
931,2581,1617.51,1779.62,-3.488221,70.441056,0.62418,100.99,4604.55,0.5088,54.64,54.842,False,False
932,3193,2672.17,2117.13,-8.831368,87.137432,0.56577,156.37,2820.29,0.7476,54.5244,54.8371,False,False
933,2124,1710.23,1290.79,4.250401,71.908884,0.62427,101.0,4391.94,0.5084,54.6149,54.8169,False,False
934,396,400.44,241.54,20.861054,51.173639,0.57911,119.34,6354.14,0.6741,54.5769,54.8155,False,False
935,1043,2364.61,523.55,16.396566,82.26834,0.56304,201.65,6226.11,0.729,54.394,54.7973,True,False
936,3393,1100.31,2261.07,-11.109997,62.253354,0.62123,100.51,6271.72,0.5067,54.5861,54.7871,False,False
937,3395,1163.91,2250.3,-10.939597,63.260201,0.62258,100.73,5139.25,0.5077,54.5682,54.7696,False,False
938,3321,723.56,2225.36,-10.54474,56.288952,0.56298,201.55,5805.7,0.7288,54.3363,54.7394,True,False
939,4109,306.34,2603.29,-16.52776,49.68398,0.62187,100.62,5325.15,0.5073,54.5316,54.7328,False,False
940,2802,1292.32,1938.96,-6.01082,65.292913,0.62168,100.59,5242.25,0.5072,54.5068,54.708,False,False
941,1136,874.97,590.37,15.338773,58.685871,0.57168,135.41,4868.09,0.7054,54.4319,54.7027,False,False
942,911,427.94,494.84,16.851088,51.609003,0.56119,194.55,6824.91,0.7268,54.2911,54.6802,True,False
943,1681,2027.11,876.54,10.808352,76.925461,0.62208,100.65,4578.06,0.5075,54.4644,54.6657,False,False
944,842,430.59,463.63,17.345171,51.65098,0.57218,126.53,7048.68,0.6876,54.4033,54.6564,False,False
945,1784,2715.79,936.55,9.858369,87.827876,0.56552,225.25,2346.56,0.7337,54.1999,54.6504,True,True
946,3278,1360.05,2188.81,-9.96614,66.365257,0.62193,100.63,4435.62,0.5073,54.4323,54.6336,False,False
947,3142,502.86,2117.05,-8.830127,52.79507,0.5617,213.15,5215.13,0.7302,54.1984,54.6247,True,True
948,3007,194.47,2064.5,-7.9981,47.912876,0.562,215.64,4671.76,0.7306,54.1638,54.5951,True,True
949,1059,415.92,542.03,16.104033,51.418677,0.5566,200.56,8650.62,0.7253,54.148,54.5491,True,False
950,2906,1422.2,1997.51,-6.937572,67.349182,0.62017,100.34,4849.44,0.5064,54.3374,54.5381,False,False
951,1852,1747.56,1006.22,8.755396,72.49987,0.62147,100.55,3941.34,0.5068,54.3327,54.5338,False,False
952,1552,540.51,818.14,11.732861,53.391092,0.55732,212.18,7401.98,0.7274,54.0913,54.5156,True,True
953,3341,1392.28,2225.97,-10.554326,66.875392,0.621,100.47,3790.03,0.507,54.2844,54.4853,False,False
954,2197,1611.87,1386.64,2.73302,70.351744,0.61953,100.24,4732.54,0.5055,54.2611,54.4616,False,False
955,3508,946.03,2314.18,-11.950913,59.810866,0.61708,99.84,5959.25,0.5072,54.2596,54.4592,False,False
956,1755,1395.93,929.38,9.971963,66.93326,0.55998,192.7,5803.22,0.7259,54.0664,54.4518,True,False
957,1441,605.41,755.64,12.722382,54.418524,0.55562,216.85,7857.81,0.727,54.0161,54.4498,True,True
958,4280,337.15,2665.62,-17.514487,50.171715,0.6212,100.51,3366.02,0.5069,54.2475,54.4485,False,False
959,1529,2090.89,775.24,12.412014,77.935196,0.6198,100.28,4296.02,0.5062,54.2421,54.4426,False,False
960,1494,477.96,773.87,12.433722,52.400928,0.55354,211.95,8928.85,0.7254,53.9618,54.3857,True,True
961,3190,2580.88,2110.95,-8.733491,85.692091,0.55918,164.29,2741.13,0.7483,54.0525,54.3811,False,False
962,2541,1587.44,1746.12,-2.957852,69.965047,0.61793,99.98,5064.47,0.5048,54.1728,54.3728,False,False
963,4106,207.2,2603.55,-16.531788,48.114501,0.61148,98.94,8320.05,0.5092,54.1719,54.3698,False,False
964,3821,400.42,2472.5,-14.457267,51.173322,0.59407,96.12,7699.48,0.5831,54.1752,54.3674,False,False
965,3693,521.66,2414.9,-13.5453,53.092613,0.59886,96.89,7857.1,0.5626,54.1686,54.3624,False,False
966,685,1960.12,386.4,18.567794,75.864911,0.55721,227.93,5564.37,0.7293,53.9017,54.3575,True,True
967,1495,483.45,784.64,12.263324,52.487855,0.55302,220.48,8446.7,0.7262,53.8838,54.3248,True,True
968,2620,1584.13,1801.67,-3.837333,69.912555,0.61737,99.89,4940.84,0.5047,54.1164,54.3161,False,False
969,1930,1620.99,1068.4,7.771112,70.496106,0.61714,99.85,5012.3,0.504,54.0951,54.2948,False,False
970,1554,589.61,816.89,11.752762,54.168433,0.55714,196.73,6135.19,0.725,53.8861,54.2795,True,False
971,3221,1354.37,2153.52,-9.407372,66.275298,0.61699,99.83,4859.61,0.5042,54.0714,54.2711,False,False
972,1844,1493.49,1008.57,8.718161,68.477687,0.61306,99.19,5580.05,0.5135,54.0392,54.2376,False,False
973,3279,1390.03,2193.09,-10.033877,66.839836,0.6177,99.94,3988.52,0.5049,54.0321,54.2319,False,False
974,330,79.61,208.46,21.384802,46.094543,0.55843,193.23,4949.72,0.7251,53.8417,54.2281,True,False
975,3809,2151.44,2447.46,-14.060772,78.893654,0.55854,183.07,2377.32,0.7412,53.8369,54.203,True,False
976,1754,397.28,934.26,9.894699,51.123564,0.55689,209.41,5054.86,0.7268,53.7731,54.192,True,True
977,1528,2060.11,785.19,12.254593,77.44778,0.61736,99.89,3708.03,0.5047,53.9717,54.1714,False,False
978,3447,910.1,2283.95,-11.472206,59.242005,0.61294,99.17,5769.07,0.5088,53.9691,54.1675,False,False
979,1662,1421.3,875.42,10.826091,67.33483,0.61266,99.13,5367.27,0.5113,53.946,54.1443,False,False
980,1420,2183.52,726.6,13.182145,79.401522,0.61305,99.19,6526.42,0.5017,53.9382,54.1366,False,False
981,2113,2794.11,1258.46,4.762288,89.067767,0.55919,228.37,2125.11,0.7305,53.6602,54.117,True,True
982,2131,1936.0,1302.27,4.068643,75.482998,0.55481,179.54,4451.65,0.7366,53.728,54.087,True,False
983,1124,327.89,600.84,15.173052,50.025088,0.55082,203.71,8556.97,0.7227,53.6736,54.081,True,True
984,1531,2151.96,781.81,12.308101,78.901969,0.61415,99.37,5171.52,0.5025,53.8732,54.0719,False,False
985,2543,1646.08,1741.64,-2.886987,70.893354,0.61505,99.51,4319.21,0.503,53.846,54.045,False,False
986,1538,2626.47,795.53,12.090943,86.413845,0.55872,216.96,2253.29,0.7287,53.6096,54.0435,True,True
987,2711,1545.69,1863.64,-4.818343,69.304002,0.61385,99.32,5035.14,0.5024,53.8334,54.032,False,False
988,2955,1235.87,2031.2,-7.47101,64.399338,0.61416,99.37,4763.86,0.5025,53.8245,54.0232,False,False
989,285,396.03,174.55,21.921617,51.103895,0.56976,120.58,5087.44,0.6746,53.7632,54.0044,False,False
990,1390,687.01,717.3,13.329334,55.710318,0.55216,205.46,6404.21,0.7237,53.5351,53.946,True,True
991,1489,316.52,780.56,12.327824,49.845062,0.55023,197.14,8086.49,0.7212,53.5487,53.943,True,False
992,1493,427.37,789.23,12.190578,51.599987,0.5483,214.43,8515.28,0.7228,53.489,53.9178,True,True
993,3382,762.27,2271.39,-11.273501,56.901759,0.55329,183.93,6290.21,0.7206,53.5467,53.9146,True,False
994,3153,1198.33,2127.62,-8.997428,63.805095,0.61259,99.11,4856.14,0.5014,53.7026,53.9008,False,False
995,4107,245.1,2614.54,-16.705917,48.714503,0.6102,98.73,6530.84,0.4999,53.7007,53.8982,False,False
996,3628,597.33,2385.32,-13.077024,54.290642,0.56312,122.6,7633.57,0.6773,53.6341,53.8793,False,False
997,1539,17.1,810.76,11.849731,45.104931,0.55539,228.4,2748.43,0.7283,53.4196,53.8764,True,True
998,1384,467.06,711.16,13.426472,52.22829,0.54864,200.7,8287.47,0.7209,53.4535,53.8549,True,False
999,3959,402.9,2549.86,-15.681887,51.212649,0.60997,98.69,6093.01,0.4996,53.6267,53.8241,False,False
1000,913,504.21,496.05,16.831906,52.816409,0.55076,196.37,6269.12,0.7214,53.3778,53.7706,True,False
1001,2621,1613.64,1808.04,-3.938193,70.379763,0.61138,98.92,4523.65,0.501,53.5704,53.7683,False,False
1002,2945,106.88,2045.88,-7.703405,46.526321,0.55016,222.96,5289.13,0.725,53.2835,53.7294,True,True
1003,3513,1110.4,2320.77,-12.055197,62.412979,0.6102,98.73,5037.87,0.5002,53.5299,53.7274,False,False
1004,3021,1388.78,2062.93,-7.973335,66.820057,0.61043,98.76,4851.46,0.5004,53.5295,53.727,False,False
1005,3960,427.31,2543.27,-15.577604,51.598969,0.61032,98.75,5016.1,0.4998,53.5295,53.727,False,False
1006,637,389.2,385.51,18.581932,50.995639,0.54803,184.95,8246.2,0.718,53.3527,53.7226,True,False
1007,2667,1616.08,1838.06,-4.413466,70.418398,0.61072,98.81,4504.95,0.5007,53.5136,53.7112,False,False
1008,393,299.1,235.75,20.952782,49.569328,0.55009,175.84,5244.45,0.7292,53.3496,53.7013,True,False
1009,700,198.03,407.67,18.231145,47.969374,0.54867,197.27,6862.56,0.7203,53.2772,53.6718,True,False
1010,933,1203.37,500.02,16.769099,63.884865,0.60756,98.3,5038.41,0.5075,53.4715,53.6681,False,False
1011,2944,69.57,2043.19,-7.660747,45.935716,0.55133,213.8,4298.63,0.7244,53.2397,53.6673,True,True
1012,2899,1201.74,1996.23,-6.917317,63.859049,0.60959,98.63,4834.52,0.4998,53.4567,53.654,False,False
1013,1492,402.08,796.66,12.072973,51.199679,0.54677,202.57,7579.34,0.7202,53.2228,53.628,True,True
1014,1658,541.09,858.34,11.0966,53.400247,0.54951,202.34,5689.38,0.7216,53.222,53.6267,True,True
1015,1861,2035.29,1013.2,8.644935,77.054891,0.6039,97.71,7142.98,0.5052,53.415,53.6104,False,False
1016,1606,456.62,840.3,11.382045,52.063055,0.54634,214.3,7133.17,0.7216,53.1641,53.5927,True,True
1017,2830,2327.8,1928.91,-5.85167,81.685628,0.54928,177.1,4311.88,0.7322,53.2356,53.5898,True,False
1018,1045,4383.06,510.23,16.607432,114.222381,0.55506,214.85,1066.7,0.7261,53.1597,53.5894,True,True
1019,2908,1488.16,2002.69,-7.019716,68.393292,0.60885,98.51,4416.18,0.4995,53.3478,53.5448,False,False
1020,446,145.96,270.03,20.410061,47.144989,0.54817,184.55,6666.19,0.718,53.1755,53.5446,True,False
1021,1319,325.33,691.84,13.732414,49.98459,0.54523,196.94,8135.72,0.7185,53.1463,53.5402,True,False
1022,2959,1360.14,2034.28,-7.519784,66.366712,0.608,98.37,4948.0,0.4987,53.3345,53.5313,False,False
1023,2130,1903.46,1291.52,4.238803,74.967895,0.55077,180.64,4195.92,0.7228,53.1604,53.5216,True,False
1024,1381,371.38,709.49,13.452924,50.713614,0.5427,202.77,9451.48,0.7182,53.1132,53.5188,True,True
1025,4017,2447.47,2558.01,-15.810856,83.580105,0.55141,202.92,3411.65,0.7227,53.1119,53.5177,True,True
1026,1433,268.16,758.07,12.683922,49.079509,0.54618,201.4,7115.79,0.7196,53.1143,53.5171,True,True
1027,3083,1171.99,2095.97,-8.496406,63.388023,0.6075,98.29,5015.84,0.4982,53.2975,53.4941,False,False
1028,1194,473.58,630.09,14.709869,52.331489,0.54587,195.86,7310.85,0.7188,53.1013,53.493,True,False
1029,3023,1454.55,2060.22,-7.930369,67.861166,0.60819,98.4,4352.13,0.499,53.2836,53.4804,False,False
1030,1853,1782.28,1003.24,8.802627,73.049499,0.60859,98.47,4075.16,0.4989,53.2782,53.4751,False,False
1031,2665,1554.31,1836.54,-4.389384,69.440618,0.60711,98.23,4968.24,0.4983,53.2657,53.4622,False,False
1032,3087,1298.62,2092.33,-8.438666,65.392778,0.60711,98.23,4706.37,0.4981,53.2323,53.4287,False,False
1033,3694,562.51,2408.35,-13.441618,53.739451,0.60019,97.11,7477.03,0.5073,53.2247,53.419,False,False
1034,3132,73.72,2113.48,-8.773569,46.001436,0.54832,208.07,4503.7,0.7218,53.0009,53.4171,True,True
1035,2370,1648.46,1586.69,-0.433911,70.931102,0.60788,98.35,4028.49,0.4985,53.2135,53.4102,False,False
1036,3131,2812.25,2114.72,-8.793128,89.354972,0.55095,187.62,3434.52,0.7198,53.0297,53.405,True,False
1037,1446,744.67,752.75,12.768091,56.623109,0.549,188.6,4705.88,0.7191,53.0252,53.4024,True,False
1038,3958,368.98,2548.62,-15.662301,50.675583,0.60449,97.8,6287.6,0.4963,53.196,53.3916,False,False
1039,819,1980.73,430.3,17.872832,76.191236,0.54588,199.93,5948.85,0.7192,52.9482,53.348,True,False
1040,3340,1356.24,2221.26,-10.479793,66.304945,0.60679,98.18,4197.58,0.4981,53.1485,53.3448,False,False
1041,989,554.94,517.97,16.48492,53.619605,0.5465,194.89,5661.8,0.7188,52.953,53.3428,True,False
1042,2224,1644.38,1423.38,2.151321,70.866471,0.60735,98.27,3616.51,0.4979,53.1171,53.3136,False,False
1043,2960,1395.15,2035.42,-7.537813,66.920923,0.60533,97.94,4963.95,0.4971,53.1167,53.3126,False,False
1044,2963,1484.5,2037.57,-7.571834,68.335445,0.6062,98.08,4277.96,0.4978,53.1104,53.3066,False,False
1045,3630,650.45,2381.12,-13.010598,55.131499,0.54065,163.27,6682.56,0.7369,52.9772,53.3037,True,False
1046,758,2184.65,398.24,18.380306,79.419458,0.54489,183.89,6277.75,0.7159,52.8561,53.2239,True,False
1047,3199,154.91,2148.3,-9.324852,47.286659,0.54409,220.14,5294.82,0.7211,52.7774,53.2177,True,True
1048,1471,2062.27,747.09,12.857752,77.482031,0.60615,98.07,3471.75,0.4977,53.0097,53.2058,False,False
1049,465,749.36,262.12,20.535262,56.697377,0.54542,178.49,5754.38,0.7153,52.8224,53.1794,True,False
1050,3641,1014.75,2376.97,-12.944813,60.898785,0.60406,97.73,4664.16,0.4963,52.9735,53.1689,False,False
1051,1551,452.98,826.13,11.606415,52.005351,0.53994,201.3,8430.08,0.7162,52.7591,53.1617,True,True
1052,1498,580.02,792.76,12.134724,54.016603,0.54142,190.9,7710.16,0.7152,52.7622,53.144,True,False
1053,2067,1948.78,1192.52,5.806065,75.685462,0.54503,184.05,5494.23,0.716,52.7755,53.1436,True,False
1054,1496,549.27,797.62,12.057803,53.529783,0.54111,190.28,7802.71,0.7151,52.7491,53.1297,True,False
1055,2623,1672.76,1806.05,-3.906647,71.315729,0.60446,97.8,3919.39,0.4967,52.9228,53.1184,False,False
1056,3022,1425.55,2065.47,-8.013512,67.402138,0.60336,97.62,4512.95,0.496,52.9006,53.0958,False,False
1057,774,445.55,446.34,17.618829,51.887728,0.54085,175.97,8187.54,0.7124,52.7266,53.0786,True,False
1058,3889,404.89,2510.73,-15.062365,51.244082,0.59905,96.92,6592.2,0.498,52.8707,53.0645,False,False
1059,2751,1236.49,1900.59,-5.403258,64.409174,0.60079,97.21,5801.75,0.4941,52.8326,53.027,False,False
1060,402,586.3,237.25,20.929045,54.115999,0.54337,187.98,5428.05,0.7159,52.6472,53.0231,True,False
1061,1895,1807.71,1040.34,8.215258,73.452183,0.60268,97.51,4121.92,0.4948,52.7849,52.9799,False,False
1062,1785,2720.7,956.59,9.54114,87.905569,0.54604,211.75,2097.33,0.7211,52.5406,52.9641,True,True
1063,2780,2156.22,1901.39,-5.415978,78.969338,0.55167,133.85,3259.91,0.6992,52.6902,52.9579,False,False
1064,2702,1270.94,1874.58,-4.991581,64.95458,0.59952,97.0,5976.43,0.4934,52.7496,52.9436,False,False
1065,3120,2485.26,2090.98,-8.417414,84.178326,0.54399,148.58,2757.75,0.7301,52.6332,52.9303,False,False
1066,1502,716.52,776.5,12.392146,56.177465,0.53999,157.03,4088.29,0.7363,52.6132,52.9273,False,False
1067,4281,371.11,2662.12,-17.459123,50.709281,0.60277,97.53,3471.46,0.4954,52.7247,52.9197,False,False
1068,3230,1649.51,2153.59,-9.408506,70.947672,0.60365,97.67,2627.69,0.4965,52.7095,52.9049,False,False
1069,1490,338.91,784.5,12.265536,50.199567,0.53792,187.15,8200.42,0.713,52.5283,52.9026,True,False
1070,2525,2283.88,1707.55,-2.34732,80.99039,0.54411,189.78,3463.39,0.7165,52.4798,52.8594,True,False
1071,1488,273.11,778.05,12.367546,49.157923,0.5387,196.83,6816.22,0.7148,52.4554,52.8491,True,False
1072,2900,1235.19,2002.22,-7.012228,64.388521,0.5998,97.04,4868.53,0.4937,52.6445,52.8386,False,False
1073,3890,431.32,2517.33,-15.166921,51.66249,0.59814,96.78,5976.02,0.4922,52.6288,52.8224,False,False
1074,342,456.18,219.96,21.202651,52.056135,0.54028,171.68,6241.11,0.7133,52.4731,52.8165,True,False
1075,2799,1202.95,1936.45,-5.971016,63.878242,0.59876,96.88,5453.57,0.4927,52.621,52.8148,False,False
1076,2158,1995.62,1334.64,3.556156,76.426928,0.59765,96.7,4485.02,0.5035,52.6208,52.8142,False,False
1077,3888,375.37,2507.58,-15.012532,50.776746,0.59428,96.15,6870.96,0.4997,52.5918,52.7841,False,False
1078,1391,720.01,729.85,13.130706,56.232803,0.53879,203.28,5766.68,0.7158,52.3553,52.7618,True,True
1079,843,455.51,466.53,17.299212,52.045411,0.53755,180.94,7555.35,0.7114,52.3979,52.7598,True,False
1080,1440,544.79,730.36,13.122574,53.45885,0.53296,191.93,10097.04,0.7107,52.3537,52.7375,True,False
1081,1062,693.88,554.83,15.901426,55.819076,0.53818,197.34,6142.85,0.7146,52.3348,52.7295,True,False
1082,1910,2756.21,1052.99,8.014964,88.467734,0.54215,214.84,2673.87,0.7194,52.298,52.7277,True,True
1083,3141,484.35,2112.27,-8.754392,52.502042,0.53923,197.1,5426.71,0.7149,52.3316,52.7258,True,False
1084,1255,338.87,657.51,14.275849,50.198931,0.53768,174.11,7467.81,0.7103,52.376,52.7242,True,False
1085,1386,554.28,712.31,13.408379,53.609079,0.53514,184.0,8549.32,0.7108,52.3295,52.6975,True,False
1086,1711,1456.14,913.79,10.218771,67.886396,0.59428,96.15,5764.18,0.5019,52.5014,52.6937,False,False
1087,1503,736.69,767.83,12.529306,56.49688,0.53824,166.0,4274.61,0.7278,52.3566,52.6886,True,False
1088,1208,1259.35,617.12,14.915222,64.77098,0.55389,120.62,4004.58,0.6717,52.4418,52.6831,False,False
1089,447,179.85,267.23,20.454367,47.681521,0.5375,181.83,6834.02,0.7116,52.3125,52.6762,True,False
1090,1259,451.65,666.49,14.133705,51.984328,0.53617,189.76,7293.78,0.7122,52.2824,52.6619,True,False
1091,4278,273.16,2671.39,-17.605753,49.158634,0.59954,97.0,3482.62,0.4934,52.458,52.652,False,False
1092,4188,202.76,2633.34,-17.003534,48.044259,0.59267,95.89,6860.89,0.4982,52.4467,52.6385,False,False
1093,3008,231.6,2061.57,-7.951814,48.500696,0.53936,206.29,4126.06,0.7166,52.2186,52.6312,True,True
1094,1630,1967.99,840.9,11.372564,75.989487,0.59813,96.77,4127.53,0.4927,52.4201,52.6136,False,False
1095,1706,390.96,920.82,10.107341,51.023497,0.53698,201.97,5827.63,0.7145,52.209,52.6129,True,True
1096,1556,662.35,802.17,11.985817,55.320012,0.53792,177.69,5943.79,0.7111,52.2299,52.5853,True,False
1097,2186,2126.17,1357.12,3.200407,78.493639,0.5416,143.63,3016.38,0.7193,52.2976,52.5848,False,False
1098,525,819.16,295.57,20.005762,57.802441,0.53776,189.06,5444.01,0.7129,52.1915,52.5696,True,False
1099,3076,548.82,2105.9,-8.653609,53.52258,0.53872,184.13,4802.42,0.7126,52.1798,52.548,True,False
1100,2829,2146.54,1936.9,-5.978193,78.816061,0.54056,179.07,3344.6,0.715,52.184,52.5421,True,False
1101,1061,675.31,540.38,16.130119,55.525073,0.53566,191.92,6349.35,0.7123,52.137,52.5208,True,False
1102,3140,385.26,2134.04,-9.099014,50.933379,0.53713,202.65,4860.91,0.7149,52.1131,52.5184,True,True
1103,1473,2122.31,752.23,12.776403,78.432527,0.59692,96.58,4080.0,0.492,52.314,52.5072,False,False
1104,4193,359.05,2637.64,-17.071463,50.518466,0.59682,96.56,4185.56,0.4917,52.3137,52.5068,False,False
1105,966,2254.66,506.08,16.673216,80.52781,0.53359,204.16,7141.59,0.7132,52.0958,52.5041,True,True
1106,1435,330.11,746.05,12.874149,50.060228,0.53239,189.47,8181.26,0.71,52.0751,52.4541,True,False
1107,707,502.54,397.71,18.388807,52.78994,0.53531,171.94,6667.38,0.7087,52.0832,52.4271,True,False
1108,687,2047.05,383.16,18.619044,77.241064,0.53361,201.94,6477.49,0.713,52.016,52.4199,True,True
1109,2041,1956.21,1160.07,6.319866,75.802976,0.53588,185.23,5636.21,0.7109,52.0431,52.4135,True,False
1110,3823,467.62,2482.33,-14.612902,52.237167,0.5932,95.98,6004.1,0.489,52.2189,52.4109,False,False
1111,1176,2315.84,588.36,15.370583,81.496253,0.53758,134.05,7346.49,0.6983,52.1398,52.4079,False,False
1112,4275,176.86,2676.2,-17.681919,47.634167,0.58284,94.3,5649.71,0.5328,52.2189,52.4075,False,False
1113,636,376.93,387.89,18.544255,50.8014,0.53352,172.92,7652.76,0.7079,52.0555,52.4013,True,False
1114,1547,344.02,818.45,11.727976,50.280511,0.53206,180.18,8288.35,0.7084,52.0337,52.394,True,False
1115,4111,369.96,2611.13,-16.651881,50.691057,0.59513,96.29,4374.95,0.4905,52.1926,52.3852,False,False
1116,3051,2427.26,2058.06,-7.896142,83.260151,0.53637,164.83,3383.0,0.7243,52.053,52.3827,True,False
1117,968,2299.87,516.64,16.506046,81.243443,0.53174,201.04,7351.9,0.7116,51.9589,52.361,True,True
1118,929,1068.77,494.71,16.853073,61.753927,0.59073,95.58,5727.36,0.4973,52.1582,52.3494,False,False
1119,2666,1582.1,1832.7,-4.328512,69.88041,0.59393,96.09,4752.56,0.4902,52.1457,52.3379,False,False
1120,1828,2726.28,982.18,9.136076,87.993947,0.53891,205.96,1915.89,0.7165,51.9237,52.3357,True,True
1121,1607,533.69,844.93,11.308815,53.28313,0.53399,189.14,5956.08,0.7109,51.9444,52.3227,True,False
1122,4277,242.76,2663.57,-17.481966,48.677401,0.59269,95.9,5350.18,0.4892,52.1083,52.3001,False,False
1123,1506,1358.4,783.66,12.278809,66.339057,0.57191,92.53,4290.78,0.5782,52.0904,52.2755,False,False
1124,1109,2216.23,558.74,15.839524,79.919396,0.58833,95.19,6430.48,0.4981,52.0828,52.2732,False,False
1125,1548,365.79,817.24,11.747137,50.625103,0.53061,175.27,8466.23,0.7067,51.9204,52.2709,True,False
1126,3017,1256.76,2066.59,-8.031191,64.730102,0.59272,95.9,5055.99,0.4891,52.0751,52.2669,False,False
1127,336,263.36,206.31,21.418788,49.003492,0.53285,163.83,5519.25,0.7163,51.9073,52.2349,True,False
1128,776,535.14,432.74,17.834264,53.306082,0.54497,116.26,7092.07,0.6624,51.9954,52.2279,False,False
1129,844,513.18,463.44,17.348181,52.958469,0.53315,172.76,6310.73,0.7076,51.8659,52.2115,True,False
1130,2907,1451.89,1996.93,-6.92852,67.819064,0.59218,95.81,4903.1,0.4891,52.0172,52.2088,False,False
1131,3440,694.98,2291.57,-11.592924,55.836539,0.52986,185.01,7712.06,0.7078,51.7975,52.1675,True,False
1132,401,555.73,240.82,20.872406,53.631992,0.53294,178.57,5766.74,0.7086,51.8052,52.1624,True,False
1133,1657,456.23,870.76,10.899871,52.056936,0.53139,179.64,6734.11,0.708,51.7954,52.1547,True,False
1134,1114,2373.27,563.48,15.764523,82.405401,0.53005,194.02,6805.29,0.7095,51.7347,52.1227,True,False
1135,689,2097.27,369.92,18.828671,78.036206,0.53111,189.24,6204.02,0.7093,51.7379,52.1163,True,False
1136,3948,3102.74,2519.53,-15.201679,93.953652,0.53496,220.78,2337.87,0.7156,51.6723,52.1139,True,True
1137,1560,1392.92,812.42,11.823471,66.885584,0.58907,95.31,4727.8,0.4968,51.9118,52.1024,False,False
1138,1439,535.22,737.93,13.002754,53.307423,0.52483,205.6,9698.59,0.7081,51.6741,52.0853,True,True
1139,1829,5.58,999.9,8.855412,44.922615,0.53509,188.44,3051.3,0.7114,51.6906,52.0675,True,False
1140,1656,439.84,873.87,10.850743,51.797452,0.53006,184.19,6643.82,0.708,51.6895,52.0579,True,False
1141,3253,2846.79,2156.84,-9.46001,89.901808,0.53471,188.58,3133.71,0.7108,51.6626,52.0398,True,False
1142,347,618.13,205.03,21.439016,54.619944,0.53232,171.64,5385.09,0.7069,51.6857,52.029,True,False
1143,1326,551.35,684.59,13.84716,53.562667,0.52846,178.88,7580.52,0.7062,51.6522,52.0099,True,False
1144,3200,164.65,2146.85,-9.301864,47.440803,0.52987,208.93,5294.82,0.7118,51.5851,52.003,True,True
1145,2765,1676.73,1908.35,-5.526121,71.378628,0.59087,95.6,4000.56,0.4884,51.8047,51.9959,False,False
1146,1921,315.47,1054.67,7.988362,49.828525,0.53215,206.91,3704.39,0.7125,51.5762,51.99,True,True
1147,4018,2466.2,2563.72,-15.901377,83.876694,0.53361,173.18,4092.87,0.7078,51.6418,51.9882,True,False
1148,1581,2069.11,820.6,11.694013,77.590374,0.58948,95.38,4749.35,0.4874,51.7737,51.9645,False,False
1149,4094,2479.46,2578.97,-16.142672,84.086561,0.53883,126.44,4898.53,0.6821,51.6502,51.9031,False,False
1150,2583,1686.66,1780.44,-3.501264,71.535809,0.58959,95.39,3921.28,0.4874,51.6842,51.875,False,False
1151,1549,404.33,812.72,11.818762,51.235223,0.527,180.82,7227.73,0.7057,51.497,51.8586,True,False
1152,563,137.65,345.88,19.209204,47.013398,0.52777,172.52,6960.39,0.7045,51.4989,51.8439,True,False
1153,524,778.49,308.43,19.802153,57.158587,0.52887,186.21,5508.92,0.7076,51.4638,51.8362,True,False
1154,4276,206.13,2666.3,-17.525243,48.097577,0.58535,94.71,5731.45,0.4904,51.6461,51.8355,False,False
1155,4279,302.56,2668.5,-17.560026,49.624142,0.58963,95.4,3530.48,0.4872,51.6392,51.83,False,False
1156,775,508.92,427.7,17.913911,52.89107,0.52636,166.6,7763.44,0.7027,51.4604,51.7936,True,False
1157,2137,2122.4,1312.07,3.913525,78.433915,0.53284,182.12,2546.98,0.7088,51.4223,51.7865,True,False
1158,1557,678.35,795.32,12.094117,55.573199,0.52933,169.28,5279.58,0.7049,51.4203,51.7588,True,False
1159,4023,3118.5,2545.0,-15.604952,94.203198,0.52964,218.74,3013.66,0.7122,51.3092,51.7467,True,True
1160,917,627.3,492.09,16.894628,54.76499,0.52811,188.06,5184.53,0.7076,51.3701,51.7462,True,False
1161,4181,2775.75,2624.98,-16.871085,88.777192,0.53,181.84,3980.45,0.7072,51.3583,51.7219,True,False
1162,2624,1704.55,1811.04,-3.985682,71.818986,0.58764,95.08,3822.31,0.4863,51.5132,51.7033,False,False
1163,703,347.75,410.64,18.184006,50.339563,0.52331,187.65,8167.81,0.7047,51.3235,51.6988,True,False
1164,1191,373.77,625.21,14.787149,50.751449,0.52367,187.09,7697.97,0.7049,51.2975,51.6717,True,False
1165,4372,336.79,2688.84,-17.882016,50.166069,0.58808,95.15,3084.47,0.4864,51.4599,51.6502,False,False
1166,786,951.32,422.84,17.99091,59.894615,0.52808,163.75,5100.93,0.7031,51.2771,51.6046,True,False
1167,1086,1490.87,562.0,15.787919,68.436186,0.58834,95.19,2273.88,0.4881,51.4136,51.6039,False,False
1168,2846,1173.36,1964.51,-6.415277,63.409758,0.58354,94.41,5948.12,0.4833,51.4139,51.6027,False,False
1169,1655,420.52,859.42,11.079443,51.491526,0.52426,180.49,6951.56,0.7042,51.2399,51.6009,True,False
1170,400,529.94,239.8,20.888686,53.223798,0.5257,162.09,6775.44,0.7015,51.275,51.5992,True,False
1171,1869,2733.7,1004.86,8.776917,88.111408,0.52938,205.6,2264.6,0.7108,51.1772,51.5884,True,True
1172,1938,1874.95,1067.7,7.782079,74.516533,0.58267,94.27,4684.31,0.4936,51.3878,51.5763,False,False
1173,1443,659.48,755.56,12.723588,55.274525,0.52369,177.0,7264.82,0.7032,51.2188,51.5728,True,False
1174,1580,2033.35,815.93,11.767895,77.02416,0.585,94.65,4235.27,0.4845,51.3399,51.5292,False,False
1175,753,2045.19,403.9,18.290776,77.21168,0.52359,185.07,6605.3,0.7045,51.1564,51.5265,True,False
1176,3070,234.93,2101.66,-8.58643,48.553476,0.52569,195.92,4433.75,0.7072,51.1019,51.4937,True,True
1177,1060,521.81,538.39,16.161609,53.095081,0.52275,183.94,6907.91,0.7039,51.1214,51.4892,True,False
1178,1497,565.01,788.41,12.203512,53.778891,0.52226,170.07,7829.11,0.7011,51.1426,51.4827,True,False
1179,4096,2548.64,2582.33,-16.195883,85.181718,0.53361,128.25,3917.16,0.6853,51.2164,51.4729,False,False
1180,331,113.44,209.84,21.362978,46.630091,0.52535,163.83,5796.27,0.7016,51.1362,51.4638,True,False
1181,569,333.82,335.52,19.373238,50.118933,0.52402,166.82,6624.31,0.7012,51.1301,51.4638,True,False
1182,2766,1705.7,1906.87,-5.502753,71.837178,0.58461,94.59,3766.42,0.4845,51.2573,51.4465,False,False
1183,1331,702.41,706.28,13.50382,55.954169,0.52197,193.65,6694.0,0.7049,51.0574,51.4447,True,True
1184,1771,1902.8,943.94,9.741447,74.957422,0.58411,94.51,4041.32,0.4836,51.2364,51.4254,False,False
1185,650,799.62,357.91,19.018833,57.49306,0.52266,191.66,6074.54,0.705,51.0364,51.4197,True,False
1186,3006,176.0,2066.75,-8.033865,47.620549,0.52239,196.98,5673.05,0.7057,50.983,51.3769,True,True
1187,2761,1548.79,1897.61,-5.356147,69.353169,0.58189,94.15,4806.38,0.4825,51.1469,51.3352,False,False
1188,1057,372.24,549.87,15.979879,50.727227,0.51891,187.74,7950.38,0.7024,50.9397,51.3152,True,False
1189,2810,1558.34,1935.51,-5.956175,69.504266,0.58188,94.15,4529.44,0.4826,51.1147,51.303,False,False
1190,3069,197.59,2094.69,-8.476089,47.962286,0.52283,205.5,4215.18,0.7074,50.8726,51.2836,True,True
1191,640,497.15,365.4,18.900191,52.704739,0.519,142.06,6320.64,0.7148,50.9777,51.2619,False,False
1192,991,659.22,515.11,16.530168,55.270367,0.5218,177.85,5806.14,0.7021,50.8899,51.2456,True,False
1193,557,1819.56,318.08,19.649408,73.639634,0.52355,192.52,3637.62,0.7058,50.8272,51.2122,True,True
1194,292,612.96,170.78,21.981218,54.538081,0.52126,174.69,5623.54,0.7016,50.8202,51.1696,True,False
1195,4369,241.5,2688.79,-17.881257,48.657542,0.57992,93.83,4706.32,0.4811,50.9682,51.1559,False,False
1196,2299,2210.44,1496.1,1.00015,79.827676,0.52358,186.56,3244.06,0.7047,50.7634,51.1365,True,False
1197,999,900.45,532.24,16.259025,59.089315,0.52003,180.55,5964.78,0.7016,50.7721,51.1332,True,False
1198,818,1959.31,439.31,17.730226,75.852121,0.52092,170.85,5766.04,0.7003,50.7895,51.1312,True,False
1199,824,2160.82,421.84,18.006811,79.042232,0.5187,170.08,7188.14,0.6989,50.7723,51.1124,True,False
1200,4368,207.04,2690.68,-17.911239,48.111866,0.57815,93.54,4862.03,0.4833,50.8993,51.0864,False,False
1201,1078,1236.28,555.77,15.886433,64.405815,0.51884,148.68,4501.56,0.7168,50.788,51.0854,False,False
1202,3067,144.7,2091.72,-8.429099,47.125111,0.51845,198.14,5856.08,0.7037,50.6844,51.0807,True,True
1203,1385,536.55,714.95,13.366553,53.328414,0.51535,170.68,9124.42,0.6974,50.7316,51.0729,True,False
1204,349,682.36,190.57,21.667939,55.63674,0.51908,187.65,5741.09,0.7026,50.6963,51.0716,True,False
1205,3222,1393.7,2163.33,-9.562691,66.897956,0.57935,93.74,4369.65,0.4809,50.8837,51.0711,False,False
1206,406,718.45,246.18,20.787632,56.208029,0.5195,169.33,6214.98,0.6997,50.7294,51.0681,True,False
1207,510,330.76,305.25,19.852516,50.070532,0.51912,161.62,6714.46,0.6978,50.7271,51.0504,True,False
1208,772,399.53,433.04,17.829506,51.159284,0.53542,102.48,8123.99,0.6299,50.8443,51.0493,False,False
1209,407,765.07,244.13,20.820136,56.946148,0.5203,160.31,5804.73,0.6982,50.713,51.0336,True,False
1210,1254,316.08,649.64,14.400419,49.838223,0.51541,175.03,8123.57,0.6983,50.6342,50.9843,True,False
1211,1322,434.96,687.07,13.807829,51.720077,0.51442,176.12,8515.95,0.6979,50.6017,50.954,True,False
1212,2136,2091.89,1304.27,4.037094,77.950945,0.52317,167.85,2830.69,0.7009,50.6176,50.9532,True,False
1213,2271,2762.93,1448.59,1.752239,88.574122,0.52346,204.68,883.1,0.7073,50.5245,50.9338,True,True
1214,1846,1551.71,1012.14,8.661698,69.39933,0.57743,93.43,4170.89,0.4795,50.6965,50.8833,False,False
1215,2986,2214.55,2047.7,-7.732282,79.892722,0.52138,169.94,3364.05,0.7002,50.538,50.8779,True,False
1216,3460,1321.35,2289.35,-11.557761,65.752529,0.57763,93.46,3893.68,0.4798,50.6833,50.8702,False,False
1217,3024,1492.47,2065.07,-8.007133,68.461547,0.57729,93.4,3953.21,0.4797,50.6639,50.8507,False,False
1218,623,4402.55,347.91,19.177055,114.530944,0.52159,206.73,1314.22,0.706,50.416,50.8295,True,True
1219,768,287.83,430.92,17.862969,49.390897,0.51389,179.73,7589.27,0.6983,50.4622,50.8217,True,False
1220,2138,2779.86,1295.33,4.178606,88.842175,0.52091,204.86,1549.91,0.7059,50.395,50.8047,True,True
1221,1705,361.87,916.77,10.171488,50.562981,0.51498,197.87,5936.74,0.7016,50.4063,50.802,True,True
1222,1480,2573.17,746.66,12.864465,85.57006,0.51921,195.78,2781.65,0.7039,50.3801,50.7717,True,True
1223,1593,31.11,855.5,11.141483,45.326856,0.51749,206.77,3545.39,0.704,50.3492,50.7627,True,True
1224,2946,189.96,2045.91,-7.703894,47.841482,0.51503,205.07,5078.69,0.7028,50.3301,50.7402,True,True
1225,1550,428.35,824.02,11.639788,51.615448,0.51304,164.03,8197.03,0.6949,50.4116,50.7397,True,False
1226,2603,2317.16,1772.67,-3.378235,81.517186,0.52758,120.03,4183.08,0.6661,50.4681,50.7082,False,False
1227,3020,1357.7,2063.27,-7.978675,66.327949,0.57421,92.9,4745.73,0.4776,50.4973,50.6831,False,False
1228,3757,493.53,2453.48,-14.156032,52.647424,0.5687,92.01,7747.62,0.4785,50.4712,50.6552,False,False
1229,403,621.15,243.46,20.830691,54.667695,0.51569,170.3,5114.3,0.6977,50.2893,50.63,True,False
1230,837,282.98,465.77,17.311355,49.314206,0.51134,173.57,7575.6,0.6957,50.2293,50.5764,True,False
1231,1171,2155.72,585.2,15.420549,78.961456,0.57126,92.43,5307.6,0.4783,50.3639,50.5487,False,False
1232,1056,316.59,547.29,16.020785,49.846283,0.50892,187.1,8378.44,0.697,50.1741,50.5483,True,True
1233,559,16.72,338.35,19.328551,45.098932,0.51783,171.99,2862.98,0.6989,50.2009,50.5449,True,False
1234,2401,1646.22,1623.4,-1.015183,70.895554,0.57338,92.77,4070.7,0.4767,50.3437,50.5292,False,False
1235,3064,59.18,2085.05,-8.323461,45.771188,0.51377,198.86,4298.63,0.7013,50.1204,50.5182,True,True
1236,2714,1642.76,1871.85,-4.948386,70.840801,0.57269,92.66,4374.53,0.4769,50.3328,50.5181,False,False
1237,3065,74.08,2092.21,-8.436906,46.007101,0.51338,198.86,4503.7,0.701,50.1113,50.509,True,True
1238,3822,431.66,2479.03,-14.560524,51.667884,0.56779,91.87,6587.06,0.4809,50.3115,50.4952,False,False
1239,708,524.72,401.61,18.32701,53.141083,0.52908,104.86,6566.05,0.6343,50.2842,50.4939,False,False
1240,1628,1898.02,840.6,11.377316,74.881746,0.57316,92.74,3524.77,0.4768,50.2658,50.4513,False,False
1241,0,16.81,18.39,24.393777,45.100419,0.51926,155.4,1668.33,0.6976,50.1392,50.4501,True,False
1242,908,344.19,490.75,16.915853,50.283116,0.50789,195.25,7937.25,0.6974,50.0557,50.4462,True,True
1243,1758,1487.9,947.54,9.684377,68.389276,0.56449,91.33,5243.17,0.4969,50.2049,50.3876,False,False
1244,4189,229.74,2640.71,-17.120189,48.471251,0.56801,91.9,6365.88,0.4738,50.1732,50.357,False,False
1245,912,449.13,485.36,17.001111,51.944514,0.51054,156.11,7025.44,0.6919,50.0385,50.3507,True,False
1246,2182,2001.9,1360.8,3.142013,76.526263,0.57016,92.25,4138.23,0.4786,50.1537,50.3382,False,False
1247,275,72.98,180.42,21.82867,45.989628,0.51321,160.98,4798.23,0.6941,50.0101,50.332,True,False
1248,754,2068.91,407.86,18.228123,77.587144,0.50859,179.66,7103.44,0.6953,49.9697,50.3291,True,False
1249,1603,367.39,839.99,11.386993,50.650391,0.50811,170.84,7617.9,0.6933,49.9602,50.3019,True,False
1250,855,846.73,475.68,17.154444,58.238851,0.51013,173.16,6027.31,0.6945,49.9391,50.2855,True,False
1251,1333,1300.08,687.31,13.804154,65.415797,0.52412,117.05,3786.18,0.6593,50.0496,50.2837,False,False
1252,4190,276.11,2640.48,-17.116421,49.205412,0.56951,92.15,4684.96,0.4746,50.0989,50.2832,False,False
1253,456,457.2,269.4,20.420065,52.072164,0.54582,88.31,6446.75,0.5582,50.1042,50.2808,False,False
1254,1383,421.13,711.03,13.428526,51.501271,0.50518,175.73,9141.84,0.6923,49.9105,50.262,True,False
1255,1500,654.11,782.89,12.290892,55.189438,0.50848,134.31,6972.82,0.6977,49.9889,50.2575,False,False
1256,2813,1652.23,1939.08,-6.01259,70.990642,0.5694,92.13,4218.56,0.4749,50.0407,50.225,False,False
1257,2987,2272.12,2052.79,-7.812842,80.804169,0.51111,197.27,3591.37,0.6996,49.8146,50.2092,True,True
1258,1315,203.11,667.69,14.114732,48.049685,0.50657,182.72,7167.79,0.6947,49.8206,50.1861,True,False
1259,1544,234.54,802.97,11.973132,48.547333,0.50745,180.52,6532.04,0.6948,49.8102,50.1713,True,False
1260,1654,348.73,899.54,10.444232,50.355006,0.50518,189.34,7696.12,0.6948,49.7847,50.1634,True,True
1261,770,343.08,429.0,17.893395,50.265543,0.50553,178.47,7792.64,0.6933,49.7942,50.1512,True,False
1262,777,563.59,431.24,17.857986,53.756471,0.50942,155.92,5973.24,0.6913,49.8241,50.1359,True,False
1263,2753,1300.64,1902.6,-5.435067,65.424704,0.56652,91.66,5477.05,0.4728,49.9438,50.1271,False,False
1264,2712,1586.02,1868.8,-4.900079,69.94255,0.56718,91.77,4826.99,0.4734,49.9266,50.1102,False,False
1265,498,1796.73,279.03,20.267599,73.278303,0.51193,166.37,3425.06,0.6942,49.7571,50.0899,True,False
1266,2898,1167.74,1996.59,-6.923112,63.32073,0.56626,91.62,5174.08,0.4726,49.8863,50.0695,False,False
1267,2962,1454.87,2027.54,-7.413037,67.866331,0.5669,91.72,4571.17,0.4732,49.8728,50.0562,False,False
1268,3133,107.17,2108.87,-8.700586,46.530922,0.50675,196.48,5289.13,0.6968,49.6508,50.0438,True,True
1269,1663,1455.73,880.5,10.745652,67.87986,0.5652,91.45,5089.23,0.4758,49.8574,50.0402,False,False
1270,630,169.74,369.91,18.828859,47.521426,0.50739,157.08,6506.31,0.6904,49.7248,50.0389,True,False
1271,3381,717.49,2276.43,-11.35321,56.192851,0.50539,173.25,6981.41,0.6924,49.6725,50.019,True,False
1272,2815,1707.57,1939.56,-6.020232,71.866816,0.56714,91.76,3847.13,0.4735,49.8109,49.9944,False,False
1273,647,719.49,364.18,18.919632,56.224547,0.50824,169.92,4951.07,0.693,49.6504,49.9903,True,False
1274,1196,520.96,624.71,14.795055,53.081639,0.50633,159.71,6660.66,0.6904,49.6673,49.9867,True,False
1275,616,1873.12,339.17,19.315493,74.487574,0.50785,195.68,4004.03,0.6974,49.5885,49.9798,True,True
1276,405,685.66,240.36,20.879807,55.689033,0.50686,161.5,6060.94,0.6913,49.6496,49.9726,True,False
1277,1583,2132.12,817.18,11.748116,78.587808,0.56457,91.35,5406.41,0.4715,49.7723,49.955,False,False
1278,1325,530.97,684.26,13.85237,53.24009,0.50452,162.56,7516.05,0.69,49.6296,49.9548,True,False
1279,1107,2155.5,550.61,15.968225,78.958032,0.56362,91.19,5407.79,0.4752,49.7705,49.9529,False,False
1280,397,426.43,236.71,20.937526,51.585159,0.5208,107.63,6450.29,0.6375,49.7316,49.9469,False,False
1281,161,1703.56,86.93,23.308742,71.803319,0.51147,181.98,1809.01,0.6966,49.5777,49.9417,True,False
1282,2252,1647.36,1456.83,1.62182,70.913627,0.56658,91.67,3586.45,0.4725,49.7195,49.9028,False,False
1283,3399,1299.68,2256.58,-11.039054,65.409576,0.56499,91.41,4379.26,0.4717,49.6857,49.8685,False,False
1284,3066,113.04,2098.03,-8.528994,46.623755,0.50361,197.84,5660.16,0.6952,49.4403,49.836,True,True
1285,2942,2684.83,1987.13,-6.773321,87.337817,0.50923,167.35,3036.46,0.6928,49.4916,49.8263,True,False
1286,983,321.7,528.44,16.319191,49.927069,0.50132,185.84,7585.79,0.6922,49.4467,49.8184,True,True
1287,3755,434.54,2452.92,-14.147306,51.713431,0.55061,89.09,7783.29,0.5044,49.638,49.8162,False,False
1288,1123,304.93,599.98,15.186687,49.661577,0.50107,172.58,8216.36,0.6901,49.4662,49.8114,True,False
1289,2964,1520.43,2030.45,-7.45917,68.904234,0.56442,91.32,4010.67,0.4716,49.5996,49.7822,False,False
1290,337,309.68,205.16,21.436948,49.736847,0.50443,133.6,5722.68,0.695,49.5034,49.7706,False,False
1291,1330,680.93,687.85,13.795619,55.614126,0.5019,184.7,6653.13,0.6927,49.3872,49.7566,True,True
1292,1631,1999.42,842.88,11.341304,76.48711,0.56355,91.18,4389.35,0.471,49.5702,49.7526,False,False
1293,3758,525.61,2440.68,-13.953456,53.155263,0.55888,90.42,6730.48,0.4741,49.565,49.7458,False,False
1294,2947,202.39,2040.06,-7.611268,48.038391,0.50442,197.56,4215.18,0.6957,49.3366,49.7318,True,True
1295,282,300.81,175.72,21.903046,49.596488,0.50981,125.76,4859.77,0.6774,49.4719,49.7234,False,False
1296,994,747.85,528.52,16.317875,56.673533,0.50456,162.46,5455.36,0.6902,49.3935,49.7184,True,False
1297,1436,350.89,734.39,13.058732,50.389206,0.49796,176.78,9254.68,0.6889,49.3428,49.6964,True,False
1298,1481,2587.26,764.16,12.587547,85.793076,0.50684,184.26,2781.65,0.6946,49.3229,49.6914,True,False
1299,2668,1648.09,1837.36,-4.402381,70.925209,0.56289,91.07,4215.07,0.4708,49.4985,49.6806,False,False
1300,2915,1715.83,2002.81,-7.021553,71.997555,0.56375,91.21,3570.59,0.4715,49.4962,49.6786,False,False
1301,1122,262.87,606.81,15.078456,48.99582,0.49947,174.43,8107.95,0.6895,49.3271,49.676,True,False
1302,693,4392.46,356.67,19.038502,114.371253,0.50763,195.12,1131.2,0.6962,49.2132,49.6034,True,True
1303,3091,1421.4,2097.9,-8.526928,67.336444,0.56191,90.92,4261.91,0.4701,49.4207,49.6025,False,False
1304,3400,1325.02,2250.13,-10.936927,65.810703,0.56177,90.89,4391.83,0.4698,49.4197,49.6015,False,False
1305,236,621.71,139.74,22.47265,54.676537,0.50422,157.68,4902.65,0.6888,49.2786,49.5939,True,False
1306,3197,2801.7,2123.28,-8.928704,89.187891,0.50504,174.31,3611.6,0.6916,49.2364,49.585,True,False
1307,785,797.53,424.53,17.964106,57.460029,0.5008,186.38,5916.99,0.692,49.2096,49.5824,True,True
1308,247,973.79,142.14,22.434653,60.25036,0.56304,91.1,2651.7,0.4726,49.3581,49.5403,False,False
1309,3005,145.5,2074.25,-8.152443,47.137673,0.49978,196.41,5856.08,0.6928,49.144,49.5368,True,True
1310,839,345.78,466.8,17.294997,50.308327,0.49775,175.79,7901.9,0.6883,49.1566,49.5082,True,False
1311,1323,460.58,688.88,13.779235,52.125736,0.49905,161.42,7441.66,0.6866,49.1656,49.4885,True,False
1312,3516,1195.75,2315.15,-11.966206,63.764224,0.56054,90.69,4119.14,0.4691,49.2874,49.4688,False,False
1313,4037,500.56,2571.65,-16.026909,52.758641,0.56069,90.72,3995.68,0.4692,49.2857,49.4672,False,False
1314,2890,2687.03,1967.46,-6.46198,87.372548,0.50434,186.63,2452.91,0.6939,49.0924,49.4656,True,True
1315,2563,2290.82,1748.94,-3.002606,81.100149,0.50456,146.4,4136.5,0.6865,49.172,49.4648,False,False
1316,764,114.3,435.5,17.790483,46.643704,0.50156,160.77,5471.35,0.6879,49.1386,49.4601,True,False
1317,2139,2786.63,1300.12,4.102714,88.949319,0.50477,200.65,1549.91,0.6959,49.0515,49.4528,True,True
1318,3025,1522.71,2061.03,-7.943162,68.940226,0.56043,90.68,3931.28,0.4692,49.2585,49.4398,False,False
1319,1868,2723.16,992.19,8.97757,87.944512,0.50409,190.48,2109.15,0.6946,49.0456,49.4266,True,True
1320,1445,715.29,746.85,12.861556,56.157968,0.50205,155.35,4949.7,0.6873,49.1019,49.4126,True,False
1321,4091,2205.76,2578.22,-16.130852,79.753674,0.50299,175.22,3441.4,0.6908,49.0536,49.4041,True,False
1322,340,399.99,211.67,21.333903,51.166473,0.52091,96.33,5845.41,0.6121,49.2111,49.4038,False,False
1323,1419,2164.77,712.25,13.409259,79.104721,0.55653,90.04,6218.28,0.4662,49.194,49.3741,False,False
1324,836,259.01,481.17,17.067494,48.934727,0.4954,189.08,7747.56,0.6895,48.9904,49.3686,True,True
1325,931,1139.13,493.5,16.87227,62.867916,0.55576,89.92,5349.15,0.4738,49.1719,49.3517,False,False
1326,1880,319.08,1040.66,8.210168,49.88563,0.50115,178.86,3999.16,0.691,48.9912,49.349,True,False
1327,4367,176.45,2694.88,-17.977647,47.627651,0.55474,89.76,5259.61,0.477,49.1455,49.325,False,False
1328,987,501.24,525.61,16.363908,52.769477,0.49816,160.15,6520.52,0.6862,48.9867,49.307,True,False
1329,389,182.52,234.16,20.977904,47.723791,0.49836,154.86,6468.32,0.6852,48.976,49.2857,True,False
1330,4252,2236.39,2652.22,-17.30237,80.23846,0.50224,176.87,2818.81,0.6906,48.9238,49.2776,True,False
1331,3134,144.34,2124.99,-8.955797,47.11936,0.49708,186.45,5856.08,0.6901,48.9003,49.2733,True,True
1332,215,1706.17,116.75,22.836657,71.84463,0.5036,172.6,1890.76,0.6907,48.9143,49.2595,True,False
1333,4371,300.03,2691.62,-17.926098,49.583996,0.55916,90.47,3229.25,0.4681,49.0657,49.2466,False,False
1334,832,112.09,460.83,17.38942,46.608767,0.49911,160.67,5325.79,0.6866,48.9217,49.2431,True,False
1335,583,794.22,341.33,19.281332,57.407596,0.49911,164.72,5116.96,0.6873,48.9089,49.2384,True,False
1336,2914,1682.71,1999.38,-6.967195,71.473201,0.55842,90.35,3538.55,0.468,49.0475,49.2282,False,False
1337,2989,2386.21,2020.5,-7.301562,82.610278,0.50188,150.93,3780.64,0.6859,48.9257,49.2276,True,False
1338,394,330.86,237.99,20.917344,50.072062,0.52095,91.02,6090.01,0.6011,49.0442,49.2262,False,False
1339,1267,769.17,645.74,14.462232,57.011068,0.49742,177.31,5556.24,0.6883,48.858,49.2127,True,False
1340,3744,2151.56,2418.18,-13.59729,78.895536,0.50381,148.83,2400.49,0.6864,48.9124,49.21,True,False
1341,507,237.3,298.05,19.966495,48.591056,0.4969,150.34,7060.14,0.6833,48.9073,49.208,True,False
1342,2090,2807.23,1231.19,5.194016,89.275413,0.50101,201.43,2075.2,0.6934,48.7979,49.2008,True,True
1343,2035,1780.01,1171.68,6.135966,73.013553,0.55741,90.19,4125.49,0.4667,49.0189,49.1993,False,False
1344,1178,2381.58,591.6,15.319244,82.537031,0.4958,176.48,6409.21,0.6874,48.8244,49.1773,True,False
1345,986,425.68,525.16,16.371152,51.573254,0.49631,145.71,7423.34,0.682,48.8833,49.1747,False,False
1346,3629,625.36,2380.4,-12.999236,54.734365,0.49681,137.97,7700.12,0.6781,48.8825,49.1584,False,False
1347,2640,2224.74,1806.2,-3.909066,80.054055,0.49969,149.8,4703.79,0.6846,48.8542,49.1538,True,False
1348,1637,2186.01,847.48,11.26845,79.44095,0.55257,89.4,7086.72,0.4637,48.9652,49.144,False,False
1349,4177,2632.72,2606.94,-16.585483,86.51282,0.50075,157.07,3508.96,0.6863,48.8203,49.1344,True,False
1350,1604,408.94,837.54,11.425756,51.308274,0.49576,150.43,6713.09,0.6828,48.7746,49.0754,True,False
1351,1197,552.82,629.72,14.71586,53.585914,0.49602,153.92,6149.74,0.6837,48.7433,49.0512,True,False
1352,3639,948.36,2379.12,-12.978959,59.847736,0.5546,89.73,3972.14,0.465,48.768,48.9475,False,False
1353,4340,2247.83,2675.21,-17.666309,80.419712,0.49837,171.68,2764.11,0.6876,48.5845,48.9279,True,False
1354,3068,166.74,2090.08,-8.403062,47.473917,0.49297,183.51,5856.08,0.6874,48.5555,48.9225,True,True
1355,514,459.19,302.0,19.903856,52.103768,0.52168,84.41,6403.22,0.5784,48.7252,48.894,False,False
1356,1839,349.0,991.27,8.992045,50.359308,0.49431,175.34,4886.09,0.6865,48.5224,48.873,True,False
1357,1984,2772.65,1109.31,7.12343,88.728103,0.49725,193.27,2202.51,0.6901,48.4833,48.8698,True,True
1358,2814,1678.23,1940.6,-6.036657,71.402353,0.55329,89.52,4003.56,0.4647,48.6723,48.8513,False,False
1359,2188,2797.0,1362.0,3.123093,89.113539,0.49724,205.36,1564.68,0.6917,48.4366,48.8473,True,True
1360,4360,3124.89,2670.16,-17.586317,94.304379,0.49813,160.03,2724.05,0.6851,48.5181,48.8381,True,False
1361,3258,527.1,2185.5,-9.913746,53.178875,0.4909,143.94,8283.65,0.6784,48.5311,48.819,False,False
1362,3263,680.41,2198.29,-10.116177,55.605811,0.49184,174.75,6218.57,0.6846,48.4664,48.8159,True,False
1363,3063,2782.4,2078.41,-8.218441,88.882382,0.49534,172.85,3670.29,0.6861,48.4463,48.792,True,False
1364,3135,172.28,2118.39,-8.851321,47.561714,0.4913,181.05,5856.08,0.6857,48.4047,48.7668,True,True
1365,1553,561.39,812.23,11.826491,53.721637,0.49272,140.08,6700.38,0.6789,48.4846,48.7647,False,False
1366,1527,2026.87,781.5,12.313011,76.921569,0.5526,89.41,3698.18,0.4642,48.5776,48.7564,False,False
1367,1127,606.08,613.7,14.969419,54.429193,0.48959,160.4,7482.77,0.6813,48.394,48.7148,True,False
1368,558,4427.73,292.53,20.053795,114.92964,0.49582,204.77,1142.47,0.6908,48.2674,48.6769,True,True
1369,767,198.88,433.64,17.81995,47.982728,0.49031,152.86,6769.39,0.6802,48.3429,48.6487,True,False
1370,2622,1646.19,1806.7,-3.91699,70.895058,0.55054,89.08,4193.33,0.4628,48.4633,48.6415,False,False
1371,2764,1651.65,1901.18,-5.412696,70.981457,0.5502,89.02,4193.43,0.4627,48.4358,48.6139,False,False
1372,922,781.77,492.44,16.889021,57.210517,0.49099,160.89,5596.92,0.682,48.2859,48.6077,True,False
1373,1803,1488.31,978.88,9.188274,68.395768,0.5219,84.44,5622.64,0.5663,48.4315,48.6004,False,False
1374,523,746.2,298.44,19.96029,56.647312,0.49153,146.21,5593.74,0.6792,48.2744,48.5668,True,False
1375,988,530.2,519.28,16.464103,53.227831,0.48925,141.17,6661.8,0.6771,48.1984,48.4807,False,False
1376,2505,1650.18,1710.75,-2.398005,70.958197,0.54849,88.74,4176.04,0.4612,48.2834,48.4609,False,False
1377,562,108.84,340.51,19.294353,46.557325,0.48833,155.74,6442.56,0.6793,48.146,48.4575,True,False
1378,3342,1418.33,2222.42,-10.498137,67.287773,0.5491,88.84,3569.65,0.4621,48.2719,48.4495,False,False
1379,3229,1619.18,2159.59,-9.503595,70.467503,0.55016,89.01,2725.23,0.463,48.2667,48.4447,False,False
1380,1256,370.42,652.55,14.354412,50.698347,0.48691,141.56,7879.88,0.6758,48.1484,48.4315,False,False
1381,1798,349.2,976.62,9.224069,50.36253,0.48813,175.25,5330.35,0.6829,48.0643,48.4148,True,False
1382,54,14.08,50.32,23.888261,45.05726,0.49489,135.45,1983.26,0.681,48.1228,48.3937,False,False
1383,648,752.54,364.93,18.907662,56.747697,0.48971,152.93,4938.27,0.6804,48.0878,48.3937,True,False
1384,2159,2037.19,1326.69,3.682082,77.085055,0.52361,84.72,4749.49,0.5521,48.1969,48.3664,False,False
1385,1393,1320.14,711.64,13.419003,65.733354,0.51092,94.0,4074.6,0.6049,48.1534,48.3414,False,False
1386,930,1101.62,490.4,16.921297,62.274062,0.54201,87.7,5912.58,0.4663,48.1136,48.289,False,False
1387,387,108.54,234.67,20.969839,46.552646,0.48947,133.71,6292.25,0.6682,48.0096,48.2771,False,False
1388,4095,2514.51,2579.28,-16.147703,84.641399,0.49496,116.94,4847.57,0.6558,48.0113,48.2452,False,False
1389,3003,77.28,2059.66,-7.921529,46.057741,0.48576,189.26,4719.35,0.6839,47.8391,48.2176,True,True
1390,1613,1423.14,843.75,11.327567,67.364063,0.54299,87.85,4950.12,0.4641,48.0322,48.2079,False,False
1391,1942,2000.34,1069.13,7.759453,76.501556,0.48855,134.04,6107.95,0.6691,47.9375,48.2056,False,False
1392,3223,1426.08,2165.87,-9.602958,67.410512,0.54554,88.27,3992.89,0.4597,48.0243,48.2008,False,False
1393,2861,1640.69,1963.36,-6.396964,70.807952,0.54547,88.25,3836.31,0.4597,47.9996,48.1761,False,False
1394,1584,2158.69,817.4,11.744619,79.008532,0.54211,87.71,6277.26,0.4572,47.9996,48.1751,False,False
1395,444,59.54,287.69,20.130484,45.776937,0.48539,168.81,5445.81,0.6801,47.8313,48.1689,True,False
1396,162,13.81,119.64,22.790935,45.05298,0.48912,155.71,3272.19,0.68,47.8412,48.1526,True,False
1397,1653,335.45,890.06,10.594311,50.144837,0.48299,164.87,7186.38,0.6778,47.8205,48.1503,True,False
1398,632,256.41,362.54,18.945455,48.893572,0.48289,157.18,7344.44,0.6768,47.8136,48.128,True,False
1399,1382,397.13,712.33,13.408064,51.121254,0.48103,154.68,8533.25,0.675,47.7888,48.0981,True,False
1400,784,780.04,432.66,17.835412,57.183066,0.48449,166.76,5456.95,0.6799,47.7642,48.0977,True,False
1401,3812,39.71,2462.45,-14.298113,45.462984,0.4849,163.25,5362.67,0.6788,47.7622,48.0887,True,False
1402,1324,502.77,675.78,13.986593,52.79356,0.48234,162.43,7062.97,0.6776,47.7567,48.0815,True,False
1403,399,497.14,237.01,20.932746,52.704486,0.48667,133.1,6416.65,0.6672,47.8047,48.0709,False,False
1404,4444,2675.88,2685.9,-17.835568,87.196128,0.48596,190.19,3317.11,0.6837,47.6858,48.0662,True,True
1405,2162,2126.46,1332.38,3.592081,78.498175,0.4895,148.5,2646.07,0.6782,47.7632,48.0602,True,False
1406,3262,654.45,2192.22,-10.020128,55.194886,0.48348,150.17,6725.01,0.6753,47.7572,48.0576,True,False
1407,841,401.05,467.47,17.284432,51.183276,0.50442,88.54,7700.02,0.5913,47.8664,48.0434,False,False
1408,3945,2174.87,2517.45,-15.16884,79.264597,0.4881,166.83,2585.44,0.6811,47.7069,48.0405,True,False
1409,2043,2790.75,1152.0,6.447598,89.014595,0.48609,200.76,2426.12,0.6846,47.6065,48.008,True,True
1410,3379,656.27,2254.18,-11.000913,55.223646,0.48036,152.88,8239.27,0.6746,47.697,48.0028,True,False
1411,1501,692.67,780.24,12.332867,55.799963,0.48705,131.62,4699.37,0.6731,47.7353,47.9986,False,False
1412,2014,2790.43,1149.29,6.490568,89.009507,0.48592,200.69,2426.12,0.6845,47.5923,47.9936,True,True
1413,916,595.44,489.47,16.936075,54.260688,0.48353,161.2,5329.68,0.6779,47.6426,47.965,True,False
1414,1016,1492.12,531.5,16.270752,68.45594,0.54459,88.11,2361.08,0.4607,47.7814,47.9576,False,False
1415,1242,2361.58,621.33,14.84867,82.220443,0.48104,135.36,8016.58,0.671,47.6557,47.9264,False,False
1416,1269,813.52,655.97,14.300228,57.713159,0.48473,145.56,4572.49,0.6755,47.5968,47.8879,True,False
1417,4179,2707.93,2621.06,-16.809128,87.703403,0.48348,163.2,4503.58,0.678,47.5445,47.8709,True,False
1418,615,1847.65,334.88,19.383404,74.08445,0.48298,186.17,3853.97,0.6816,47.4971,47.8694,True,True
1419,984,364.53,525.68,16.362803,50.605194,0.4801,143.72,7655.25,0.6725,47.5727,47.8601,True,False
1420,705,395.19,404.66,18.278649,51.090603,0.48309,130.97,7530.99,0.6621,47.5855,47.8475,False,False
1421,108,18.69,83.09,23.369475,45.130256,0.48903,134.76,2427.98,0.6708,47.5711,47.8407,False,False
1422,303,978.11,172.84,21.948645,60.318718,0.54235,87.75,2879.45,0.4595,47.6594,47.8349,False,False
1423,1069,907.06,556.15,15.880415,59.193899,0.48582,122.51,4868.44,0.6684,47.5833,47.8283,False,False
1424,704,366.88,405.11,18.271553,50.642394,0.48114,133.32,7448.05,0.668,47.5429,47.8095,False,False
1425,2957,1297.62,2032.68,-7.494464,65.376906,0.53985,87.34,4753.19,0.4559,47.6343,47.8089,False,False
1426,1258,428.56,657.08,14.282611,51.618768,0.4792,137.57,7910.85,0.6709,47.5085,47.7837,False,False
1427,3034,1803.21,2057.42,-7.88615,73.380905,0.54183,87.67,2833.04,0.4578,47.5847,47.7601,False,False
1428,1641,2644.91,836.09,11.44883,86.705873,0.48308,191.64,2468.75,0.6828,47.3619,47.7451,True,True
1429,1063,720.9,553.4,15.923995,56.246882,0.48089,142.48,5789.34,0.6731,47.4205,47.7055,True,False
1430,327,1736.0,176.9,21.884442,72.316951,0.48601,151.06,1979.32,0.6766,47.4031,47.7052,True,False
1431,1318,298.58,698.89,13.620802,49.561185,0.47671,148.48,8475.96,0.6715,47.4076,47.7046,True,False
1432,3004,97.42,2064.9,-8.004454,46.376498,0.47951,174.92,5289.13,0.6781,47.3536,47.7035,True,False
1433,1719,1716.82,918.21,10.148724,72.0132,0.54052,87.45,3167.93,0.4562,47.5021,47.677,False,False
1434,230,430.56,142.74,22.42516,51.650555,0.50539,86.25,4691.66,0.5862,47.4912,47.6637,False,False
1435,822,2101.95,418.47,18.060045,78.110201,0.47627,176.21,7054.4,0.6764,47.2964,47.6488,True,True
1436,752,1991.51,410.51,18.186101,76.361812,0.47785,169.99,5891.78,0.6761,47.2677,47.6077,True,False
1437,1444,688.19,757.47,12.693367,55.729028,0.48056,139.22,5364.16,0.6718,47.3241,47.6026,False,False
1438,894,2151.81,476.71,17.13812,78.899627,0.47592,159.74,7496.38,0.6731,47.2637,47.5832,True,False
1439,2599,2191.16,1776.48,-3.438504,79.522537,0.48179,141.51,3917.94,0.6727,47.2574,47.5404,False,False
1440,858,1007.44,459.71,17.407209,60.782978,0.48078,131.76,5994.96,0.6641,47.276,47.5395,False,False
1441,2943,53.19,2045.93,-7.704134,45.676294,0.47862,183.02,4101.66,0.679,47.1656,47.5316,True,True
1442,4370,269.1,2692.52,-17.9404,49.094441,0.53816,87.07,3416.56,0.4548,47.337,47.5112,False,False
1443,1192,393.85,620.99,14.853942,51.069372,0.47656,135.52,7345.45,0.669,47.2173,47.4884,False,False
1444,2103,1741.38,1263.13,4.688305,72.402049,0.53698,86.88,3857.57,0.4537,47.2839,47.4576,False,False
1445,1812,1771.25,972.48,9.289533,72.874895,0.53704,86.89,3681.62,0.4541,47.2733,47.4471,False,False
1446,1819,2002.85,978.24,9.198387,76.541394,0.53234,86.13,7022.36,0.4507,47.2665,47.4388,False,False
1447,2092,41.28,1271.79,4.55126,45.487807,0.47886,186.15,2847.13,0.679,47.0341,47.4064,True,True
1448,3168,1681.02,2131.85,-9.064393,71.446419,0.53754,86.97,2696.62,0.4551,47.2115,47.3854,False,False
1449,3137,229.27,2118.4,-8.851473,48.463848,0.47722,164.74,4555.6,0.6749,47.0429,47.3724,True,False
1450,4169,2212.94,2609.2,-16.621252,79.867305,0.47907,164.65,3051.91,0.6756,47.0131,47.3423,True,False
1451,4373,367.01,2688.01,-17.868883,50.644492,0.53662,86.82,2992.97,0.454,47.1602,47.3338,False,False
1452,2762,1584.04,1905.7,-5.484264,69.911163,0.53461,86.5,4371.16,0.4527,47.1548,47.3278,False,False
1453,718,919.54,388.8,18.529831,59.391492,0.47725,156.29,4499.54,0.6732,47.0092,47.3217,True,False
1454,649,783.7,360.01,18.985574,57.241006,0.47546,152.37,5699.67,0.6725,47.0095,47.3142,True,False
1455,2877,2156.08,1974.98,-6.580999,78.967177,0.4787,152.18,3555.31,0.6728,46.9941,47.2985,True,False
1456,3370,2896.72,2220.18,-10.462734,90.692204,0.47776,188.98,2510.78,0.6787,46.9104,47.2884,True,True
1457,3088,1333.18,2088.54,-8.378746,65.939917,0.53232,86.13,5317.88,0.451,47.071,47.2432,False,False
1458,967,2279.44,510.62,16.601249,80.920086,0.47091,176.19,7358.93,0.6733,46.8899,47.2423,True,True
1459,1976,1906.66,1108.9,7.129941,75.01866,0.47895,132.25,4384.47,0.6653,46.9766,47.2411,False,False
1460,452,330.82,274.7,20.336154,50.071424,0.48756,102.65,6385.66,0.6207,47.0287,47.234,False,False
1461,408,789.97,237.46,20.925666,57.340356,0.477,134.78,4907.8,0.669,46.9636,47.2332,False,False
1462,1128,621.5,607.6,15.065955,54.673249,0.47068,175.48,7319.51,0.6734,46.8716,47.2225,True,True
1463,3310,2884.24,2208.9,-10.284155,90.494712,0.47692,183.69,2665.47,0.6778,46.8528,47.2202,True,True
1464,2141,36.23,1325.31,3.703869,45.407802,0.4787,173.19,1789.45,0.6775,46.8725,47.2188,True,False
1465,1487,225.62,787.06,12.225004,48.406035,0.47261,154.63,6769.1,0.6705,46.8936,47.2028,True,False
1466,451,304.93,272.43,20.372078,49.661665,0.47867,117.95,5736.04,0.6568,46.9619,47.1978,False,False
1467,404,657.17,243.78,20.82565,55.23793,0.47578,132.23,5518.17,0.666,46.8941,47.1586,False,False
1468,1262,565.27,654.89,14.317407,53.78306,0.47344,132.37,6838.29,0.6666,46.8909,47.1557,False,False
1469,1190,336.22,626.39,14.768525,50.156968,0.47245,130.64,8172.76,0.662,46.8943,47.1556,False,False
1470,769,297.74,422.98,17.988711,49.547873,0.47285,142.76,6744.96,0.6682,46.8674,47.1529,True,False
1471,3891,458.57,2512.01,-15.082664,52.093861,0.53079,85.88,5662.58,0.4496,46.9762,47.1479,False,False
1472,1367,2449.69,678.73,13.939904,83.615233,0.47532,154.09,4348.98,0.6712,46.8166,47.1248,True,False
1473,573,495.14,330.24,19.456841,52.67284,0.49491,86.26,6617.51,0.5837,46.9195,47.092,False,False
1474,1545,276.79,827.66,11.582163,49.21623,0.4699,166.92,7089.03,0.6709,46.7435,47.0773,True,False
1475,2390,2283.1,1581.36,-0.349627,80.977931,0.47756,158.41,2109.97,0.6735,46.7548,47.0717,True,False
1476,3160,1425.1,2127.76,-8.999656,67.395075,0.53188,86.06,4111.41,0.451,46.8972,47.0693,False,False
1477,2713,1612.31,1878.28,-5.050101,70.358719,0.53108,85.93,4589.75,0.4506,46.8887,47.0606,False,False
1478,560,49.72,330.27,19.456357,45.621412,0.47438,157.53,4158.35,0.6723,46.7456,47.0606,True,False
1479,1200,645.33,625.69,14.779628,55.050514,0.4698,171.45,6734.26,0.6721,46.7149,47.0578,True,False
1480,4350,2615.54,2667.7,-17.547401,86.240778,0.47773,124.87,3606.3,0.6648,46.7878,47.0376,False,False
1481,1260,504.8,650.31,14.389883,52.825709,0.47255,131.81,6566.66,0.6651,46.7684,47.032,False,False
1482,3824,501.96,2478.22,-14.547723,52.780835,0.52902,85.59,5839.38,0.4485,46.8489,47.0201,False,False
1483,846,556.34,461.46,17.379564,53.641684,0.47373,132.64,5395.77,0.6672,46.7535,47.0188,False,False
1484,1605,435.01,844.85,11.310004,51.720963,0.47255,129.7,7175.92,0.66,46.7475,47.0069,False,False
1485,3018,1296.53,2065.1,-8.007677,65.359642,0.53021,85.79,4787.27,0.4497,46.8337,47.0053,False,False
1486,3280,1428.19,2198.68,-10.122435,67.443919,0.53126,85.96,3956.84,0.4507,46.8285,47.0004,False,False
1487,895,2182.04,480.92,17.071402,79.378152,0.46836,168.22,7207.29,0.67,46.6297,46.9661,True,False
1488,2644,2347.52,1811.53,-3.993387,81.997782,0.47716,125.6,3840.95,0.6615,46.7137,46.9649,False,False
1489,163,49.34,107.29,22.986383,45.615363,0.47543,134.51,3339.43,0.6682,46.6521,46.9211,False,False
1490,690,2127.83,381.55,18.644519,78.519847,0.46855,160.56,6939.94,0.669,46.5948,46.9159,True,False
1491,2580,1586.38,1773.45,-3.390641,69.948196,0.52852,85.51,5139.14,0.4485,46.7318,46.9028,False,False
1492,2958,1326.68,2031.73,-7.479466,65.836941,0.5289,85.57,4722.73,0.449,46.7179,46.889,False,False
1493,2752,1269.51,1904.86,-5.470904,64.931943,0.52722,85.3,5694.08,0.4481,46.6956,46.8662,False,False
1494,1388,630.7,722.69,13.243957,54.818948,0.46743,133.64,8495.08,0.6633,46.5938,46.8611,False,False
1495,1320,374.15,680.32,13.914826,50.757443,0.46772,130.64,8349.22,0.6626,46.5854,46.8467,False,False
1496,1377,246.82,715.49,13.358003,48.741636,0.46603,164.15,7765.96,0.6688,46.5066,46.8349,True,False
1497,4355,2768.51,2666.54,-17.52901,88.662484,0.49629,85.11,3980.45,0.5807,46.654,46.8242,False,False
1498,1008,1229.11,526.27,16.353438,64.292297,0.49291,88.6,4819.8,0.5884,46.6467,46.8239,False,False
1499,3446,878.06,2289.94,-11.5671,58.734886,0.52546,85.02,5418.97,0.4543,46.6482,46.8183,False,False
1500,3026,1550.55,2058.87,-7.909113,69.381078,0.52922,85.63,3787.46,0.4492,46.6355,46.8068,False,False
1501,1053,240.23,554.33,15.909329,48.637445,0.46768,160.94,6437.17,0.6694,46.4793,46.8012,True,False
1502,503,68.79,310.48,19.769671,45.923299,0.46838,167.3,5697.51,0.6706,46.4639,46.7985,True,False
1503,293,656.37,177.03,21.882332,55.225235,0.47051,138.2,5137.87,0.666,46.4681,46.7445,False,False
1504,2691,2384.6,1840.06,-4.444987,82.584906,0.47388,122.89,3837.37,0.661,46.4691,46.7148,False,False
1505,905,250.62,505.36,16.684535,48.80191,0.46536,158.34,7396.07,0.6678,46.3968,46.7135,True,False
1506,2359,2277.57,1568.32,-0.14321,80.89051,0.47248,162.18,2323.58,0.6714,46.3771,46.7015,True,False
1507,289,522.97,178.59,21.857632,53.113344,0.48999,88.37,5544.85,0.5873,46.5022,46.6789,False,False
1508,4293,747.79,2673.09,-17.632775,56.672522,0.52947,85.67,2356.02,0.45,46.4985,46.6699,False,False
1509,909,368.92,492.49,16.888271,50.674632,0.46962,126.62,7400.66,0.6518,46.4165,46.6698,False,False
1510,3002,59.54,2069.64,-8.079579,45.776921,0.468,181.69,4298.63,0.6725,46.3059,46.6693,True,True
1511,4093,2440.41,2572.98,-16.047974,83.468384,0.47266,128.37,4523.8,0.6559,46.3692,46.6259,False,False
1512,3231,1679.98,2160.5,-9.517907,71.430059,0.52877,85.55,2481.77,0.4494,46.4524,46.6235,False,False
1513,4035,438.0,2568.05,-15.969922,51.768221,0.52568,85.05,4668.56,0.4465,46.4352,46.6053,False,False
1514,4451,3129.23,2691.18,-17.9191,94.373048,0.47219,145.46,2431.2,0.6677,46.3019,46.5928,True,False
1515,2669,1682.0,1839.86,-4.441905,71.462,0.52537,85.0,4057.33,0.447,46.3496,46.5196,False,False
1516,3198,2827.43,2137.73,-9.157534,89.595238,0.46928,156.18,3246.54,0.6683,46.1991,46.5115,True,False
1517,1627,1866.84,852.38,11.190915,74.388217,0.52652,85.19,3234.91,0.4472,46.3399,46.5103,False,False
1518,3428,2213.88,2251.39,-10.956867,79.882227,0.46997,146.04,3107.43,0.6667,46.2045,46.4966,True,False
1519,701,273.84,396.64,18.405608,49.169469,0.46542,129.69,6764.45,0.66,46.1854,46.4448,False,False
1520,1387,605.55,707.08,13.491157,54.420821,0.46121,149.04,8524.33,0.6629,46.1429,46.441,True,False
1521,1936,1805.24,1071.59,7.720529,73.412968,0.52419,84.81,4208.58,0.4454,46.2541,46.4237,False,False
1522,2372,1711.33,1580.12,-0.32996,71.926386,0.52534,85.0,2990.79,0.4465,46.2143,46.3842,False,False
1523,4269,3109.74,2648.24,-17.239356,94.06458,0.46686,167.14,3292.66,0.6692,46.0467,46.3809,True,False
1524,3286,1620.43,2187.62,-9.947284,70.487237,0.52536,85.0,2463.11,0.4474,46.1681,46.3381,False,False
1525,453,361.53,271.03,20.394146,50.557621,0.46845,117.91,6712.3,0.641,46.0562,46.292,False,False
1526,333,173.03,206.86,21.410085,47.573539,0.46577,128.07,5824.11,0.6561,46.0303,46.2864,False,False
1527,3136,201.56,2116.12,-8.815339,48.025131,0.46417,166.72,4215.18,0.6681,45.9425,46.2759,True,False
1528,2112,2778.63,1260.18,4.734937,88.822749,0.46597,189.89,2125.11,0.6717,45.8911,46.2709,True,True
1529,2715,1678.57,1868.34,-4.892748,71.407669,0.5214,84.36,3905.76,0.4446,46.0026,46.1714,False,False
1530,860,1066.45,464.1,17.337677,61.717217,0.51654,83.57,6206.36,0.4473,45.9716,46.1387,False,False
1531,1977,1933.2,1099.52,7.278479,75.438667,0.46838,119.33,4972.38,0.6436,45.8928,46.1315,False,False
1532,3380,683.11,2239.62,-10.770524,55.648581,0.45904,147.27,7326.27,0.6613,45.8171,46.1117,True,False
1533,1121,240.15,605.72,15.095721,48.636117,0.459,156.48,6779.97,0.6639,45.7961,46.1091,True,False
1534,2214,2147.37,1408.15,2.392558,78.82919,0.46834,125.78,3800.66,0.6494,45.8566,46.1081,False,False
1535,1189,308.37,621.5,14.845996,49.716115,0.45866,129.3,8080.08,0.658,45.8187,46.0773,False,False
1536,1845,1522.79,1000.27,8.849626,68.941491,0.51811,83.83,4830.77,0.4464,45.9081,46.0757,False,False
1537,3837,917.87,2480.86,-14.589624,59.365027,0.52117,84.32,3265.64,0.4441,45.9018,46.0704,False,False
1538,3842,1072.0,2484.77,-14.651495,61.80517,0.52088,84.28,3251.12,0.4447,45.8913,46.0599,False,False
1539,1425,2539.5,723.81,13.226322,85.037062,0.46169,170.95,3918.26,0.6674,45.7159,46.0578,True,True
1540,788,1007.82,422.73,17.992621,60.789024,0.46252,135.65,4943.12,0.6612,45.7846,46.0559,False,False
1541,995,784.52,532.16,16.260304,57.254041,0.46219,127.1,6287.8,0.6539,45.7878,46.042,False,False
1542,2848,1227.48,1966.52,-6.446976,64.266525,0.51898,83.97,4580.48,0.4426,45.8718,46.0397,False,False
1543,3547,2186.11,2324.65,-12.116675,79.442519,0.46424,160.43,2375.27,0.6667,45.7051,46.0259,True,False
1544,1959,275.35,1093.15,7.379231,49.193388,0.46234,170.21,3284.38,0.6668,45.6774,46.0178,True,True
1545,965,2226.93,498.47,16.79357,80.088732,0.45892,151.89,6367.61,0.6622,45.7107,46.0145,True,False
1546,1424,2513.52,710.22,13.441389,84.625774,0.46077,175.73,4060.28,0.667,45.6603,46.0117,True,True
1547,1130,704.35,577.32,15.545326,55.984793,0.4593,140.58,6483.93,0.6605,45.721,46.0022,True,False
1548,271,1724.71,159.65,22.157475,72.138199,0.46309,159.63,2274.57,0.6659,45.5966,45.9159,True,False
1549,2781,2188.29,1897.16,-5.349059,79.47704,0.46593,126.09,3458.05,0.6501,45.6547,45.9068,False,False
1550,2047,123.25,1183.97,5.941541,46.78542,0.4595,165.61,4094.01,0.665,45.536,45.8672,True,False
1551,344,532.6,203.62,21.461403,53.265916,0.46572,117.06,5852.13,0.6338,45.6283,45.8625,False,False
1552,119,367.24,80.43,23.411596,50.648067,0.51822,83.85,3290.27,0.4437,45.6852,45.8529,False,False
1553,4180,2735.56,2624.51,-16.863744,88.14089,0.45959,154.03,4063.74,0.6632,45.5067,45.8148,True,False
1554,1266,675.46,668.35,14.104194,55.527442,0.45588,157.35,6443.89,0.6617,45.4925,45.8072,True,False
1555,2646,2414.17,1815.49,-4.05607,83.052901,0.46115,149.63,3261.34,0.6623,45.5066,45.8059,True,False
1556,1199,624.3,622.99,14.822351,54.71757,0.45734,127.03,6778.4,0.6555,45.5242,45.7783,False,False
1557,3161,1457.26,2122.84,-8.921788,67.904193,0.51649,83.57,4007.75,0.4411,45.5987,45.7659,False,False
1558,1379,308.77,720.84,13.273236,49.722449,0.45294,130.63,9337.62,0.6548,45.4962,45.7574,False,False
1559,3947,3074.6,2528.48,-15.343407,93.508196,0.45926,175.85,2872.29,0.6665,45.4018,45.7535,True,True
1560,4378,527.57,2690.32,-17.905458,53.186209,0.51878,83.94,2099.69,0.443,45.5725,45.7404,False,False
1561,1201,722.53,615.15,14.946439,56.272617,0.45525,166.27,5947.54,0.6626,45.4047,45.7372,True,False
1562,395,364.73,240.07,20.884296,50.60837,0.48741,78.86,6210.52,0.5414,45.5694,45.7271,False,False
1563,709,561.35,402.1,18.319317,53.720986,0.47581,90.17,5706.1,0.5895,45.5401,45.7205,False,False
1564,1909,2744.8,1044.42,8.150711,88.287144,0.45916,177.52,2673.87,0.6657,45.3563,45.7114,True,True
1565,3250,2271.06,2157.07,-9.463605,80.787434,0.45811,171.83,3424.72,0.6648,45.3526,45.6963,True,True
1566,3507,913.65,2323.54,-12.09909,59.298298,0.51359,83.1,5566.76,0.4387,45.5297,45.6959,False,False
1567,864,1199.24,470.1,17.242753,63.81943,0.51462,83.26,4682.02,0.44,45.5235,45.69,False,False
1568,2847,1203.58,1966.86,-6.452357,63.888195,0.51418,83.19,5028.0,0.4395,45.5228,45.6892,False,False
1569,904,195.27,492.37,16.890168,47.925542,0.45618,132.23,6366.79,0.6572,45.4237,45.6882,False,False
1570,4349,2576.32,2664.59,-17.498254,85.619913,0.49785,80.55,3645.41,0.5134,45.5146,45.6757,False,False
1571,3838,949.98,2477.19,-14.531433,59.873331,0.51613,83.51,3455.02,0.441,45.5063,45.6734,False,False
1572,4022,3078.83,2549.42,-15.674939,93.575156,0.45813,174.02,3013.66,0.6656,45.3209,45.6689,True,True
1573,641,529.37,373.91,18.765466,53.214774,0.48282,78.12,6481.09,0.5526,45.4721,45.6284,False,False
1574,1750,275.46,948.1,9.675504,49.195046,0.45483,156.68,5692.32,0.6604,45.3052,45.6186,True,False
1575,2913,1645.91,2002.09,-7.010151,70.890725,0.51513,83.35,3504.54,0.4404,45.4299,45.5966,False,False
1576,2243,4.17,1431.97,2.015374,44.900315,0.46063,165.58,927.99,0.6657,45.2569,45.588,True,False
1577,3773,1004.75,2453.07,-14.149569,60.74049,0.5144,83.23,3688.28,0.4398,45.3864,45.5529,False,False
1578,466,783.83,269.24,20.422605,57.243013,0.46195,119.34,5377.91,0.6338,45.3014,45.5401,False,False
1579,1589,2622.41,799.4,12.029543,86.349654,0.45639,180.42,2652.76,0.6643,45.13,45.4908,True,True
1580,847,587.29,460.16,17.400169,54.131726,0.45538,130.13,5409.2,0.6559,45.2298,45.4901,False,False
1581,1474,2153.46,744.99,12.890904,78.925722,0.51181,82.81,5004.9,0.4379,45.3218,45.4874,False,False
1582,4386,775.57,2692.15,-17.934499,57.112296,0.51545,83.4,2246.71,0.4407,45.3093,45.4761,False,False
1583,441,4458.14,233.86,20.982651,115.411008,0.45764,183.02,1296.67,0.6654,45.0794,45.4454,True,True
1584,283,339.32,180.5,21.827378,50.205987,0.49166,79.55,5487.22,0.5131,45.2806,45.4397,False,False
1585,979,193.65,516.94,16.501228,47.899971,0.45079,144.59,6684.24,0.657,45.0692,45.3584,True,False
1586,1427,86.37,738.06,13.000738,46.201661,0.45285,178.1,3806.49,0.6631,44.989,45.3452,True,True
1587,1046,4391.02,509.77,16.614796,114.348363,0.45694,179.24,1066.7,0.6642,44.9799,45.3384,True,True
1588,1198,588.91,628.51,14.734999,54.157368,0.45585,120.52,6803.64,0.6372,45.0909,45.3319,False,False
1589,1788,32.89,964.88,9.409813,45.355023,0.4536,163.71,3677.11,0.6614,44.9969,45.3244,True,False
1590,1642,2659.07,855.38,11.14331,86.929908,0.45444,181.44,2363.9,0.6642,44.9531,45.316,True,True
1591,228,363.63,142.57,22.427791,50.59085,0.50875,82.31,4524.68,0.443,45.1368,45.3014,False,False
1592,3001,2753.36,2048.21,-7.74029,88.4226,0.45364,155.78,3823.81,0.6597,44.9875,45.2991,True,False
1593,1372,84.54,725.12,13.205475,46.172588,0.45272,175.76,3502.98,0.6623,44.9304,45.2819,True,True
1594,556,1800.48,302.55,19.895269,73.337684,0.45574,135.73,3207.69,0.6566,45.0092,45.2806,True,False
1595,3774,1031.26,2440.6,-13.952123,61.16018,0.50961,82.45,4177.18,0.4368,45.0451,45.21,False,False
1596,3611,2181.41,2341.87,-12.389272,79.368226,0.45382,156.73,2692.12,0.6603,44.8769,45.1904,True,False
1597,1602,321.17,860.21,11.066877,49.91877,0.44673,155.04,7681.45,0.6557,44.8711,45.1812,True,False
1598,2048,139.22,1184.86,5.927438,47.038244,0.45227,165.18,3297.32,0.6608,44.8466,45.177,True,False
1599,56,85.12,50.87,23.879533,46.181909,0.457,125.61,2590.91,0.6508,44.9241,45.1753,False,False
1600,2801,1257.56,1931.94,-5.899556,64.742628,0.50777,82.16,5069.78,0.4354,44.9927,45.157,False,False
1601,4178,2668.24,2615.87,-16.726898,87.075122,0.4531,148.84,3314.61,0.658,44.8575,45.1552,True,False
1602,757,2157.81,398.01,18.384035,78.994503,0.44876,135.48,6608.41,0.653,44.8416,45.1126,True,False
1603,835,195.72,463.6,17.34569,47.932689,0.45258,120.85,6452.55,0.6385,44.8384,45.0801,False,False
1604,699,178.81,407.51,18.233672,47.665028,0.45294,119.03,6786.41,0.6337,44.8158,45.0539,False,False
1605,926,891.77,489.19,16.940488,58.95189,0.44675,170.28,5799.1,0.6584,44.7,45.0405,True,True
1606,985,393.14,529.26,16.306134,51.058051,0.45216,117.89,7557.73,0.6305,44.7944,45.0302,False,False
1607,55,53.92,45.72,23.961098,45.687899,0.4592,120.28,2335.3,0.6362,44.7888,45.0293,False,False
1608,1268,785.96,649.22,14.407075,57.276871,0.44998,128.89,5249.46,0.6529,44.7679,45.0257,False,False
1609,1113,2351.77,567.04,15.708152,82.065116,0.44566,138.62,7661.59,0.6517,44.7201,44.9973,True,False
1610,1129,638.83,611.79,14.999594,54.947533,0.44388,161.01,7415.45,0.6555,44.6306,44.9526,True,False
1611,3811,12.86,2473.72,-14.476444,45.037918,0.44919,137.58,4648.42,0.6536,44.6535,44.9287,True,False
1612,4415,1715.39,2689.54,-17.893192,71.99055,0.50892,82.34,1871.26,0.4383,44.7529,44.9176,False,False
1613,3771,942.14,2445.52,-14.030012,59.749302,0.50717,82.06,3428.21,0.4352,44.7533,44.9174,False,False
1614,2716,1712.15,1875.12,-5.000087,71.939362,0.50636,81.93,3711.92,0.4349,44.7235,44.8874,False,False
1615,3772,975.76,2452.56,-14.141564,60.281535,0.50615,81.89,3628.02,0.4344,44.6894,44.8532,False,False
1616,2930,2184.23,2010.71,-7.146618,79.412742,0.44903,143.01,3551.56,0.6544,44.5262,44.8122,True,False
1617,1766,1745.63,939.59,9.810231,72.469264,0.50637,81.93,3142.62,0.4343,44.6456,44.8095,False,False
1618,388,142.62,241.23,20.865949,47.092126,0.45337,114.94,6122.39,0.6228,44.5732,44.8031,False,False
1619,284,365.11,167.67,22.030489,50.614374,0.50112,81.08,5075.6,0.4423,44.6384,44.8005,False,False
1620,3442,746.4,2284.72,-11.484401,56.650613,0.45453,113.04,6324.61,0.6169,44.574,44.8001,False,False
1621,923,822.91,501.73,16.74204,57.861795,0.44558,128.34,6027.8,0.6503,44.4966,44.7533,False,False
1622,642,557.07,367.62,18.86506,53.653226,0.50038,80.96,4907.01,0.4414,44.5502,44.7121,False,False
1623,3224,1452.18,2158.74,-9.490129,67.823655,0.5043,81.59,3657.3,0.4335,44.5421,44.7053,False,False
1624,227,333.42,146.07,22.372397,50.112697,0.50109,81.07,4404.28,0.4412,44.5383,44.7004,False,False
1625,795,1227.36,425.35,17.951126,64.264623,0.50496,81.7,3155.68,0.4337,44.5354,44.6988,False,False
1626,1650,237.12,880.49,10.745893,48.588099,0.44338,156.37,5710.3,0.6545,44.377,44.6897,True,False
1627,2115,38.59,1294.91,4.185141,45.445254,0.44715,167.3,2507.08,0.6585,44.3418,44.6764,True,True
1628,1307,2422.32,646.56,14.449172,83.181977,0.44925,121.98,4631.52,0.6408,44.4242,44.6682,False,False
1629,3749,96.88,2429.77,-13.780763,46.368002,0.4436,150.68,5567.79,0.6529,44.3469,44.6482,True,False
1630,1327,596.38,683.43,13.865558,54.275639,0.44142,131.69,7910.97,0.648,44.3772,44.6406,True,False
1631,702,306.55,402.44,18.313797,49.687209,0.44306,126.81,6999.53,0.6479,44.3868,44.6404,False,False
1632,823,2134.98,424.47,17.965121,78.633061,0.44223,133.51,6996.25,0.6494,44.3537,44.6207,True,False
1633,3705,911.9,2417.45,-13.585673,59.270616,0.50348,81.46,3493.46,0.4325,44.446,44.6089,False,False
1634,4185,3105.08,2610.39,-16.640185,93.990705,0.44397,173.73,3657.72,0.657,44.2222,44.5697,True,True
1635,1316,251.89,685.11,13.838971,48.821942,0.44188,123.24,7392.5,0.6456,44.3053,44.5518,False,False
1636,4343,2384.65,2669.9,-17.582238,82.585567,0.44661,124.04,4069.28,0.6466,44.2738,44.5219,False,False
1637,1634,2100.71,846.71,11.280569,78.090549,0.49994,80.89,5258.6,0.4303,44.3591,44.5209,False,False
1638,4100,3084.25,2574.13,-16.066055,93.660987,0.44373,164.75,3408.17,0.6552,44.1438,44.4733,True,True
1639,915,552.6,491.08,16.910652,53.582528,0.44749,119.95,4664.13,0.6367,44.2291,44.469,False,False
1640,720,972.63,397.9,18.385727,60.232042,0.45281,112.3,4031.47,0.6198,44.2336,44.4582,False,False
1641,1368,2477.95,682.45,13.881043,84.062624,0.44198,166.14,4355.57,0.6545,44.1159,44.4482,True,True
1642,1038,2191.89,534.18,16.228331,79.534034,0.49475,80.05,6465.16,0.4387,44.2789,44.439,False,False
1643,1202,758.52,620.59,14.860347,56.842368,0.4443,121.16,5827.83,0.6396,44.1888,44.4311,False,False
1644,3488,2203.32,2276.8,-11.359084,79.715005,0.44484,141.58,3193.72,0.6517,44.1347,44.4179,True,False
1645,1170,2127.61,594.71,15.269984,78.516516,0.49974,80.86,4471.5,0.4301,44.2492,44.4109,False,False
1646,4184,3094.28,2592.91,-16.36342,93.819815,0.44186,168.61,3814.02,0.6549,44.0501,44.3873,True,True
1647,4383,686.89,2690.88,-17.914334,55.708442,0.50243,81.29,2220.51,0.4322,44.2167,44.3792,False,False
1648,1950,2762.42,1075.24,7.662856,88.566064,0.44354,170.81,2448.62,0.6558,44.0273,44.3689,True,True
1649,121,435.29,75.84,23.484208,51.725336,0.49988,80.88,3583.67,0.4324,44.1954,44.3572,False,False
1650,3048,2255.31,2065.86,-8.019692,80.53799,0.44552,123.64,3450.75,0.6458,44.1082,44.3555,False,False
1651,566,239.14,328.43,19.485491,48.62013,0.43994,122.5,7109.79,0.6438,44.1011,44.3461,False,False
1652,3118,2271.72,2087.88,-8.36835,80.797805,0.44353,132.51,3951.39,0.6489,44.08,44.345,True,False
1653,2800,1235.21,1938.85,-6.009077,64.388921,0.49813,80.6,5074.91,0.4289,44.1833,44.3444,False,False
1654,2889,2668.9,1969.24,-6.490063,87.085539,0.445,139.06,2508.13,0.6516,44.0632,44.3414,True,False
1655,4205,750.86,2642.95,-17.155634,56.721133,0.50113,81.08,2627.61,0.4317,44.1611,44.3232,False,False
1656,3049,2278.56,2065.68,-8.016832,80.906051,0.44264,149.38,3477.53,0.6525,44.0242,44.323,True,False
1657,1561,1419.92,809.85,11.864126,67.312969,0.49723,80.45,5028.91,0.4307,44.1441,44.305,False,False
1658,2061,1775.71,1204.97,5.60909,72.945457,0.4984,80.64,4012.37,0.4289,44.0776,44.2388,False,False
1659,2916,1741.83,2005.67,-7.066815,72.409216,0.4991,80.75,3374.12,0.4303,44.0769,44.2385,False,False
1660,2600,2221.11,1777.75,-3.458631,79.996668,0.45092,111.06,4379.96,0.612,43.9968,44.2189,False,False
1661,1745,116.51,940.25,9.799827,46.678696,0.4401,146.98,4505.95,0.6503,43.9231,44.2171,True,False
1662,4265,2768.86,2639.54,-17.101637,88.668133,0.45028,109.65,3980.45,0.6148,43.9552,44.1745,False,False
1663,2490,2627.74,1663.59,-1.651425,86.433929,0.44272,176.57,1157.28,0.6558,43.8158,44.169,True,True
1664,3033,1771.61,2057.93,-7.894107,72.880643,0.49854,80.66,3164.39,0.43,44.0067,44.1681,False,False
1665,2783,2302.03,1891.59,-5.260849,81.277715,0.43984,129.13,5035.07,0.6465,43.8975,44.1558,False,False
1666,229,394.38,138.13,22.498217,51.077739,0.49347,79.84,4833.7,0.4383,43.9878,44.1475,False,False
1667,175,435.18,112.71,22.900589,51.723684,0.49437,79.99,4522.04,0.4363,43.9796,44.1395,False,False
1668,1749,239.15,943.48,9.748654,48.62026,0.43812,143.25,5387.58,0.6486,43.8523,44.1388,True,False
1669,1871,53.71,1041.87,8.190996,45.684631,0.44109,141.38,3118.08,0.6506,43.8366,44.1193,True,False
1670,1055,297.39,551.92,15.94746,49.542266,0.43688,120.22,7837.52,0.6388,43.8753,44.1158,False,False
1671,1614,1452.37,845.54,11.299211,67.826697,0.49572,80.21,4676.0,0.4281,43.9484,44.1088,False,False
1672,177,499.81,117.49,22.824853,52.746704,0.49343,79.84,5226.4,0.433,43.9351,44.0948,False,False
1673,1253,268.86,659.63,14.242293,49.090565,0.44056,116.04,7276.54,0.6267,43.8578,44.0899,False,False
1674,3095,1555.16,2088.25,-8.374129,69.454051,0.4965,80.33,3620.07,0.4283,43.884,44.0447,False,False
1675,398,462.52,242.94,20.838909,52.156366,0.44974,95.1,6104.95,0.597,43.8456,44.0358,False,False
1676,716,779.94,404.37,18.2833,57.181491,0.43746,126.96,5510.72,0.6451,43.7576,44.0116,False,False
1677,2526,2585.49,1721.96,-2.575486,85.765131,0.44071,164.5,1576.72,0.6526,43.6645,43.9935,True,True
1678,1188,264.76,631.2,14.692352,49.025772,0.43732,116.81,7872.73,0.6296,43.7458,43.9795,False,False
1679,3500,693.85,2319.28,-12.031616,55.818577,0.44512,107.91,7154.41,0.6037,43.7578,43.9736,False,False
1680,3035,1833.76,2063.71,-7.985711,73.86455,0.49695,80.41,2599.95,0.4289,43.8076,43.9684,False,False
1681,3876,2158.52,2480.29,-14.580547,79.005855,0.44182,122.94,2325.61,0.6444,43.6842,43.9301,False,False
1682,448,211.54,273.17,20.3603,48.18317,0.44314,110.83,6642.52,0.6121,43.7045,43.9262,False,False
1683,1317,277.4,681.7,13.892969,49.225767,0.43663,117.96,7448.44,0.632,43.6893,43.9253,False,False
1684,833,145.47,458.56,17.425466,47.13721,0.43977,117.42,5636.49,0.631,43.6848,43.9196,False,False
1685,3013,1138.43,2061.01,-7.942873,62.856816,0.49038,79.34,6916.07,0.4238,43.749,43.9077,False,False
1686,624,4421.0,343.17,19.252164,114.823045,0.43919,179.07,1314.22,0.6537,43.5435,43.9016,True,True
1687,4172,2482.99,2607.74,-16.598192,84.142466,0.48624,78.67,4898.53,0.452,43.7213,43.8786,False,False
1688,2566,2580.33,1734.21,-2.769371,85.683445,0.43866,171.72,1689.43,0.6524,43.5254,43.8689,True,True
1689,635,323.87,365.62,18.896807,49.961542,0.43391,122.79,6967.56,0.642,43.6184,43.864,False,False
1690,3564,687.83,2353.76,-12.57745,55.723394,0.45617,81.72,5921.15,0.5636,43.6848,43.8483,False,False
1691,861,1097.4,455.62,17.471979,62.207285,0.49026,79.32,6385.02,0.4242,43.685,43.8436,False,False
1692,443,47.23,274.34,20.341837,45.582047,0.44075,118.07,4195.91,0.6315,43.5952,43.8313,False,False
1693,3553,207.08,2365.42,-12.761959,48.112615,0.43727,154.91,2725.5,0.6504,43.5106,43.8205,True,False
1694,914,521.01,499.41,16.778721,53.082393,0.44493,108.11,5842.41,0.6043,43.6001,43.8163,False,False
1695,120,395.1,81.26,23.398483,51.089186,0.49326,79.81,3725.98,0.4277,43.6514,43.811,False,False
1696,717,898.51,379.74,18.673295,59.058623,0.43314,153.7,5594.35,0.6473,43.4956,43.803,True,False
1697,460,586.33,268.29,20.43754,54.116512,0.44414,110.11,5265.64,0.6101,43.5787,43.7989,False,False
1698,980,244.12,530.86,16.280789,48.698982,0.43181,140.55,6591.55,0.6451,43.4769,43.758,True,False
1699,3187,2271.59,2136.08,-9.131279,80.795841,0.43549,150.78,3564.26,0.6487,43.4514,43.753,True,False
1700,972,4392.62,497.91,16.802478,114.373757,0.43866,164.15,1066.7,0.6508,43.4239,43.7522,True,True
1701,3306,2253.47,2184.3,-9.89475,80.508933,0.43673,146.33,2954.36,0.6481,43.4579,43.7506,True,False
1702,3429,2915.54,2242.6,-10.817665,90.990188,0.43532,177.08,2658.21,0.6517,43.3869,43.741,True,True
1703,973,14.99,513.83,16.550407,45.071636,0.43576,163.35,2535.04,0.6507,43.3856,43.7123,True,True
1704,971,4382.6,502.22,16.73425,114.215136,0.43768,170.31,1066.7,0.6514,43.3631,43.7038,True,True
1705,2954,1197.67,2024.64,-7.367157,63.794587,0.49081,79.41,4802.1,0.4245,43.5439,43.7028,False,False
1706,2687,2256.54,1839.55,-4.436961,80.557495,0.4345,130.77,4769.62,0.6438,43.4335,43.695,True,False
1707,25,812.17,15.5,24.439458,57.691674,0.49382,79.9,1741.41,0.4315,43.5273,43.6871,False,False
1708,4384,720.21,2687.5,-17.860878,56.235859,0.49397,79.92,2246.95,0.427,43.5154,43.6753,False,False
1709,2932,2384.31,1997.31,-6.934529,82.580259,0.4425,113.04,3814.11,0.6178,43.4292,43.6553,False,False
1710,2699,1166.89,1874.71,-4.993627,63.307331,0.48664,78.74,6820.0,0.4252,43.4942,43.6517,False,False
1711,2767,1738.0,1906.76,-5.501047,72.348585,0.49172,79.56,3556.8,0.4253,43.4772,43.6363,False,False
1712,1244,2411.69,622.44,14.831073,83.013673,0.43493,118.94,5564.55,0.6339,43.3795,43.6174,False,False
1713,2816,1748.34,1940.01,-6.027306,72.512162,0.49066,79.39,3675.96,0.4245,43.4007,43.5595,False,False
1714,3090,1390.98,2094.61,-8.474771,66.854804,0.48901,79.12,4494.58,0.4234,43.3583,43.5165,False,False
1715,1265,653.96,656.58,14.290618,55.187141,0.42814,139.55,6928.38,0.6422,43.2007,43.4798,True,False
1716,2371,1678.35,1579.74,-0.323998,71.404271,0.48972,79.23,3460.1,0.4234,43.2886,43.4471,False,False
1717,122,467.9,78.03,23.44957,52.241663,0.48845,79.03,3919.78,0.4249,43.2782,43.4363,False,False
1718,1486,206.55,784.79,12.260827,48.104209,0.42873,134.1,6333.55,0.6418,43.1663,43.4345,True,False
1719,346,592.66,211.29,21.339894,54.2167,0.44177,102.83,5450.3,0.5983,43.2185,43.4242,False,False
1720,1,53.26,13.15,24.476771,45.677402,0.44405,110.43,1918.22,0.611,43.1942,43.415,False,False
1721,853,778.05,470.66,17.23386,57.151624,0.43547,112.62,6023.03,0.6175,43.1783,43.4035,False,False
1722,1054,269.91,550.52,15.969662,49.107288,0.43097,115.08,7462.61,0.6254,43.166,43.3961,False,False
1723,838,304.99,461.58,17.377656,49.662531,0.4283,122.58,6757.8,0.6387,43.1291,43.3743,False,False
1724,3616,75.4,2385.53,-13.0804,46.027934,0.43277,124.49,3588.33,0.6411,43.1209,43.3699,False,False
1725,276,114.38,178.94,21.852074,46.64497,0.43075,119.4,5457.71,0.6371,43.1235,43.3623,False,False
1726,902,152.77,487.2,16.971979,47.25272,0.42846,134.61,5727.31,0.6417,43.0728,43.342,True,False
1727,3401,1356.5,2259.5,-11.085268,66.309037,0.4877,78.91,3925.63,0.4225,43.1807,43.3385,False,False
1728,3775,1068.7,2453.51,-14.15654,61.752902,0.48773,78.91,3588.28,0.4228,43.1487,43.3065,False,False
1729,561,80.09,344.91,19.224593,46.102171,0.42756,129.43,6221.76,0.64,43.0359,43.2948,True,False
1730,2693,2450.67,1836.81,-4.393549,83.630796,0.43444,119.02,2991.33,0.6347,43.0556,43.2936,False,False
1731,1838,332.57,1002.31,8.817398,50.099137,0.42897,149.56,4276.3,0.644,42.9808,43.2799,True,False
1732,515,495.3,295.46,20.007503,52.675358,0.48082,77.79,6356.43,0.4285,43.0799,43.2355,False,False
1733,906,270.82,493.68,16.869417,49.121664,0.43064,111.49,7678.73,0.6153,42.9856,43.2086,False,False
1734,281,269.41,178.1,21.865397,49.099263,0.43998,104.95,4989.07,0.5958,42.9907,43.2006,False,False
1735,216,4465.22,128.17,22.65585,115.523166,0.43214,172.73,532.33,0.6486,42.8511,43.1966,True,True
1736,2565,2339.65,1757.47,-3.137618,81.873191,0.42772,154.06,4099.2,0.6435,42.8604,43.1685,True,False
1737,3904,879.34,2508.54,-15.027814,58.755171,0.48682,78.77,3099.95,0.4218,43.008,43.1655,False,False
1738,4376,466.73,2689.86,-17.898216,52.223056,0.48767,78.9,2320.32,0.4227,42.9946,43.1524,False,False
1739,2342,1737.86,1547.46,0.187107,72.346282,0.48608,78.65,3097.83,0.4215,42.9494,43.1067,False,False
1740,1389,656.55,707.85,13.478859,55.228053,0.42323,120.79,8095.94,0.6354,42.8619,43.1035,False,False
1741,3162,1487.58,2124.03,-8.940512,68.384205,0.48528,78.52,3552.16,0.4209,42.9343,43.0913,False,False
1742,272,4456.71,138.9,22.486027,115.388343,0.43001,176.59,532.33,0.6479,42.6859,43.0391,True,True
1743,3707,967.62,2414.37,-13.536947,60.152723,0.4838,78.28,4146.94,0.4196,42.8743,43.0309,False,False
1744,235,589.97,147.89,22.343566,54.174053,0.43678,95.47,5219.67,0.5987,42.838,43.029,False,False
1745,270,1707.97,149.29,22.321425,71.873148,0.42854,140.08,1994.68,0.6418,42.6426,42.9228,True,False
1746,2011,1961.95,1129.6,6.802156,75.893866,0.43176,110.11,5360.27,0.6101,42.6989,42.9191,False,False
1747,992,687.76,527.58,16.332816,55.722248,0.42996,110.9,5840.82,0.6134,42.6856,42.9074,False,False
1748,1753,354.01,953.53,9.589514,50.438691,0.42187,143.73,5983.69,0.6393,42.5861,42.8736,True,False
1749,1432,242.37,743.49,12.914749,48.671217,0.42068,131.62,7124.41,0.6361,42.5771,42.8404,True,False
1750,890,2025.73,467.39,17.285593,76.903526,0.43186,108.8,5228.22,0.6059,42.6162,42.8338,False,False
1751,1052,170.55,552.84,15.932914,47.534254,0.42176,135.25,5931.29,0.6385,42.5584,42.8289,True,False
1752,1543,200.83,819.72,11.707903,48.013615,0.42145,135.86,6122.99,0.638,42.5494,42.8211,True,False
1753,1744,42.17,935.96,9.867645,45.501913,0.4247,142.46,3483.8,0.6412,42.5287,42.8136,True,False
1754,439,1769.45,241.81,20.856808,72.846343,0.42651,127.21,2946.8,0.6382,42.5439,42.7983,True,False
1755,2647,2431.25,1825.21,-4.210016,83.323372,0.42536,132.71,3473.26,0.6388,42.5328,42.7982,True,False
1756,4380,594.95,2691.52,-17.924516,54.252923,0.48351,78.23,2120.77,0.4199,42.6211,42.7775,False,False
1757,2045,44.34,1203.02,5.639891,45.536204,0.42413,144.99,3099.77,0.642,42.4579,42.7479,True,False
1758,1378,276.03,713.8,13.38479,49.204045,0.41892,116.81,8128.1,0.6313,42.4811,42.7147,False,False
1759,467,810.09,275.16,20.32891,57.658788,0.43238,105.02,5344.68,0.5967,42.5009,42.7109,False,False
1760,1599,234.41,846.56,11.283046,48.545288,0.4193,143.95,6314.72,0.6382,42.4198,42.7077,True,False
1761,295,715.8,178.74,21.855178,56.166051,0.42577,113.38,5171.71,0.6212,42.4459,42.6726,False,False
1762,450,268.99,271.55,20.38601,49.092701,0.43339,102.0,5836.01,0.5875,42.4665,42.6705,False,False
1763,1257,400.66,649.16,14.408022,51.177099,0.4289,104.73,7210.26,0.5958,42.4535,42.663,False,False
1764,2648,2482.42,1823.26,-4.179107,84.133504,0.42303,155.46,2775.41,0.6412,42.3263,42.6373,True,True
1765,1261,532.97,653.52,14.339069,53.271666,0.43105,102.69,6502.15,0.5904,42.4278,42.6332,False,False
1766,1380,335.51,717.07,13.332893,50.145779,0.41848,113.43,8781.17,0.622,42.3599,42.5867,False,False
1767,4282,396.12,2675.86,-17.676521,51.105227,0.47971,77.61,2942.27,0.4171,42.3923,42.5475,False,False
1768,3615,50.54,2392.76,-13.194897,45.634419,0.42276,127.54,3358.06,0.6361,42.2842,42.5393,True,False
1769,12,395.28,16.51,24.42356,51.092035,0.48018,77.69,2052.84,0.4195,42.3652,42.5206,False,False
1770,3974,876.73,2543.92,-15.58793,58.71376,0.4792,77.53,3002.21,0.4171,42.3635,42.5186,False,False
1771,2281,1653.85,1488.12,1.12652,71.016311,0.47777,77.3,3828.6,0.4156,42.3305,42.4851,False,False
1772,2022,219.98,1155.28,6.395616,48.316734,0.42168,141.69,2724.68,0.6391,42.1859,42.4693,True,False
1773,859,1035.25,460.34,17.397263,61.223288,0.44892,72.63,6042.46,0.5147,42.2984,42.4437,False,False
1774,3961,466.96,2546.46,-15.627996,52.226728,0.47663,77.12,4236.64,0.4148,42.2815,42.4357,False,False
1775,3487,2191.82,2293.94,-11.630389,79.532938,0.42278,118.18,2842.17,0.634,42.1866,42.4229,False,False
1776,3167,1646.42,2119.99,-8.87661,70.898741,0.47794,77.33,2964.94,0.4163,42.2538,42.4084,False,False
1777,174,406.87,105.64,23.0125,51.275444,0.47423,76.73,4746.41,0.419,42.2449,42.3983,False,False
1778,2863,1714.09,1967.69,-6.465602,71.970075,0.4768,77.14,3681.49,0.4155,42.2419,42.3962,False,False
1779,2172,1679.6,1362.16,3.120509,71.424068,0.47624,77.05,4160.02,0.4144,42.2386,42.3927,False,False
1780,2840,2625.77,1951.31,-6.206305,86.402844,0.42089,141.3,2684.03,0.6375,42.0946,42.3772,True,False
1781,457,488.47,266.28,20.469358,52.567183,0.45238,73.19,6408.93,0.4945,42.2265,42.3728,False,False
1782,887,1932.12,462.35,17.365354,75.421608,0.42338,112.95,4214.12,0.6183,42.1088,42.3347,False,False
1783,2732,2212.02,1875.12,-5.000132,79.852715,0.4197,122.17,3992.84,0.633,42.0827,42.327,False,False
1784,2042,2777.25,1151.25,6.459472,88.800877,0.42074,173.76,2426.12,0.6333,41.9779,42.3255,True,True
1785,1426,2560.49,730.34,13.122836,85.369277,0.41865,145.66,3379.9,0.6385,42.0331,42.3244,True,False
1786,845,532.21,465.05,17.322677,53.259699,0.42792,94.41,6067.17,0.5895,42.1347,42.3235,False,False
1787,2488,2275.85,1690.78,-2.081814,80.863219,0.41902,132.53,3822.58,0.6352,42.0527,42.3178,True,False
1788,3144,559.62,2126.72,-8.983149,53.693704,0.41712,126.78,5331.05,0.6331,42.055,42.3086,True,False
1789,3052,2453.73,2062.36,-7.964353,83.679161,0.43264,95.35,3346.42,0.5862,42.0946,42.2853,False,False
1790,1740,2695.93,917.6,10.158437,87.513448,0.41866,165.94,2134.62,0.6411,41.9338,42.2657,True,True
1791,1376,209.5,726.13,13.189581,48.150817,0.41451,129.05,6565.93,0.6324,41.9996,42.2577,True,False
1792,584,857.46,321.44,19.596227,58.408743,0.41698,115.72,5756.17,0.6284,42.0116,42.2431,False,False
1793,3686,198.97,2399.15,-13.296041,47.984156,0.4174,122.23,4705.91,0.6324,41.9895,42.2339,False,False
1794,646,690.13,370.3,18.822709,55.75976,0.4268,103.55,5336.73,0.5922,42.0169,42.224,False,False
1795,582,776.27,333.83,19.399979,57.123466,0.42602,104.35,5235.97,0.5958,42.0145,42.2232,False,False
1796,783,753.0,427.74,17.913411,56.755057,0.41772,114.8,5330.67,0.6258,41.9678,42.1974,False,False
1797,526,842.87,296.82,19.98596,58.177788,0.42493,105.88,4905.07,0.5998,41.9688,42.1805,False,False
1798,2455,2635.05,1651.11,-1.453725,86.549754,0.42074,173.76,1157.28,0.6333,41.8287,42.1762,True,True
1799,910,401.39,498.5,16.793178,51.188681,0.42638,98.47,7420.44,0.5782,41.9788,42.1758,False,False
1800,500,4440.0,277.0,20.299703,115.123834,0.42074,173.76,1142.47,0.6333,41.8269,42.1745,True,True
1801,3549,2993.43,2330.14,-12.203554,92.223195,0.42005,173.17,1531.01,0.6328,41.8141,42.1604,True,True
1802,2972,1774.07,2027.15,-7.406862,72.919627,0.47472,76.81,3039.33,0.4142,41.9933,42.147,False,False
1803,2585,1744.46,1774.97,-3.414702,72.45077,0.47466,76.8,3058.59,0.4138,41.9843,42.1379,False,False
1804,1741,4254.0,899.0,10.452835,112.179272,0.42074,173.76,695.05,0.6333,41.7743,42.1218,True,True
1805,1742,4259.5,898.0,10.468666,112.266342,0.42074,173.76,695.05,0.6333,41.7743,42.1218,True,True
1806,1591,4273.77,813.85,11.800904,112.492238,0.42074,173.76,681.09,0.6333,41.7726,42.1202,True,True
1807,4257,2514.91,2634.13,-17.015991,84.647714,0.4709,76.19,4847.57,0.416,41.9625,42.1149,False,False
1808,1786,4253.0,955.0,9.566301,112.163441,0.42074,173.76,521.29,0.6333,41.7538,42.1014,True,True
1809,1310,4376.15,663.55,14.180239,114.113026,0.42046,173.53,669.88,0.6331,41.7479,42.0949,True,True
1810,2210,2029.64,1394.83,2.603317,76.965538,0.47189,76.35,4608.27,0.4121,41.9362,42.0889,False,False
1811,2242,2745.97,1430.38,2.040582,88.305613,0.41998,173.11,883.1,0.6328,41.732,42.0782,True,True
1812,3196,2765.08,2112.43,-8.757025,88.608276,0.41671,129.64,3583.32,0.6325,41.8101,42.0694,True,False
1813,2649,2500.16,1823.08,-4.176273,84.414222,0.41724,132.46,2884.16,0.6334,41.7808,42.0457,True,False
1814,1712,1493.64,918.64,10.141862,68.480156,0.4698,76.01,4712.51,0.4165,41.8775,42.0295,False,False
1815,2164,34.52,1364.88,3.077549,45.38077,0.41776,147.3,1524.82,0.6373,41.73,42.0246,True,False
1816,828,4369.14,436.21,17.779302,114.002018,0.41837,171.75,1481.21,0.6316,41.6652,42.0087,True,True
1817,3748,74.64,2434.76,-13.859743,46.015951,0.41368,128.4,4954.92,0.6318,41.7405,41.9973,True,False
1818,2864,1745.09,1974.15,-6.567866,72.460738,0.47179,76.33,3670.47,0.4123,41.8221,41.9747,False,False
1819,3906,941.1,2514.39,-15.120393,59.732811,0.47232,76.42,3142.84,0.4126,41.8025,41.9554,False,False
1820,3841,1041.44,2473.37,-14.471045,61.321376,0.47184,76.34,3420.77,0.4126,41.8007,41.9534,False,False
1821,3905,906.88,2508.81,-15.03198,59.191141,0.47224,76.41,3114.27,0.4125,41.7925,41.9453,False,False
1822,332,141.32,205.89,21.425436,47.071567,0.42596,98.04,5830.09,0.5773,41.7469,41.943,False,False
1823,3207,585.38,2163.22,-9.561034,54.101384,0.40971,134.29,6926.36,0.63,41.654,41.9225,True,False
1824,898,14.57,488.45,16.952195,45.064905,0.41609,130.48,2527.97,0.6336,41.6615,41.9224,True,False
1825,2089,2773.2,1216.83,5.421355,88.736762,0.41448,162.52,2268.47,0.6377,41.5883,41.9133,True,True
1826,3307,2268.71,2178.62,-9.804814,80.750187,0.41325,152.8,2993.42,0.6367,41.567,41.8726,True,True
1827,3094,1515.58,2092.82,-8.446481,68.827463,0.47062,76.14,3634.68,0.4113,41.7167,41.869,False,False
1828,290,552.73,170.27,21.989398,53.58448,0.46525,75.27,5414.09,0.4204,41.7022,41.8527,False,False
1829,4412,1623.02,2688.62,-17.878613,70.528226,0.47277,76.49,1739.25,0.4132,41.6819,41.8349,False,False
1830,65,364.66,45.23,23.968812,50.607262,0.47129,76.25,2434.01,0.4131,41.6552,41.8077,False,False
1831,1066,811.55,559.92,15.820749,57.681935,0.45978,74.39,6228.17,0.4343,41.654,41.8028,False,False
1832,1120,200.37,609.14,15.041577,48.00639,0.40822,133.02,6770.6,0.6303,41.5341,41.8001,True,False
1833,172,338.95,115.52,22.856067,50.200206,0.46887,75.86,4013.86,0.4117,41.6413,41.793,False,False
1834,2329,2239.07,1533.53,0.407529,80.281022,0.41424,128.66,2895.86,0.6316,41.5344,41.7917,True,False
1835,996,809.29,523.81,16.392482,57.646085,0.41991,102.19,6268.94,0.5895,41.5824,41.7868,False,False
1836,3082,1143.61,2089.35,-8.391567,62.93875,0.46575,75.36,6449.41,0.4075,41.6275,41.7782,False,False
1837,232,494.15,151.88,22.280423,52.65711,0.44412,71.86,5732.77,0.4986,41.6266,41.7703,False,False
1838,978,176.06,527.33,16.336784,47.621469,0.41695,105.83,5654.6,0.6022,41.5249,41.7366,False,False
1839,1482,90.11,779.54,12.343969,46.26079,0.41057,145.0,4133.5,0.6333,41.4463,41.7363,True,False
1840,123,493.5,81.81,23.389784,52.646904,0.46825,75.76,3784.69,0.4118,41.5716,41.7231,False,False
1841,1037,2161.68,521.34,16.431633,79.055827,0.45301,73.29,6794.14,0.4533,41.5746,41.7212,False,False
1842,1371,4380.86,692.29,13.725325,114.187544,0.41639,170.14,503.47,0.6301,41.3809,41.7212,True,True
1843,2049,157.9,1179.39,6.014066,47.334044,0.41106,151.24,3421.79,0.6344,41.4171,41.7196,True,True
1844,3062,2765.27,2064.06,-7.991201,88.611179,0.41254,122.92,3723.71,0.6295,41.4717,41.7176,True,False
1845,3089,1357.8,2098.72,-8.539837,66.329616,0.46728,75.6,4659.65,0.4089,41.553,41.7042,False,False
1846,4375,438.99,2693.85,-17.961451,51.783903,0.46998,76.04,2454.89,0.411,41.5259,41.678,False,False
1847,2017,76.23,1168.85,6.180786,46.04108,0.41041,155.29,3374.95,0.6345,41.3673,41.6779,True,True
1848,3369,2863.4,2215.97,-10.396033,90.164716,0.41277,168.96,2595.53,0.6284,41.3356,41.6735,True,True
1849,1264,626.75,654.22,14.327992,54.756429,0.40756,119.44,6934.07,0.6258,41.4242,41.6631,False,False
1850,3613,3014.2,2356.94,-12.627759,92.552092,0.41393,169.11,1631.68,0.6288,41.3138,41.652,True,True
1851,3548,2972.95,2304.6,-11.799185,91.898999,0.41367,169.61,1725.35,0.629,41.3094,41.6486,True,True
1852,1051,143.15,558.3,15.846449,47.100548,0.40765,145.7,5194.31,0.6319,41.3359,41.6273,True,False
1853,3489,2956.0,2291.48,-11.591423,91.630664,0.41325,169.1,1864.96,0.6286,41.2884,41.6266,True,True
1854,2234,1970.05,1422.59,2.163955,76.022062,0.46841,75.79,3044.97,0.41,41.4634,41.615,False,False
1855,2270,2737.67,1466.62,1.466785,88.174277,0.41315,157.75,883.1,0.6358,41.2947,41.6102,True,True
1856,14,462.78,12.9,24.480665,52.160519,0.46919,75.91,2041.65,0.4126,41.4481,41.5999,False,False
1857,231,468.18,138.46,22.492861,52.245969,0.44333,71.73,5150.31,0.4959,41.4511,41.5946,False,False
1858,3839,984.58,2484.85,-14.652658,60.421092,0.46702,75.56,3681.05,0.4092,41.4243,41.5754,False,False
1859,653,948.58,372.85,18.782263,59.851263,0.41604,107.9,4148.46,0.6061,41.3527,41.5685,False,False
1860,68,467.59,50.43,23.886589,52.236704,0.46712,75.58,3256.08,0.4111,41.4148,41.5659,False,False
1861,339,371.22,201.54,21.494295,50.711076,0.45804,74.11,5697.27,0.4307,41.4009,41.5492,False,False
1862,4236,1747.67,2637.82,-17.074434,72.501596,0.46824,75.76,2298.04,0.4112,41.3847,41.5362,False,False
1863,3520,1331.58,2314.8,-11.960734,65.914435,0.46674,75.52,3496.81,0.4084,41.3683,41.5193,False,False
1864,3206,555.17,2155.96,-9.44607,53.623119,0.40561,122.63,6543.27,0.6264,41.248,41.4933,True,False
1865,771,367.61,428.93,17.89447,50.653979,0.41931,89.07,7675.84,0.5672,41.3022,41.4803,False,False
1866,57,109.39,46.76,23.944601,46.566025,0.41523,110.28,2746.5,0.6124,41.2427,41.4632,False,False
1867,2,84.69,16.37,24.425748,46.174972,0.42084,103.4,2173.83,0.5936,41.2409,41.4477,False,False
1868,903,170.4,500.92,16.754798,47.53184,0.41507,102.95,5594.37,0.593,41.2168,41.4227,False,False
1869,778,590.2,425.81,17.943819,54.177732,0.41884,97.98,5721.98,0.5771,41.2172,41.4131,False,False
1870,1115,4377.0,567.0,15.70872,114.126482,0.41204,166.41,1068.48,0.6268,41.0747,41.4075,True,True
1871,932,1165.39,490.73,16.916081,63.283598,0.46186,74.73,5027.13,0.4091,41.2087,41.3581,False,False
1872,461,619.56,272.68,20.368019,54.642582,0.42351,81.54,5313.84,0.559,41.1797,41.3428,False,False
1873,2670,1708.36,1842.98,-4.491353,71.879335,0.46412,75.09,3638.23,0.407,41.1707,41.3209,False,False
1874,2040,1935.66,1164.93,6.242841,75.477646,0.40851,111.1,5076.28,0.616,41.098,41.3202,False,False
1875,2021,200.42,1164.22,6.254081,48.007066,0.40997,116.62,2502.59,0.6261,41.0824,41.3156,False,False
1876,3770,905.15,2448.39,-14.075533,59.163783,0.46418,75.1,3386.64,0.4068,41.1414,41.2916,False,False
1877,862,1131.13,463.53,17.34677,62.74116,0.46065,74.53,5850.76,0.4046,41.1388,41.2879,False,False
1878,464,719.24,271.04,20.394091,56.220522,0.41969,93.09,5865.13,0.566,41.096,41.2821,False,False
1879,4382,653.74,2691.95,-17.931256,55.183633,0.46566,75.34,2102.48,0.4083,41.1247,41.2754,False,False
1880,840,365.66,456.0,17.465929,50.623007,0.41775,92.98,7518.78,0.5625,41.0879,41.2738,False,False
1881,857,894.11,473.95,17.181834,58.988857,0.40092,161.01,6816.55,0.626,40.9353,41.2573,True,True
1882,2240,2161.03,1434.99,1.967567,79.045579,0.4185,101.73,2955.12,0.5871,41.0476,41.2511,False,False
1883,1837,292.23,1010.28,8.691113,49.460574,0.40429,136.76,4725.16,0.6281,40.9714,41.2449,True,False
1884,681,1840.79,371.92,18.797033,73.975793,0.40478,153.93,3685.79,0.631,40.9353,41.2431,True,True
1885,3677,2153.89,2383.07,-13.041404,78.932418,0.41506,106.83,2414.39,0.6024,41.011,41.2247,False,False
1886,3208,606.48,2173.0,-9.715829,54.435472,0.40027,133.97,7535.13,0.6249,40.9542,41.2221,True,False
1887,925,872.64,493.05,16.879379,58.649026,0.41011,105.32,5758.76,0.5998,41.0015,41.2121,False,False
1888,3612,3006.12,2348.12,-12.48818,92.424144,0.40881,165.94,1487.79,0.6256,40.8704,41.2023,True,True
1889,2694,2480.39,1843.23,-4.495224,84.101259,0.4094,112.71,2653.84,0.6205,40.9579,41.1833,False,False
1890,1594,95.43,860.06,11.069242,46.345053,0.40213,155.98,4714.19,0.6294,40.8366,41.1485,True,True
1891,1131,723.71,596.45,15.242508,56.291386,0.41036,103.01,6041.73,0.5935,40.94,41.146,False,False
1892,2584,1717.05,1780.9,-3.50852,72.016906,0.4622,74.78,3505.99,0.4057,40.9931,41.1427,False,False
1893,1106,2128.22,561.4,15.797438,78.526058,0.46058,74.52,4621.16,0.4044,40.9849,41.134,False,False
1894,3318,630.5,2216.81,-10.409322,54.815656,0.39547,139.73,9747.99,0.6236,40.8451,41.1246,True,False
1895,993,713.88,520.7,16.441649,56.135716,0.41593,96.08,5657.44,0.5724,40.9162,41.1083,False,False
1896,3316,566.38,2221.8,-10.488381,53.800697,0.3997,108.48,9656.68,0.6096,40.8884,41.1054,False,False
1897,4288,592.91,2673.57,-17.640367,54.220662,0.46306,74.92,2173.9,0.4066,40.915,41.0648,False,False
1898,3130,2795.79,2097.96,-8.527816,89.09442,0.40473,128.28,3412.9,0.6253,40.7964,41.0529,True,False
1899,385,46.91,244.25,20.818103,45.576931,0.40903,106.92,4257.7,0.6048,40.8375,41.0513,False,False
1900,614,1798.64,329.72,19.465124,73.308498,0.40349,142.89,3360.78,0.6288,40.7651,41.0509,True,False
1901,219,80.33,145.66,22.37898,46.105966,0.4152,97.91,3946.71,0.5767,40.74,40.9358,False,False
1902,1263,599.7,655.55,14.306892,54.32818,0.40965,99.6,6476.59,0.5822,40.7365,40.9357,False,False
1903,3962,493.82,2538.53,-15.502482,52.651919,0.45886,74.24,3771.36,0.4034,40.7424,40.8908,False,False
1904,66,405.22,46.47,23.949209,51.24936,0.45973,74.38,2676.11,0.4059,40.7216,40.8703,False,False
1905,907,306.12,493.71,16.869043,49.680435,0.40304,103.33,7751.06,0.5946,40.6343,40.8409,False,False
1906,3305,2218.27,2188.78,-9.965605,79.95164,0.40724,108.57,2968.73,0.6083,40.6202,40.8374,False,False
1907,234,561.09,137.72,22.504681,53.716937,0.45339,73.36,5130.33,0.4128,40.6774,40.8242,False,False
1908,2402,1671.11,1610.78,-0.815375,71.289673,0.45763,74.04,3834.64,0.4025,40.6461,40.7942,False,False
1909,1643,12.42,883.71,10.694956,45.030904,0.40172,127.21,3044.49,0.6248,40.529,40.7834,True,False
1910,1546,298.18,828.14,11.574582,49.554833,0.394,138.38,7893.57,0.6218,40.4885,40.7653,True,False
1911,21,692.75,20.21,24.36489,55.801193,0.45837,74.16,1893.89,0.4086,40.5798,40.7281,False,False
1912,3158,1360.73,2123.65,-8.934569,66.37595,0.45536,73.68,4864.91,0.4011,40.5784,40.7258,False,False
1913,2066,1933.32,1205.76,5.596534,75.440634,0.41035,98.21,4936.32,0.5773,40.5167,40.7131,False,False
1914,2489,2613.21,1677.07,-1.864782,86.203992,0.40349,161.66,1157.28,0.6217,40.3777,40.701,True,True
1915,3643,1073.03,2384.75,-13.068025,61.821462,0.45606,73.79,4115.14,0.4016,40.5482,40.6958,False,False
1916,3205,531.43,2156.23,-9.450378,53.247383,0.39892,109.13,6135.02,0.6121,40.4626,40.6808,False,False
1917,1251,214.44,653.77,14.335083,48.229066,0.4044,101.2,6428.98,0.5883,40.462,40.6644,False,False
1918,3159,1394.07,2133.57,-9.09168,66.903766,0.45465,73.56,4698.75,0.4007,40.4994,40.6465,False,False
1919,109,46.84,72.18,23.542245,45.575865,0.41595,93.91,2691.27,0.5654,40.4428,40.6306,False,False
1920,889,2000.27,466.49,17.299968,76.50056,0.40469,103.5,4823.05,0.5936,40.3901,40.5971,False,False
1921,1370,4375.24,696.78,13.654181,114.098577,0.40318,159.8,677.23,0.6205,40.2773,40.5969,True,True
1922,2298,2186.75,1485.68,1.165068,79.452681,0.40407,107.71,3215.67,0.6061,40.3804,40.5958,False,False
1923,352,785.89,200.9,21.504496,57.275638,0.40701,100.28,4634.41,0.585,40.3799,40.5805,False,False
1924,1794,249.17,979.58,9.177241,48.778896,0.39456,145.52,5331.59,0.6236,40.2607,40.5517,True,True
1925,3642,1038.05,2387.25,-13.107635,61.267606,0.45404,73.46,4276.28,0.4003,40.3993,40.5462,False,False
1926,856,884.56,474.52,17.172705,58.837729,0.39389,139.75,5782.03,0.6229,40.2532,40.5327,True,False
1927,4206,786.09,2637.07,-17.06252,57.278796,0.45595,73.77,2716.68,0.402,40.3837,40.5313,False,False
1928,2604,2344.48,1781.01,-3.510207,81.94965,0.4041,105.36,3835.78,0.5985,40.3192,40.5299,False,False
1929,921,753.33,501.2,16.750368,56.760289,0.40917,94.85,5475.14,0.5685,40.3382,40.5279,False,False
1930,67,437.63,38.41,24.076855,51.762481,0.45543,73.69,2781.25,0.4032,40.3751,40.5225,False,False
1931,335,242.3,213.93,21.29816,48.670125,0.41124,83.74,6187.87,0.5558,40.3417,40.5092,False,False
1932,4408,1488.93,2690.7,-17.911598,68.405515,0.45679,73.91,1725.29,0.4035,40.3551,40.5029,False,False
1933,296,748.84,179.62,21.841244,56.689099,0.40484,100.71,4798.0,0.5877,40.2912,40.4926,False,False
1934,2831,2354.65,1940.88,-6.04107,82.110648,0.41319,91.71,4185.57,0.5585,40.2958,40.4792,False,False
1935,3617,105.25,2385.22,-13.075449,46.500563,0.3973,112.55,4217.24,0.6183,40.2305,40.4556,False,False
1936,2454,2620.56,1666.78,-1.701904,86.320386,0.4007,159.28,1157.28,0.6195,40.1369,40.4555,True,True
1937,3614,34.5,2402.17,-13.343783,45.380466,0.39709,126.64,3594.96,0.6211,40.1935,40.4468,True,False
1938,22,716.45,12.38,24.488912,56.176379,0.45544,73.69,1567.4,0.4068,40.2982,40.4456,False,False
1939,502,48.28,303.52,19.879916,45.59869,0.40817,96.95,4039.75,0.5763,40.2365,40.4304,False,False
1940,977,153.95,532.94,16.247849,47.271528,0.39399,121.28,5582.06,0.6201,40.1862,40.4288,True,False
1941,1375,181.02,729.05,13.143283,47.700094,0.39322,125.01,6178.96,0.6188,40.1773,40.4273,True,False
1942,3016,1224.85,2058.9,-7.909585,64.224835,0.45145,73.04,5017.05,0.3984,40.2652,40.4113,False,False
1943,1870,26.05,1048.98,8.078448,45.246733,0.39779,117.22,3177.98,0.6201,40.1759,40.4103,True,False
1944,1177,2346.02,594.73,15.269685,81.974023,0.40299,95.58,7970.37,0.5699,40.2118,40.403,False,False
1945,4432,2252.56,2692.4,-17.938408,80.49451,0.39927,111.38,2643.24,0.6176,40.1744,40.3972,False,False
1946,574,523.56,342.84,19.257461,53.122737,0.43639,70.61,6211.35,0.4502,40.255,40.3962,False,False
1947,3684,144.73,2415.97,-13.562207,47.125588,0.39492,116.37,5007.33,0.6188,40.1616,40.3944,True,False
1948,1701,240.38,910.16,10.276166,48.639738,0.39368,121.79,5551.64,0.6182,40.1254,40.369,True,False
1949,4021,3064.23,2555.95,-15.778281,93.344063,0.39608,159.47,3345.12,0.6183,40.0406,40.3595,True,True
1950,3309,2847.67,2174.7,-9.742775,89.915698,0.39563,139.61,3147.03,0.6227,40.065,40.3443,True,False
1951,4351,2645.99,2668.21,-17.555562,86.722831,0.39941,108.29,3277.51,0.6093,40.1111,40.3277,False,False
1952,2208,1971.66,1393.0,2.632315,76.047562,0.45158,73.06,3897.49,0.3985,40.146,40.2921,False,False
1953,449,244.42,273.66,20.352505,48.703648,0.40936,87.68,6641.34,0.547,40.1006,40.276,False,False
1954,459,553.13,277.76,20.287703,53.590948,0.40962,84.54,5892.99,0.551,40.1047,40.2738,False,False
1955,3745,3043.28,2436.13,-13.881452,93.012371,0.39631,158.32,2365.33,0.6177,39.9305,40.2472,True,True
1956,3879,3068.48,2481.88,-14.605682,93.411409,0.39624,156.3,2323.85,0.6184,39.9334,40.246,True,True
1957,4294,782.64,2671.36,-17.605398,57.224299,0.45332,73.35,2193.46,0.4001,40.0992,40.2459,False,False
1958,2082,1769.71,1236.24,5.114063,72.850593,0.45074,72.93,4067.91,0.398,40.0958,40.2417,False,False
1959,3685,177.49,2406.11,-13.406183,47.644061,0.39416,109.93,4640.06,0.6155,40.0047,40.2245,False,False
1960,3679,3018.9,2366.76,-12.783313,92.626464,0.39658,159.7,1610.9,0.6186,39.8773,40.1967,True,True
1961,4268,3098.49,2642.43,-17.147297,93.886343,0.39429,154.31,3292.66,0.6156,39.8567,40.1653,True,True
1962,2068,2771.09,1211.7,5.502461,88.703322,0.39538,156.82,2268.47,0.6171,39.8421,40.1557,True,True
1963,3251,2806.51,2154.45,-9.422206,89.264016,0.39335,157.68,3519.8,0.6165,39.8322,40.1476,True,True
1964,2858,1551.57,1968.77,-6.482727,69.397235,0.44937,72.71,4228.85,0.3972,40.0017,40.1471,False,False
1965,118,330.3,84.89,23.341067,50.06327,0.45007,72.82,3404.4,0.3987,39.983,40.1286,False,False
1966,4176,2606.49,2615.24,-16.716948,86.097579,0.41162,88.45,3517.47,0.549,39.9319,40.1088,False,False
1967,1418,2130.27,713.6,13.38791,78.558487,0.44754,72.41,5155.3,0.3959,39.9551,40.0999,False,False
1968,982,303.64,520.81,16.439905,49.641231,0.39846,94.59,7998.6,0.5695,39.8819,40.0711,False,False
1969,3154,1230.91,2132.49,-9.0745,64.320754,0.44698,72.32,4982.71,0.3952,39.8819,40.0265,False,False
1970,3710,1067.96,2423.72,-13.684923,61.741077,0.44777,72.45,4108.68,0.3964,39.8579,40.0028,False,False
1971,2741,2514.92,1870.41,-4.925577,84.648014,0.39567,108.59,2577.48,0.6106,39.7811,39.9983,False,False
1972,1309,2468.09,671.09,14.060852,83.906516,0.39018,128.68,4494.19,0.6174,39.7354,39.9928,True,False
1973,32,1043.22,11.04,24.510106,61.34955,0.45059,72.9,1387.1,0.4017,39.8353,39.9811,False,False
1974,629,141.02,366.38,18.884768,47.066749,0.40524,88.48,6222.76,0.5497,39.8039,39.9808,False,False
1975,2013,2769.67,1123.2,6.90353,88.680878,0.39307,155.45,2213.46,0.6151,39.6335,39.9444,True,True
1976,1236,2156.95,621.14,14.851593,78.980878,0.44458,71.93,4914.45,0.3992,39.7735,39.9174,False,False
1977,3122,2540.55,2092.43,-8.440364,85.053718,0.40901,89.56,2828.64,0.5523,39.7224,39.9015,False,False
1978,1065,781.39,562.18,15.785077,57.204448,0.40939,72.42,6017.75,0.5309,39.7396,39.8845,False,False
1979,176,461.85,111.92,22.913027,52.14585,0.44414,71.86,4378.47,0.4025,39.739,39.8827,False,False
1980,3441,718.47,2297.06,-11.679847,56.208347,0.40232,88.92,6909.54,0.5508,39.6952,39.873,False,False
1981,1649,211.93,872.46,10.873033,48.189331,0.38703,115.8,5947.27,0.614,39.6178,39.8494,True,False
1982,852,755.86,461.88,17.372864,56.800357,0.39776,96.56,5273.37,0.575,39.6083,39.8014,False,False
1983,2527,2603.75,1712.1,-2.419347,86.054215,0.39126,149.79,1289.74,0.6208,39.4966,39.7961,True,True
1984,4407,1462.18,2690.26,-17.904576,67.981979,0.44798,72.48,1826.57,0.3979,39.6319,39.7769,False,False
1985,651,889.13,355.8,19.052216,58.910142,0.38606,115.09,5658.64,0.6133,39.5014,39.7316,True,False
1986,2149,1712.4,1319.47,3.796324,71.943336,0.44431,71.89,4373.93,0.3934,39.5863,39.7301,False,False
1987,173,372.63,115.42,22.857598,50.733448,0.44335,71.73,4384.76,0.396,39.565,39.7085,False,False
1988,1592,15.74,851.86,11.199143,45.083453,0.38889,152.88,3139.67,0.6124,39.3922,39.698,True,True
1989,2862,1672.12,1969.74,-6.498077,71.305641,0.44452,71.92,3798.3,0.3943,39.55,39.6938,False,False
1990,237,648.9,145.31,22.384451,55.106954,0.39783,94.61,5327.24,0.5685,39.5042,39.6934,False,False
1991,3252,2830.67,2156.09,-9.448118,89.646601,0.3879,134.62,3133.71,0.6174,39.4108,39.68,True,False
1992,1042,2311.4,535.2,16.212162,81.42604,0.38311,121.46,7114.04,0.6115,39.4279,39.6708,True,False
1993,1118,76.41,574.18,15.59504,46.043935,0.38544,139.56,4394.69,0.6176,39.3855,39.6646,True,False
1994,1314,163.15,679.26,13.931582,47.417134,0.38423,132.02,5593.31,0.6146,39.3847,39.6488,True,False
1995,3166,1613.34,2129.23,-9.022986,70.37512,0.44517,72.03,2833.75,0.3949,39.4939,39.638,False,False
1996,625,18.47,365.91,18.892158,45.12663,0.40272,91.86,3189.29,0.56,39.4522,39.636,False,False
1997,4255,2442.01,2640.7,-17.119933,83.493768,0.42464,68.7,4690.27,0.4647,39.4898,39.6272,False,False
1998,3836,876.84,2477.96,-14.543663,58.71546,0.44442,71.9,3092.49,0.3939,39.4521,39.5959,False,False
1999,3121,2516.32,2088.24,-8.373949,84.670135,0.40687,86.72,2832.58,0.5439,39.4182,39.5916,False,False
2000,1795,275.58,989.98,9.01255,49.197018,0.38319,137.63,5223.19,0.616,39.2927,39.5679,True,False
2001,3631,681.34,2386.43,-13.094612,55.620554,0.40269,79.42,5798.54,0.5399,39.3933,39.5522,False,False
2002,3843,1110.07,2478.92,-14.558884,62.407853,0.44364,71.78,3139.05,0.3942,39.407,39.5505,False,False
2003,70,525.61,45.67,23.961925,53.155149,0.44399,71.84,2581.28,0.3964,39.4067,39.5504,False,False
2004,1987,61.58,1148.02,6.51053,45.809171,0.38668,118.07,3597.67,0.6129,39.2968,39.5329,True,False
2005,1064,753.8,562.4,15.781575,56.767756,0.40079,86.46,5975.8,0.5441,39.3535,39.5264,False,False
2006,1187,232.2,623.6,14.812631,48.510175,0.39419,92.03,7103.22,0.5624,39.341,39.5251,False,False
2007,4450,3100.93,2694.71,-17.974974,93.925088,0.38782,153.65,2266.45,0.6125,39.215,39.5223,True,True
2008,1252,240.42,657.34,14.278614,48.640436,0.39493,92.22,6431.07,0.5618,39.3035,39.4879,False,False
2009,3747,51.82,2444.19,-14.008963,45.654593,0.38724,105.08,4602.43,0.6022,39.262,39.4721,False,False
2010,1911,14.68,1072.61,7.70442,45.066685,0.38911,105.76,3021.82,0.6049,39.2593,39.4708,False,False
2011,765,142.42,427.33,17.919835,47.088952,0.4002,83.52,5687.19,0.5455,39.3036,39.4707,False,False
2012,3047,2225.81,2069.5,-8.077289,80.07111,0.39719,95.57,3486.19,0.5704,39.2751,39.4662,False,False
2013,124,524.25,76.22,23.478261,53.13363,0.44146,71.43,3553.9,0.3946,39.3054,39.4483,False,False
2014,3903,854.37,2514.31,-15.119089,58.359815,0.44222,71.55,3122.45,0.3926,39.2739,39.417,False,False
2015,2742,2542.25,1882.73,-5.120553,85.080653,0.3865,122.08,2488.15,0.614,39.1726,39.4167,True,False
2016,4406,1427.65,2689.87,-17.89837,67.43534,0.44322,71.71,1916.19,0.3951,39.2492,39.3926,False,False
2017,2046,61.16,1188.92,5.863041,45.802489,0.38361,135.29,3513.04,0.616,39.1213,39.3919,True,False
2018,1804,1528.04,973.57,9.272297,69.024683,0.43884,71.0,4545.68,0.3942,39.2272,39.3692,False,False
2019,918,658.99,492.0,16.89608,55.266819,0.3997,87.11,4892.58,0.5462,39.1859,39.3601,False,False
2020,1787,13.24,970.61,9.319173,45.043961,0.39133,100.02,3392.43,0.5861,39.1257,39.3257,False,False
2021,998,877.35,530.9,16.280228,58.723528,0.39771,87.24,5651.71,0.5467,39.1406,39.3151,False,False
2022,3697,658.47,2417.01,-13.578819,55.258494,0.39758,89.14,4798.14,0.5517,39.1204,39.2986,False,False
2023,1087,1520.56,560.47,15.812106,68.906292,0.44165,71.46,2240.8,0.3935,39.1458,39.2887,False,False
2024,1540,114.78,816.2,11.763697,46.65142,0.38042,130.47,4946.39,0.6127,39.0009,39.2619,True,False
2025,294,682.79,168.53,22.016898,55.643516,0.3968,87.7,5327.39,0.549,39.078,39.2534,False,False
2026,4124,775.05,2609.71,-16.629389,57.104094,0.44,71.19,3141.87,0.3914,39.0946,39.237,False,False
2027,3620,208.07,2383.48,-13.047965,48.128227,0.38275,107.01,3790.82,0.6094,38.9736,39.1876,False,False
2028,1595,109.11,853.21,11.177744,46.561594,0.38015,121.79,4915.68,0.6107,38.9411,39.1847,True,False
2029,2763,1621.38,1907.93,-5.519552,70.50231,0.43764,70.81,4423.39,0.3895,39.0406,39.1822,False,False
2030,848,616.12,461.71,17.375532,54.588072,0.38935,93.94,6069.02,0.568,38.9719,39.1598,False,False
2031,1417,2088.73,715.47,13.358279,77.900997,0.43788,70.85,3753.67,0.3897,38.9828,39.1245,False,False
2032,766,171.3,434.67,17.803593,47.546112,0.39776,73.4,6140.79,0.5331,38.9563,39.1031,False,False
2033,4411,1582.19,2689.6,-17.89416,69.881923,0.44043,71.26,1608.97,0.3919,38.9542,39.0967,False,False
2034,13,426.96,10.59,24.517303,51.593543,0.43929,71.08,2100.52,0.3925,38.9416,39.0838,False,False
2035,329,44.32,206.24,21.419851,45.53599,0.3934,91.28,3836.89,0.5601,38.8581,39.0407,False,False
2036,1827,2713.08,980.9,9.156315,87.784989,0.38247,147.73,1915.89,0.6091,38.7262,39.0216,True,True
2037,1321,405.1,686.91,13.810404,51.247413,0.39102,86.32,7762.89,0.5431,38.8432,39.0158,False,False
2038,69,490.79,41.9,24.021612,52.603942,0.43727,70.75,2598.41,0.3914,38.8353,38.9768,False,False
2039,2784,2326.26,1905.56,-5.482061,81.661276,0.39021,93.57,4363.83,0.5656,38.7887,38.9758,False,False
2040,178,528.4,109.12,22.95734,53.199321,0.43433,70.27,4675.5,0.3891,38.8264,38.9669,False,False
2041,2917,1768.52,1996.57,-6.922818,72.831662,0.43643,70.61,3368.51,0.3888,38.8179,38.9591,False,False
2042,1854,1813.77,1006.12,8.75706,73.548012,0.4349,70.36,4530.88,0.3873,38.8171,38.9578,False,False
2043,2453,2248.71,1651.04,-1.452715,80.433543,0.38576,99.98,3307.14,0.586,38.7112,38.9111,False,False
2044,4156,1814.99,2613.21,-16.684704,73.567394,0.43634,70.6,2619.68,0.3909,38.7604,38.9016,False,False
2045,684,1933.33,385.61,18.580316,75.440852,0.37689,144.48,5145.79,0.6039,38.6113,38.9003,True,True
2046,1879,298.98,1038.63,8.242279,49.567504,0.38276,101.81,3999.16,0.592,38.6858,38.8894,False,False
2047,3143,530.7,2125.08,-8.95727,53.235742,0.3831,99.53,4624.44,0.5852,38.6607,38.8598,False,False
2048,2695,2510.55,1835.29,-4.369496,84.578698,0.37889,131.52,2637.22,0.6109,38.5862,38.8492,True,False
2049,1920,291.33,1064.1,7.839103,49.446359,0.37793,121.66,3610.6,0.6092,38.6018,38.8452,True,False
2050,4445,2701.07,2688.04,-17.869355,87.594881,0.37772,112.52,3890.91,0.6077,38.5931,38.8181,True,False
2051,4048,840.77,2577.03,-16.112074,58.144467,0.43438,70.28,3490.16,0.3873,38.6568,38.7974,False,False
2052,3317,597.09,2220.79,-10.47238,54.286877,0.37672,96.7,9066.56,0.5768,38.5728,38.7662,False,False
2053,4287,567.21,2670.33,-17.588997,53.813785,0.43553,70.47,2368.61,0.3882,38.6246,38.7655,False,False
2054,1644,41.79,888.11,10.625221,45.495933,0.37634,128.93,3533.76,0.6106,38.5029,38.7607,True,False
2055,3712,1138.34,2410.97,-13.483195,62.855396,0.43349,70.14,3652.44,0.3874,38.6143,38.7545,False,False
2056,721,1009.49,395.96,18.41648,60.815457,0.39039,89.07,3954.57,0.5525,38.5186,38.6967,False,False
2057,893,2121.19,470.4,17.237956,78.414755,0.37235,109.86,6679.34,0.6031,38.4508,38.6705,True,False
2058,4204,718.05,2632.92,-16.996794,56.201722,0.43384,70.19,2729.47,0.3873,38.5291,38.6695,False,False
2059,924,842.55,494.05,16.863549,58.172663,0.38621,90.31,5611.48,0.5568,38.4889,38.6695,False,False
2060,3706,940.81,2418.03,-13.594923,59.728313,0.43252,69.98,3672.4,0.3858,38.5172,38.6572,False,False
2061,3261,608.96,2196.88,-10.093793,54.474663,0.36905,114.52,8436.05,0.603,38.4179,38.647,True,False
2062,3810,3051.18,2451.27,-14.121077,93.13745,0.37748,145.75,2325.53,0.6048,38.3395,38.631,True,True
2063,3618,137.99,2393.29,-13.203167,47.018776,0.37473,105.36,4307.93,0.6049,38.3753,38.586,False,False
2064,755,2093.81,392.28,18.474634,77.981347,0.37175,105.47,6571.11,0.6017,38.3691,38.5801,False,False
2065,2358,2251.11,1556.86,0.038311,80.471607,0.37742,108.16,2214.53,0.6057,38.3371,38.5534,False,False
2066,1119,181.62,605.53,15.098736,47.70953,0.37124,140.52,5933.51,0.602,38.2626,38.5436,True,True
2067,3946,3068.1,2520.86,-15.222747,93.405241,0.37636,144.28,2337.87,0.6036,38.238,38.5265,True,True
2068,963,2159.66,495.23,16.844966,79.023821,0.38457,88.02,6695.91,0.5483,38.3461,38.5222,False,False
2069,4173,2511.04,2607.02,-16.586757,84.58658,0.42072,68.07,4690.5,0.417,38.35,38.4861,False,False
2070,4237,1771.47,2633.85,-17.011487,72.878393,0.43179,69.86,2394.08,0.3874,38.3429,38.4826,False,False
2071,596,1232.42,335.23,19.377879,64.344654,0.4317,69.85,2283.81,0.3868,38.3125,38.4522,False,False
2072,2793,2603.18,1900.46,-5.401311,86.0452,0.37615,108.59,2213.7,0.6049,38.2315,38.4487,False,False
2073,1205,839.87,616.19,14.929977,58.130271,0.39328,72.91,4467.97,0.5254,38.2984,38.4442,False,False
2074,2734,2287.51,1866.27,-4.860004,81.04782,0.37616,99.69,4947.22,0.5868,38.2284,38.4278,False,False
2075,4359,3105.23,2658.68,-17.404641,93.993115,0.37426,141.36,3116.81,0.6012,38.1345,38.4173,True,True
2076,1850,1684.87,1007.03,8.742621,71.507447,0.42922,69.45,3990.31,0.3833,38.2729,38.4118,False,False
2077,463,686.08,272.67,20.368211,55.695627,0.39679,64.2,6050.99,0.5,38.281,38.4094,False,False
2078,3552,187.1,2372.77,-12.878385,47.796327,0.37248,120.34,3496.97,0.6064,38.1452,38.3859,True,False
2079,1186,207.41,630.95,14.696398,48.117823,0.3808,89.43,6643.0,0.5556,38.2002,38.379,False,False
2080,15,497.86,18.36,24.39418,52.715848,0.43067,69.68,2187.47,0.3871,38.2345,38.3739,False,False
2081,714,716.88,399.7,18.357166,56.183235,0.38373,89.3,5031.46,0.5542,38.1951,38.3737,False,False
2082,1830,94.87,1005.63,8.764743,46.336147,0.37169,117.56,3883.34,0.6052,38.1117,38.3468,True,False
2083,2044,16.7,1202.62,5.64616,45.098646,0.37307,120.89,2662.59,0.6064,38.0893,38.3311,True,False
2084,1836,266.23,1015.71,8.605229,49.048931,0.37059,114.19,4579.78,0.6034,38.082,38.3104,True,False
2085,715,750.36,400.14,18.350264,56.713192,0.38094,91.52,4943.55,0.561,38.1077,38.2908,False,False
2086,2144,1547.27,1327.33,3.672023,69.329097,0.4063,65.74,8884.77,0.4367,38.1585,38.29,False,False
2087,3711,1102.41,2415.83,-13.56009,62.286582,0.42812,69.27,3581.94,0.3834,38.147,38.2855,False,False
2088,3878,3060.35,2470.72,-14.429054,93.282686,0.37324,143.9,2324.34,0.6025,37.9913,38.2791,True,True
2089,834,169.39,468.01,17.275844,47.515934,0.38837,77.26,5608.41,0.5247,38.0679,38.2224,False,False
2090,4385,747.92,2693.45,-17.955082,56.674653,0.42911,69.43,2244.57,0.384,38.0718,38.2107,False,False
2091,1645,93.79,876.93,10.802181,46.31903,0.36957,140.81,4382.91,0.5995,37.9162,38.1978,True,True
2092,2070,33.05,1239.44,5.063353,45.357588,0.37101,143.42,2738.94,0.6016,37.8634,38.1502,True,True
2093,2420,2246.88,1614.94,-0.881159,80.404655,0.38484,88.67,2859.84,0.5499,37.943,38.1203,False,False
2094,1361,2192.9,689.1,13.775752,79.550074,0.4217,68.23,6299.36,0.3821,37.982,38.1184,False,False
2095,2300,2733.23,1482.42,1.216765,88.103996,0.37379,142.2,677.73,0.6016,37.8214,38.1058,True,True
2096,179,557.49,112.05,22.910988,53.65995,0.42257,68.37,4455.87,0.3884,37.9398,38.0765,False,False
2097,537,1201.97,297.86,19.969476,63.862618,0.42697,69.08,2343.57,0.3832,37.9162,38.0543,False,False
2098,4207,810.88,2634.94,-17.028858,57.671242,0.42641,68.99,2603.46,0.382,37.8847,38.0227,False,False
2099,2969,1686.29,2036.18,-7.549869,71.529866,0.42497,68.76,3582.5,0.3814,37.8851,38.0226,False,False
2100,3619,167.06,2387.8,-13.116328,47.478985,0.36822,106.03,3617.52,0.6007,37.7505,37.9626,False,False
2101,1183,113.97,630.15,14.709033,46.638561,0.36456,131.71,4496.09,0.6034,37.6389,37.9023,True,False
2102,458,525.07,269.78,20.413974,53.146706,0.38705,73.53,6278.49,0.5081,37.753,37.9001,False,False
2103,3125,2630.28,2097.29,-8.517298,86.474196,0.38721,81.18,3162.0,0.527,37.7372,37.8995,False,False
2104,291,583.22,177.77,21.870632,54.067168,0.38634,71.38,5246.64,0.5172,37.7438,37.8866,False,False
2105,345,563.59,208.7,21.380967,53.756504,0.38729,76.01,5488.35,0.5107,37.7241,37.8762,False,False
2106,462,652.98,269.48,20.418786,55.171639,0.38933,64.4,5464.42,0.5039,37.7449,37.8737,False,False
2107,974,43.52,532.24,16.259005,45.523227,0.368,104.01,3103.2,0.5997,37.6552,37.8632,False,False
2108,3308,2835.8,2177.28,-9.783605,89.727814,0.36695,141.58,2977.93,0.5993,37.5573,37.8405,True,True
2109,79,820.52,48.2,23.921847,57.823965,0.42348,68.52,2077.45,0.385,37.665,37.8021,False,False
2110,3776,1103.4,2448.31,-14.074305,62.302125,0.42273,68.4,3321.79,0.3798,37.6642,37.801,False,False
2111,981,269.94,522.35,16.415529,49.107753,0.38047,78.05,7563.98,0.5199,37.6417,37.7977,False,False
2112,3777,1139.06,2438.08,-13.912361,62.866674,0.42247,68.35,3426.56,0.3799,37.6601,37.7968,False,False
2113,976,111.66,532.04,16.262159,46.602023,0.3654,101.16,4603.39,0.5947,37.5555,37.7578,False,False
2114,1105,2095.63,555.84,15.88542,78.010147,0.42207,68.29,3473.89,0.379,37.6197,37.7562,False,False
2115,3019,1323.86,2059.46,-7.918375,65.792272,0.41995,67.95,4729.62,0.3775,37.5875,37.7234,False,False
2116,683,1894.64,371.07,18.810494,74.828344,0.36148,127.38,4974.33,0.6006,37.4219,37.6766,True,False
2117,1953,83.92,1102.99,7.223465,46.162832,0.36276,135.96,3921.8,0.6003,37.3864,37.6584,True,True
2118,226,298.94,148.05,22.341127,49.566876,0.40422,65.4,4404.86,0.439,37.5239,37.6548,False,False
2119,2524,2256.72,1706.7,-2.333771,80.560408,0.37968,85.14,3477.33,0.5391,37.4491,37.6194,False,False
2120,519,618.63,299.3,19.946711,54.627794,0.41516,67.17,5240.83,0.3859,37.4552,37.5895,False,False
2121,1847,1582.54,1008.76,8.715247,69.887514,0.41966,67.9,3683.96,0.3771,37.4373,37.5731,False,False
2122,3259,555.35,2194.9,-10.062499,53.625954,0.36877,86.67,8460.21,0.5454,37.363,37.5363,False,False
2123,1373,114.02,740.91,12.955607,46.639398,0.36117,134.94,4820.64,0.5934,37.2523,37.5222,True,True
2124,1185,178.08,622.91,14.823567,47.653532,0.36737,91.99,5735.27,0.5663,37.3187,37.5027,False,False
2125,4036,468.55,2578.33,-16.132527,52.251971,0.41795,67.62,4252.43,0.3759,37.3586,37.4938,False,False
2126,3461,1361.79,2291.06,-11.584769,66.392731,0.41858,67.72,3561.8,0.3768,37.339,37.4744,False,False
2127,2968,1654.69,2029.68,-7.44697,71.029626,0.41842,67.7,3438.94,0.3769,37.3155,37.4509,False,False
2128,4227,1449.16,2636.63,-17.055578,67.775908,0.41984,67.93,2310.15,0.3779,37.3023,37.4381,False,False
2129,820,2038.47,451.05,17.544303,77.105284,0.35627,121.17,6975.88,0.5955,37.1912,37.4335,True,False
2130,627,69.71,363.46,18.930909,45.937945,0.37642,81.87,5165.24,0.5308,37.2649,37.4287,False,False
2131,479,1194.71,269.95,20.411374,63.747768,0.41957,67.88,2312.92,0.3781,37.2864,37.4221,False,False
2132,4099,3073.6,2560.3,-15.847166,93.492387,0.3625,133.37,3186.8,0.5928,37.1446,37.4113,True,True
2133,4317,1524.02,2668.58,-17.5613,68.96098,0.41973,67.91,1744.1,0.3777,37.2252,37.361,False,False
2134,3680,15.67,2416.45,-13.569876,45.082296,0.36153,100.32,3373.23,0.5923,37.0884,37.2891,False,False
2135,1184,148.88,628.08,14.741738,47.19119,0.36012,97.2,5481.02,0.5841,37.0872,37.2816,False,False
2136,829,12.87,459.08,17.417209,45.037968,0.37796,82.06,2806.97,0.5318,37.1168,37.2809,False,False
2137,4291,685.15,2671.6,-17.609138,55.680846,0.41775,67.59,2382.87,0.3764,37.1341,37.2693,False,False
2138,4286,529.61,2669.36,-17.573617,53.218595,0.4175,67.55,2349.4,0.3764,37.1118,37.2469,False,False
2139,80,851.85,47.76,23.928793,58.31995,0.41677,67.43,2103.63,0.3803,37.1,37.2349,False,False
2140,2145,1583.38,1330.93,3.614904,69.900745,0.40287,65.18,7313.73,0.401,37.0856,37.216,False,False
2141,585,880.03,331.16,19.442348,58.766034,0.36641,90.49,4610.3,0.5609,37.0201,37.2011,False,False
2142,2839,2603.87,1927.42,-5.828027,86.056118,0.36343,98.6,2473.51,0.5851,36.9893,37.1865,False,False
2143,1250,178.73,654.91,14.317004,47.663841,0.3648,90.13,5698.28,0.5592,37.0023,37.1826,False,False
2144,4292,715.12,2662.5,-17.46515,56.155313,0.4159,67.29,2516.61,0.3753,36.9958,37.1304,False,False
2145,1664,1485.57,887.03,10.642396,68.35235,0.41307,66.83,4427.05,0.3737,36.9883,37.1219,False,False
2146,1536,2582.38,776.56,12.391141,85.715932,0.35791,129.36,2781.65,0.5981,36.8616,37.1203,True,False
2147,2860,1618.03,1961.32,-6.364683,70.449278,0.41371,66.94,3919.18,0.3735,36.9709,37.1048,False,False
2148,3123,2570.43,2090.34,-8.407175,85.526746,0.38016,76.07,3163.9,0.5111,36.9437,37.0958,False,False
2149,3000,2733.7,2035.11,-7.532872,88.111463,0.35706,112.83,3723.09,0.5947,36.8514,37.077,True,False
2150,4379,554.98,2687.99,-17.868673,53.62014,0.41553,67.23,2325.88,0.3747,36.9355,37.07,False,False
2151,4015,2187.78,2546.48,-15.62833,79.468959,0.35907,103.29,2605.47,0.594,36.8513,37.0579,False,False
2152,134,847.57,75.63,23.487664,58.252152,0.41365,66.93,2390.49,0.3783,36.8739,37.0078,False,False
2153,2990,2417.86,2025.99,-7.388563,83.111345,0.3793,75.08,3295.65,0.5077,36.8352,36.9854,False,False
2154,581,750.12,329.1,19.474928,56.709447,0.37438,76.0,5403.98,0.5126,36.8175,36.9695,False,False
2155,4404,1364.37,2689.24,-17.888359,66.433598,0.41361,66.92,1980.92,0.3758,36.7765,36.9104,False,False
2156,2743,2581.05,1885.86,-5.170077,85.694885,0.35697,101.98,2610.35,0.5922,36.6696,36.8735,False,False
2157,2487,2255.83,1680.14,-1.91333,80.5463,0.36217,92.45,3374.47,0.5657,36.6558,36.8407,False,False
2158,1891,1679.12,1032.56,8.338376,71.416427,0.40986,66.31,4410.86,0.3703,36.6936,36.8263,False,False
2159,233,525.14,146.13,22.371529,53.147707,0.40644,65.76,5187.41,0.3782,36.6819,36.8134,False,False
2160,3695,589.5,2414.1,-13.532723,54.166635,0.40459,65.46,6152.34,0.3786,36.6692,36.8001,False,False
2161,509,301.0,297.45,19.975886,49.59938,0.37293,72.8,6683.68,0.5007,36.6487,36.7943,False,False
2162,1410,1872.86,724.86,13.209719,74.483576,0.41113,66.52,2725.52,0.3719,36.6165,36.7495,False,False
2163,2215,12.25,1414.42,2.2932,45.028235,0.35669,114.04,1095.28,0.595,36.52,36.748,True,False
2164,2985,2194.69,2035.04,-7.531823,79.578399,0.35723,96.55,2918.8,0.5806,36.515,36.7081,False,False
2165,517,551.35,307.74,19.81305,53.562686,0.40374,65.32,5839.11,0.3789,36.5761,36.7067,False,False
2166,2744,2600.2,1879.3,-5.066324,85.998063,0.35336,126.84,2389.23,0.5959,36.4487,36.7023,True,False
2167,634,298.87,370.94,18.812589,49.565764,0.36601,78.62,6475.71,0.5213,36.4975,36.6548,False,False
2168,4352,2673.55,2672.62,-17.625295,87.159274,0.35734,94.57,3317.11,0.5748,36.4652,36.6543,False,False
2169,1537,2603.47,785.68,12.24676,86.049739,0.35438,129.64,2486.83,0.588,36.3925,36.6518,True,False
2170,4442,2577.44,2691.52,-17.924469,85.637685,0.37797,71.82,3020.92,0.4965,36.507,36.6506,False,False
2171,338,338.26,210.39,21.354205,50.189314,0.38621,62.49,5772.81,0.4465,36.5235,36.6485,False,False
2172,4377,491.23,2688.23,-17.872435,52.611015,0.41038,66.4,2321.12,0.3714,36.5051,36.6379,False,False
2173,71,554.06,40.53,24.043203,53.605547,0.40903,66.18,2647.11,0.3733,36.4804,36.6128,False,False
2174,2811,1584.88,1929.35,-5.858543,69.924563,0.40705,65.86,4451.88,0.369,36.4743,36.606,False,False
2175,2069,12.84,1235.1,5.13202,45.037624,0.35188,121.22,2585.22,0.5944,36.3391,36.5815,True,False
2176,2091,12.53,1265.63,4.64868,45.032617,0.35245,129.32,2436.04,0.5872,36.2335,36.4921,True,False
2177,4238,1797.52,2637.93,-17.076112,73.290859,0.40747,65.93,2547.0,0.3714,36.3231,36.455,False,False
2178,2108,1900.87,1265.74,4.647018,74.926957,0.37061,74.57,4283.72,0.5059,36.2938,36.4429,False,False
2179,218,47.88,144.55,22.39655,45.592269,0.37141,74.64,3411.15,0.5072,36.2724,36.4217,False,False
2180,1954,108.57,1102.91,7.224672,46.553011,0.34812,109.47,4212.99,0.5897,36.1758,36.3947,True,False
2181,2952,1136.8,2026.38,-7.394752,62.830923,0.40015,64.74,7320.27,0.3639,36.2227,36.3521,False,False
2182,2213,2123.4,1389.98,2.680207,78.449797,0.36713,78.66,3518.25,0.5188,36.1857,36.343,False,False
2183,3981,1099.31,2550.47,-15.691503,62.237434,0.40508,65.54,3188.83,0.3691,36.1851,36.3162,False,False
2184,2018,107.79,1161.68,6.294364,46.540646,0.35166,93.58,3913.92,0.574,36.1116,36.2987,False,False
2185,4264,2739.9,2643.78,-17.168688,88.209558,0.36526,78.16,4307.72,0.5181,36.1312,36.2876,False,False
2186,633,275.2,365.93,18.891849,49.190951,0.35946,79.48,6786.03,0.5244,36.118,36.277,False,False
2187,2435,1680.08,1650.44,-1.443188,71.43165,0.40435,65.42,3512.77,0.3668,36.129,36.2598,False,False
2188,4155,1781.27,2602.67,-16.517954,73.033617,0.40494,65.52,2698.32,0.3693,36.1201,36.2511,False,False
2189,1526,2001.74,783.5,12.281236,76.523717,0.40357,65.3,3636.74,0.3664,36.0805,36.2111,False,False
2190,26,843.2,15.56,24.438622,58.183046,0.40525,65.57,1586.04,0.3723,36.067,36.1981,False,False
2191,220,107.88,148.82,22.328897,46.542183,0.36521,75.34,4726.94,0.5103,36.0369,36.1875,False,False
2192,3907,968.11,2505.17,-14.974472,60.160483,0.40315,65.23,3527.08,0.3666,36.0414,36.1719,False,False
2193,1479,2543.96,740.68,12.959151,85.107621,0.34615,123.06,3765.82,0.5847,35.8895,36.1356,True,False
2194,698,150.09,394.4,18.441115,47.210446,0.36868,67.47,6069.78,0.4822,35.9398,36.0748,False,False
2195,580,720.79,337.51,19.341818,56.245122,0.36484,72.54,5323.0,0.5012,35.9168,36.0618,False,False
2196,4047,811.25,2574.21,-16.067306,57.677129,0.40191,65.03,3477.79,0.3657,35.9289,36.059,False,False
2197,1542,171.77,813.23,11.810659,47.553619,0.35415,85.09,5244.3,0.5427,35.8848,36.055,False,False
2198,1912,53.42,1070.31,7.740883,45.679941,0.3502,91.69,3739.81,0.5674,35.8669,36.0503,False,False
2199,3319,656.6,2228.17,-10.589177,55.22892,0.34713,87.73,7611.5,0.5538,35.8572,36.0326,False,False
2200,577,623.63,329.69,19.465566,54.706984,0.39869,64.51,4804.32,0.3673,35.8818,36.0108,False,False
2201,3320,682.94,2215.71,-10.391972,55.645974,0.34494,91.38,6675.73,0.5665,35.8182,36.001,False,False
2202,383,1749.96,221.8,21.173624,72.53782,0.34573,103.67,2773.81,0.5857,35.7618,35.9691,True,False
2203,1302,2185.88,656.78,14.28749,79.438979,0.39515,63.93,6059.95,0.3709,35.8401,35.9679,False,False
2204,1635,2128.55,844.4,11.317215,78.531321,0.39823,64.43,5365.84,0.3625,35.8291,35.958,False,False
2205,3683,113.58,2414.27,-13.53536,46.632387,0.34799,89.8,4982.07,0.5622,35.7622,35.9418,False,False
2206,501,18.26,305.59,19.847079,45.12338,0.36705,71.35,3486.27,0.496,35.7663,35.909,False,False
2207,1796,309.21,970.3,9.324037,49.729351,0.34103,109.51,5205.8,0.5846,35.6892,35.9082,True,False
2208,2155,1911.88,1327.29,3.672636,75.101292,0.36689,69.98,4340.74,0.4912,35.7679,35.9079,False,False
2209,680,1805.3,365.51,18.898564,73.414013,0.34292,116.95,3279.81,0.587,35.6425,35.8764,True,False
2210,1789,96.89,986.84,9.062226,46.368224,0.34138,112.89,4320.8,0.5861,35.6374,35.8632,True,False
2211,1793,200.48,977.0,9.21804,48.0081,0.34037,109.47,5133.82,0.5846,35.6329,35.8519,True,False
2212,1695,45.44,907.43,10.319411,45.553729,0.34599,92.6,3260.8,0.5724,35.5981,35.7833,False,False
2213,518,584.48,302.7,19.892827,54.08713,0.38881,62.91,5000.66,0.393,35.6559,35.7817,False,False
2214,1112,2324.04,556.43,15.876081,81.626165,0.33796,94.03,7305.31,0.5766,35.5701,35.7582,False,False
2215,830,41.75,462.78,17.358643,45.495315,0.36263,73.62,3582.23,0.5043,35.6089,35.7561,False,False
2216,4251,2218.47,2637.65,-17.071693,79.954877,0.34623,93.86,2568.91,0.5739,35.5609,35.7486,False,False
2217,2562,2261.44,1738.14,-2.83162,80.635101,0.35692,79.15,4185.97,0.5218,35.5836,35.7419,False,False
2218,2016,49.04,1172.6,6.121432,45.610689,0.35211,85.2,3230.47,0.5447,35.5365,35.7069,False,False
2219,626,46.17,371.1,18.809957,45.565278,0.36418,70.24,3995.82,0.4929,35.5635,35.704,False,False
2220,390,210.92,238.61,20.907429,48.173366,0.36227,67.71,6129.99,0.4844,35.5234,35.6588,False,False
2221,2880,2382.86,1970.15,-6.504527,82.557318,0.36712,66.12,3986.26,0.4782,35.509,35.6413,False,False
2222,1671,1717.09,875.96,10.817546,72.01756,0.39809,64.41,2704.76,0.3627,35.5088,35.6376,False,False
2223,248,1012.01,148.04,22.341214,60.855431,0.39748,64.31,2812.16,0.3643,35.5069,35.6356,False,False
2224,2010,1932.91,1136.86,6.687301,75.434078,0.34807,85.52,4731.68,0.5459,35.4429,35.614,False,False
2225,697,115.22,405.77,18.261183,46.658389,0.36286,65.73,6259.51,0.4767,35.4423,35.5738,False,False
2226,2641,2257.08,1805.74,-3.901776,80.566102,0.35576,76.22,4882.91,0.5127,35.4173,35.5698,False,False
2227,728,1233.84,399.23,18.364618,64.367231,0.39719,64.26,2566.51,0.3625,35.4248,35.5533,False,False
2228,2114,16.28,1290.43,4.256105,45.092079,0.34042,114.06,2217.68,0.5861,35.3212,35.5493,True,False
2229,1748,205.19,939.43,9.812731,48.082631,0.33656,100.11,5711.98,0.5798,35.3404,35.5407,True,False
2230,2625,1744.89,1806.94,-3.920815,72.457568,0.39602,64.07,3227.8,0.3615,35.4003,35.5285,False,False
2231,643,592.11,370.16,18.824932,54.208011,0.39271,63.54,4216.22,0.3682,35.3982,35.5253,False,False
2232,3892,495.99,2510.94,-15.065714,52.68627,0.39403,63.75,4597.37,0.3598,35.3879,35.5154,False,False
2233,520,659.27,305.04,19.855862,55.271252,0.39069,63.21,5484.36,0.3666,35.3734,35.4998,False,False
2234,3,115.46,16.28,24.427127,46.66219,0.36309,70.85,2329.84,0.4964,35.3518,35.4935,False,False
2235,1247,83.31,653.65,14.336898,46.153194,0.33956,95.37,3455.1,0.5804,35.3013,35.492,False,False
2236,1049,76.63,554.73,15.902915,46.047407,0.34438,87.09,4264.21,0.5548,35.2837,35.4579,False,False
2237,3128,2731.54,2096.64,-8.506974,88.077205,0.35763,73.86,3776.21,0.5036,35.2578,35.4055,False,False
2238,18,586.99,17.7,24.404678,54.126979,0.39542,63.98,1918.96,0.3643,35.2525,35.3804,False,False
2239,2598,2164.1,1766.97,-3.28799,79.094096,0.35838,72.31,3937.87,0.4978,35.2273,35.3719,False,False
2240,3546,2160.54,2322.24,-12.078452,79.037781,0.35843,74.29,2534.52,0.5058,35.2089,35.3575,False,False
2241,11,364.42,11.71,24.499494,50.603459,0.39545,63.98,1914.67,0.3627,35.226,35.354,False,False
2242,1203,785.3,621.85,14.840322,57.266381,0.35926,68.03,5126.2,0.4854,35.2064,35.3425,False,False
2243,76,716.81,46.52,23.948501,56.182054,0.39421,63.78,2074.58,0.3656,35.2081,35.3356,False,False
2244,1696,97.67,905.61,10.348182,46.380477,0.33609,119.81,4387.78,0.5761,35.0851,35.3247,True,False
2245,1484,143.18,784.22,12.269947,47.101,0.34345,85.28,4864.83,0.5461,35.1309,35.3015,False,False
2246,1048,51.61,559.98,15.819796,45.651314,0.33554,116.6,3357.46,0.5838,35.0623,35.2955,True,False
2247,4313,1386.35,2668.66,-17.562682,66.781633,0.39456,63.84,1962.58,0.3625,35.1635,35.2912,False,False
2248,28,907.87,17.41,24.409208,59.206737,0.39471,63.86,1599.76,0.3635,35.1501,35.2778,False,False
2249,652,913.93,366.69,18.879881,59.302654,0.3484,79.64,4335.94,0.5275,35.0887,35.248,False,False
2250,4285,502.96,2674.75,-17.658965,52.796598,0.39309,63.6,2411.74,0.3596,35.0599,35.1871,False,False
2251,4315,1456.96,2669.89,-17.582063,67.899415,0.3936,63.68,1892.09,0.3606,35.0533,35.1807,False,False
2252,4436,2385.26,2690.62,-17.910305,82.595364,0.35576,73.54,3204.33,0.502,35.0286,35.1756,False,False
2253,1598,206.52,849.12,11.242499,48.103679,0.33694,88.19,5882.19,0.5579,34.9946,35.171,False,False
2254,3973,842.19,2540.72,-15.537221,58.167038,0.39153,63.35,3099.61,0.3585,35.009,35.1357,False,False
2255,849,649.43,464.15,17.336921,55.115449,0.35232,72.35,5313.09,0.4999,34.9898,35.1345,False,False
2256,4314,1422.97,2664.54,-17.49742,67.361235,0.39233,63.48,2086.78,0.3604,34.9797,35.1067,False,False
2257,1329,654.53,679.81,13.922809,55.196133,0.34004,80.88,7583.39,0.5312,34.9362,35.0979,False,False
2258,4199,561.01,2645.02,-17.188305,53.715602,0.39179,63.39,2573.99,0.3587,34.9677,35.0945,False,False
2259,3117,2251.51,2101.58,-8.585214,80.477918,0.3527,75.07,3352.92,0.5082,34.9371,35.0873,False,False
2260,919,684.93,499.65,16.77499,55.677453,0.35768,65.0,5582.81,0.4735,34.9321,35.0621,False,False
2261,2161,2102.05,1328.15,3.658993,78.111849,0.35254,74.66,3339.84,0.5071,34.9027,35.0521,False,False
2262,1040,2245.89,528.32,16.321062,80.3889,0.3453,75.77,7189.43,0.5107,34.899,35.0506,False,False
2263,899,48.03,502.44,16.730753,45.594629,0.34401,83.48,3073.32,0.5402,34.8533,35.0203,False,False
2264,2999,2700.97,2028.72,-7.431772,87.59328,0.33494,91.8,3898.15,0.5701,34.8358,35.0194,False,False
2265,2909,1524.16,1996.01,-6.91386,68.963198,0.38838,62.84,4284.43,0.3561,34.8774,35.0031,False,False
2266,1015,1461.41,522.92,16.406598,67.9698,0.39048,63.18,2249.54,0.3594,34.8477,34.9741,False,False
2267,4123,743.83,2605.24,-16.558647,56.609838,0.38879,62.91,3236.32,0.3568,34.7971,34.9229,False,False
2268,468,840.94,266.09,20.472458,58.147163,0.36401,58.89,4778.57,0.4439,34.7605,34.8783,False,False
2269,125,556.48,80.36,23.412746,53.643962,0.38683,62.59,3816.65,0.3582,34.7479,34.873,False,False
2270,901,107.66,498.1,16.799429,46.538724,0.33473,87.34,4933.36,0.5552,34.6746,34.8493,False,False
2271,353,815.31,213.65,21.302645,57.741408,0.35302,68.68,4352.1,0.4863,34.6818,34.8192,False,False
2272,4125,810.11,2604.22,-16.542488,57.659133,0.38776,62.74,2998.63,0.356,34.679,34.8045,False,False
2273,1068,877.74,564.19,15.753143,58.729752,0.35797,57.92,5081.58,0.4607,34.6641,34.78,False,False
2274,3519,1296.89,2321.63,-12.068723,65.365336,0.38675,62.57,3512.84,0.355,34.6486,34.7737,False,False
2275,17,557.69,10.24,24.522822,53.663109,0.38834,62.83,1782.1,0.3592,34.6347,34.7604,False,False
2276,1050,100.03,559.1,15.833712,46.417801,0.32836,104.0,4557.95,0.5763,34.552,34.76,True,False
2277,4405,1399.27,2690.35,-17.905909,66.98614,0.38797,62.77,2022.62,0.358,34.6167,34.7423,False,False
2278,2692,2415.72,1843.37,-4.497444,83.077582,0.35175,70.09,3715.53,0.4907,34.5968,34.737,False,False
2279,1872,94.93,1035.64,8.289642,46.337208,0.32994,115.88,3695.46,0.5716,34.479,34.7107,True,False
2280,4289,629.01,2677.73,-17.70626,54.7921,0.38728,62.66,2393.08,0.3558,34.5701,34.6954,False,False
2281,2209,2002.15,1387.01,2.72714,76.530297,0.38434,62.18,4392.33,0.3534,34.5509,34.6753,False,False
2282,1460,1716.61,756.21,12.713307,72.009841,0.38678,62.58,2416.41,0.3556,34.5326,34.6577,False,False
2283,2389,2257.98,1585.83,-0.420309,80.580371,0.3438,79.62,2335.49,0.5247,34.4736,34.6329,False,False
2284,2586,1772.31,1772.24,-3.371394,72.891746,0.38604,62.46,2643.34,0.3546,34.4893,34.6142,False,False
2285,72,584.13,48.57,23.916009,54.081632,0.3854,62.36,2637.11,0.3571,34.4873,34.612,False,False
2286,3097,1615.66,2090.84,-8.415199,70.411757,0.3846,62.23,3019.5,0.3539,34.4159,34.5403,False,False
2287,4403,1323.96,2687.58,-17.862094,65.793814,0.38533,62.34,2031.47,0.3573,34.4136,34.5383,False,False
2288,23,748.85,12.46,24.487647,56.689317,0.38478,62.26,1616.16,0.3587,34.3509,34.4754,False,False
2289,710,591.77,395.95,18.416559,54.202669,0.36017,58.27,4691.71,0.4375,34.3589,34.4754,False,False
2290,1700,200.75,905.16,10.355396,48.012349,0.32751,88.38,5245.38,0.5606,34.2878,34.4645,False,False
2291,3696,620.41,2413.18,-13.518169,54.656049,0.34905,64.33,6179.73,0.4708,34.3334,34.4621,False,False
2292,24,782.49,16.77,24.419375,57.221833,0.38426,62.17,1677.78,0.3583,34.3127,34.437,False,False
2293,9,303.25,13.1,24.477513,49.635114,0.38434,62.19,1723.32,0.3549,34.2629,34.3873,False,False
2294,756,2124.84,402.99,18.30517,78.472547,0.32456,86.16,7128.13,0.554,34.1796,34.3519,False,False
2295,886,1902.52,458.67,17.423702,74.953061,0.35588,57.58,4251.78,0.4505,34.2324,34.3476,False,False
2296,2156,1941.06,1328.51,3.653263,75.563231,0.34972,64.72,4436.3,0.4725,34.2069,34.3363,False,False
2297,1041,2276.58,530.04,16.293859,80.874738,0.33164,77.94,7757.22,0.5205,34.1594,34.3153,False,False
2298,1243,2387.7,619.01,14.885397,82.633951,0.32936,81.9,6620.46,0.5353,34.1288,34.2926,False,False
2299,217,15.8,147.39,22.35151,45.08442,0.34943,67.04,2939.03,0.4807,34.1579,34.292,False,False
2300,662,1235.62,363.02,18.937922,64.395442,0.38208,61.82,2478.91,0.3527,34.1495,34.2731,False,False
2301,1652,304.56,881.26,10.733718,49.655844,0.32529,84.59,6837.24,0.5471,34.0723,34.2415,False,False
2302,2888,2640.22,1970.48,-6.509796,86.631482,0.3328,84.27,2654.38,0.5441,34.0675,34.236,False,False
2303,4078,1812.45,2580.54,-16.167534,73.527096,0.38089,61.63,2809.64,0.3531,34.1108,34.234,False,False
2304,3840,1014.92,2482.32,-14.612665,60.901429,0.38035,61.54,3485.42,0.3508,34.1093,34.2324,False,False
2305,3249,2256.74,2158.44,-9.485251,80.560651,0.33214,83.55,3424.72,0.5404,34.0452,34.2123,False,False
2306,2163,16.38,1353.53,3.257142,45.093598,0.32813,89.55,1789.45,0.5646,33.9988,34.1779,False,False
2307,1274,1294.6,659.18,14.24942,65.329135,0.35026,60.68,3871.77,0.4586,33.9291,34.0504,False,False
2308,4312,1353.11,2671.46,-17.606978,66.255429,0.37928,61.37,2122.68,0.3527,33.9064,34.0292,False,False
2309,1311,82.35,682.78,13.875744,46.138014,0.32322,110.21,2995.93,0.5656,33.8061,34.0265,True,False
2310,1901,1998.68,1035.29,8.295189,76.475428,0.34738,59.14,6381.64,0.4524,33.9061,34.0244,False,False
2311,1992,232.67,1130.56,6.787011,48.517632,0.32285,92.02,2778.47,0.5694,33.8203,34.0043,False,False
2312,821,2059.25,450.26,17.556856,77.43418,0.3158,102.66,7074.69,0.5677,33.7892,33.9945,True,False
2313,763,75.92,428.19,17.906255,46.036106,0.3481,59.95,5082.58,0.456,33.869,33.9889,False,False
2314,2140,14.3,1319.6,3.794296,45.060604,0.32389,89.74,2055.34,0.5669,33.7663,33.9458,False,False
2315,1204,810.72,628.48,14.735444,57.668825,0.34777,58.92,5027.79,0.4531,33.7866,33.9045,False,False
2316,409,818.65,237.24,20.929159,57.794396,0.34553,61.77,4645.86,0.4631,33.761,33.8845,False,False
2317,4418,1805.45,2690.16,-17.90303,73.416371,0.37788,61.14,1918.9,0.3509,33.7495,33.8718,False,False
2318,4295,815.57,2668.11,-17.553963,57.745546,0.37778,61.12,2187.48,0.3494,33.746,33.8682,False,False
2319,575,561.34,337.06,19.348837,53.720925,0.37225,60.23,5104.78,0.3514,33.728,33.8484,False,False
2320,964,2194.15,495.16,16.845939,79.569832,0.32239,82.22,6340.24,0.5384,33.6492,33.8136,False,False
2321,86,1042.43,47.07,23.939684,61.336976,0.377,61.0,1845.11,0.3513,33.6854,33.8074,False,False
2322,1743,15.26,943.02,9.755951,45.075875,0.33947,69.31,3042.64,0.4926,33.6663,33.8049,False,False
2323,110,78.72,83.38,23.364974,46.080568,0.34741,60.62,2996.46,0.4602,33.6504,33.7716,False,False
2324,516,523.01,309.17,19.79046,53.114102,0.36864,59.64,6308.12,0.3534,33.6447,33.764,False,False
2325,357,941.29,206.54,21.415103,59.735842,0.37527,60.72,2780.7,0.3492,33.6323,33.7537,False,False
2326,568,305.28,330.3,19.455862,49.667205,0.3394,63.0,6484.18,0.4677,33.6184,33.7444,False,False
2327,2190,26.37,1386.21,2.739809,45.251801,0.32126,99.03,1395.5,0.5693,33.5425,33.7405,True,False
2328,1913,93.07,1074.06,7.681481,46.307611,0.31686,106.73,4230.36,0.567,33.5172,33.7307,True,False
2329,4200,590.8,2642.24,-17.144396,54.187168,0.37557,60.77,2558.69,0.3475,33.5978,33.7194,False,False
2330,1507,1385.92,783.96,12.274057,66.774843,0.371,60.03,4596.94,0.3524,33.596,33.716,False,False
2331,274,47.84,172.63,21.951916,45.591623,0.34206,64.3,3611.78,0.4722,33.5526,33.6812,False,False
2332,51,1646.56,10.8,24.513913,70.90092,0.32051,97.63,1241.03,0.5696,33.4747,33.6699,True,False
2333,1815,1870.18,975.04,9.249076,74.441112,0.37246,60.26,4063.06,0.345,33.5055,33.6261,False,False
2334,576,589.17,335.44,19.374615,54.161489,0.37025,59.9,4823.21,0.3486,33.5,33.6198,False,False
2335,3911,1100.27,2515.23,-15.133713,62.252585,0.37356,60.44,3030.56,0.3467,33.4926,33.6135,False,False
2336,3225,1479.16,2154.08,-9.416312,68.250803,0.37255,60.28,3737.35,0.3456,33.4835,33.6041,False,False
2337,3186,2254.72,2125.49,-8.963721,80.52879,0.32791,78.69,3309.72,0.5249,33.4467,33.6041,False,False
2338,1951,14.39,1115.36,7.027615,45.062074,0.31695,96.99,2952.19,0.5674,33.3815,33.5755,True,False
2339,1759,1520.33,948.03,9.676672,68.902636,0.36964,59.81,4133.3,0.3477,33.3593,33.4789,False,False
2340,3969,716.42,2548.68,-15.663289,56.175983,0.37144,60.1,2933.21,0.3449,33.2974,33.4176,False,False
2341,75,679.73,43.85,23.990736,55.595055,0.37139,60.09,2181.46,0.3499,33.2938,33.414,False,False
2342,1135,843.64,590.79,15.332083,58.189866,0.34925,56.51,4956.66,0.4201,33.2905,33.4036,False,False
2343,2971,1744.26,2034.58,-7.52447,72.447704,0.37056,59.96,3225.94,0.3445,33.2604,33.3803,False,False
2344,3521,1361.51,2317.07,-11.996546,66.388376,0.37054,59.95,3196.1,0.3441,33.2493,33.3692,False,False
2345,3444,813.53,2288.98,-11.551844,57.713245,0.35128,56.84,5220.4,0.4081,33.2519,33.3655,False,False
2346,1900,1972.08,1045.3,8.136719,76.054294,0.34874,56.42,5874.49,0.412,33.2164,33.3293,False,False
2347,888,1971.96,466.06,17.306763,76.05236,0.31639,84.15,4501.41,0.547,33.1552,33.3235,False,False
2348,751,1965.04,403.39,18.298834,75.942833,0.31095,100.8,5092.97,0.5629,33.1205,33.3221,True,False
2349,1132,748.61,589.89,15.34635,56.685518,0.33648,61.24,5652.98,0.4612,33.1936,33.3161,False,False
2350,522,719.43,305.74,19.844773,56.223611,0.33717,58.76,5804.02,0.4522,33.0991,33.2167,False,False
2351,277,141.74,175.41,21.907911,47.078162,0.33788,58.62,5090.14,0.4522,33.065,33.1822,False,False
2352,1085,1459.86,557.87,15.853215,67.945348,0.36941,59.77,2161.55,0.345,33.0612,33.1808,False,False
2353,4056,1109.62,2578.61,-16.137078,62.400634,0.36816,59.57,3066.09,0.3433,33.0475,33.1667,False,False
2354,4174,2537.98,2608.6,-16.611815,85.012922,0.35873,58.04,4041.68,0.3736,33.029,33.145,False,False
2355,3743,2128.27,2411.98,-13.499151,78.526909,0.33952,60.97,2633.81,0.459,33.0172,33.1391,False,False
2356,579,681.81,344.75,19.2271,55.627937,0.33827,56.43,5910.83,0.4428,33.0209,33.1338,False,False
2357,4175,2567.82,2608.62,-16.612085,85.485419,0.34457,55.75,3802.74,0.4309,33.0131,33.1246,False,False
2358,16,525.51,12.47,24.487409,53.153607,0.36888,59.68,1959.18,0.3451,33.002,33.1213,False,False
2359,2129,1868.63,1294.64,4.189486,74.416535,0.3303,68.29,3856.06,0.4855,32.9737,33.1103,False,False
2360,3402,1386.41,2251.51,-10.958725,66.782542,0.36678,59.34,3697.34,0.3415,32.9914,33.11,False,False
2361,391,235.32,244.67,20.811465,48.559646,0.34196,55.33,5978.45,0.4233,32.9436,33.0542,False,False
2362,2328,2216.26,1524.87,0.544699,79.919852,0.32059,78.04,3051.71,0.5249,32.8898,33.0459,False,False
2363,1461,1746.48,742.5,12.930412,72.482758,0.36747,59.46,2532.53,0.3422,32.9157,33.0346,False,False
2364,3844,1139.16,2472.54,-14.457864,62.868237,0.36633,59.27,3097.45,0.3416,32.8893,33.0078,False,False
2365,1988,117.25,1129.72,6.800352,46.690427,0.3184,77.79,4054.29,0.5246,32.8438,32.9994,False,False
2366,4239,1831.86,2636.56,-17.054387,73.834426,0.36668,59.33,2482.75,0.3437,32.8794,32.9981,False,False
2367,3708,1003.37,2417.96,-13.59384,60.718669,0.36511,59.07,3947.13,0.3402,32.8765,32.9947,False,False
2368,1328,625.42,687.56,13.800138,54.735317,0.32335,66.17,7739.85,0.4804,32.8385,32.9709,False,False
2369,1626,1838.15,840.15,11.384499,73.93394,0.36592,59.2,3073.56,0.3406,32.839,32.9574,False,False
2370,334,209.45,210.1,21.358799,48.150038,0.33579,55.95,5645.23,0.4419,32.7955,32.9074,False,False
2371,2195,1552.45,1391.65,2.653672,69.411079,0.35989,58.23,6726.16,0.3377,32.782,32.8985,False,False
2372,3835,844.24,2482.61,-14.617268,58.199519,0.3651,59.07,3064.14,0.3405,32.7759,32.894,False,False
2373,4325,1777.7,2671.69,-17.610599,72.977036,0.36611,59.23,2011.96,0.3421,32.7543,32.8728,False,False
2374,4117,558.26,2614.06,-16.698289,53.672037,0.36411,58.91,3058.96,0.3396,32.6882,32.806,False,False
2375,3260,582.53,2186.55,-9.930261,54.056269,0.31701,69.54,8175.59,0.4927,32.6561,32.7951,False,False
2376,497,1778.85,274.12,20.345354,72.995287,0.31892,75.55,3367.11,0.5136,32.603,32.7541,False,False
2377,2183,2032.45,1357.16,3.199772,77.009912,0.35996,58.24,4772.69,0.3414,32.6245,32.741,False,False
2378,1449,1362.11,745.11,12.889084,66.397781,0.35955,58.17,4267.77,0.3458,32.6142,32.7305,False,False
2379,1797,331.04,971.71,9.301761,50.074954,0.30933,78.41,4963.91,0.53,32.3954,32.5522,False,False
2380,1834,213.28,1011.88,8.66584,48.21074,0.30353,83.91,4850.68,0.5524,32.368,32.5358,False,False
2381,3808,2131.57,2448.35,-14.074963,78.579083,0.32494,67.4,2498.24,0.4835,32.3921,32.5269,False,False
2382,3944,2154.48,2513.66,-15.108843,78.941839,0.32046,71.22,2429.51,0.4997,32.353,32.4954,False,False
2383,3445,845.3,2292.67,-11.610279,58.216254,0.35572,57.55,5233.17,0.3408,32.3625,32.4776,False,False
2384,3849,1300.0,2478.66,-14.554768,65.414593,0.36054,58.33,2537.61,0.3372,32.3268,32.4434,False,False
2385,831,77.99,461.96,17.371679,46.068991,0.32726,59.39,4975.66,0.4539,32.3181,32.4369,False,False
2386,4414,1683.05,2693.05,-17.948757,71.478569,0.36111,58.43,1708.25,0.3387,32.2983,32.4152,False,False
2387,3902,822.08,2509.18,-15.03788,57.848602,0.35918,58.11,3042.28,0.3363,32.2714,32.3876,False,False
2388,1133,787.7,595.68,15.254715,57.304405,0.35165,56.9,5881.8,0.3469,32.2546,32.3684,False,False
2389,508,272.21,303.22,19.884626,49.143715,0.32847,54.39,6506.24,0.4354,32.253,32.3618,False,False
2390,4055,1077.95,2571.84,-16.029927,61.899332,0.35775,57.88,3337.26,0.3361,32.2006,32.3163,False,False
2391,1485,180.7,774.87,12.41794,47.694926,0.30741,74.45,6179.58,0.5157,32.1433,32.2922,False,False
2392,654,975.49,362.41,18.94756,60.277261,0.33119,54.51,3834.03,0.4374,32.169,32.2781,False,False
2393,1429,140.84,755.63,12.722571,47.063855,0.30393,79.83,4811.45,0.5367,32.1091,32.2688,False,False
2394,1601,299.7,850.59,11.21921,49.578899,0.29967,80.24,6884.9,0.5401,32.108,32.2685,False,False
2395,1182,94.47,635.62,14.622456,46.329904,0.30053,99.56,4310.26,0.5511,32.0643,32.2634,True,False
2396,164,82.63,113.25,22.89198,46.142382,0.33042,54.74,3980.65,0.438,32.1424,32.2519,False,False
2397,628,105.24,372.48,18.788176,46.500361,0.32657,54.4,6542.5,0.4356,32.1237,32.2325,False,False
2398,10,333.73,11.76,24.498725,50.117568,0.35869,58.03,1822.6,0.3371,32.1079,32.2239,False,False
2399,4046,784.32,2573.69,-16.059221,57.250858,0.35696,57.75,3426.84,0.3336,32.1084,32.2239,False,False
2400,997,842.1,528.8,16.313433,58.165502,0.33548,54.28,5796.95,0.4033,32.0966,32.2051,False,False
2401,4203,689.21,2639.92,-17.107616,55.745235,0.3576,57.86,2632.99,0.3348,32.0833,32.199,False,False
2402,3778,1165.33,2444.55,-14.01468,63.282617,0.35696,57.76,2986.14,0.3342,32.068,32.1835,False,False
2403,2602,2281.51,1774.84,-3.412596,80.952865,0.32915,54.76,4476.31,0.4354,32.0632,32.1727,False,False
2404,171,299.09,111.54,22.919095,49.569192,0.35565,57.54,3528.31,0.3353,32.0567,32.1718,False,False
2405,3638,914.48,2386.7,-13.098917,59.311412,0.35684,57.74,3690.01,0.3287,32.0429,32.1583,False,False
2406,1117,42.24,583.34,15.450077,45.503021,0.3015,99.99,2722.25,0.5516,31.9578,32.1578,True,False
2407,1067,849.36,563.49,15.764277,58.280436,0.35325,57.16,5276.32,0.3324,32.0376,32.1519,False,False
2408,188,851.4,107.1,22.989362,58.312818,0.35524,57.48,3048.04,0.3381,32.0223,32.1372,False,False
2409,1483,113.41,778.64,12.358229,46.629631,0.30265,79.36,4473.48,0.5361,31.9662,32.1249,False,False
2410,1143,1259.28,587.67,15.381479,64.769981,0.31956,64.51,4022.29,0.4724,31.9845,32.1135,False,False
2411,3029,1651.55,2057.89,-7.893499,70.979984,0.35481,57.41,3524.48,0.3332,31.9591,32.0739,False,False
2412,2154,1879.14,1321.18,3.769294,74.58297,0.31987,62.92,4133.81,0.4672,31.927,32.0528,False,False
2413,2062,1803.55,1200.09,5.686331,73.386324,0.35443,57.35,3787.81,0.3316,31.9334,32.0481,False,False
2414,4201,620.75,2642.49,-17.148309,54.661408,0.35597,57.6,2609.33,0.3325,31.9226,32.0378,False,False
2415,4057,1140.79,2568.13,-15.971173,62.894121,0.35496,57.43,2925.94,0.3345,31.9224,32.0373,False,False
2416,78,787.38,49.4,23.902821,57.2993,0.35521,57.47,2225.9,0.338,31.9203,32.0352,False,False
2417,3759,556.66,2448.0,-14.069361,53.64672,0.35316,57.14,5412.0,0.3251,31.916,32.0302,False,False
2418,1694,17.54,916.58,10.174507,45.112027,0.32116,61.7,3131.5,0.4668,31.8934,32.0168,False,False
2419,4326,1814.13,2666.28,-17.524864,73.553704,0.35567,57.55,2076.65,0.3357,31.8947,32.0098,False,False
2420,4263,2700.6,2637.32,-17.066532,87.58738,0.31234,69.85,3890.91,0.4957,31.8684,32.0081,False,False
2421,4135,1131.75,2601.16,-16.493996,62.751017,0.35463,57.38,2724.72,0.3341,31.8681,31.9829,False,False
2422,3704,876.45,2415.59,-13.556208,58.709343,0.35487,57.42,3203.68,0.3297,31.8617,31.9766,False,False
2423,694,15.6,395.54,18.423119,45.081203,0.35275,57.07,2864.22,0.3399,31.8528,31.967,False,False
2424,713,686.65,405.11,18.27155,55.704654,0.33002,53.4,5444.08,0.4143,31.8589,31.9657,False,False
2425,1767,1771.24,948.52,9.6689,72.874774,0.35385,57.25,3512.19,0.331,31.8483,31.9628,False,False
2426,3053,2484.21,2058.26,-7.899451,84.161691,0.34095,55.16,3140.76,0.3846,31.8411,31.9514,False,False
2427,3698,688.32,2419.03,-13.610734,55.731139,0.33932,54.9,4132.44,0.384,31.8298,31.9396,False,False
2428,863,1166.2,459.55,17.409709,63.296362,0.35265,57.06,5064.4,0.3243,31.8244,31.9385,False,False
2429,817,1935.61,426.18,17.938096,75.476876,0.31247,66.43,5100.51,0.4807,31.7496,31.8825,False,False
2430,53,1693.07,17.99,24.400015,71.637322,0.30053,98.66,1144.92,0.5503,31.6787,31.876,True,False
2431,180,590.21,115.38,22.858286,54.177955,0.33345,53.95,4459.94,0.4018,31.7657,31.8736,False,False
2432,278,177.07,177.08,21.881595,47.637455,0.32811,53.09,5083.83,0.4188,31.7602,31.8664,False,False
2433,4402,1292.42,2687.54,-17.861538,65.294561,0.3536,57.21,1950.33,0.3352,31.7219,31.8363,False,False
2434,1469,2000.62,745.79,12.878327,76.506048,0.35212,56.97,3392.13,0.3312,31.7123,31.8263,False,False
2435,1600,270.96,847.82,11.263095,49.123887,0.29557,78.37,6532.6,0.533,31.6425,31.7992,False,False
2436,297,778.32,172.46,21.954739,57.155882,0.32439,53.78,4112.98,0.436,31.6876,31.7951,False,False
2437,1697,114.0,914.82,10.202317,46.638957,0.29341,91.77,4462.48,0.5531,31.6052,31.7887,True,False
2438,782,718.71,433.01,17.829946,56.212182,0.32116,55.94,5057.72,0.4413,31.6622,31.7741,False,False
2439,2157,1970.57,1332.88,3.584166,76.030413,0.33658,54.46,4458.48,0.383,31.652,31.7609,False,False
2440,1430,169.27,748.47,12.835819,47.513983,0.29813,76.39,5898.2,0.5246,31.6019,31.7547,False,False
2441,1409,1834.38,717.89,13.319923,73.874363,0.35305,57.12,2580.74,0.3286,31.6377,31.752,False,False
2442,851,726.24,466.97,17.292309,56.331463,0.32396,52.42,5377.67,0.4255,31.617,31.7218,False,False
2443,1039,2215.91,520.31,16.447882,79.914299,0.31333,60.38,6806.34,0.4571,31.5891,31.7099,False,False
2444,789,1041.55,430.4,17.8712,61.323039,0.33296,53.87,4873.01,0.3919,31.6006,31.7084,False,False
2445,126,587.0,79.03,23.433819,54.127048,0.34801,56.31,3972.83,0.3373,31.5956,31.7082,False,False
2446,3124,2600.86,2087.88,-8.368237,86.008516,0.32413,55.22,3179.94,0.4379,31.5938,31.7043,False,False
2447,4256,2476.05,2637.28,-17.065811,84.032622,0.34939,56.53,4471.03,0.3265,31.5598,31.6729,False,False
2448,3912,1135.8,2511.81,-15.079561,62.81512,0.35103,56.79,2849.71,0.3305,31.5591,31.6727,False,False
2449,1952,47.72,1098.27,7.298256,45.589816,0.29512,94.68,3489.09,0.5457,31.4816,31.6709,True,False
2450,280,242.2,173.88,21.932159,48.66854,0.33218,53.75,5012.21,0.3917,31.5567,31.6642,False,False
2451,64,332.57,42.14,24.017776,50.099185,0.35166,56.9,2322.89,0.3309,31.5498,31.6636,False,False
2452,2560,2191.99,1736.69,-2.808648,79.5356,0.31713,60.13,3798.39,0.4561,31.4894,31.6097,False,False
2453,4284,463.11,2666.01,-17.520583,52.165748,0.35169,56.9,2786.63,0.3232,31.4674,31.5812,False,False
2454,2731,2188.34,1865.68,-4.850629,79.47789,0.31451,62.07,3758.82,0.4647,31.4505,31.5746,False,False
2455,4413,1654.1,2693.17,-17.950617,71.02034,0.35174,56.91,1732.13,0.3288,31.4471,31.5609,False,False
2456,4410,1549.4,2694.13,-17.965875,69.362756,0.35173,56.91,1562.98,0.3291,31.4316,31.5454,False,False
2457,84,971.1,46.0,23.956718,60.207804,0.34894,56.46,2074.0,0.3331,31.3644,31.4773,False,False
2458,4044,726.57,2568.84,-15.982385,56.336543,0.34997,56.62,3501.41,0.3189,31.351,31.4642,False,False
2459,4058,1173.49,2579.78,-16.155577,63.411841,0.34807,56.32,3248.74,0.3254,31.3014,31.414,False,False
2460,4290,649.03,2667.4,-17.54269,55.109142,0.35046,56.7,2447.41,0.3198,31.2767,31.3901,False,False
2461,140,1041.27,85.61,23.329547,61.318561,0.34792,56.29,2364.02,0.3303,31.2741,31.3867,False,False
2462,1790,113.56,970.16,9.326303,46.632063,0.29084,80.1,4547.96,0.5417,31.2258,31.386,False,False
2463,4322,1680.28,2674.43,-17.65393,71.434781,0.34966,56.57,1828.56,0.3267,31.2715,31.3846,False,False
2464,4323,1706.28,2670.98,-17.599339,71.846323,0.34869,56.42,1941.83,0.3297,31.2694,31.3823,False,False
2465,3825,529.97,2474.39,-14.487183,53.224223,0.34838,56.37,5072.54,0.3101,31.262,31.3747,False,False
2466,1415,2034.48,711.07,13.427926,77.04214,0.34678,56.11,3338.54,0.3253,31.216,31.3282,False,False
2467,1374,126.46,697.35,13.645211,46.83632,0.28868,94.34,4813.86,0.5435,31.1341,31.3228,True,False
2468,107,1697.02,51.96,23.862327,71.699819,0.29398,92.21,1574.22,0.5434,31.1327,31.3171,True,False
2469,3644,1107.36,2377.41,-12.951865,62.364896,0.34775,56.26,4547.36,0.3116,31.1814,31.2939,False,False
2470,3982,1130.51,2539.83,-15.523069,62.731416,0.34697,56.14,2970.21,0.3246,31.1743,31.2866,False,False
2471,3901,786.48,2508.92,-15.033743,57.285012,0.34847,56.38,2916.79,0.3176,31.15,31.2628,False,False
2472,696,81.23,396.17,18.413062,46.120295,0.33402,54.04,5658.13,0.3575,31.1499,31.2579,False,False
2473,3970,752.19,2536.46,-15.469692,56.742258,0.34824,56.34,3059.97,0.3169,31.1368,31.2495,False,False
2474,2991,2451.58,2032.57,-7.492734,83.64515,0.33341,53.94,3596.14,0.3726,31.1353,31.2432,False,False
2475,655,1008.69,368.32,18.854094,60.802879,0.33698,54.52,3798.63,0.3556,31.1098,31.2189,False,False
2476,181,621.59,108.04,22.974459,54.674652,0.31618,54.69,4109.73,0.4355,31.0876,31.197,False,False
2477,4447,2769.17,2688.81,-17.881657,88.672979,0.31328,57.7,3980.45,0.4469,31.0686,31.184,False,False
2478,1682,2058.47,876.39,10.810726,77.421839,0.34516,55.85,4722.45,0.3144,31.0673,31.179,False,False
2479,2350,2003.71,1557.84,0.022711,76.554959,0.34821,56.34,2525.41,0.316,31.0557,31.1684,False,False
2480,3129,2768.27,2090.62,-8.411746,88.658785,0.30053,69.93,3581.71,0.4977,31.0179,31.1578,False,False
2481,4226,1419.86,2636.27,-17.049868,67.312089,0.34764,56.25,2446.95,0.3175,31.0335,31.146,False,False
2482,4260,2608.98,2645.23,-17.191624,86.137004,0.31913,51.79,3517.47,0.4245,31.0319,31.1355,False,False
2483,567,272.48,332.24,19.425164,49.147884,0.3122,52.63,6561.74,0.4301,30.991,31.0963,False,False
2484,3248,2229.18,2158.68,-9.489118,80.124329,0.31252,57.64,3679.43,0.4464,30.9702,31.0854,False,False
2485,4003,1802.93,2543.44,-15.580206,73.37645,0.34578,55.95,2297.55,0.322,30.9631,31.075,False,False
2486,4118,595.49,2604.23,-16.542657,54.261493,0.34692,56.13,3154.53,0.3115,30.9569,31.0692,False,False
2487,4344,2415.19,2665.64,-17.514764,83.069084,0.30697,60.83,4650.6,0.4596,30.9222,31.0439,False,False
2488,538,1226.99,308.13,19.806823,64.258818,0.34485,55.8,2468.82,0.3217,30.9102,31.0218,False,False
2489,4126,842.05,2609.18,-16.620958,58.164697,0.34602,55.99,2978.62,0.3132,30.9011,31.0131,False,False
2490,135,878.01,82.73,23.375208,58.734108,0.34288,55.48,2506.78,0.3288,30.9017,31.0126,False,False
2491,2717,1741.25,1870.0,-4.918971,72.400054,0.34641,56.05,3483.85,0.3083,30.9004,31.0125,False,False
2492,4225,1387.49,2637.32,-17.066446,66.799591,0.34522,55.86,2317.34,0.3206,30.9005,31.0122,False,False
2493,4416,1746.2,2689.04,-17.885221,72.478274,0.34433,55.71,1969.68,0.3253,30.8796,30.991,False,False
2494,3845,1168.89,2479.88,-14.57407,63.339003,0.34534,55.87,2808.54,0.3156,30.8754,30.9871,False,False
2495,3281,1456.8,2188.59,-9.962676,67.896832,0.34514,55.84,3249.44,0.3131,30.8684,30.9801,False,False
2496,3632,714.04,2378.59,-12.970559,56.138259,0.34313,55.52,5330.3,0.3074,30.8659,30.9769,False,False
2497,1889,1615.87,1043.36,8.167545,70.415085,0.34236,55.39,4281.9,0.3163,30.8469,30.9577,False,False
2498,3501,718.53,2323.34,-12.095883,56.209337,0.3211,51.95,6629.64,0.3842,30.8156,30.9195,False,False
2499,1875,171.21,1034.64,8.305487,47.544719,0.29032,74.7,3909.37,0.5222,30.7632,30.9126,False,False
2500,4042,657.13,2578.51,-16.135425,55.237306,0.34472,55.77,3455.72,0.3088,30.785,30.8966,False,False
2501,2601,2248.29,1767.57,-3.29749,80.426866,0.3189,51.6,4350.84,0.4067,30.7929,30.8961,False,False
2502,2685,2188.5,1838.73,-4.424087,79.480409,0.31007,56.74,3800.27,0.4431,30.7486,30.8621,False,False
2503,1704,334.82,914.19,10.212387,50.134846,0.28673,73.79,6274.94,0.5183,30.7126,30.8602,False,False
2504,1134,818.42,586.6,15.398414,57.790689,0.34034,55.07,6127.92,0.3059,30.731,30.8411,False,False
2505,8,268.9,19.49,24.376322,49.091253,0.34285,55.47,1669.24,0.3238,30.7106,30.8216,False,False
2506,3972,812.58,2541.18,-15.544501,57.698203,0.34511,55.84,2949.41,0.3061,30.705,30.8167,False,False
2507,4121,687.27,2610.38,-16.639911,55.714482,0.3449,55.8,2995.21,0.3052,30.6787,30.7903,False,False
2508,1835,242.87,1002.59,8.812923,48.679097,0.28345,77.83,4797.36,0.5363,30.6256,30.7813,False,False
2509,3963,526.9,2538.89,-15.508186,53.175603,0.34342,55.56,3388.73,0.3077,30.6643,30.7754,False,False
2510,794,1200.22,435.0,17.798487,63.834933,0.34316,55.52,3303.6,0.3089,30.6561,30.7671,False,False
2511,3126,2661.19,2090.48,-8.409408,86.963481,0.31283,53.42,3218.69,0.4306,30.6526,30.7594,False,False
2512,2199,1675.59,1390.98,2.664324,71.36059,0.34279,55.46,3635.57,0.3075,30.6435,30.7544,False,False
2513,3746,16.73,2446.73,-14.049171,45.099223,0.3001,63.45,3967.15,0.4741,30.6086,30.7355,False,False
2514,2561,2218.51,1744.42,-2.931035,79.955487,0.3087,55.88,3929.9,0.4407,30.6219,30.7337,False,False
2515,920,714.09,491.68,16.90117,56.138985,0.33177,53.68,4965.79,0.3406,30.6026,30.7099,False,False
2516,712,658.67,397.72,18.388616,55.261729,0.33759,54.62,4774.51,0.3182,30.5962,30.7054,False,False
2517,3036,1864.95,2063.27,-7.978679,74.358289,0.34145,55.25,2442.87,0.3176,30.5894,30.6999,False,False
2518,4119,628.12,2613.86,-16.694997,54.778102,0.34342,55.56,3176.3,0.3046,30.5832,30.6943,False,False
2519,3287,1653.07,2185.48,-9.913332,71.004037,0.34224,55.37,2434.43,0.3138,30.5753,30.686,False,False
2520,1428,105.88,756.28,12.712181,46.510516,0.28059,83.46,4357.04,0.5431,30.4909,30.6579,True,False
2521,4261,2643.14,2633.26,-17.002176,86.67772,0.30224,61.92,3277.51,0.4656,30.5282,30.652,False,False
2522,2160,2071.69,1329.99,3.629852,77.63121,0.31182,51.77,3774.21,0.4237,30.5224,30.6259,False,False
2523,1752,338.64,938.52,9.82724,50.195288,0.28118,75.14,6316.36,0.5269,30.4734,30.6237,False,False
2524,1431,213.47,750.91,12.797208,48.21373,0.28694,69.55,6679.89,0.5016,30.4748,30.6138,False,False
2525,4316,1492.26,2668.38,-17.558224,68.458304,0.34382,55.63,1883.35,0.3062,30.4888,30.6,False,False
2526,20,659.32,12.9,24.480675,55.272014,0.33923,54.89,1594.44,0.3265,30.4901,30.5998,False,False
2527,2020,172.61,1166.36,6.220309,47.5669,0.28724,75.24,2796.01,0.5236,30.4344,30.5849,False,False
2528,4154,1746.89,2608.85,-16.615744,72.489309,0.34138,55.23,2559.64,0.3092,30.4449,30.5554,False,False
2529,578,655.83,337.61,19.340234,55.216779,0.33882,54.82,4790.04,0.3048,30.4448,30.5544,False,False
2530,644,616.72,358.3,19.012639,54.597629,0.33805,54.7,5383.76,0.3036,30.4381,30.5475,False,False
2531,4116,524.98,2601.56,-16.500429,53.145265,0.34223,55.37,3408.28,0.2997,30.4359,30.5466,False,False
2532,1975,1874.14,1099.59,7.277307,74.503713,0.31888,51.59,4630.74,0.3853,30.4399,30.5431,False,False
2533,63,307.02,47.39,23.934584,49.694644,0.34132,55.22,2259.97,0.3101,30.4228,30.5332,False,False
2534,663,1262.04,372.37,18.789825,64.813677,0.34071,55.12,2488.79,0.3101,30.4063,30.5165,False,False
2535,1036,2127.83,522.61,16.411533,78.519941,0.33692,54.51,5660.64,0.3045,30.4056,30.5147,False,False
2536,1860,1995.46,1004.87,8.776871,76.424434,0.33591,54.35,6870.34,0.3005,30.4025,30.5112,False,False
2537,3427,2186.59,2255.41,-11.020485,79.450127,0.30544,57.15,3295.21,0.4449,30.3877,30.502,False,False
2538,3768,849.07,2441.83,-13.971592,58.275896,0.34145,55.24,3251.55,0.301,30.384,30.4945,False,False
2539,3918,1326.81,2515.97,-15.145438,65.839018,0.3421,55.35,2461.91,0.3006,30.3315,30.4422,False,False
2540,4321,1649.73,2670.51,-17.591845,70.951059,0.342,55.33,1675.66,0.3059,30.3272,30.4379,False,False
2541,4409,1518.83,2690.37,-17.906373,68.878863,0.34229,55.38,1715.7,0.3041,30.3202,30.4309,False,False
2542,3709,1044.44,2412.13,-13.501436,61.368741,0.34004,55.02,4109.09,0.2961,30.2955,30.4055,False,False
2543,4259,2577.77,2634.64,-17.024021,85.642842,0.33808,54.7,3645.41,0.3069,30.2948,30.4042,False,False
2544,4077,1776.3,2569.16,-15.987502,72.954824,0.34006,55.02,2551.66,0.306,30.2921,30.4021,False,False
2545,4258,2541.76,2641.23,-17.128381,85.072769,0.3389,54.83,4041.68,0.2996,30.2698,30.3795,False,False
2546,1685,2161.9,876.79,10.804417,79.059218,0.33596,54.36,6877.15,0.2927,30.2659,30.3746,False,False
2547,3571,904.38,2356.03,-12.613331,59.151459,0.33917,54.88,4424.21,0.295,30.2509,30.3607,False,False
2548,1394,1350.1,718.86,13.304591,66.207737,0.33692,54.51,4296.66,0.3045,30.2441,30.3531,False,False
2549,2009,1901.81,1144.23,6.570661,74.94185,0.30648,51.89,4497.83,0.4251,30.2479,30.3516,False,False
2550,2953,1168.84,2032.05,-7.484406,63.338192,0.33847,54.76,4692.25,0.2951,30.2335,30.343,False,False
2551,4061,1264.54,2579.63,-16.153232,64.853143,0.33709,54.54,2974.61,0.3105,30.2096,30.3187,False,False
2552,533,1074.43,302.28,19.899489,61.843533,0.33675,54.48,2649.25,0.3132,30.1956,30.3045,False,False
2553,3682,80.83,2409.1,-13.453574,46.113948,0.29341,62.77,4294.41,0.4741,30.1654,30.291,False,False
2554,3769,875.74,2450.71,-14.112236,58.698105,0.33998,55.01,3128.38,0.2959,30.1725,30.2826,False,False
2555,532,1045.49,304.86,19.858578,61.385432,0.33526,54.24,3335.71,0.3134,30.1734,30.2819,False,False
2556,4198,527.13,2642.65,-17.150872,53.179263,0.34045,55.08,2753.76,0.2963,30.1704,30.2806,False,False
2557,4043,687.03,2581.46,-16.182141,55.710695,0.33954,54.94,3426.35,0.2956,30.1703,30.2801,False,False
2558,442,16.22,269.38,20.420295,45.091065,0.32273,52.22,3200.8,0.364,30.1647,30.2691,False,False
2559,3014,1172.73,2058.99,-7.910893,63.399768,0.337,54.52,4954.94,0.2939,30.1363,30.2454,False,False
2560,521,692.29,310.64,19.76712,55.793992,0.33234,53.77,6206.38,0.3041,30.1331,30.2407,False,False
2561,1746,143.25,944.97,9.725007,47.102092,0.28176,72.59,4438.85,0.5156,30.0896,30.2348,False,False
2562,4045,755.3,2573.12,-16.050048,56.791498,0.33889,54.83,3424.82,0.2954,30.1204,30.23,False,False
2563,4122,714.11,2598.11,-16.445666,56.139286,0.33885,54.82,3440.96,0.2955,30.1204,30.23,False,False
2564,1672,1749.38,883.22,10.702625,72.528741,0.33986,54.99,2814.2,0.2955,30.1189,30.2289,False,False
2565,194,1039.7,115.22,22.860888,61.293789,0.33514,54.22,2625.28,0.3153,30.1149,30.2233,False,False
2566,779,617.59,429.0,17.893379,54.611384,0.31639,51.19,5871.97,0.3693,30.1178,30.2202,False,False
2567,82,906.58,50.83,23.880151,59.186346,0.33589,54.35,2115.63,0.3152,30.1065,30.2152,False,False
2568,3102,1781.96,2100.44,-8.567209,73.044531,0.33771,54.64,2588.76,0.3037,30.0866,30.1959,False,False
2569,3832,755.61,2481.48,-14.599438,56.796388,0.33929,54.9,2919.36,0.2951,30.084,30.1938,False,False
2570,695,48.51,402.59,18.311512,45.602282,0.33551,54.28,3806.2,0.304,30.0763,30.1848,False,False
2571,2310,1650.96,1521.3,0.601273,70.970639,0.33468,54.15,3906.05,0.3058,30.0609,30.1692,False,False
2572,1308,2447.78,654.54,14.322948,83.585004,0.27764,79.18,4348.98,0.5277,30.0009,30.1593,False,False
2573,3910,1070.84,2517.99,-15.177358,61.786813,0.33845,54.76,3092.98,0.2954,30.0489,30.1584,False,False
2574,761,14.22,426.81,17.928077,45.059341,0.33626,54.41,2784.65,0.3055,30.0367,30.1455,False,False
2575,3054,2513.97,2065.47,-8.013564,84.6329,0.32543,52.65,3217.88,0.3461,30.0385,30.1438,False,False
2576,3834,809.08,2479.99,-14.575843,57.642792,0.33835,54.74,2940.85,0.2952,30.0212,30.1307,False,False
2577,111,116.15,80.45,23.411336,46.673019,0.31132,50.37,3412.45,0.4005,30.0257,30.1264,False,False
2578,4112,395.43,2605.86,-16.568364,51.094406,0.33651,54.45,4342.04,0.2931,30.0162,30.1251,False,False
2579,3169,1709.69,2127.19,-8.990673,71.900319,0.33685,54.5,2592.98,0.3029,30.0101,30.1191,False,False
2580,3366,2187.73,2227.59,-10.580037,79.468184,0.30516,52.42,3173.34,0.4257,30.0076,30.1124,False,False
2581,3763,684.85,2445.61,-14.031519,55.676176,0.33429,54.09,4065.51,0.3025,29.9925,30.1007,False,False
2582,2104,1771.71,1268.39,4.60498,72.882134,0.3369,54.51,3567.03,0.2938,29.9639,30.0729,False,False
2583,239,715.07,148.56,22.33307,56.154628,0.31781,51.42,4714.4,0.3624,29.9607,30.0635,False,False
2584,2262,1970.98,1458.31,1.598469,76.036805,0.33802,54.69,2568.79,0.2945,29.9398,30.0492,False,False
2585,3565,718.87,2348.05,-12.487023,56.21475,0.33117,53.58,5724.93,0.301,29.936,30.0432,False,False
2586,4065,1387.63,2572.12,-16.034252,66.801823,0.33717,54.55,2876.02,0.2955,29.9339,30.043,False,False
2587,3971,781.77,2541.97,-15.556966,57.210471,0.3374,54.59,2880.95,0.2945,29.933,30.0422,False,False
2588,850,685.44,468.7,17.264879,55.685515,0.33072,53.51,5640.92,0.3027,29.9246,30.0316,False,False
2589,722,1045.21,392.66,18.468667,61.380913,0.33267,53.83,3772.09,0.3066,29.915,30.0226,False,False
2590,3762,653.93,2451.96,-14.132003,55.186599,0.333,53.88,4093.71,0.3028,29.9075,30.0153,False,False
2591,645,646.07,372.06,18.794734,55.062148,0.3323,53.76,4726.18,0.3014,29.9065,30.014,False,False
2592,2351,2033.42,1546.12,0.208254,77.025373,0.33759,54.62,2386.02,0.2952,29.9003,30.0095,False,False
2593,1676,1866.99,885.51,10.666397,74.390648,0.33554,54.29,3600.89,0.2953,29.898,30.0066,False,False
2594,19,622.7,15.37,24.441551,54.692322,0.33386,54.02,1653.35,0.3148,29.8981,30.0062,False,False
2595,590,1037.14,333.28,19.408701,61.253199,0.33392,54.03,3391.66,0.3029,29.893,30.0011,False,False
2596,3163,1522.6,2122.78,-8.920773,68.938603,0.33608,54.38,3408.13,0.2935,29.8826,29.9913,False,False
2597,2207,1941.16,1391.87,2.650173,75.564739,0.33547,54.28,3867.29,0.2925,29.8743,29.9829,False,False
2598,792,1131.2,434.74,17.802484,62.742285,0.33422,54.08,4619.21,0.2923,29.869,29.9772,False,False
2599,4134,1098.55,2606.09,-16.572022,62.225359,0.33659,54.46,2605.3,0.2957,29.863,29.9719,False,False
2600,382,1742.37,201.49,21.495071,72.41767,0.27764,81.81,2327.92,0.5299,29.8024,29.966,True,False
2601,3975,910.8,2539.73,-15.521497,59.253148,0.33624,54.4,2978.97,0.2936,29.8446,29.9534,False,False
2602,1919,265.89,1074.09,7.680952,49.043653,0.27987,71.62,3568.1,0.5126,29.7977,29.9409,False,False
2603,1508,1427.52,780.03,12.336258,67.433284,0.33443,54.11,4137.69,0.2924,29.8296,29.9378,False,False
2604,241,783.52,148.32,22.336765,57.238222,0.32727,52.95,3955.68,0.3219,29.8231,29.929,False,False
2605,4064,1357.07,2578.49,-16.135211,66.318074,0.33594,54.35,2955.77,0.2933,29.8141,29.9229,False,False
2606,2688,2283.27,1837.93,-4.411308,80.980751,0.29105,59.85,4778.14,0.4603,29.803,29.9227,False,False
2607,3978,1008.2,2546.86,-15.634474,60.795102,0.33572,54.32,3116.22,0.293,29.8129,29.9216,False,False
2608,4049,870.91,2577.24,-16.115298,58.62164,0.33509,54.22,3461.09,0.2927,29.8018,29.9102,False,False
2609,81,883.22,55.77,23.801925,58.816485,0.33192,53.7,2266.1,0.3125,29.7894,29.8968,False,False
2610,279,209.16,180.12,21.833439,48.145535,0.32796,53.06,5332.51,0.3081,29.7873,29.8934,False,False
2611,1562,1451.11,814.56,11.789663,67.806745,0.33334,53.93,4441.89,0.2921,29.7808,29.8886,False,False
2612,4143,1395.53,2609.57,-16.627111,66.926979,0.33593,54.35,2640.66,0.2933,29.7774,29.8861,False,False
2613,4038,533.66,2568.88,-15.983073,53.2826,0.33443,54.11,3715.15,0.2922,29.7761,29.8843,False,False
2614,4133,1069.19,2601.77,-16.503606,61.760645,0.33549,54.28,2817.79,0.2936,29.7726,29.8811,False,False
2615,4283,431.51,2673.55,-17.640092,51.665453,0.33571,54.32,2662.39,0.2929,29.7574,29.866,False,False
2616,3015,1199.49,2061.72,-7.954225,63.823343,0.33273,53.83,4670.07,0.291,29.744,29.8516,False,False
2617,3713,1171.96,2413.22,-13.518783,63.387509,0.33429,54.09,3465.51,0.2923,29.7375,29.8457,False,False
2618,3522,1391.95,2322.45,-12.08172,66.870282,0.33498,54.2,2953.3,0.2927,29.7351,29.8435,False,False
2619,711,620.29,394.8,18.434788,54.654076,0.3302,53.42,4760.3,0.3,29.7347,29.8415,False,False
2620,4318,1551.78,2673.04,-17.632006,69.400453,0.33639,54.43,1663.36,0.2951,29.7268,29.8356,False,False
2621,384,15.81,237.64,20.922878,45.084593,0.32134,51.99,3373.07,0.3441,29.7263,29.8303,False,False
2622,476,1097.54,276.06,20.314625,62.209405,0.33176,53.68,2903.52,0.3046,29.712,29.8193,False,False
2623,1450,1390.54,754.85,12.734867,66.847886,0.33255,53.8,3974.27,0.2938,29.6996,29.8072,False,False
2624,4197,495.32,2643.63,-17.166355,52.675691,0.33468,54.15,2863.43,0.2924,29.6966,29.8049,False,False
2625,2859,1587.89,1960.89,-6.35798,69.972167,0.33284,53.85,4125.21,0.2911,29.6895,29.7972,False,False
2626,3503,779.02,2316.28,-11.984043,57.166925,0.32796,53.06,5851.77,0.2992,29.6868,29.7929,False,False
2627,2008,1876.65,1130.9,6.781691,74.543471,0.31745,51.36,5073.09,0.3462,29.6854,29.7881,False,False
2628,791,1102.81,425.2,17.953512,62.292813,0.33212,53.74,4448.89,0.2912,29.6774,29.7849,False,False
2629,1648,179.12,878.68,10.774484,47.669985,0.27619,71.01,4934.34,0.5096,29.6388,29.7808,False,False
2630,245,910.08,144.4,22.398926,59.241769,0.33323,53.92,2703.31,0.2974,29.6646,29.7724,False,False
2631,61,242.17,54.11,23.82819,48.668131,0.33203,53.72,1981.43,0.3069,29.6638,29.7712,False,False
2632,3917,1292.91,2508.67,-15.029786,65.302269,0.33465,54.15,2515.01,0.2927,29.6586,29.7668,False,False
2633,4202,660.76,2643.33,-17.161548,55.29472,0.33435,54.1,2738.96,0.2922,29.6541,29.7623,False,False
2634,4235,1709.67,2641.82,-17.137716,71.900081,0.33494,54.19,2162.03,0.293,29.644,29.7524,False,False
2635,3893,526.79,2506.58,-14.996727,53.173947,0.33279,53.84,3701.19,0.2914,29.6422,29.7499,False,False
2636,3028,1619.91,2059.27,-7.915426,70.478994,0.33319,53.91,3452.66,0.2913,29.6386,29.7464,False,False
2637,3833,777.47,2473.77,-14.477262,57.142441,0.33365,53.98,2971.62,0.2917,29.623,29.731,False,False
2638,4144,1422.0,2601.67,-16.50216,67.345987,0.33401,54.04,2621.79,0.2922,29.6172,29.7253,False,False
2639,3228,1585.24,2160.92,-9.524641,69.930134,0.33366,53.98,2827.84,0.2921,29.6141,29.7221,False,False
2640,4040,595.33,2569.76,-15.997003,54.258948,0.33278,53.84,3377.8,0.2912,29.5986,29.7063,False,False
2641,3899,714.15,2517.74,-15.173344,56.140047,0.33326,53.92,3019.04,0.2915,29.5972,29.705,False,False
2642,3900,746.89,2508.88,-15.033066,56.658284,0.33345,53.95,2853.11,0.2914,29.5901,29.698,False,False
2643,4228,1481.41,2637.3,-17.066089,68.286489,0.33422,54.07,2223.22,0.2924,29.5879,29.6961,False,False
2644,136,917.26,85.8,23.326548,59.355352,0.33198,53.71,2429.08,0.2997,29.5835,29.691,False,False
2645,1414,2000.45,711.3,13.424334,76.503408,0.3329,53.86,3064.08,0.2909,29.5657,29.6734,False,False
2646,2690,2347.98,1842.92,-4.49029,82.005161,0.29311,56.47,3929.42,0.4439,29.556,29.6689,False,False
2647,1168,2067.23,584.14,15.437405,77.560554,0.33218,53.75,3442.15,0.291,29.5592,29.6667,False,False
2648,1416,2059.19,715.03,13.365207,77.433343,0.3324,53.78,3255.37,0.2911,29.5557,29.6633,False,False
2649,656,1043.88,361.05,18.969148,61.359861,0.33033,53.45,3482.72,0.2974,29.5472,29.6541,False,False
2650,3518,1267.66,2317.33,-12.00068,64.902526,0.33173,53.67,3751.62,0.2899,29.5429,29.6503,False,False
2651,4063,1328.1,2578.49,-16.135133,65.859417,0.33249,53.8,2941.99,0.2916,29.5344,29.642,False,False
2652,3987,1302.57,2547.57,-15.645665,65.455329,0.33237,53.78,2943.58,0.2915,29.5237,29.6313,False,False
2653,4113,428.5,2600.98,-16.491215,51.617794,0.33101,53.56,3960.23,0.29,29.5188,29.6259,False,False
2654,1582,2098.46,814.89,11.784389,78.054965,0.33044,53.46,4443.18,0.2891,29.5182,29.6251,False,False
2655,1579,1994.99,812.81,11.817258,76.416976,0.331,53.55,3952.48,0.2899,29.5145,29.6216,False,False
2656,4120,654.75,2607.34,-16.591907,55.199597,0.33235,53.77,2943.09,0.2907,29.5077,29.6153,False,False
2657,3989,1362.82,2546.89,-15.634844,66.409002,0.33279,53.84,2583.15,0.2913,29.5075,29.6152,False,False
2658,77,749.69,43.95,23.989046,56.702573,0.32697,52.9,2017.4,0.3174,29.4925,29.5983,False,False
2659,3980,1064.23,2549.34,-15.673582,61.682168,0.33133,53.61,3259.35,0.2909,29.475,29.5822,False,False
2660,4136,1163.18,2607.86,-16.600127,63.248596,0.33211,53.73,2654.27,0.2914,29.4701,29.5776,False,False
2661,1411,1900.31,714.93,13.366825,74.918066,0.33224,53.75,2647.2,0.2907,29.4655,29.573,False,False
2662,2832,2384.52,1938.18,-5.998432,82.583605,0.32625,52.79,4339.56,0.3036,29.4656,29.5711,False,False
2663,1765,1706.27,951.11,9.627906,71.846232,0.33149,53.63,3233.93,0.2897,29.4619,29.5692,False,False
2664,4339,2226.29,2665.48,-17.512244,80.078571,0.28165,67.09,2516.13,0.4918,29.4284,29.5626,False,False
2665,3782,1291.36,2438.77,-13.923172,65.277799,0.33217,53.74,2579.23,0.2908,29.4537,29.5612,False,False
2666,3681,46.48,2420.98,-13.641617,45.570135,0.28646,60.59,3594.96,0.4661,29.4387,29.5599,False,False
2667,591,1077.17,334.84,19.384008,61.887025,0.32976,53.35,2941.96,0.2977,29.4465,29.5532,False,False
2668,4004,1833.21,2538.55,-15.502764,73.855768,0.33224,53.75,2332.1,0.2916,29.4444,29.5519,False,False
2669,417,1066.45,235.81,20.951754,61.717255,0.32886,53.21,2677.17,0.3024,29.4366,29.543,False,False
2670,2671,1738.99,1834.0,-4.3491,72.364196,0.33069,53.51,3491.46,0.2896,29.4331,29.5401,False,False
2671,2970,1712.67,2032.97,-7.49895,71.947597,0.33104,53.56,3156.62,0.2901,29.4283,29.5354,False,False
2672,3699,713.28,2420.53,-13.634547,56.126281,0.3278,53.04,4256.4,0.2958,29.4275,29.5335,False,False
2673,1412,1934.91,716.46,13.342582,75.465799,0.33171,53.67,2651.84,0.2903,29.421,29.5284,False,False
2674,3964,559.41,2547.28,-15.641071,53.690227,0.33089,53.54,3026.95,0.2907,29.413,29.5201,False,False
2675,4324,1738.5,2663.53,-17.481382,72.356416,0.33208,53.73,2119.44,0.2912,29.4014,29.5089,False,False
2676,658,1108.21,367.24,18.871193,62.3784,0.33072,53.51,3075.87,0.2904,29.4008,29.5078,False,False
2677,4381,615.2,2686.83,-17.850224,54.57354,0.33152,53.64,2383.55,0.2906,29.3802,29.4875,False,False
2678,2233,1934.48,1419.82,2.207759,75.458927,0.33051,53.48,3108.79,0.2894,29.3719,29.4789,False,False
2679,3578,1138.03,2354.69,-12.592102,62.850361,0.3291,53.25,4096.6,0.2885,29.3699,29.4764,False,False
2680,3983,1167.43,2541.39,-15.54773,63.31588,0.33038,53.45,2819.21,0.2904,29.3463,29.4532,False,False
2681,975,81.79,526.36,16.352057,46.129137,0.29196,52.36,4830.26,0.431,29.3471,29.4519,False,False
2682,2865,1775.58,1965.01,-6.423131,72.943442,0.33013,53.41,3077.82,0.2895,29.343,29.4498,False,False
2683,3061,2736.36,2062.75,-7.970424,88.153525,0.28677,58.45,4327.48,0.454,29.3291,29.446,False,False
2684,4438,2443.36,2689.08,-17.885948,83.515033,0.3282,53.1,3309.14,0.2954,29.3374,29.4436,False,False
2685,117,298.99,77.16,23.463343,49.567605,0.3303,53.44,2858.26,0.2899,29.3348,29.4417,False,False
2686,3909,1041.52,2512.78,-15.09494,61.322555,0.32983,53.37,3124.17,0.2894,29.3239,29.4307,False,False
2687,3916,1263.48,2510.28,-15.055346,64.836406,0.33038,53.45,2541.81,0.2905,29.3157,29.4226,False,False
2688,6,209.11,16.15,24.429172,48.144744,0.32999,53.39,1542.01,0.2983,29.3106,29.4174,False,False
2689,2812,1616.83,1933.65,-5.926719,70.430216,0.32853,53.16,3973.73,0.2881,29.3076,29.4139,False,False
2690,27,875.61,20.05,24.367473,58.696006,0.32834,53.12,1625.97,0.3039,29.3026,29.4088,False,False
2691,3913,1167.51,2513.37,-15.104274,63.317087,0.32976,53.35,2851.49,0.2901,29.2992,29.4059,False,False
2692,189,877.81,117.45,22.825477,58.730883,0.32672,52.86,2947.32,0.3016,29.2995,29.4052,False,False
2693,3645,1141.2,2385.25,-13.075937,62.900539,0.32853,53.15,3750.46,0.2886,29.2898,29.3961,False,False
2694,3781,1262.13,2454.11,-14.166117,64.815102,0.32999,53.39,2562.74,0.2901,29.2824,29.3892,False,False
2695,1467,1936.64,755.51,12.724442,75.493182,0.3293,53.28,3200.53,0.2887,29.2823,29.3889,False,False
2696,4194,400.38,2637.46,-17.068692,51.17269,0.32887,53.21,3501.35,0.2884,29.282,29.3884,False,False
2697,3988,1328.0,2547.11,-15.638393,65.857887,0.32997,53.39,2644.22,0.2895,29.2796,29.3863,False,False
2698,1615,1485.69,855.72,11.137962,68.354183,0.32864,53.17,3514.0,0.2888,29.2737,29.3801,False,False
2699,726,1161.36,402.51,18.312758,63.219709,0.32854,53.16,3179.5,0.2908,29.2639,29.3702,False,False
2700,225,270.65,136.87,22.518173,49.118891,0.32593,52.73,3790.45,0.2971,29.2601,29.3656,False,False
2701,4218,1164.68,2643.88,-17.170282,63.272355,0.32978,53.36,2226.99,0.2903,29.2316,29.3383,False,False
2702,1413,1964.48,716.26,13.345721,75.933971,0.3293,53.28,2763.84,0.2885,29.227,29.3335,False,False
2703,2973,1810.11,2032.01,-7.48378,73.490167,0.3292,53.26,2725.74,0.2888,29.2203,29.3268,False,False
2704,3579,1167.15,2350.13,-12.519964,63.311429,0.32758,53.0,3755.65,0.2878,29.2074,29.3134,False,False
2705,2881,2410.15,1967.51,-6.462798,82.989328,0.32523,52.62,3469.12,0.2981,29.1904,29.2956,False,False
2706,892,2091.7,459.83,17.405269,77.947894,0.26357,75.42,6727.98,0.5201,29.1295,29.2804,False,False
2707,727,1202.84,394.17,18.444752,63.87639,0.3284,53.13,2758.42,0.2891,29.1737,29.2799,False,False
2708,224,238.21,139.94,22.469561,48.605389,0.32561,52.68,3658.91,0.2944,29.173,29.2784,False,False
2709,3462,1387.16,2282.22,-11.444865,66.794452,0.32746,52.98,3464.16,0.2878,29.1655,29.2715,False,False
2710,4054,1040.96,2574.15,-16.066452,61.3137,0.32781,53.04,3105.34,0.2886,29.1621,29.2681,False,False
2711,4079,1843.55,2572.84,-16.045724,74.019511,0.328,53.07,2898.3,0.2891,29.1605,29.2666,False,False
2712,3506,881.54,2317.17,-11.998215,58.789972,0.32474,52.54,5425.52,0.2853,29.155,29.2601,False,False
2713,1569,1674.98,817.99,11.735335,71.350789,0.32891,53.22,2382.4,0.2884,29.1522,29.2586,False,False
2714,2448,2093.36,1653.0,-1.483735,77.974219,0.32882,53.2,2373.83,0.2883,29.1442,29.2506,False,False
2715,1464,1837.45,746.33,12.869676,73.922983,0.32823,53.11,2770.44,0.2881,29.1442,29.2504,False,False
2716,2965,1554.83,2030.7,-7.463003,69.448766,0.32666,52.85,3910.07,0.2868,29.1422,29.2479,False,False
2717,1169,2095.36,595.28,15.261022,78.005887,0.32711,52.93,3454.46,0.287,29.1255,29.2313,False,False
2718,4157,1842.12,2603.89,-16.537293,73.996859,0.32781,53.04,2614.46,0.2892,29.1154,29.2215,False,False
2719,2268,2153.45,1462.23,1.536368,78.925592,0.29502,50.19,2979.3,0.4179,29.1148,29.2152,False,False
2720,4,143.46,15.22,24.443975,47.105387,0.32597,52.74,1906.88,0.3004,29.1003,29.2057,False,False
2721,3103,1801.99,2087.29,-8.358888,73.361532,0.32768,53.02,2719.98,0.2881,29.0996,29.2056,False,False
2722,3894,558.22,2516.13,-15.147855,53.671513,0.32684,52.88,3236.22,0.2878,29.0935,29.1993,False,False
2723,885,1871.18,459.52,17.410301,74.456982,0.3261,52.76,2744.82,0.2939,29.0927,29.1982,False,False
2724,1986,42.52,1136.82,6.687972,45.507505,0.27183,69.11,3252.33,0.5055,29.0535,29.1918,False,False
2725,1116,11.92,586.98,15.392491,45.023007,0.2683,79.91,2114.3,0.5256,29.0281,29.1879,True,False
2726,589,1003.28,336.56,19.356773,60.717131,0.32459,52.52,3600.33,0.2935,29.0763,29.1814,False,False
2727,3027,1587.99,2060.46,-7.934266,69.973753,0.32624,52.78,3635.17,0.2863,29.0709,29.1765,False,False
2728,478,1159.38,273.81,20.350235,63.188434,0.32763,53.01,2512.82,0.2879,29.0673,29.1733,False,False
2729,4219,1202.12,2641.99,-17.140393,63.865033,0.32777,53.03,2230.46,0.2891,29.0663,29.1723,False,False
2730,4208,840.98,2642.31,-17.145471,58.147889,0.32763,53.01,2507.03,0.2879,29.0657,29.1717,False,False
2731,724,1097.61,395.86,18.41805,62.210469,0.32611,52.76,3425.36,0.2876,29.0607,29.1662,False,False
2732,4115,494.37,2609.54,-16.626718,52.660644,0.32639,52.81,3407.98,0.2866,29.0596,29.1652,False,False
2733,473,1003.75,275.75,20.31947,60.724603,0.32462,52.52,3150.15,0.2954,29.0596,29.1646,False,False
2734,7,235.74,21.2,24.349292,48.566261,0.32828,53.11,1729.91,0.2899,29.0582,29.1645,False,False
2735,1563,1481.49,822.62,11.661981,68.28773,0.32565,52.69,3713.08,0.2872,29.0537,29.1591,False,False
2736,52,1675.16,21.75,24.340536,71.353717,0.26854,80.15,1191.61,0.5291,28.9981,29.1584,True,False
2737,4234,1681.08,2643.91,-17.170748,71.447434,0.32799,53.07,2067.7,0.2882,29.0462,29.1524,False,False
2738,1301,2159.33,660.36,14.230803,79.018621,0.32315,52.28,5198.71,0.287,29.0453,29.1498,False,False
2739,165,116.37,115.76,22.852311,46.676525,0.32149,52.02,4690.18,0.2969,29.0443,29.1483,False,False
2740,3908,1004.77,2513.83,-15.111454,60.740732,0.32645,52.82,3120.24,0.2872,29.0404,29.146,False,False
2741,2912,1620.27,1992.98,-6.865956,70.484731,0.32539,52.65,3891.18,0.2862,29.0376,29.1429,False,False
2742,4153,1715.56,2609.4,-16.624443,71.993315,0.32719,52.94,2489.52,0.2881,29.0364,29.1423,False,False
2743,4142,1364.0,2608.81,-16.61512,66.427765,0.32677,52.87,2688.84,0.2879,29.0264,29.1321,False,False
2744,3848,1262.83,2483.12,-14.62538,64.826125,0.32703,52.91,2500.05,0.2879,29.0231,29.1289,False,False
2745,328,14.75,211.45,21.337381,45.067857,0.31815,51.48,3157.17,0.3182,29.0052,29.1082,False,False
2746,4419,1840.36,2689.78,-17.896959,73.968919,0.32695,52.9,1843.49,0.291,28.9955,29.1013,False,False
2747,1226,1842.44,628.1,14.741431,74.001915,0.32708,52.92,2208.22,0.2879,28.9914,29.0972,False,False
2748,3934,1838.13,2505.66,-14.982227,73.933739,0.32695,52.9,2052.84,0.2888,28.9806,29.0864,False,False
2749,762,41.96,434.91,17.799906,45.498556,0.32059,51.87,3489.73,0.3048,28.9786,29.0824,False,False
2750,2039,1911.53,1175.05,6.082686,75.09575,0.28861,50.69,5271.98,0.4211,28.979,29.0804,False,False
2751,1918,239.8,1079.27,7.598955,48.630637,0.26428,72.67,4065.68,0.5237,28.9333,29.0787,False,False
2752,195,1068.47,111.72,22.916289,61.749179,0.32533,52.64,2481.71,0.2917,28.967,29.0723,False,False
2753,3968,685.17,2550.13,-15.68622,55.681171,0.32575,52.71,2882.55,0.2863,28.9461,29.0515,False,False
2754,4196,464.73,2634.37,-17.019818,52.191449,0.32521,52.62,3164.84,0.2862,28.9392,29.0445,False,False
2755,4062,1290.6,2572.47,-16.039894,65.265813,0.32516,52.61,3026.84,0.2873,28.9383,29.0435,False,False
2756,4060,1238.3,2574.26,-16.068164,64.437747,0.3246,52.52,3198.05,0.2875,28.9235,29.0286,False,False
2757,2643,2319.45,1808.21,-3.940888,81.55352,0.29908,48.39,4463.45,0.3818,28.9309,29.0277,False,False
2758,1104,2058.6,555.75,15.886764,77.423986,0.32488,52.56,3266.35,0.2859,28.9215,29.0266,False,False
2759,2403,1705.3,1612.11,-0.836456,71.830936,0.32497,52.58,3204.5,0.2857,28.9169,29.0221,False,False
2760,4224,1355.5,2635.41,-17.036284,66.293112,0.32536,52.64,2586.85,0.288,28.9147,29.02,False,False
2761,190,904.6,110.86,22.929851,59.154946,0.32493,52.57,2915.96,0.2876,28.9144,29.0196,False,False
2762,3850,1334.05,2483.89,-14.637577,65.953536,0.32576,52.71,2486.1,0.2867,28.9067,29.0121,False,False
2763,527,872.74,296.98,19.983376,58.650644,0.29534,47.79,4575.38,0.3951,28.9144,29.01,False,False
2764,221,138.75,142.31,22.43193,47.030797,0.3204,51.84,4082.73,0.2975,28.9052,29.0089,False,False
2765,4137,1198.42,2606.68,-16.581439,63.806389,0.32519,52.61,2610.66,0.2871,28.8889,28.9941,False,False
2766,4139,1262.26,2612.73,-16.677226,64.817028,0.32492,52.57,2609.55,0.2878,28.8819,28.987,False,False
2767,1092,1682.16,562.8,15.775182,71.464463,0.32606,52.76,1879.66,0.2876,28.8742,28.9797,False,False
2768,725,1128.38,397.5,18.392149,62.697729,0.32392,52.41,3377.41,0.2863,28.8732,28.978,False,False
2769,1833,177.87,1005.2,8.771662,47.650151,0.26301,72.42,3960.77,0.5238,28.8306,28.9755,False,False
2770,4161,1963.44,2611.5,-16.657772,75.917544,0.32531,52.63,2277.23,0.2876,28.8682,28.9734,False,False
2771,3646,1170.13,2382.74,-13.036203,63.358656,0.32365,52.37,3559.7,0.2855,28.8597,28.9644,False,False
2772,657,1077.08,368.85,18.845565,61.885494,0.32422,52.46,3089.62,0.2862,28.859,28.9639,False,False
2773,2910,1557.07,2003.45,-7.031653,69.484188,0.32253,52.18,4361.42,0.2845,28.8557,28.9601,False,False
2774,3760,586.87,2440.34,-13.948089,54.125053,0.31947,51.69,5790.32,0.2872,28.8529,28.9562,False,False
2775,2086,1906.95,1230.44,5.205864,75.023131,0.3095,50.08,4589.49,0.3347,28.8492,28.9494,False,False
2776,1597,178.24,849.62,11.234546,47.656039,0.28249,54.38,5248.47,0.4378,28.8375,28.9462,False,False
2777,3984,1193.96,2546.86,-15.6344,63.735837,0.32416,52.45,2949.8,0.2861,28.8363,28.9412,False,False
2778,4114,466.08,2605.54,-16.563306,52.212764,0.32339,52.32,3561.39,0.2852,28.8363,28.941,False,False
2779,1805,1557.49,978.19,9.199147,69.490854,0.323,52.26,3896.07,0.2846,28.8365,28.941,False,False
2780,3637,878.71,2388.86,-13.133098,58.745135,0.32299,52.26,3769.72,0.2848,28.8249,28.9294,False,False
2781,182,658.65,118.08,22.815517,55.261336,0.30563,49.45,4396.95,0.3499,28.8211,28.92,False,False
2782,2291,1965.74,1494.09,1.032049,75.953818,0.32464,52.53,2547.73,0.2855,28.8118,28.9169,False,False
2783,1809,1675.38,975.21,9.2463,71.357237,0.32318,52.29,3581.14,0.2845,28.8103,28.9149,False,False
2784,3986,1269.31,2536.83,-15.475634,64.928751,0.32368,52.37,2935.52,0.2863,28.8042,28.9089,False,False
2785,2320,1972.56,1523.82,0.561391,76.061881,0.32456,52.51,2514.98,0.2854,28.801,28.906,False,False
2786,5,176.75,15.2,24.444292,47.632363,0.32488,52.56,1657.98,0.2896,28.7989,28.904,False,False
2787,3032,1746.85,2068.43,-8.060429,72.488659,0.32346,52.34,3065.82,0.2856,28.7901,28.8948,False,False
2788,4397,1135.31,2688.95,-17.883878,62.807421,0.32499,52.58,1755.94,0.2879,28.7887,28.8939,False,False
2789,2597,2134.5,1779.28,-3.482928,78.625502,0.32078,51.9,3524.05,0.2927,28.7787,28.8825,False,False
2790,2125,1743.84,1293.79,4.202857,72.440948,0.3227,52.21,3516.77,0.2838,28.7562,28.8606,False,False
2791,358,974.02,208.62,21.382297,60.25395,0.32225,52.14,2727.81,0.2907,28.755,28.8593,False,False
2792,1047,16.88,560.9,15.80528,45.101579,0.2646,71.9,2239.35,0.522,28.7113,28.8551,False,False
2793,62,275.87,50.29,23.888712,49.201626,0.32369,52.37,2370.97,0.2867,28.7447,28.8494,False,False
2794,3977,975.54,2539.79,-15.522402,60.277995,0.32311,52.28,3051.73,0.2845,28.7441,28.8487,False,False
2795,2785,2354.56,1910.52,-5.560515,82.109231,0.2973,48.1,4007.61,0.382,28.7522,28.8484,False,False
2796,83,937.08,53.33,23.840603,59.669141,0.32373,52.38,2313.96,0.2865,28.7384,28.8432,False,False
2797,900,70.98,491.54,16.903284,45.958055,0.28951,48.24,4106.94,0.4121,28.7456,28.8421,False,False
2798,4221,1263.63,2641.6,-17.13421,64.838808,0.32371,52.37,2239.21,0.287,28.7362,28.8409,False,False
2799,238,685.36,136.86,22.518273,55.68422,0.31659,51.22,4906.98,0.2981,28.7376,28.84,False,False
2800,243,848.23,136.67,22.521291,58.262597,0.31975,51.73,3340.53,0.2956,28.7349,28.8384,False,False
2801,1152,1552.35,591.43,15.321895,69.409522,0.3241,52.44,2162.35,0.2857,28.7317,28.8366,False,False
2802,941,1459.4,496.21,16.829344,67.938065,0.3237,52.37,2191.33,0.2868,28.7263,28.831,False,False
2803,2168,1552.89,1360.45,3.147616,69.418135,0.31491,50.95,7888.26,0.2848,28.7279,28.8298,False,False
2804,1451,1418.05,749.47,12.820036,67.283444,0.32143,52.01,3913.28,0.2845,28.7238,28.8278,False,False
2805,4387,814.04,2690.62,-17.910273,57.721397,0.32417,52.45,2070.76,0.2855,28.7221,28.827,False,False
2806,4160,1937.52,2604.79,-16.551544,75.507058,0.32348,52.34,2288.23,0.2863,28.7128,28.8175,False,False
2807,2263,2002.52,1459.83,1.574401,76.536142,0.32342,52.33,2601.82,0.2844,28.7108,28.8155,False,False
2808,58,137.81,48.91,23.910519,47.015935,0.30034,48.59,2495.89,0.3777,28.7168,28.814,False,False
2809,3098,1651.1,2087.14,-8.356609,70.972747,0.32214,52.12,3273.9,0.2842,28.6957,28.7999,False,False
2810,4159,1901.93,2607.29,-16.591124,74.943632,0.32298,52.26,2407.59,0.2862,28.6899,28.7944,False,False
2811,3502,747.66,2318.76,-12.02338,56.670539,0.31545,51.04,6155.52,0.292,28.6922,28.7943,False,False
2812,1167,2035.44,595.92,15.250867,77.057308,0.32278,52.23,2709.3,0.285,28.6884,28.7929,False,False
2813,2349,1961.65,1548.73,0.167037,75.889073,0.32348,52.34,2363.06,0.2844,28.6877,28.7923,False,False
2814,4327,1843.94,2668.88,-17.566147,74.025682,0.32338,52.32,2045.46,0.2868,28.6866,28.7912,False,False
2815,477,1128.64,267.41,20.451519,62.701812,0.32268,52.21,2687.17,0.2853,28.6841,28.7885,False,False
2816,2063,1830.89,1196.76,5.73908,73.819122,0.32048,51.85,4430.79,0.2825,28.6802,28.7839,False,False
2817,3846,1197.83,2479.66,-14.57055,63.797057,0.32228,52.14,2759.89,0.2847,28.6529,28.7572,False,False
2818,592,1109.46,332.98,19.413561,62.398201,0.32178,52.06,2931.41,0.285,28.6431,28.7473,False,False
2819,3116,2226.73,2092.75,-8.445452,80.085583,0.29685,48.03,3496.38,0.3811,28.6446,28.7406,False,False
2820,723,1076.75,405.18,18.270525,61.880262,0.31969,51.72,3810.8,0.2872,28.6349,28.7384,False,False
2821,1034,2060.85,528.87,16.31236,77.459516,0.32013,51.8,3815.22,0.2852,28.6316,28.7352,False,False
2822,2817,1775.35,1931.05,-5.885538,72.939779,0.32181,52.07,3018.49,0.2836,28.6296,28.7337,False,False
2823,534,1112.38,302.35,19.898366,62.444291,0.32185,52.07,2688.85,0.2855,28.6285,28.7327,False,False
2824,4242,1937.32,2641.29,-17.129245,75.504026,0.32281,52.23,1995.14,0.2862,28.628,28.7324,False,False
2825,223,210.45,148.75,22.330037,48.166003,0.31847,51.53,4262.86,0.2887,28.6277,28.7308,False,False
2826,3580,1196.83,2348.1,-12.487787,63.781322,0.32079,51.9,3670.23,0.2833,28.6269,28.7307,False,False
2827,240,746.39,146.63,22.363579,56.650414,0.31099,50.32,4331.93,0.3181,28.6262,28.7268,False,False
2828,4307,1191.76,2674.13,-17.649154,63.701004,0.32285,52.24,2003.32,0.2853,28.6169,28.7214,False,False
2829,4080,1874.63,2578.15,-16.12974,74.511526,0.32151,52.02,2811.05,0.2852,28.6134,28.7174,False,False
2830,2343,1773.64,1549.94,0.147843,72.912811,0.32245,52.17,2330.84,0.2845,28.6112,28.7155,False,False
2831,4039,565.49,2577.51,-16.119566,53.786484,0.32073,51.89,3589.46,0.2831,28.6117,28.7155,False,False
2832,1230,1964.59,615.67,14.938222,75.93575,0.3224,52.16,2304.33,0.2845,28.605,28.7093,False,False
2833,3610,2155.65,2354.27,-12.585509,78.960401,0.27275,64.06,2516.8,0.4803,28.5799,28.708,False,False
2834,3985,1232.13,2544.77,-15.601294,64.340116,0.32143,52.01,2771.17,0.2852,28.603,28.707,False,False
2835,3895,593.1,2508.99,-15.034877,54.223617,0.32124,51.98,2967.66,0.2845,28.599,28.703,False,False
2836,3700,743.21,2408.66,-13.446487,56.60003,0.32006,51.78,3822.08,0.2835,28.5963,28.6999,False,False
2837,1235,2126.12,621.69,14.842992,78.492819,0.32017,51.8,3853.58,0.2823,28.586,28.6896,False,False
2838,3343,1454.18,2223.4,-10.513727,67.855322,0.32117,51.96,2978.47,0.2835,28.5781,28.6821,False,False
2839,115,235.05,82.4,23.380487,48.555325,0.32102,51.94,2629.69,0.2859,28.5701,28.6739,False,False
2840,3919,1356.15,2516.82,-15.158908,66.3034,0.32156,52.03,2524.35,0.2842,28.5645,28.6686,False,False
2841,2768,1771.62,1903.27,-5.445684,72.880761,0.32062,51.87,3234.57,0.2831,28.5615,28.6653,False,False
2842,1636,2152.91,850.74,11.216864,78.916916,0.31595,51.12,6571.8,0.2797,28.5556,28.6578,False,False
2843,273,14.62,179.01,21.85098,45.065734,0.31803,51.46,3003.7,0.2945,28.5521,28.6551,False,False
2844,1248,118.47,652.4,14.356708,46.709823,0.26333,67.51,4057.63,0.5046,28.5198,28.6548,False,False
2845,4158,1869.28,2609.8,-16.630822,74.4268,0.32093,51.92,2498.55,0.2847,28.5259,28.6297,False,False
2846,1091,1651.71,565.27,15.736176,70.982494,0.32174,52.06,1977.62,0.2841,28.512,28.6161,False,False
2847,4041,626.05,2573.09,-16.049605,54.745229,0.31995,51.77,3326.76,0.2823,28.5093,28.6128,False,False
2848,3517,1226.9,2321.11,-12.060478,64.257384,0.31892,51.6,4045.15,0.2814,28.5036,28.6068,False,False
2849,1848,1617.97,1014.08,8.631037,70.448387,0.31862,51.55,4205.48,0.2815,28.5019,28.605,False,False
2850,4090,2185.47,2578.56,-16.136166,79.432419,0.27402,59.96,3287.31,0.4649,28.4838,28.6037,False,False
2851,73,617.0,47.55,23.932097,54.60201,0.32045,51.85,2392.38,0.2854,28.4912,28.5949,False,False
2852,3764,713.73,2452.48,-14.140199,56.133385,0.31855,51.54,3823.37,0.2836,28.4897,28.5928,False,False
2853,780,648.51,432.21,17.842596,55.10087,0.31391,50.79,5212.34,0.2931,28.4908,28.5924,False,False
2854,166,148.89,109.16,22.956771,47.191411,0.31706,51.3,3953.64,0.2884,28.4844,28.587,False,False
2855,418,1104.1,242.33,20.848588,62.313321,0.3204,51.84,2476.8,0.2845,28.4806,28.5842,False,False
2856,2918,1801.74,2005.33,-7.061436,73.357639,0.31978,51.74,3053.89,0.2825,28.4689,28.5723,False,False
2857,4311,1333.92,2662.73,-17.468788,65.95149,0.3204,51.84,2252.24,0.2851,28.4646,28.5683,False,False
2858,4309,1265.69,2672.11,-17.617257,64.871355,0.3209,51.92,1867.93,0.2853,28.4594,28.5632,False,False
2859,3633,748.55,2378.17,-12.96391,56.684512,0.31775,51.41,4304.52,0.2819,28.4578,28.5607,False,False
2860,682,1868.96,369.07,18.842105,74.421717,0.25656,73.6,4091.29,0.5255,28.4129,28.5601,False,False
2861,3896,617.08,2517.54,-15.170269,54.603347,0.31932,51.67,3034.67,0.2836,28.4527,28.556,False,False
2862,4229,1514.25,2645.27,-17.192258,68.80632,0.3208,51.9,2081.55,0.2835,28.445,28.5489,False,False
2863,1525,1971.39,784.42,12.266749,76.043349,0.31873,51.57,3646.0,0.2813,28.4407,28.5438,False,False
2864,661,1202.81,365.05,18.905802,63.875915,0.32009,51.79,2541.59,0.2828,28.436,28.5396,False,False
2865,3915,1235.81,2508.52,-15.027475,64.398451,0.31953,51.7,2674.8,0.2842,28.436,28.5394,False,False
2866,2319,1938.24,1521.91,0.591489,75.518561,0.32036,51.83,2409.07,0.2825,28.4338,28.5375,False,False
2867,2469,1678.81,1684.73,-1.986013,71.411489,0.31846,51.53,3773.11,0.281,28.4312,28.5342,False,False
2868,4417,1770.98,2692.37,-17.93789,72.870652,0.32074,51.89,1926.34,0.2836,28.4244,28.5282,False,False
2869,1229,1938.5,628.5,14.735077,75.522698,0.3201,51.79,2394.68,0.2828,28.4198,28.5234,False,False
2870,4222,1294.71,2642.53,-17.148988,65.330772,0.31989,51.76,2261.4,0.2844,28.4162,28.5197,False,False
2871,416,1038.3,237.01,20.932853,61.271658,0.31911,51.63,2717.01,0.2844,28.4149,28.5182,False,False
2872,3979,1039.77,2539.82,-15.522877,61.294907,0.31901,51.61,3011.89,0.2828,28.4126,28.5158,False,False
2873,4140,1291.66,2609.43,-16.624939,65.282549,0.31927,51.66,2677.64,0.2838,28.4106,28.5139,False,False
2874,169,243.44,111.87,22.913861,48.688227,0.31849,51.53,3182.17,0.2834,28.407,28.5101,False,False
2875,593,1137.41,342.19,19.26776,62.840686,0.31901,51.61,2887.47,0.2831,28.4049,28.5082,False,False
2876,3783,1318.68,2450.92,-14.115604,65.710244,0.31991,51.76,2396.61,0.2825,28.4014,28.5049,False,False
2877,659,1139.12,368.8,18.846474,62.867606,0.31891,51.6,2870.92,0.2831,28.3948,28.498,False,False
2878,3766,784.65,2439.55,-13.935577,57.256019,0.31892,51.6,3114.97,0.2814,28.3946,28.4978,False,False
2879,1621,1680.3,852.4,11.190508,71.43514,0.31986,51.75,2377.43,0.2821,28.3884,28.4919,False,False
2880,3826,558.41,2484.35,-14.64488,53.674482,0.31739,51.35,3975.95,0.2813,28.384,28.4867,False,False
2881,4353,2698.9,2664.99,-17.504457,87.560458,0.27854,54.96,3529.1,0.4392,28.376,28.4859,False,False
2882,249,1044.85,140.23,22.464884,61.375308,0.31898,51.61,2700.99,0.2829,28.3766,28.4798,False,False
2883,793,1166.43,431.01,17.861578,63.299958,0.31809,51.47,3449.75,0.2815,28.3761,28.4791,False,False
2884,302,938.61,171.4,21.971396,59.69345,0.31864,51.56,2909.05,0.2828,28.3741,28.4773,False,False
2885,361,1072.36,204.47,21.447973,61.810836,0.31914,51.63,2561.7,0.283,28.3737,28.4769,False,False
2886,3165,1585.34,2126.7,-8.982827,69.931803,0.31862,51.55,3050.0,0.2819,28.3738,28.4769,False,False
2887,4141,1325.29,2610.03,-16.634415,65.814913,0.31886,51.59,2722.99,0.2829,28.371,28.4741,False,False
2888,1360,2160.1,691.33,13.740525,79.030814,0.31552,51.05,5345.06,0.2789,28.3667,28.4688,False,False
2889,3403,1422.42,2250.66,-10.945299,67.352628,0.31835,51.51,3211.13,0.2814,28.3641,28.4672,False,False
2890,3164,1554.8,2124.45,-8.947157,69.448318,0.31823,51.49,3163.31,0.2817,28.3542,28.4571,False,False
2891,531,1015.31,306.2,19.837438,60.907573,0.31714,51.31,3667.47,0.2826,28.3534,28.456,False,False
2892,4241,1903.75,2640.86,-17.122521,74.972567,0.31913,51.63,2162.69,0.284,28.344,28.4473,False,False
2893,3767,813.6,2448.65,-14.079689,57.714441,0.31864,51.55,2758.06,0.282,28.3424,28.4455,False,False
2894,170,266.03,102.49,23.062373,49.045879,0.31736,51.35,3405.66,0.2828,28.3404,28.4431,False,False
2895,4310,1300.82,2664.94,-17.503681,65.427496,0.31893,51.6,2213.58,0.2839,28.3327,28.4359,False,False
2896,1035,2095.43,525.94,16.358799,78.007063,0.31494,50.96,4381.33,0.2853,28.3275,28.4294,False,False
2897,360,1035.85,207.85,21.394477,61.232865,0.31843,51.52,2604.3,0.2826,28.321,28.4241,False,False
2898,4138,1232.67,2607.8,-16.599187,64.348639,0.31844,51.52,2597.37,0.2826,28.3198,28.4228,False,False
2899,4423,1969.79,2691.25,-17.920271,76.018037,0.31966,51.72,1574.9,0.284,28.3128,28.4163,False,False
2900,3486,2163.8,2288.61,-11.545996,79.089429,0.28761,46.72,2996.11,0.4032,28.3189,28.4123,False,False
2901,3829,658.96,2483.85,-14.636883,55.266323,0.31742,51.36,3185.57,0.2822,28.309,28.4118,False,False
2902,2107,1873.83,1255.59,4.807612,74.49885,0.30317,49.05,4537.3,0.3306,28.3125,28.4107,False,False
2903,306,1078.47,168.88,22.011345,61.907539,0.31799,51.45,2717.87,0.2826,28.3026,28.4054,False,False
2904,4128,912.47,2609.39,-16.624374,59.279565,0.31804,51.46,2679.31,0.2826,28.3015,28.4044,False,False
2905,2288,1873.57,1483.01,1.207348,74.494761,0.31877,51.58,2280.41,0.2823,28.3002,28.4034,False,False
2906,29,941.68,18.05,24.399155,59.742076,0.31926,51.66,1594.62,0.284,28.2869,28.3902,False,False
2907,884,1836.92,462.69,17.360071,73.914468,0.31808,51.46,2060.84,0.2856,28.2844,28.3873,False,False
2908,3965,589.33,2538.72,-15.505488,54.163894,0.31758,51.38,2957.66,0.2816,28.2828,28.3856,False,False
2909,891,2060.37,469.47,17.252772,77.451977,0.26834,58.62,5781.6,0.4587,28.2573,28.3745,False,False
2910,4420,1868.45,2689.3,-17.88933,74.413666,0.31877,51.57,1802.99,0.2834,28.2637,28.3669,False,False
2911,1349,1805.32,690.51,13.753396,73.414217,0.31805,51.46,2468.92,0.2814,28.256,28.3589,False,False
2912,1616,1514.62,844.78,11.311174,68.812158,0.31705,51.3,2897.79,0.2826,28.2563,28.3589,False,False
2913,3779,1192.52,2442.95,-13.989454,63.712988,0.31733,51.34,2895.99,0.2815,28.2556,28.3583,False,False
2914,1228,1909.81,620.7,14.858629,75.068408,0.31814,51.47,2261.71,0.2819,28.2462,28.3491,False,False
2915,1466,1904.75,749.28,12.823093,74.98828,0.31752,51.37,2747.19,0.2809,28.2415,28.3442,False,False
2916,4217,1133.26,2632.03,-16.982751,62.774835,0.31785,51.43,2420.1,0.2816,28.2388,28.3417,False,False
2917,4331,1968.38,2668.97,-17.567464,75.995723,0.31828,51.5,1738.66,0.2834,28.2222,28.3252,False,False
2918,1158,1737.42,583.23,15.451817,72.339322,0.31772,51.41,2180.7,0.2824,28.2162,28.319,False,False
2919,4422,1933.61,2692.79,-17.944675,75.445201,0.31806,51.46,1765.65,0.2834,28.2084,28.3114,False,False
2920,4354,2729.96,2666.4,-17.526865,88.052279,0.29047,47.0,4188.62,0.3784,28.2172,28.3112,False,False
2921,2083,1802.45,1232.28,5.176745,73.36878,0.31599,51.13,3590.6,0.2797,28.2075,28.3098,False,False
2922,4396,1101.56,2690.25,-17.904474,62.273125,0.3181,51.47,1729.41,0.2831,28.2023,28.3052,False,False
2923,3830,691.91,2475.13,-14.498853,55.787927,0.31601,51.13,3256.0,0.2813,28.1995,28.3017,False,False
2924,244,881.83,146.44,22.366568,58.794471,0.31609,51.14,3072.83,0.2816,28.1884,28.2907,False,False
2925,790,1066.3,425.47,17.949313,61.714925,0.31246,50.55,4714.42,0.2854,28.1889,28.29,False,False
2926,1350,1844.12,690.22,13.75799,74.028486,0.31719,51.32,2446.25,0.2809,28.1816,28.2842,False,False
2927,472,974.17,274.81,20.334401,60.256295,0.31555,51.05,3181.85,0.2826,28.1814,28.2835,False,False
2928,60,204.54,50.53,23.885007,48.072309,0.31704,51.3,2170.85,0.283,28.1768,28.2793,False,False
2929,3031,1716.84,2059.83,-7.924277,72.013588,0.31569,51.08,3351.82,0.2806,28.1741,28.2762,False,False
2930,4005,1869.85,2549.72,-15.679724,74.435814,0.31689,51.27,2398.96,0.2817,28.1694,28.2719,False,False
2931,3761,619.79,2449.47,-14.092584,54.646155,0.31171,50.43,4617.42,0.2876,28.1637,28.2646,False,False
2932,535,1143.28,308.18,19.806115,62.933491,0.31601,51.13,2910.84,0.2814,28.1603,28.2626,False,False
2933,1578,1961.73,812.74,11.818438,75.890401,0.31498,50.96,3841.03,0.2793,28.1574,28.2593,False,False
2934,356,914.64,206.45,21.416596,59.313974,0.31571,51.08,2989.57,0.2812,28.1445,28.2467,False,False
2935,3717,1289.67,2407.12,-13.422206,65.25098,0.31586,51.11,3021.5,0.2801,28.1398,28.242,False,False
2936,2447,2065.59,1646.58,-1.382046,77.534552,0.31699,51.29,2269.54,0.2804,28.1376,28.2402,False,False
2937,4390,906.67,2689.24,-17.888366,59.187707,0.3171,51.3,1791.51,0.2829,28.1333,28.2359,False,False
2938,536,1175.3,302.12,19.902026,63.440508,0.31635,51.18,2573.17,0.2803,28.125,28.2273,False,False
2939,167,181.41,119.11,22.79925,47.70625,0.31299,50.64,4622.4,0.2804,28.1258,28.2271,False,False
2940,1958,242.24,1106.17,7.173114,48.669128,0.25546,70.9,3391.97,0.516,28.0805,28.2223,False,False
2941,3716,1259.46,2419.71,-13.621533,64.772772,0.31599,51.13,2688.84,0.2806,28.1178,28.2201,False,False
2942,4345,2454.08,2670.4,-17.590196,83.684726,0.31183,50.45,4513.85,0.2851,28.1149,28.2158,False,False
2943,660,1170.56,371.76,18.799555,63.36545,0.31557,51.06,2961.85,0.2802,28.1125,28.2146,False,False
2944,3933,1810.95,2510.62,-15.060715,73.50344,0.31665,51.23,2054.08,0.2815,28.1073,28.2098,False,False
2945,222,168.59,148.86,22.328354,47.503288,0.31095,50.31,4678.4,0.2872,28.1078,28.2084,False,False
2946,2828,2126.29,1941.2,-6.046131,78.495567,0.27252,56.96,3118.0,0.45,28.087,28.2009,False,False
2947,4014,2160.13,2541.93,-15.556426,79.031251,0.27797,52.78,2509.12,0.4323,28.0908,28.1964,False,False
2948,4220,1236.9,2636.14,-17.047839,64.415556,0.31606,51.14,2388.29,0.2808,28.091,28.1933,False,False
2949,114,200.84,80.43,23.411564,48.013868,0.31514,50.99,2794.22,0.2817,28.0888,28.1908,False,False
2950,4240,1863.96,2639.36,-17.098759,74.342619,0.3157,51.08,2488.57,0.2813,28.087,28.1891,False,False
2951,3647,1195.68,2383.15,-13.042697,63.763143,0.31485,50.94,3258.97,0.2791,28.0772,28.1791,False,False
2952,4059,1207.46,2573.58,-16.057394,63.949506,0.31484,50.94,3181.54,0.2796,28.075,28.1768,False,False
2953,116,274.01,75.51,23.489515,49.172179,0.31545,51.04,2603.79,0.2809,28.0744,28.1765,False,False
2954,4308,1229.94,2663.78,-17.485317,64.305415,0.31627,51.17,2060.3,0.2809,28.0704,28.1727,False,False
2955,2015,17.82,1171.5,6.138925,45.11636,0.27337,55.86,2755.34,0.447,28.0539,28.1656,False,False
2956,2339,1645.67,1555.54,0.059182,70.886903,0.31366,50.75,4124.62,0.2775,28.0632,28.1647,False,False
2957,1937,1837.79,1077.45,7.627838,73.92829,0.31232,50.53,4680.73,0.2792,28.0633,28.1644,False,False
2958,3106,1903.37,2086.39,-8.344693,74.96653,0.31588,51.11,2257.7,0.2804,28.056,28.1582,False,False
2959,4401,1265.27,2693.91,-17.962274,64.864814,0.31628,51.17,1764.38,0.282,28.0556,28.1579,False,False
2960,4051,945.09,2575.02,-16.080142,59.795939,0.31447,50.88,3160.38,0.28,28.0536,28.1553,False,False
2961,3099,1677.0,2100.97,-8.575535,71.382862,0.31483,50.94,2996.93,0.2795,28.0506,28.1525,False,False
2962,4076,1742.14,2581.32,-16.179985,72.414099,0.31508,50.98,2789.7,0.2798,28.05,28.1519,False,False
2963,74,649.79,53.49,23.838046,55.121138,0.31485,50.94,2506.17,0.2825,28.0485,28.1503,False,False
2964,4306,1160.03,2672.0,-17.615429,63.198749,0.31591,51.11,1989.12,0.2811,28.0392,28.1414,False,False
2965,595,1198.62,336.4,19.359364,63.809692,0.31515,50.99,2493.08,0.2806,28.035,28.137,False,False
2966,4330,1938.8,2672.44,-17.62246,75.527319,0.31605,51.14,1714.35,0.282,28.0333,28.1356,False,False
2967,475,1071.08,267.85,20.444523,61.790536,0.31478,50.93,2581.1,0.2811,28.0277,28.1296,False,False
2968,2718,1771.66,1870.42,-4.925731,72.881403,0.31423,50.84,3168.1,0.2794,28.0266,28.1283,False,False
2969,1890,1653.55,1038.61,8.242648,71.011529,0.31249,50.56,4608.16,0.2769,28.0258,28.1269,False,False
2970,2382,2029.18,1586.94,-0.437893,76.958141,0.31545,51.04,2284.33,0.2799,28.0191,28.1212,False,False
2971,4320,1614.29,2668.66,-17.562578,70.390027,0.31643,51.2,1634.54,0.28,28.0154,28.1178,False,False
2972,3170,1738.82,2119.29,-8.865575,72.361525,0.31427,50.85,3054.55,0.2791,28.0103,28.112,False,False
2973,31,1012.55,19.22,24.380561,60.863981,0.31561,51.06,1575.64,0.2824,27.9917,28.0938,False,False
2974,4223,1328.86,2641.81,-17.137517,65.871395,0.31477,50.93,2286.48,0.281,27.9901,28.092,False,False
2975,251,1099.74,144.38,22.399234,62.244301,0.31496,50.96,2240.54,0.2803,27.9867,28.0887,False,False
2976,2180,1932.86,1359.84,3.157285,75.433433,0.31095,50.31,3932.32,0.2853,27.9874,28.088,False,False
2977,168,210.42,111.42,22.921033,48.165415,0.3132,50.67,3410.34,0.2793,27.9788,28.0802,False,False
2978,3976,943.97,2546.0,-15.620738,59.778298,0.31385,50.78,3016.59,0.279,27.9733,28.0749,False,False
2979,1156,1681.16,596.78,15.237348,71.448642,0.31508,50.98,2049.13,0.2802,27.9699,28.0718,False,False
2980,4262,2671.08,2643.17,-17.159082,87.120158,0.2741,53.91,3140.74,0.4366,27.963,28.0708,False,False
2981,410,845.57,240.86,20.871846,58.220475,0.30961,50.09,4439.04,0.2862,27.9663,28.0665,False,False
2982,1462,1778.17,748.8,12.830674,72.984426,0.31438,50.87,2668.99,0.2785,27.9628,28.0645,False,False
2983,2966,1583.04,2032.02,-7.483978,69.895367,0.313,50.64,3559.64,0.2781,27.9609,28.0622,False,False
2984,2037,1845.3,1166.82,6.213016,74.047239,0.31091,50.3,5042.47,0.2761,27.9483,28.0489,False,False
2985,597,1269.25,330.6,19.451151,64.927749,0.31456,50.89,2222.93,0.2797,27.9439,28.0457,False,False
2986,3587,1423.51,2348.28,-12.490717,67.369847,0.3144,50.87,2338.53,0.2795,27.942,28.0438,False,False
2987,4195,433.96,2640.08,-17.110172,51.704334,0.31304,50.65,3270.69,0.2788,27.9418,28.0431,False,False
2988,1813,1803.08,969.08,9.343441,73.378746,0.31206,50.49,4114.58,0.2771,27.9407,28.0416,False,False
2989,420,1164.41,239.0,20.901346,63.267996,0.31438,50.87,2330.36,0.2792,27.9349,28.0366,False,False
2990,1814,1835.67,976.14,9.231585,73.894792,0.31179,50.45,4189.49,0.2768,27.9244,28.0253,False,False
2991,1577,1931.42,820.24,11.69961,75.410619,0.31254,50.57,3627.71,0.2773,27.9216,28.0227,False,False
2992,250,1071.15,138.13,22.498215,61.791595,0.31368,50.75,2575.29,0.2795,27.9183,28.0198,False,False
2993,3030,1680.07,2067.52,-8.045957,71.431487,0.31303,50.65,3146.8,0.2782,27.9171,28.0184,False,False
2994,133,812.01,84.56,23.346242,57.689209,0.31305,50.65,2657.88,0.2813,27.915,28.0163,False,False
2995,2290,1935.04,1490.15,1.094423,75.467943,0.31414,50.83,2469.66,0.278,27.9134,28.015,False,False
2996,2019,139.58,1166.53,6.217621,47.043978,0.26008,64.15,3273.29,0.4873,27.8825,28.0108,False,False
2997,187,819.07,107.63,22.981011,57.801025,0.31203,50.49,3323.55,0.2806,27.9084,28.0093,False,False
2998,4421,1894.58,2688.94,-17.883722,74.827369,0.31415,50.83,1962.69,0.2806,27.9006,28.0022,False,False
2999,1713,1522.62,904.43,10.366873,68.938911,0.31184,50.46,3711.84,0.2781,27.8959,27.9968,False,False
3000,4400,1237.05,2687.56,-17.86178,64.417998,0.31437,50.86,1962.69,0.2793,27.894,27.9957,False,False
3001,1855,1843.14,1007.72,8.731628,74.013046,0.3112,50.35,4395.63,0.2756,27.8847,27.9854,False,False
3002,186,782.14,115.36,22.858633,57.21638,0.31159,50.41,3402.15,0.2804,27.882,27.9828,False,False
3003,2282,1678.96,1480.05,1.254239,71.413803,0.31217,50.51,3545.08,0.2771,27.8816,27.9826,False,False
3004,2911,1589.05,1997.71,-6.940836,69.990578,0.31131,50.37,4057.1,0.2772,27.8815,27.9822,False,False
3005,3566,744.34,2346.46,-12.461858,56.617914,0.30893,49.98,5119.21,0.2797,27.8804,27.9804,False,False
3006,1985,16.41,1139.66,6.643027,45.09404,0.27402,52.59,2752.92,0.4344,27.8727,27.9779,False,False
3007,4243,1972.94,2640.51,-17.116895,76.067842,0.3138,50.77,2002.72,0.2801,27.8702,27.9718,False,False
3008,1622,1709.85,840.64,11.376727,71.902956,0.31349,50.72,2495.66,0.2777,27.8637,27.9651,False,False
3009,412,905.64,236.07,20.94772,59.171465,0.3112,50.35,3579.69,0.2798,27.8635,27.9642,False,False
3010,192,971.85,107.0,22.99091,60.219558,0.31275,50.6,2757.75,0.2785,27.8558,27.957,False,False
3011,3828,618.57,2482.9,-14.621782,54.626938,0.31157,50.41,3509.51,0.2781,27.8511,27.9519,False,False
3012,587,949.52,340.04,19.301653,59.866166,0.29914,48.4,3584.64,0.3266,27.8385,27.9353,False,False
3013,4398,1170.17,2692.71,-17.943305,63.359167,0.31378,50.77,1726.11,0.2797,27.8296,27.9311,False,False
3014,137,949.29,82.23,23.383147,59.862499,0.31277,50.6,2434.46,0.2789,27.826,27.9273,False,False
3015,191,942.54,119.01,22.800911,59.755678,0.31221,50.51,2842.22,0.2785,27.8259,27.927,False,False
3016,3096,1580.59,2097.2,-8.515918,69.85653,0.31184,50.45,3272.3,0.2769,27.8222,27.9231,False,False
3017,3581,1232.09,2356.23,-12.616534,64.33955,0.31129,50.37,3509.91,0.2775,27.8216,27.9223,False,False
3018,1849,1650.75,1006.99,8.743225,70.967353,0.31071,50.27,3949.34,0.2769,27.8198,27.9203,False,False
3019,128,658.57,86.12,23.321564,55.260078,0.30904,50.0,3559.68,0.2858,27.815,27.915,False,False
3020,2064,1861.95,1200.65,5.677378,74.310834,0.30943,50.06,4657.58,0.277,27.8122,27.9124,False,False
3021,4215,1074.06,2639.64,-17.103209,61.837706,0.31283,50.62,2255.73,0.2789,27.8087,27.9099,False,False
3022,3966,627.66,2539.14,-15.51221,54.770784,0.31194,50.47,2856.17,0.2784,27.8063,27.9072,False,False
3023,1468,1970.6,749.89,12.81333,76.030778,0.31155,50.41,3214.45,0.2768,27.7911,27.892,False,False
3024,4216,1104.34,2641.66,-17.135236,62.317149,0.31236,50.54,2173.96,0.2787,27.7623,27.8634,False,False
3025,1103,2027.97,565.64,15.730266,76.93906,0.31128,50.36,3082.13,0.277,27.7606,27.8614,False,False
3026,1665,1519.04,877.04,10.800454,68.882169,0.31086,50.3,3143.73,0.2782,27.7599,27.8605,False,False
3027,2818,1800.97,1937.44,-5.986704,73.3454,0.31111,50.34,3124.15,0.2768,27.7503,27.8509,False,False
3028,415,1007.69,240.84,20.872137,60.786987,0.31111,50.34,2745.13,0.2793,27.7498,27.8504,False,False
3029,4328,1869.69,2663.18,-17.475912,74.433323,0.31235,50.54,2008.26,0.2789,27.746,27.8471,False,False
3030,4304,1099.7,2668.58,-17.561414,62.243563,0.31224,50.52,1955.49,0.2796,27.7435,27.8445,False,False
3031,3935,1865.36,2520.05,-15.210017,74.364736,0.31182,50.45,2373.14,0.2782,27.7389,27.8398,False,False
3032,2739,2451.06,1867.15,-4.873898,83.63704,0.28463,46.05,3660.87,0.3787,27.7409,27.833,False,False
3033,4399,1207.38,2690.81,-17.91328,63.948276,0.31239,50.54,1901.24,0.2785,27.7294,27.8305,False,False
3034,129,694.05,79.92,23.41972,55.821795,0.30969,50.11,3382.92,0.2795,27.726,27.8262,False,False
3035,2169,1583.95,1359.31,3.165754,69.90983,0.30452,49.27,7124.94,0.2757,27.7263,27.8249,False,False
3036,1541,140.29,820.35,11.697945,47.055223,0.25343,63.97,5102.87,0.4909,27.6844,27.8123,False,False
3037,4389,882.24,2693.61,-17.957624,58.801093,0.31195,50.47,1920.29,0.279,27.7085,27.8095,False,False
3038,3914,1204.3,2510.16,-15.053331,63.899581,0.31096,50.31,2771.02,0.2774,27.7077,27.8083,False,False
3039,1574,1841.82,810.81,11.848924,73.99215,0.31092,50.31,2955.4,0.276,27.7025,27.8031,False,False
3040,1509,1458.24,778.56,12.359572,67.919714,0.31027,50.2,3213.8,0.2769,27.7021,27.8025,False,False
3041,1159,1773.59,586.51,15.399911,72.911921,0.31177,50.44,1991.97,0.2788,27.7,27.8009,False,False
3042,413,935.63,239.42,20.894637,59.646239,0.30982,50.13,3173.67,0.2787,27.6964,27.7967,False,False
3043,798,1323.02,427.85,17.91164,65.779008,0.31104,50.32,2334.8,0.279,27.6917,27.7924,False,False
3044,1021,1647.36,529.8,16.297571,70.913601,0.31192,50.47,1830.03,0.2776,27.6711,27.7721,False,False
3045,184,719.2,114.41,22.873672,56.219983,0.30731,49.72,4006.77,0.2816,27.6664,27.7659,False,False
3046,3127,2698.09,2092.96,-8.448759,87.547743,0.28177,45.59,3552.04,0.3866,27.6646,27.7558,False,False
3047,781,683.09,438.56,17.742022,55.648319,0.30327,49.07,6150.66,0.2833,27.6575,27.7557,False,False
3048,113,174.65,79.08,23.433025,47.599139,0.30978,50.12,2694.17,0.2796,27.6536,27.7538,False,False
3049,474,1037.81,268.79,20.429658,61.26389,0.31031,50.21,2593.05,0.278,27.6519,27.7523,False,False
3050,141,1077.63,81.39,23.396351,61.894284,0.31094,50.31,2109.14,0.2782,27.6441,27.7447,False,False
3051,4329,1905.85,2672.09,-17.616895,75.005796,0.31116,50.35,1825.95,0.2791,27.642,27.7426,False,False
3052,3703,839.33,2412.97,-13.514733,58.121672,0.3098,50.12,3000.81,0.2758,27.6237,27.724,False,False
3053,3592,1578.18,2345.42,-12.445377,69.818411,0.31083,50.29,2057.52,0.2776,27.619,27.7196,False,False
3054,1352,1902.64,686.24,13.821011,74.954896,0.3103,50.21,2470.04,0.2766,27.611,27.7114,False,False
3055,3827,587.28,2475.86,-14.510466,54.131467,0.3077,49.79,4143.96,0.2759,27.608,27.7075,False,False
3056,1721,1772.57,912.98,10.231457,72.895799,0.30932,50.05,3150.25,0.2752,27.5943,27.6944,False,False
3057,1353,1932.82,684.26,13.852428,75.432718,0.30982,50.13,2563.56,0.2764,27.5832,27.6835,False,False
3058,185,752.59,116.55,22.839756,56.748525,0.30672,49.63,3697.16,0.2811,27.5784,27.6777,False,False
3059,132,783.57,75.83,23.484493,57.239029,0.30853,49.92,2666.95,0.2785,27.5401,27.6399,False,False
3060,3875,2125.53,2475.91,-14.511204,78.483456,0.28406,45.96,2589.95,0.3772,27.547,27.6389,False,False
3061,305,1046.96,174.25,21.926384,61.40876,0.30873,49.95,2803.89,0.2764,27.5341,27.634,False,False
3062,4303,1074.18,2668.82,-17.565091,61.839588,0.30958,50.09,1935.48,0.2785,27.5308,27.631,False,False
3063,4305,1127.59,2666.07,-17.521633,62.685099,0.30954,50.08,2177.88,0.277,27.5287,27.6289,False,False
3064,4050,906.38,2573.83,-16.061358,59.183213,0.30814,49.86,3226.34,0.2756,27.5267,27.6264,False,False
3065,586,915.81,338.28,19.329602,59.332415,0.28233,45.68,3711.77,0.3761,27.5343,27.6257,False,False
3066,2235,2002.58,1421.12,2.187158,76.537044,0.30764,49.77,3775.71,0.274,27.5252,27.6248,False,False
3067,942,1491.15,493.5,16.872288,68.440607,0.30933,50.05,2216.88,0.2767,27.5134,27.6135,False,False
3068,1288,1740.87,652.06,14.36206,72.393936,0.30923,50.03,2326.05,0.2758,27.5019,27.602,False,False
3069,1221,1681.21,629.57,14.718225,71.449436,0.30932,50.05,2234.29,0.2755,27.494,27.5941,False,False
3070,2289,1903.68,1488.55,1.119739,74.971378,0.30918,50.02,2353.7,0.2752,27.4918,27.5918,False,False
3071,2588,1839.48,1770.19,-3.3389,73.955107,0.30916,50.02,2254.05,0.2759,27.4918,27.5918,False,False
3072,4145,1457.12,2602.44,-16.514324,67.901983,0.30888,49.98,2457.98,0.2757,27.4906,27.5905,False,False
3073,588,979.46,335.49,19.373779,60.340032,0.30476,49.31,3491.68,0.2844,27.4732,27.5718,False,False
3074,2185,2097.78,1362.4,3.116732,78.044161,0.2885,46.68,3851.74,0.3473,27.4766,27.57,False,False
3075,1343,1622.23,682.98,13.872592,70.515839,0.30874,49.95,2293.32,0.2761,27.4692,27.5691,False,False
3076,4066,1418.42,2569.39,-15.991127,67.289269,0.30822,49.87,2634.53,0.2758,27.4664,27.5662,False,False
3077,4053,1008.43,2576.1,-16.097299,60.798769,0.3076,49.77,3129.75,0.2749,27.4632,27.5628,False,False
3078,1222,1707.27,629.05,14.726427,71.862099,0.30851,49.91,2323.84,0.2762,27.4566,27.5564,False,False
3079,3037,1899.27,2056.84,-7.876824,74.90153,0.30872,49.95,2348.3,0.275,27.4545,27.5544,False,False
3080,2449,2130.45,1643.72,-1.336888,78.561383,0.30825,49.87,2558.76,0.2753,27.4502,27.5499,False,False
3081,4209,874.72,2639.84,-17.106327,58.681892,0.30831,49.88,2383.89,0.2762,27.4494,27.5492,False,False
3082,2036,1815.3,1163.84,6.260187,73.572303,0.3054,49.41,4686.48,0.2724,27.4427,27.5416,False,False
3083,2587,1804.85,1772.48,-3.375188,73.406901,0.30833,49.89,2534.36,0.2746,27.4397,27.5394,False,False
3084,362,1105.82,213.3,21.308148,62.340452,0.30783,49.81,2465.66,0.2766,27.4334,27.533,False,False
3085,4298,907.44,2666.37,-17.52642,59.199963,0.30868,49.94,1845.83,0.2772,27.4321,27.5319,False,False
3086,2206,1907.65,1387.57,2.718336,75.034281,0.30645,49.58,3780.34,0.2732,27.4276,27.5267,False,False
3087,1973,1809.8,1099.88,7.272675,73.485265,0.30588,49.49,4260.0,0.272,27.4199,27.5189,False,False
3088,411,876.71,242.45,20.846602,58.713409,0.30429,49.23,4370.03,0.277,27.4094,27.5078,False,False
3089,1576,1902.58,805.38,11.934869,74.954062,0.30678,49.64,3359.27,0.2732,27.401,27.5003,False,False
3090,131,750.31,82.85,23.373229,56.712462,0.30606,49.52,3111.6,0.2773,27.3932,27.4923,False,False
3091,2179,1898.12,1353.2,3.262383,74.883446,0.3029,49.01,4193.54,0.2824,27.3851,27.4831,False,False
3092,85,1006.04,53.25,23.841851,60.760927,0.3076,49.77,2096.6,0.2771,27.3815,27.481,False,False
3093,4127,876.46,2604.24,-16.542835,58.709579,0.30689,49.65,2887.48,0.2746,27.3779,27.4772,False,False
3094,3715,1233.23,2420.3,-13.630794,64.357519,0.30659,49.6,2882.54,0.2758,27.3772,27.4764,False,False
3095,3649,1266.76,2380.84,-13.006085,64.888393,0.30677,49.63,2908.17,0.2747,27.3749,27.4742,False,False
3096,937,1328.16,491.48,16.904303,65.860334,0.30697,49.67,2513.83,0.2759,27.3644,27.4637,False,False
3097,183,683.46,104.69,23.027613,55.654079,0.30313,49.05,4173.57,0.2801,27.3585,27.4566,False,False
3098,4052,979.93,2577.9,-16.125754,60.34758,0.30595,49.5,3265.42,0.2745,27.3539,27.4529,False,False
3099,1164,1934.43,588.99,15.360583,75.458255,0.30785,49.81,1939.62,0.2753,27.3481,27.4478,False,False
3100,2085,1873.12,1224.69,5.296879,74.48766,0.30227,48.91,5105.54,0.277,27.35,27.4478,False,False
3101,4437,2415.24,2687.59,-17.862311,83.06988,0.29041,46.99,3549.84,0.3347,27.352,27.446,False,False
3102,1166,2003.68,587.2,15.388931,76.554489,0.30698,49.67,2413.5,0.2752,27.3397,27.439,False,False
3103,355,884.51,208.37,21.386149,58.836913,0.30506,49.36,3546.37,0.2746,27.3248,27.4235,False,False
3104,3567,775.02,2350.48,-12.525515,57.103595,0.30326,49.07,4685.97,0.2736,27.3111,27.4093,False,False
3105,1395,1393.08,718.15,13.315887,66.888107,0.30485,49.32,3691.55,0.2736,27.309,27.4076,False,False
3106,2373,1743.77,1581.25,-0.347833,72.4399,0.30677,49.63,2532.86,0.2733,27.3049,27.4042,False,False
3107,2181,1965.47,1363.96,3.092037,75.949544,0.30321,49.06,4137.75,0.277,27.3038,27.4019,False,False
3108,139,1012.2,83.79,23.358473,60.858399,0.30626,49.55,2373.99,0.2749,27.2791,27.3782,False,False
3109,3990,1389.44,2536.78,-15.474799,66.830553,0.30631,49.56,2381.7,0.2746,27.2767,27.3758,False,False
3110,3104,1836.1,2092.64,-8.443702,73.90162,0.30645,49.58,2406.9,0.2738,27.2756,27.3747,False,False
3111,2558,2128.28,1748.65,-2.997896,78.526979,0.30451,49.27,2788.42,0.2789,27.2719,27.3704,False,False
3112,816,1897.64,429.03,17.892921,74.875827,0.2879,46.58,4885.23,0.3316,27.2723,27.3655,False,False
3113,729,1258.33,406.09,18.256102,64.754867,0.30588,49.49,2706.69,0.2728,27.2521,27.3511,False,False
3114,1404,1676.27,720.31,13.281616,71.371225,0.30656,49.6,2153.32,0.2736,27.251,27.3502,False,False
3115,1405,1712.79,720.78,13.274288,71.949406,0.30634,49.57,2274.66,0.2736,27.2496,27.3487,False,False
3116,1300,2131.86,655.36,14.30997,78.583795,0.30276,48.99,4736.86,0.2707,27.2281,27.326,False,False
3117,3702,813.62,2409.58,-13.461173,57.714652,0.30459,49.28,3242.08,0.2719,27.2058,27.3043,False,False
3118,2065,1895.5,1195.44,5.759851,74.841977,0.29911,48.4,5280.12,0.2803,27.2023,27.2991,False,False
3119,530,980.29,304.66,19.861859,60.353265,0.30318,49.05,3552.07,0.2751,27.1988,27.2969,False,False
3120,1625,1812.94,848.87,11.246408,73.534855,0.30485,49.32,3000.78,0.2719,27.197,27.2957,False,False
3121,2253,1677.07,1450.1,1.728356,71.384029,0.30428,49.23,3286.43,0.2718,27.1874,27.2859,False,False
3122,2196,1579.38,1389.93,2.680973,69.837402,0.29955,48.47,6784.47,0.268,27.1889,27.2858,False,False
3123,242,814.91,140.53,22.460117,57.735134,0.30274,48.98,3434.91,0.2767,27.182,27.28,False,False
3124,421,1200.02,241.84,20.856243,63.831786,0.30579,49.48,2056.76,0.2731,27.1754,27.2744,False,False
3125,3701,780.57,2407.66,-13.4308,57.191543,0.30363,49.13,3567.96,0.2716,27.1695,27.2678,False,False
3126,2544,1679.41,1751.38,-3.041163,71.420928,0.30312,49.04,3981.91,0.2707,27.1647,27.2628,False,False
3127,2819,1833.21,1932.42,-5.907174,73.855761,0.30468,49.3,2655.22,0.273,27.163,27.2616,False,False
3128,1568,1646.08,818.5,11.727175,70.893398,0.30539,49.41,2260.58,0.2723,27.1558,27.2546,False,False
3129,1033,2030.49,530.66,16.284035,76.978979,0.3032,49.06,3292.21,0.274,27.15,27.2481,False,False
3130,1764,1682.27,936.55,9.858324,71.466221,0.30403,49.19,3177.86,0.2713,27.1466,27.245,False,False
3131,30,979.5,15.27,24.443217,60.340793,0.3056,49.45,1484.77,0.2755,27.137,27.2359,False,False
3132,2038,1870.36,1165.02,6.241542,74.443957,0.30011,48.56,4861.05,0.2754,27.1366,27.2337,False,False
3133,130,719.86,76.72,23.470342,56.230351,0.30321,49.06,2978.94,0.2751,27.1326,27.2307,False,False
3134,112,148.7,80.04,23.417806,47.188428,0.30154,48.79,2975.67,0.2814,27.1265,27.2241,False,False
3135,3714,1205.22,2414.77,-13.543287,63.914073,0.30353,49.11,3053.26,0.2726,27.121,27.2192,False,False
3136,1348,1773.32,687.46,13.801695,72.907751,0.30439,49.25,2425.2,0.2725,27.1071,27.2056,False,False
3137,3831,725.47,2478.61,-14.553954,56.319154,0.30354,49.11,3195.4,0.2709,27.1069,27.2051,False,False
3138,2415,2098.82,1617.88,-0.927786,78.060741,0.30412,49.21,2378.19,0.273,27.0898,27.1882,False,False
3139,307,1105.79,179.5,21.843223,62.339972,0.30372,49.14,2347.61,0.2733,27.0631,27.1614,False,False
3140,298,816.27,181.04,21.818851,57.756666,0.29827,48.26,4202.95,0.2826,27.0565,27.1531,False,False
3141,471,939.38,274.11,20.345475,59.705535,0.30203,48.87,3123.11,0.2742,27.0499,27.1476,False,False
3142,3847,1227.2,2478.91,-14.558719,64.262079,0.30321,49.06,2792.03,0.2714,27.0441,27.1423,False,False
3143,3648,1230.0,2386.32,-13.092966,64.306373,0.30217,48.89,3262.34,0.2713,27.0241,27.1218,False,False
3144,33,1072.34,18.87,24.386153,61.81055,0.30439,49.25,1419.21,0.2743,27.0202,27.1187,False,False
3145,2105,1804.87,1267.19,4.623969,73.407085,0.30194,48.85,3357.6,0.2707,27.0067,27.1044,False,False
3146,1294,1936.62,658.92,14.253561,75.492943,0.30308,49.04,2407.74,0.272,27.0002,27.0983,False,False
3147,1249,148.26,655.64,14.305442,47.181442,0.25464,54.42,5180.27,0.4469,26.9882,27.097,False,False
3148,3897,647.85,2509.35,-15.040639,55.090351,0.30237,48.92,2817.75,0.2719,26.9964,27.0943,False,False
3149,3658,1544.1,2382.69,-13.035392,69.278972,0.30354,49.11,1990.1,0.2725,26.9944,27.0927,False,False
3150,4348,2546.06,2669.76,-17.58,85.140892,0.29982,48.51,3768.32,0.2757,26.9932,27.0902,False,False
3151,4439,2477.77,2688.91,-17.883266,84.059771,0.30139,48.76,3594.57,0.2692,26.9693,27.0668,False,False
3152,3055,2544.41,2066.31,-8.026827,85.114833,0.29747,48.13,3254.39,0.2872,26.9699,27.0661,False,False
3153,2683,2129.56,1844.41,-4.513926,78.547357,0.30085,48.68,3267.93,0.2733,26.9653,27.0626,False,False
3154,962,2122.54,496.14,16.830486,78.436251,0.26309,47.27,5597.5,0.407,26.9274,27.022,False,False
3155,3524,1457.47,2321.71,-12.070055,67.907426,0.30226,48.9,2382.17,0.2711,26.9226,27.0204,False,False
3156,4210,905.25,2636.97,-17.060948,59.165297,0.30186,48.84,2273.78,0.2726,26.9092,27.0069,False,False
3157,4081,1908.72,2576.0,-16.095752,75.051198,0.3011,48.72,2716.09,0.2709,26.8743,26.9717,False,False
3158,1020,1616.25,522.35,16.415569,70.421093,0.30207,48.87,1959.51,0.271,26.857,26.9548,False,False
3159,3780,1224.2,2452.02,-14.133031,64.214616,0.30087,48.68,2755.0,0.2704,26.8537,26.951,False,False
3160,4129,949.51,2607.68,-16.597202,59.866028,0.30039,48.6,2751.08,0.2715,26.8386,26.9358,False,False
3161,2484,2158.15,1683.84,-1.971927,78.999845,0.30008,48.55,3248.17,0.2688,26.8262,26.9233,False,False
3162,1571,1741.59,811.48,11.838357,72.40532,0.30076,48.66,2466.08,0.2707,26.8177,26.915,False,False
3163,1011,1330.85,525.95,16.358553,65.902954,0.29965,48.48,3067.06,0.2708,26.8093,26.9063,False,False
3164,59,170.97,46.85,23.943154,47.540908,0.29957,48.47,2321.04,0.2754,26.799,26.896,False,False
3165,1160,1811.79,587.08,15.390768,73.516752,0.30127,48.74,1886.32,0.2713,26.7959,26.8934,False,False
3166,127,619.17,78.27,23.445733,54.636438,0.29722,48.09,3498.52,0.2769,26.7954,26.8916,False,False
3167,1878,268.91,1043.57,8.164172,49.091335,0.25546,53.62,3886.07,0.4405,26.7801,26.8873,False,False
3168,2225,1675.64,1417.47,2.244989,71.361316,0.29956,48.47,3319.16,0.2681,26.7854,26.8824,False,False
3169,1522,1872.29,788.16,12.207527,74.474444,0.29987,48.52,2952.4,0.2688,26.7775,26.8745,False,False
3170,2184,2066.73,1362.71,3.111878,77.552706,0.29584,47.87,4659.19,0.2737,26.7757,26.8715,False,False
3171,1151,1514.06,591.54,15.320249,68.803269,0.30074,48.66,2160.34,0.2703,26.7734,26.8707,False,False
3172,4395,1066.14,2689.41,-17.89117,61.712413,0.30077,48.66,1755.27,0.2724,26.7643,26.8616,False,False
3173,2237,2056.76,1420.0,2.204955,77.394795,0.29757,48.15,4435.02,0.2677,26.7652,26.8615,False,False
3174,1289,1773.42,653.08,14.34605,72.909336,0.30028,48.58,2349.65,0.2701,26.7587,26.8558,False,False
3175,934,1237.33,500.79,16.756882,64.422448,0.2953,47.78,4565.02,0.2753,26.7533,26.8489,False,False
3176,4211,941.48,2640.3,-17.113614,59.738789,0.29995,48.53,2119.97,0.2722,26.746,26.843,False,False
3177,4162,1996.93,2605.98,-16.570294,76.447676,0.29987,48.52,2099.91,0.2712,26.7191,26.8161,False,False
3178,2547,1777.83,1739.03,-2.845605,72.97908,0.29916,48.4,2606.32,0.2687,26.6825,26.7793,False,False
3179,1347,1747.45,686.34,13.819466,72.498144,0.29945,48.45,2311.57,0.2685,26.6658,26.7627,False,False
3180,594,1167.53,335.58,19.372256,63.317422,0.29904,48.38,2539.33,0.2685,26.662,26.7588,False,False
3181,2876,2132.37,1970.28,-6.506633,78.591774,0.2557,53.3,3157.3,0.4372,26.6509,26.7575,False,False
3182,2822,1937.96,1936.87,-5.97767,75.514085,0.2991,48.39,2140.61,0.2703,26.6532,26.75,False,False
3183,2292,1993.64,1490.75,1.084899,76.39557,0.29885,48.35,2528.49,0.2682,26.6422,26.7389,False,False
3184,2414,2062.0,1619.19,-0.94843,77.477739,0.29921,48.41,2268.58,0.2685,26.642,26.7388,False,False
3185,4131,1006.23,2612.55,-16.674406,60.763873,0.29791,48.2,2542.33,0.2715,26.6349,26.7313,False,False
3186,1293,1900.3,647.27,14.437992,74.91787,0.29865,48.32,2421.39,0.2692,26.6337,26.7304,False,False
3187,1718,1688.18,903.94,10.374551,71.559847,0.29781,48.18,3102.87,0.2669,26.6105,26.7069,False,False
3188,2769,1801.7,1903.66,-5.451951,73.356951,0.29764,48.16,2908.64,0.2678,26.5928,26.6891,False,False
3189,1724,1866.42,913.49,10.22337,74.381499,0.29654,47.98,3806.48,0.2661,26.589,26.685,False,False
3190,4132,1040.1,2607.29,-16.591141,61.30017,0.29783,48.19,2593.07,0.2688,26.5868,26.6832,False,False
3191,528,910.0,304.94,19.857393,59.240459,0.29272,47.36,4053.27,0.2793,26.581,26.6757,False,False
3192,1517,1710.94,789.59,12.184876,71.920203,0.29804,48.22,2466.87,0.268,26.5736,26.67,False,False
3193,1227,1871.93,624.4,14.799987,74.468716,0.29855,48.3,2022.54,0.2688,26.573,26.6696,False,False
3194,3227,1551.94,2159.0,-9.494168,69.40306,0.29686,48.03,2932.36,0.2681,26.5443,26.6404,False,False
3195,2866,1804.92,1973.54,-6.558219,73.407978,0.29658,47.99,3158.87,0.2672,26.5359,26.6319,False,False
3196,301,914.58,180.38,21.829222,59.312939,0.29639,47.95,3052.09,0.268,26.5233,26.6192,False,False
3197,1084,1427.95,552.33,15.940968,67.440141,0.29749,48.13,2221.99,0.2688,26.52,26.6162,False,False
3198,2967,1616.51,2030.87,-7.46583,70.425292,0.29619,47.92,3344.28,0.2665,26.5157,26.6115,False,False
3199,1573,1806.81,814.56,11.789539,73.437829,0.29683,48.03,2839.45,0.2671,26.5129,26.609,False,False
3200,1675,1839.64,874.13,10.846572,73.957543,0.2962,47.92,3308.64,0.2661,26.5065,26.6023,False,False
3201,1406,1749.5,713.6,13.387914,72.530571,0.29712,48.07,2502.29,0.2672,26.4973,26.5934,False,False
3202,1714,1542.46,917.51,10.159738,69.252904,0.29526,47.77,3524.95,0.2676,26.491,26.5866,False,False
3203,1465,1871.1,755.46,12.72524,74.455703,0.29636,47.95,2973.75,0.2668,26.4901,26.586,False,False
3204,1165,1966.7,585.16,15.421229,75.969121,0.29702,48.06,2329.47,0.2683,26.4886,26.5848,False,False
3205,3101,1748.41,2092.6,-8.443082,72.513382,0.29633,47.95,2850.11,0.2671,26.4798,26.5757,False,False
3206,1009,1261.31,530.76,16.282357,64.80201,0.27544,44.57,4043.53,0.3428,26.477,26.5662,False,False
3207,2321,1996.73,1527.14,0.508831,76.444491,0.29684,48.03,2482.33,0.2669,26.469,26.5651,False,False
3208,1452,1454.27,748.93,12.828647,67.856851,0.2959,47.87,2883.24,0.2681,26.469,26.5648,False,False
3209,4168,2192.44,2611.13,-16.651898,79.542807,0.2531,53.24,2688.4,0.4397,26.4538,26.5603,False,False
3210,414,970.8,245.03,20.805857,60.203012,0.29542,47.8,2987.84,0.2685,26.4553,26.5509,False,False
3211,2483,2126.57,1676.97,-1.863207,78.500032,0.29671,48.01,2365.74,0.2664,26.436,26.532,False,False
3212,2006,1802.12,1135.39,6.710552,73.363595,0.2944,47.63,4005.53,0.2648,26.4342,26.5295,False,False
3213,872,1446.51,468.75,17.264181,67.733955,0.29605,47.9,2449.52,0.2682,26.431,26.5268,False,False
3214,2232,1896.59,1424.56,2.13267,74.859173,0.29596,47.89,2712.46,0.2662,26.4202,26.516,False,False
3215,3226,1513.91,2155.28,-9.435292,68.800958,0.29494,47.72,3366.7,0.2658,26.4166,26.5121,False,False
3216,2546,1741.77,1741.77,-2.889038,72.408256,0.29534,47.79,2976.18,0.2664,26.4095,26.5051,False,False
3217,299,848.25,167.86,22.027515,58.262906,0.29339,47.47,3592.29,0.2698,26.4036,26.4986,False,False
3218,2381,2001.37,1582.94,-0.374554,76.517906,0.29639,47.96,2246.86,0.2664,26.3993,26.4952,False,False
3219,1231,1994.19,619.7,14.874429,76.404327,0.29599,47.89,2347.18,0.2668,26.3902,26.486,False,False
3220,4244,2005.04,2640.86,-17.12253,76.575989,0.29612,47.91,1944.5,0.2682,26.3768,26.4726,False,False
3221,3525,1491.12,2317.13,-11.997621,68.440133,0.29552,47.81,2373.98,0.2674,26.3698,26.4654,False,False
3222,4296,845.64,2671.47,-17.607173,58.221568,0.29605,47.9,2094.2,0.267,26.3672,26.463,False,False
3223,2729,2125.59,1879.3,-5.066278,78.484497,0.29201,47.25,3276.52,0.2753,26.3664,26.4609,False,False
3224,4130,978.49,2607.3,-16.59117,60.324743,0.29477,47.69,2557.45,0.2687,26.3615,26.4568,False,False
3225,1150,1485.62,587.78,15.379797,68.353052,0.29585,47.87,2132.31,0.267,26.3574,26.4532,False,False
3226,2636,2100.02,1812.09,-4.002269,78.079589,0.29479,47.7,2945.93,0.2658,26.356,26.4514,False,False
3227,1623,1746.03,846.37,11.286012,72.475703,0.29551,47.81,2497.65,0.2658,26.3543,26.4499,False,False
3228,2236,2030.12,1429.37,2.056492,76.973107,0.29387,47.55,3665.74,0.2644,26.3487,26.4438,False,False
3229,2549,1836.89,1737.88,-2.827443,73.914065,0.29536,47.79,2306.48,0.2664,26.3327,26.4282,False,False
3230,2261,1941.69,1451.11,1.712471,75.57311,0.29451,47.65,2741.63,0.2652,26.2999,26.3952,False,False
3231,2642,2289.41,1805.87,-3.903817,81.077848,0.27759,44.91,4650.42,0.3206,26.3038,26.3937,False,False
3232,732,1358.86,396.37,18.409935,66.346379,0.29473,47.69,1968.79,0.269,26.2936,26.3889,False,False
3233,252,1136.66,140.21,22.465145,62.828721,0.29536,47.79,1999.28,0.2661,26.2919,26.3874,False,False
3234,2870,1943.02,1970.23,-6.505851,75.594192,0.29459,47.66,2324.64,0.267,26.2906,26.3859,False,False
3235,1233,2057.58,621.35,14.848258,77.407804,0.29388,47.55,2780.72,0.2652,26.2591,26.3542,False,False
3236,2923,1970.45,2006.7,-7.083194,76.02847,0.29425,47.61,2249.14,0.2661,26.24,26.3353,False,False
3237,1523,1906.85,777.25,12.380327,75.021525,0.29283,47.38,3168.56,0.2655,26.2353,26.3301,False,False
3238,1463,1809.94,746.3,12.870206,73.487427,0.29357,47.5,2660.0,0.2639,26.2011,26.2961,False,False
3239,529,947.21,308.68,19.798216,59.829528,0.29017,46.95,3757.44,0.2704,26.2014,26.2953,False,False
3240,2674,1833.11,1842.43,-4.482646,73.854183,0.29344,47.48,2424.11,0.2653,26.1877,26.2827,False,False
3241,1102,1997.8,557.1,15.865481,76.461409,0.29218,47.27,2815.65,0.2648,26.1352,26.2297,False,False
3242,1408,1805.56,717.07,13.332917,73.418034,0.29274,47.36,2507.63,0.2645,26.1332,26.2279,False,False
3243,3463,1414.98,2283.54,-11.46586,67.234854,0.29181,47.21,3140.63,0.2639,26.1299,26.2243,False,False
3244,2352,2068.16,1547.64,0.184291,77.575311,0.2921,47.26,2754.7,0.265,26.1248,26.2193,False,False
3245,1510,1486.47,788.98,12.194527,68.366631,0.29236,47.3,2446.37,0.2656,26.1187,26.2133,False,False
3246,2673,1799.93,1834.0,-4.349128,73.328969,0.29198,47.24,2891.7,0.2639,26.1137,26.2082,False,False
3247,2265,2062.44,1451.44,1.707161,77.484679,0.29133,47.14,3447.37,0.2628,26.1127,26.207,False,False
3248,1564,1516.35,816.44,11.759792,68.839531,0.29203,47.25,2365.4,0.2661,26.0944,26.1889,False,False
3249,3285,1577.53,2191.09,-10.002288,69.808217,0.2922,47.28,2523.95,0.2639,26.0861,26.1807,False,False
3250,359,1009.3,212.07,21.327609,60.812431,0.29152,47.17,2677.87,0.2646,26.0675,26.1618,False,False
3251,1518,1740.43,782.74,12.293381,72.386942,0.29196,47.24,2416.4,0.2644,26.0645,26.159,False,False
3252,4212,977.63,2644.15,-17.174648,60.311134,0.29149,47.16,2099.69,0.2676,26.0508,26.1451,False,False
3253,2521,2162.51,1710.41,-2.39254,79.068885,0.28904,46.77,3265.48,0.2697,26.0499,26.1434,False,False
3254,2324,2094.24,1522.17,0.587391,77.988166,0.29052,47.01,2931.42,0.2654,26.0391,26.1331,False,False
3255,469,881.74,273.96,20.347848,58.793146,0.28672,46.39,4191.7,0.2722,26.0365,26.1293,False,False
3256,1283,1587.76,662.13,14.202796,69.970131,0.29174,47.2,2260.41,0.2645,26.0332,26.1276,False,False
3257,2383,2060.68,1583.65,-0.385861,77.456806,0.29194,47.24,2162.85,0.2642,26.0294,26.1239,False,False
3258,2628,1838.38,1803.99,-3.874056,73.937611,0.29147,47.16,2315.28,0.2644,26.0171,26.1114,False,False
3259,3284,1547.95,2195.62,-10.07389,69.339862,0.29082,47.05,2780.54,0.2635,26.0095,26.1036,False,False
3260,2559,2161.85,1736.85,-2.811128,79.058543,0.27052,43.77,3666.17,0.3392,26.015,26.1025,False,False
3261,2084,1833.24,1230.39,5.206648,73.856288,0.28844,46.67,4437.88,0.2617,26.0013,26.0946,False,False
3262,4424,1994.38,2687.95,-17.868053,76.407212,0.2919,47.23,1574.94,0.2665,25.9984,26.0928,False,False
3263,3765,748.57,2443.98,-14.005693,56.684888,0.29035,46.98,2947.42,0.263,25.9859,26.0798,False,False
3264,1524,1936.39,788.89,12.196029,75.489303,0.28965,46.86,3355.95,0.2631,25.9859,26.0796,False,False
3265,354,850.64,205.32,21.434425,58.300794,0.28703,46.44,3867.95,0.2698,25.9785,26.0714,False,False
3266,1111,2289.79,555.37,15.892904,81.083963,0.24448,49.02,7126.08,0.4181,25.9673,26.0654,False,False
3267,4297,876.5,2671.9,-17.613842,58.710201,0.29127,47.13,1920.29,0.2647,25.9625,26.0567,False,False
3268,196,1102.94,115.74,22.852557,62.294977,0.29076,47.04,2215.91,0.2645,25.9566,26.0507,False,False
3269,87,1073.86,52.92,23.847135,61.834512,0.29104,47.09,1943.82,0.2648,25.9506,26.0448,False,False
3270,1351,1871.06,685.17,13.837962,74.455022,0.29055,47.01,2389.38,0.2627,25.9298,26.0239,False,False
3271,959,2023.34,495.99,16.832908,76.865682,0.27356,44.26,4616.23,0.3162,25.9307,26.0192,False,False
3272,2106,1840.91,1259.81,4.740799,73.977639,0.28563,46.21,4472.62,0.2685,25.9246,26.0171,False,False
3273,3967,654.79,2546.02,-15.621167,55.200267,0.28981,46.89,2743.79,0.2629,25.9216,26.0154,False,False
3274,1291,1843.97,655.61,14.305977,74.02609,0.2903,46.97,2298.33,0.2635,25.9139,26.0078,False,False
3275,4300,977.72,2674.18,-17.650076,60.312534,0.29039,46.98,1705.16,0.2666,25.9083,26.0022,False,False
3276,1458,1648.08,750.92,12.797062,70.924975,0.29024,46.96,2069.91,0.2625,25.8652,25.9591,False,False
3277,1519,1769.41,779.34,12.34723,72.84578,0.28878,46.72,2727.46,0.2634,25.8543,25.9477,False,False
3278,2486,2223.26,1682.26,-1.946978,80.030648,0.27816,45.0,3636.92,0.2985,25.8283,25.9183,False,False
3279,3504,812.83,2325.05,-12.122998,57.702134,0.2835,45.87,5369.86,0.2646,25.8064,25.8981,False,False
3280,2522,2191.5,1707.37,-2.34441,79.527926,0.28545,46.18,3345.62,0.269,25.788,25.8803,False,False
3281,2341,1705.76,1551.11,0.129229,71.838212,0.28744,46.51,3301.21,0.2593,25.7516,25.8446,False,False
3282,2770,1832.04,1902.73,-5.437124,73.837259,0.2877,46.55,2679.76,0.2618,25.7423,25.8353,False,False
3283,2267,2122.24,1463.52,1.515985,78.43137,0.28499,46.11,3393.46,0.2679,25.7407,25.8329,False,False
3284,2508,1743.56,1709.67,-2.380815,72.436547,0.28747,46.51,2813.25,0.2611,25.7283,25.8213,False,False
3285,936,1298.52,493.05,16.8795,65.391066,0.28654,46.36,3054.71,0.2624,25.7132,25.806,False,False
3286,1673,1774.32,874.2,10.845402,72.923569,0.28727,46.48,2876.16,0.26,25.7028,25.7958,False,False
3287,3724,1524.27,2417.17,-13.581203,68.965018,0.28808,46.61,2002.28,0.2624,25.701,25.7942,False,False
3288,3404,1452.78,2262.39,-11.130995,67.833293,0.28711,46.45,2788.54,0.2609,25.6966,25.7895,False,False
3289,2312,1715.88,1521.45,0.598857,71.998361,0.2867,46.39,3026.76,0.26,25.6785,25.7712,False,False
3290,4214,1044.33,2636.61,-17.055153,61.366994,0.28719,46.47,2281.73,0.2624,25.6698,25.7627,False,False
3291,2919,1842.38,2002.44,-7.015759,74.000993,0.2867,46.39,2750.31,0.2611,25.6661,25.7589,False,False
3292,1359,2125.48,686.06,13.823944,78.482684,0.28517,46.14,3983.67,0.2589,25.6619,25.7542,False,False
3293,2730,2158.22,1869.01,-4.903329,79.001096,0.27536,44.55,3437.44,0.3016,25.6595,25.7486,False,False
3294,4347,2511.52,2663.93,-17.487697,84.594182,0.28417,45.98,4690.5,0.2578,25.6534,25.7454,False,False
3295,3790,1555.39,2445.2,-14.024949,69.457614,0.28741,46.5,1985.67,0.262,25.6428,25.7358,False,False
3296,2239,2123.0,1429.01,2.062221,78.443539,0.27202,44.01,3492.86,0.3138,25.645,25.733,False,False
3297,2929,2155.96,2002.68,-7.019575,78.965182,0.24075,52.71,3146.85,0.4399,25.6229,25.7284,False,False
3298,470,909.43,271.79,20.382114,59.231399,0.28371,45.9,3668.2,0.265,25.6296,25.7214,False,False
3299,2287,1838.4,1492.15,1.062701,73.937977,0.28682,46.41,2232.3,0.2617,25.6252,25.718,False,False
3300,2315,1811.48,1521.71,0.594658,73.511763,0.28642,46.34,2234.27,0.2631,25.6206,25.7133,False,False
3301,3038,1938.15,2067.74,-8.04952,75.517172,0.28707,46.45,2093.38,0.2612,25.6166,25.7095,False,False
3302,1572,1771.3,817.07,11.749802,72.875761,0.28592,46.26,2699.84,0.2606,25.5948,25.6874,False,False
3303,2127,1805.73,1302.62,4.063211,73.420749,0.2853,46.16,3171.7,0.26,25.5942,25.6866,False,False
3304,2974,1841.96,2030.39,-7.458144,73.994282,0.28614,46.3,2533.48,0.2604,25.5868,25.6794,False,False
3305,2721,1875.8,1869.49,-4.910987,74.529967,0.28636,46.33,2242.16,0.2611,25.5824,25.675,False,False
3306,1342,1578.66,689.95,13.762349,69.826105,0.2869,46.42,1894.27,0.2611,25.5792,25.672,False,False
3307,2672,1769.85,1841.34,-4.465367,72.852775,0.28519,46.14,3119.84,0.2589,25.562,25.6543,False,False
3308,1666,1556.02,884.53,10.681839,69.467591,0.28434,46.01,3015.78,0.262,25.544,25.636,False,False
3309,4213,1009.84,2643.13,-17.158518,60.821037,0.28532,46.16,2152.98,0.2634,25.5375,25.6298,False,False
3310,1153,1583.26,596.02,15.249254,69.898901,0.28602,46.28,2174.74,0.2597,25.5234,25.616,False,False
3311,748,1876.04,393.87,18.449543,74.533891,0.23457,53.91,4262.77,0.4505,25.4994,25.6072,False,False
3312,2719,1801.7,1870.5,-4.926944,73.356979,0.28468,46.06,2878.15,0.2595,25.507,25.5991,False,False
3313,1646,114.49,883.8,10.693503,46.646745,0.22868,57.11,4869.92,0.4693,25.4848,25.5991,False,False
3314,1355,2000.55,679.54,13.92718,76.504934,0.28485,46.09,2891.79,0.2584,25.5012,25.5934,False,False
3315,1769,1836.61,942.95,9.757127,73.909602,0.28336,45.85,3998.56,0.2565,25.4895,25.5812,False,False
3316,1014,1428.28,520.04,16.452123,67.445334,0.28522,46.15,2299.3,0.26,25.4871,25.5794,False,False
3317,2869,1909.31,1967.53,-6.462976,75.060607,0.28498,46.11,2524.68,0.2594,25.4853,25.5775,False,False
3318,2992,2479.54,2027.93,-7.419161,84.087914,0.28234,45.68,3216.64,0.265,25.4778,25.5692,False,False
3319,2283,1707.85,1491.7,1.069883,71.871231,0.28388,45.93,3205.2,0.2587,25.4737,25.5656,False,False
3320,1751,303.68,944.44,9.733489,49.641842,0.23179,52.87,5978.67,0.4471,25.4399,25.5457,False,False
3321,4441,2548.35,2692.12,-17.933935,85.177202,0.28192,45.61,3089.75,0.2661,25.4513,25.5425,False,False
3322,138,980.86,77.3,23.461118,60.362308,0.28427,45.99,2377.66,0.2611,25.4467,25.5386,False,False
3323,1290,1807.38,661.48,14.213024,73.446831,0.28454,46.04,2429.95,0.2593,25.4395,25.5316,False,False
3324,3589,1492.44,2355.55,-12.605743,68.46105,0.28477,46.07,2236.78,0.259,25.4283,25.5205,False,False
3325,3410,1641.92,2255.52,-11.022199,70.827536,0.28472,46.07,1946.91,0.2598,25.4045,25.4967,False,False
3326,3586,1391.65,2357.53,-12.637087,66.865473,0.28378,45.91,2619.8,0.2588,25.3993,25.4911,False,False
3327,4245,2038.14,2641.37,-17.13055,77.099965,0.28437,46.01,1937.76,0.2608,25.3961,25.4881,False,False
3328,2773,1929.55,1905.49,-5.480899,75.380963,0.28414,45.97,2062.13,0.2606,25.391,25.4829,False,False
3329,34,1107.64,13.34,24.473763,62.369382,0.28521,46.15,1245.13,0.2613,25.3848,25.4771,False,False
3330,2820,1876.19,1940.0,-6.027269,74.536251,0.28355,45.88,2561.39,0.2593,25.3838,25.4756,False,False
3331,3039,1966.87,2062.42,-7.965202,75.971761,0.28433,46.0,1976.19,0.2598,25.3808,25.4728,False,False
3332,50,1612.27,18.26,24.395857,70.358034,0.22884,61.57,1357.13,0.4841,25.3494,25.4726,False,False
3333,1768,1805.13,938.98,9.819845,73.411195,0.28183,45.6,3819.5,0.2572,25.3705,25.4617,False,False
3334,1223,1739.07,619.17,14.882792,72.365489,0.28378,45.91,2223.53,0.2593,25.3616,25.4534,False,False
3335,2779,2125.61,1910.98,-5.567736,78.484858,0.24901,43.83,3102.73,0.3927,25.3628,25.4505,False,False
3336,1722,1804.01,910.5,10.270802,73.393608,0.28226,45.67,3454.23,0.2572,25.3584,25.4497,False,False
3337,3588,1456.71,2351.61,-12.543451,67.895487,0.28375,45.91,2179.66,0.2594,25.355,25.4468,False,False
3338,2627,1808.92,1805.79,-3.902513,73.471289,0.28318,45.82,2550.89,0.2589,25.3488,25.4405,False,False
3339,4002,1776.05,2534.22,-15.434339,72.950898,0.28348,45.87,2310.53,0.2589,25.3424,25.4341,False,False
3340,2482,2101.34,1686.22,-2.009578,78.10063,0.28319,45.82,2654.34,0.2575,25.3361,25.4277,False,False
3341,4299,941.79,2668.72,-17.56363,59.743784,0.28374,45.91,1715.7,0.2607,25.3237,25.4155,False,False
3342,2378,1902.14,1585.01,-0.407359,74.947097,0.28321,45.82,2145.57,0.2599,25.3211,25.4127,False,False
3343,3304,2188.62,2192.81,-10.029401,79.482226,0.25282,40.91,3068.34,0.3754,25.3205,25.4023,False,False
3344,2520,2131.23,1713.56,-2.442447,78.57376,0.28194,45.62,2846.76,0.259,25.2978,25.389,False,False
3345,2871,1975.34,1971.95,-6.533005,76.105929,0.28274,45.75,2250.94,0.2594,25.2913,25.3828,False,False
3346,4332,2006.17,2676.34,-17.684225,76.593978,0.28309,45.8,1730.73,0.2605,25.2749,25.3665,False,False
3347,2722,1908.49,1865.29,-4.84452,75.047555,0.28257,45.72,2260.01,0.2586,25.266,25.3574,False,False
3348,1702,274.6,915.32,10.194418,49.181413,0.23037,52.35,5873.67,0.4431,25.2525,25.3572,False,False
3349,2637,2124.43,1802.22,-3.845981,78.466164,0.28022,45.34,3328.69,0.2606,25.2589,25.3496,False,False
3350,2511,1847.43,1714.64,-2.45959,74.080858,0.2822,45.66,2318.2,0.258,25.2341,25.3254,False,False
3351,4446,2734.77,2690.31,-17.90539,88.12839,0.24746,41.83,4188.62,0.3851,25.2418,25.3254,False,False
3352,1521,1839.03,780.39,12.330474,73.947971,0.28129,45.51,2794.38,0.2571,25.2088,25.2998,False,False
3353,364,1161.26,202.57,21.478019,63.218155,0.28198,45.62,2372.81,0.2569,25.2061,25.2974,False,False
3354,2933,2420.89,1994.22,-6.885523,83.159307,0.27577,44.62,3785.63,0.2725,25.2065,25.2957,False,False
3355,3726,1580.28,2415.1,-13.548462,69.851751,0.28207,45.64,1935.08,0.259,25.1986,25.2899,False,False
3356,2357,2216.43,1556.68,0.041197,79.922501,0.25666,41.53,2645.59,0.3561,25.2017,25.2848,False,False
3357,2771,1864.02,1905.06,-5.474082,74.343599,0.28133,45.52,2459.67,0.2582,25.1933,25.2844,False,False
3358,363,1132.59,204.39,21.449163,62.764303,0.28145,45.54,2418.48,0.2578,25.1903,25.2814,False,False
3359,3650,1302.92,2378.18,-12.963952,65.460816,0.28081,45.43,2980.86,0.2563,25.1823,25.2732,False,False
3360,419,1136.63,235.08,20.9633,62.828238,0.28143,45.53,2449.11,0.257,25.1763,25.2673,False,False
3361,1292,1877.88,659.8,14.239601,74.562995,0.28109,45.48,2522.27,0.2575,25.1693,25.2603,False,False
3362,3718,1327.18,2418.94,-13.609279,65.844928,0.28108,45.48,2439.6,0.2573,25.1568,25.2478,False,False
3363,1017,1523.48,529.99,16.294612,68.952514,0.28131,45.52,2210.9,0.2572,25.1449,25.236,False,False
3364,3898,685.12,2512.1,-15.084041,55.680446,0.28063,45.4,2730.97,0.2562,25.1381,25.2289,False,False
3365,3807,2099.07,2441.28,-13.962988,78.064656,0.27801,44.98,2893.99,0.2655,25.1357,25.2257,False,False
3366,2523,2228.64,1715.73,-2.476768,80.115787,0.26972,43.64,3808.79,0.2928,25.1381,25.2254,False,False
3367,1760,1557.54,938.66,9.824964,69.491607,0.27927,45.18,3465.78,0.2566,25.1346,25.225,False,False
3368,1407,1780.53,719.03,13.301877,73.0218,0.28072,45.42,2523.67,0.2559,25.1139,25.2048,False,False
3369,2286,1807.27,1489.94,1.097694,73.445099,0.28058,45.4,2189.58,0.2581,25.1052,25.196,False,False
3370,1570,1710.04,813.48,11.806744,71.905929,0.28085,45.44,2407.09,0.2556,25.1047,25.1956,False,False
3371,2314,1777.14,1518.21,0.650151,72.968149,0.28068,45.41,2281.92,0.257,25.1039,25.1947,False,False
3372,1013,1391.13,534.29,16.226627,66.857173,0.28052,45.39,2257.58,0.2577,25.1011,25.1919,False,False
3373,4346,2485.0,2665.38,-17.510712,84.174295,0.27733,44.87,4898.53,0.2531,25.0999,25.1897,False,False
3374,2738,2417.27,1875.24,-5.001941,83.102001,0.27596,44.65,4109.53,0.2636,25.0979,25.1872,False,False
3375,3582,1257.48,2343.93,-12.421773,64.741392,0.27877,45.1,3779.17,0.2539,25.0871,25.1773,False,False
3376,750,1932.13,400.86,18.338914,75.421744,0.22049,58.85,5145.79,0.4763,25.0537,25.1714,False,False
3377,4336,2124.94,2664.59,-17.498137,78.474232,0.27997,45.3,2239.79,0.2579,25.0635,25.1541,False,False
3378,1403,1642.09,717.96,13.31888,70.830254,0.28038,45.36,2134.09,0.2562,25.0508,25.1415,False,False
3379,2821,1908.05,1932.31,-5.905425,75.04059,0.27997,45.3,2274.81,0.257,25.0509,25.1415,False,False
3380,2177,1842.75,1354.66,3.239255,74.006772,0.27729,44.86,3503.49,0.2594,25.0466,25.1363,False,False
3381,2211,2064.38,1394.16,2.613947,77.515458,0.27631,44.71,4696.4,0.2553,25.0413,25.1307,False,False
3382,2934,2447.28,2002.14,-7.010882,83.577197,0.27621,44.69,3964.27,0.2603,25.039,25.1284,False,False
3383,4392,971.8,2692.2,-17.935285,60.21886,0.27991,45.29,1692.18,0.2587,25.0094,25.1,False,False
3384,1354,1970.34,682.73,13.876528,76.026732,0.27914,45.16,2780.05,0.2544,25.0038,25.0942,False,False
3385,1396,1426.44,720.71,13.275414,67.416275,0.27746,44.89,3313.02,0.2559,24.9726,25.0624,False,False
3386,2316,1846.58,1527.74,0.499272,74.06754,0.27833,45.03,2387.94,0.2571,24.9489,25.039,False,False
3387,2485,2185.37,1677.0,-1.863729,79.43083,0.27643,44.73,3538.3,0.2566,24.9378,25.0273,False,False
3388,143,1137.78,73.57,23.520147,62.8465,0.27951,45.22,1665.97,0.256,24.928,25.0184,False,False
3389,2295,2088.18,1491.82,1.067954,77.892221,0.27698,44.81,3380.96,0.2548,24.9271,25.0167,False,False
3390,4391,940.82,2690.61,-17.910027,59.728413,0.27888,45.12,1715.7,0.2576,24.9175,25.0077,False,False
3391,3526,1518.81,2325.19,-12.125207,68.878514,0.27876,45.1,2113.18,0.2552,24.9126,25.0028,False,False
3392,3659,1584.42,2377.86,-12.958901,69.917234,0.27881,45.11,2045.32,0.2554,24.9112,25.0014,False,False
3393,4334,2069.24,2661.8,-17.45401,77.592456,0.27837,45.04,1876.0,0.2577,24.9014,24.9915,False,False
3394,2436,1713.71,1646.64,-1.383054,71.964041,0.27741,44.88,3049.35,0.2537,24.8981,24.9879,False,False
3395,3725,1552.34,2408.09,-13.437525,69.409405,0.27858,45.07,2038.95,0.2555,24.8965,24.9866,False,False
3396,2596,2091.87,1772.55,-3.376327,77.950698,0.27818,45.01,2385.05,0.2545,24.891,24.981,False,False
3397,3584,1328.58,2348.58,-12.495428,65.86709,0.27748,44.9,2843.26,0.2539,24.8829,24.9727,False,False
3398,3505,851.39,2322.88,-12.088605,58.312638,0.27325,44.21,5783.33,0.2513,24.8778,24.9662,False,False
3399,3655,1446.05,2385.3,-13.076798,67.726609,0.2777,44.93,2363.08,0.2555,24.8722,24.9621,False,False
3400,2507,1709.65,1715.85,-2.478751,71.899727,0.27626,44.7,3445.76,0.2542,24.872,24.9614,False,False
3401,2325,2128.65,1519.35,0.632143,78.532946,0.27579,44.62,2998.62,0.259,24.8714,24.9607,False,False
3402,3583,1289.75,2354.17,-12.583918,65.252303,0.27658,44.75,3110.88,0.2537,24.8465,24.936,False,False
3403,4388,854.62,2690.2,-17.903636,58.363813,0.27752,44.9,2082.86,0.2555,24.8252,24.915,False,False
3404,1093,1707.47,557.1,15.865497,71.865253,0.27794,44.97,1937.18,0.2546,24.8222,24.9121,False,False
3405,1873,111.79,1041.41,8.198332,46.603977,0.22519,52.64,3775.45,0.4522,24.7966,24.9019,False,False
3406,304,1013.17,179.8,21.838533,60.873695,0.27666,44.76,2796.96,0.2535,24.8115,24.901,False,False
3407,2720,1837.05,1871.36,-4.940644,73.916654,0.27684,44.79,2478.12,0.2542,24.7991,24.8887,False,False
3408,1155,1647.87,599.24,15.198342,70.921659,0.27721,44.85,2180.87,0.2539,24.7858,24.8755,False,False
3409,3634,786.25,2376.41,-12.936045,57.281415,0.27404,44.34,4195.07,0.2531,24.7807,24.8694,False,False
3410,1670,1674.74,880.31,10.748733,71.347088,0.27673,44.77,2630.99,0.2524,24.7774,24.8669,False,False
3411,3593,1615.1,2352.73,-12.561074,70.402847,0.27711,44.83,1810.35,0.2555,24.7631,24.8528,False,False
3412,2322,2021.08,1512.41,0.741907,76.830028,0.27617,44.68,2706.53,0.2531,24.7588,24.8482,False,False
3413,2920,1876.34,2004.9,-7.054587,74.538633,0.2761,44.67,2565.23,0.2542,24.7568,24.8461,False,False
3414,2323,2056.02,1513.25,0.728591,77.383053,0.27541,44.56,2942.37,0.2537,24.7417,24.8308,False,False
3415,2153,1834.31,1321.86,3.758542,73.873144,0.27239,44.07,3951.89,0.2588,24.7353,24.8234,False,False
3416,868,1327.14,460.94,17.387684,65.844144,0.27587,44.63,2354.21,0.2551,24.7312,24.8205,False,False
3417,3723,1490.96,2417.66,-13.5891,68.437579,0.27608,44.67,2109.93,0.2554,24.7239,24.8132,False,False
3418,3657,1510.62,2387.9,-13.11784,68.748852,0.2762,44.69,2183.37,0.2543,24.7208,24.8102,False,False
3419,939,1385.57,503.23,16.718288,66.76917,0.27577,44.62,2356.81,0.2548,24.7197,24.8089,False,False
3420,1157,1714.02,597.86,15.220118,71.968863,0.27633,44.71,2070.14,0.2543,24.7169,24.8063,False,False
3421,3171,1775.9,2127.46,-8.994915,72.948476,0.27638,44.72,2200.85,0.2532,24.7165,24.806,False,False
3422,2205,1868.5,1392.06,2.647242,74.414545,0.2753,44.54,2714.54,0.254,24.7128,24.8019,False,False
3423,1234,2099.34,629.61,14.717561,78.068831,0.27391,44.32,3960.12,0.2509,24.7029,24.7915,False,False
3424,2978,1967.16,2035.53,-7.539544,75.976358,0.27593,44.64,2112.1,0.254,24.6884,24.7777,False,False
3425,2638,2161.69,1808.12,-3.939359,79.055936,0.26417,42.74,3801.83,0.2899,24.6864,24.7719,False,False
3426,3858,1576.22,2473.56,-14.47405,69.787418,0.27562,44.59,2043.62,0.2547,24.67,24.7592,False,False
3427,1296,1996.6,651.45,14.371763,76.44244,0.27503,44.5,2577.35,0.2535,24.6681,24.7571,False,False
3428,1010,1294.48,525.73,16.361986,65.327187,0.27224,44.05,3480.38,0.2579,24.6526,24.7407,False,False
3429,873,1477.67,465.22,17.319954,68.227294,0.27498,44.49,2318.41,0.2541,24.6455,24.7344,False,False
3430,938,1358.82,496.98,16.817252,66.34581,0.2752,44.53,2097.57,0.2541,24.6348,24.7238,False,False
3431,2173,1714.65,1355.02,3.23367,71.978953,0.27326,44.21,3845.14,0.2504,24.6348,24.7232,False,False
3432,2980,2037.08,2034.85,-7.528748,77.083286,0.27458,44.43,2472.42,0.2535,24.6232,24.7121,False,False
3433,2941,2671.49,2002.27,-7.013056,87.126547,0.22419,52.34,4059.34,0.4438,24.6074,24.7121,False,False
3434,3523,1420.11,2317.69,-12.00647,67.316096,0.27443,44.4,2736.99,0.2522,24.6209,24.7098,False,False
3435,2626,1777.19,1802.46,-3.84974,72.96889,0.27419,44.36,2920.08,0.2511,24.6056,24.6944,False,False
3436,2519,2092.5,1715.03,-2.465779,77.960568,0.27476,44.46,2392.93,0.2523,24.6054,24.6943,False,False
3437,300,881.53,176.68,21.887923,58.789809,0.27313,44.19,3268.16,0.2528,24.6001,24.6885,False,False
3438,1225,1809.19,622.04,14.837437,73.475541,0.27504,44.5,2040.05,0.2526,24.5891,24.6781,False,False
3439,4333,2026.47,2665.45,-17.51176,76.915235,0.27514,44.52,1685.21,0.2544,24.5881,24.6772,False,False
3440,1974,1843.12,1110.09,7.111117,74.012748,0.26949,43.6,4978.34,0.2546,24.5718,24.659,False,False
3441,1723,1837.67,910.19,10.2757,73.926339,0.27283,44.14,3517.57,0.2501,24.5604,24.6487,False,False
3442,4083,1966.1,2575.65,-16.090177,75.959621,0.27371,44.29,2404.12,0.2531,24.5461,24.6347,False,False
3443,3464,1449.6,2292.95,-11.61469,67.782863,0.2737,44.28,2723.06,0.2511,24.546,24.6346,False,False
3444,2975,1869.51,2035.48,-7.538775,74.430497,0.27396,44.33,2423.12,0.2518,24.5436,24.6323,False,False
3445,1287,1707.09,659.51,14.244216,71.859209,0.27427,44.38,2350.42,0.2509,24.5403,24.629,False,False
3446,1232,2024.63,627.74,14.7472,76.886141,0.27323,44.21,2849.19,0.2517,24.5389,24.6273,False,False
3447,1747,175.66,941.15,9.785628,47.615147,0.22345,51.3,4368.51,0.4398,24.5182,24.6208,False,False
3448,1624,1782.04,846.36,11.286173,73.045791,0.27351,44.25,2819.45,0.2504,24.532,24.6205,False,False
3449,1313,141.21,680.27,13.915492,47.069777,0.21613,54.74,4536.43,0.4673,24.5067,24.6162,False,False
3450,1090,1618.72,559.47,15.827861,70.460258,0.27439,44.39,2074.54,0.2514,24.5252,24.614,False,False
3451,2976,1899.73,2028.34,-7.425754,74.908915,0.27368,44.28,2270.87,0.2524,24.5149,24.6035,False,False
3452,3585,1358.91,2347.6,-12.479842,66.347159,0.27317,44.2,2689.33,0.2516,24.5131,24.6015,False,False
3453,2675,1863.15,1834.68,-4.3599,74.329817,0.27343,44.24,2390.64,0.2517,24.4995,24.5879,False,False
3454,877,1620.41,457.67,17.439458,70.486946,0.27394,44.32,1852.77,0.2529,24.4939,24.5826,False,False
3455,2413,2030.67,1615.46,-0.889422,76.981759,0.27356,44.26,2176.57,0.2512,24.4748,24.5633,False,False
3456,1806,1584.57,971.43,9.306174,69.919581,0.27119,43.88,3578.63,0.2505,24.4562,24.544,False,False
3457,3635,812.89,2382.07,-13.025676,57.703192,0.27114,43.87,3554.89,0.2502,24.444,24.5318,False,False
3458,1807,1610.16,983.84,9.109719,70.324686,0.27068,43.8,3855.29,0.2501,24.4441,24.5317,False,False
3459,2419,2219.34,1618.64,-0.93977,79.968592,0.2619,42.37,2989.54,0.2908,24.4425,24.5273,False,False
3460,1808,1643.03,973.74,9.269568,70.845117,0.271,43.85,3457.33,0.2504,24.4264,24.5141,False,False
3461,4335,2097.24,2672.64,-17.625552,78.035715,0.27291,44.16,1814.72,0.2534,24.4248,24.5131,False,False
3462,2296,2120.3,1488.55,1.119746,78.400658,0.26953,43.61,3410.16,0.2555,24.4071,24.4943,False,False
3463,2450,2157.54,1644.39,-1.347487,78.990201,0.27118,43.88,3050.77,0.2507,24.3972,24.485,False,False
3464,2475,1867.87,1685.9,-2.004524,74.404496,0.27229,44.06,2152.22,0.2518,24.3906,24.4787,False,False
3465,2737,2389.54,1867.6,-4.881095,82.662972,0.24997,40.44,4425.68,0.3266,24.3972,24.4781,False,False
3466,3851,1360.02,2474.25,-14.48494,66.364748,0.27212,44.03,2265.75,0.2507,24.3728,24.4609,False,False
3467,197,1131.02,107.39,22.984859,62.739463,0.27239,44.07,2172.32,0.2502,24.3713,24.4594,False,False
3468,480,1233.57,272.51,20.370786,64.362871,0.27222,44.04,1994.43,0.2516,24.3626,24.4507,False,False
3469,3426,2155.37,2252.89,-10.980597,78.955834,0.26838,43.42,3468.77,0.257,24.3564,24.4432,False,False
3470,2921,1907.14,2002.56,-7.017571,75.026179,0.27156,43.94,2422.64,0.2508,24.3515,24.4393,False,False
3471,3046,2191.38,2060.37,-7.932807,79.525949,0.23461,42.91,3274.73,0.393,24.351,24.4368,False,False
3472,2384,2089.13,1582.77,-0.371896,77.907299,0.27142,43.92,2355.26,0.2512,24.341,24.4288,False,False
3473,598,1303.32,341.45,19.279441,65.46713,0.27145,43.92,2262.01,0.2515,24.3379,24.4257,False,False
3474,4147,1511.92,2614.72,-16.708726,68.769411,0.27151,43.93,2311.72,0.2506,24.3322,24.42,False,False
3475,4301,1005.67,2669.91,-17.582344,60.755027,0.27125,43.89,1785.9,0.2543,24.3166,24.4044,False,False
3476,2311,1682.53,1519.67,0.627045,71.470457,0.26994,43.67,3451.8,0.2484,24.3134,24.4008,False,False
3477,2545,1708.43,1746.2,-2.959151,71.880378,0.26987,43.66,3299.33,0.2489,24.2993,24.3866,False,False
3478,2557,2098.57,1743.4,-2.914885,78.056756,0.27087,43.83,2448.3,0.2494,24.2791,24.3667,False,False
3479,2548,1807.32,1744.84,-2.937659,73.445878,0.27104,43.85,2257.37,0.2498,24.2773,24.365,False,False
3480,2380,1969.58,1583.64,-0.385618,76.014643,0.27108,43.86,2263.55,0.2495,24.275,24.3627,False,False
3481,2348,1927.04,1546.94,0.195309,75.341147,0.27077,43.81,2440.95,0.249,24.2653,24.3529,False,False
3482,2317,1874.05,1514.21,0.713417,74.502401,0.27068,43.79,2266.45,0.2503,24.2611,24.3487,False,False
3483,4230,1554.09,2637.94,-17.076311,69.43703,0.27125,43.89,1873.68,0.2505,24.2596,24.3474,False,False
3484,1669,1645.19,887.82,10.629852,70.87919,0.2699,43.67,2793.52,0.2499,24.2593,24.3466,False,False
3485,4013,2127.08,2548.37,-15.658224,78.507972,0.26713,43.22,2955.42,0.2599,24.2601,24.3465,False,False
3486,2510,1810.86,1706.32,-2.327887,73.501978,0.27042,43.75,2264.6,0.2507,24.2503,24.3378,False,False
3487,799,1358.14,435.73,17.786783,66.334935,0.27034,43.74,2109.2,0.2515,24.2402,24.3277,False,False
3488,1515,1647.24,784.89,12.259376,70.911699,0.27086,43.82,2153.6,0.2488,24.2342,24.3218,False,False
3489,3789,1525.01,2445.16,-14.024396,68.976649,0.27044,43.76,1971.46,0.2512,24.2258,24.3133,False,False
3490,1651,268.07,881.77,10.725677,49.078185,0.21288,52.26,6141.36,0.4515,24.1759,24.2804,False,False
3491,1163,1902.82,595.77,15.253196,74.957853,0.27007,43.7,2004.84,0.2499,24.1792,24.2666,False,False
3492,2629,1874.8,1809.14,-3.955637,74.514209,0.26954,43.61,2194.86,0.25,24.1658,24.2531,False,False
3493,2823,1970.16,1934.34,-5.937666,76.02393,0.26944,43.59,2056.33,0.251,24.1588,24.246,False,False
3494,2377,1872.28,1585.39,-0.413441,74.474291,0.26926,43.56,2154.34,0.251,24.1573,24.2444,False,False
3495,4426,2061.77,2687.11,-17.854752,77.474068,0.27021,43.72,1507.28,0.2509,24.1478,24.2352,False,False
3496,4394,1036.76,2690.95,-17.915533,61.247151,0.26989,43.67,1680.42,0.25,24.1305,24.2178,False,False
3497,2772,1899.82,1899.85,-5.391644,74.910312,0.26893,43.51,2178.79,0.2502,24.1241,24.2111,False,False
3498,4428,2125.68,2689.44,-17.891503,78.48593,0.26911,43.54,2011.55,0.2499,24.111,24.1981,False,False
3499,3042,2062.42,2061.58,-7.951994,77.484475,0.26922,43.56,2051.02,0.2491,24.1097,24.1968,False,False
3500,3943,2130.54,2509.33,-15.040188,78.562751,0.25558,41.35,2521.87,0.3006,24.1102,24.1929,False,False
3501,3105,1874.64,2100.57,-8.569265,74.511629,0.2692,43.56,2194.22,0.248,24.1045,24.1916,False,False
3502,2318,1906.56,1517.45,0.662192,75.016939,0.26877,43.49,2276.55,0.2487,24.0952,24.1822,False,False
3503,193,1006.76,117.42,22.825934,60.77222,0.26809,43.38,2807.66,0.2476,24.09,24.1767,False,False
3504,2922,1939.57,2000.73,-6.988604,75.539539,0.26883,43.5,2199.35,0.2485,24.0874,24.1744,False,False
3505,2740,2485.84,1868.81,-4.900169,84.187651,0.2296,44.44,2988.98,0.3994,24.0717,24.1605,False,False
3506,1402,1610.48,719.67,13.291742,70.329832,0.26885,43.5,1991.05,0.2486,24.066,24.153,False,False
3507,2451,2185.54,1644.33,-1.346504,79.433535,0.26533,42.93,3532.32,0.2511,24.0396,24.1255,False,False
3508,2178,1870.0,1358.43,3.179578,74.43828,0.26473,42.83,3293.46,0.2545,24.0298,24.1155,False,False
3509,2872,2009.28,1966.72,-6.450178,76.64315,0.26764,43.3,2286.61,0.2494,24.0281,24.1147,False,False
3510,1617,1553.37,849.45,11.23723,69.425609,0.26715,43.22,2368.03,0.2499,24.011,24.0974,False,False
3511,1083,1393.07,561.84,15.790357,66.887916,0.26711,43.22,2315.0,0.2493,23.992,24.0784,False,False
3512,2346,1874.8,1549.23,0.159048,74.514206,0.26734,43.25,2162.98,0.2491,23.9877,24.0742,False,False
3513,3656,1478.18,2388.12,-13.121393,68.235345,0.26726,43.24,2349.94,0.2482,23.9859,24.0724,False,False
3514,3654,1417.55,2383.87,-13.054169,67.275477,0.26726,43.24,2322.46,0.2482,23.9825,24.069,False,False
3515,2677,1933.93,1834.08,-4.350358,75.450254,0.26752,43.28,2061.78,0.2482,23.9716,24.0582,False,False
3516,1344,1654.05,690.19,13.758427,71.019555,0.2672,43.23,2277.59,0.2476,23.962,24.0485,False,False
3517,2313,1746.1,1513.47,0.725171,72.476797,0.26682,43.17,2652.69,0.2465,23.9605,24.0469,False,False
3518,1217,1554.58,619.15,14.883063,69.444782,0.26702,43.2,2217.77,0.2471,23.9341,24.0205,False,False
3519,599,1325.87,333.03,19.412686,65.824093,0.26724,43.24,1857.95,0.2485,23.9335,24.0199,False,False
3520,865,1233.12,459.85,17.405002,64.355785,0.26456,42.8,4239.14,0.2437,23.9336,24.0192,False,False
3521,3100,1708.77,2091.64,-8.427859,71.885802,0.2657,42.99,3015.24,0.2471,23.9322,24.0182,False,False
3522,2189,7.89,1390.14,2.677539,44.959186,0.22159,49.54,1395.5,0.4329,23.9106,24.0097,False,False
3523,1358,2089.77,689.54,13.768813,77.917405,0.26501,42.88,3607.19,0.2453,23.9205,24.0062,False,False
3524,4302,1036.6,2665.87,-17.518458,61.244656,0.26674,43.16,1962.1,0.2489,23.9171,24.0034,False,False
3525,2506,1679.87,1715.42,-2.471958,71.42824,0.26467,42.82,3809.72,0.2439,23.8953,23.9809,False,False
3526,2379,1932.96,1579.4,-0.318633,75.43494,0.26627,43.08,2194.27,0.2475,23.8843,23.9705,False,False
3527,4319,1586.91,2666.82,-17.533478,69.956599,0.26739,43.26,1699.55,0.246,23.8792,23.9657,False,False
3528,3856,1519.7,2473.71,-14.476413,68.892653,0.2661,43.05,1935.34,0.2495,23.8785,23.9646,False,False
3529,2885,2542.02,1961.2,-6.362804,85.076976,0.26536,42.93,2590.54,0.2478,23.8704,23.9563,False,False
3530,4082,1935.28,2566.71,-15.948665,75.47162,0.26599,43.04,2187.08,0.2478,23.8696,23.9557,False,False
3531,1335,1357.77,694.42,13.691538,66.329148,0.26221,42.42,4150.55,0.2496,23.8612,23.946,False,False
3532,3570,875.73,2355.1,-12.598689,58.69788,0.26315,42.58,4269.81,0.2448,23.8557,23.9408,False,False
3533,2555,2034.05,1741.04,-2.877534,77.035358,0.26576,43.0,2042.18,0.2488,23.8535,23.9395,False,False
3534,2126,1778.35,1299.67,4.109801,72.987355,0.26446,42.79,3326.25,0.2447,23.837,23.9226,False,False
3535,4425,2033.16,2690.08,-17.901632,77.021132,0.2665,43.12,1480.79,0.248,23.8269,23.9131,False,False
3536,3920,1388.21,2506.46,-14.994828,66.810953,0.26535,42.93,2291.74,0.247,23.8211,23.9069,False,False
3537,2410,1935.1,1609.59,-0.796423,75.468864,0.26534,42.93,2282.22,0.2467,23.8139,23.8997,False,False
3538,2452,2214.33,1653.57,-1.492692,79.889266,0.25808,41.76,3497.48,0.2678,23.8138,23.8973,False,False
3539,4146,1485.61,2603.48,-16.530676,68.352877,0.26534,42.93,2323.55,0.2462,23.8103,23.8961,False,False
3540,3791,1591.59,2451.52,-14.125094,70.0307,0.26543,42.95,2048.8,0.2471,23.8001,23.886,False,False
3541,3345,1519.1,2219.66,-10.454576,68.883175,0.26452,42.8,2502.91,0.2473,23.7919,23.8775,False,False
3542,2509,1777.22,1705.08,-2.308223,72.969466,0.26499,42.87,2530.15,0.2451,23.7883,23.874,False,False
3543,3636,845.35,2382.04,-13.025111,58.216957,0.26357,42.64,3364.72,0.2453,23.788,23.8733,False,False
3544,4233,1648.3,2638.61,-17.086875,70.928433,0.26563,42.98,1895.0,0.2465,23.7846,23.8706,False,False
3545,2007,1837.85,1138.34,6.663867,73.929246,0.26132,42.28,4762.44,0.2447,23.7796,23.8642,False,False
3546,664,1289.95,361.77,18.957755,65.255491,0.26467,42.82,2354.1,0.2461,23.7631,23.8488,False,False
3547,1089,1582.87,564.71,15.744941,69.892713,0.26468,42.82,2194.71,0.247,23.76,23.8457,False,False
3548,743,1705.33,399.7,18.357308,71.831405,0.26433,42.77,1922.81,0.2498,23.7544,23.8399,False,False
3549,3465,1491.08,2286.1,-11.506238,68.439498,0.26396,42.71,2373.93,0.2459,23.7108,23.7962,False,False
3550,2264,2033.52,1457.77,1.606927,77.026953,0.26341,42.62,3025.19,0.2437,23.7078,23.793,False,False
3551,3590,1524.21,2355.61,-12.606759,68.964066,0.26448,42.79,2165.37,0.2447,23.7018,23.7874,False,False
3552,2284,1747.97,1479.7,1.259708,72.506433,0.26298,42.55,2766.74,0.2465,23.6962,23.7813,False,False
3553,1295,1968.25,652.23,14.359433,75.993549,0.26391,42.7,2412.55,0.2447,23.6896,23.775,False,False
3554,3041,2026.82,2065.07,-8.007167,76.920847,0.26406,42.72,1984.4,0.2463,23.6789,23.7643,False,False
3555,2595,2066.82,1771.78,-3.364164,77.554151,0.26337,42.61,2168.78,0.2476,23.674,23.7592,False,False
3556,1149,1450.36,588.64,15.366127,67.794932,0.2636,42.65,2156.15,0.2464,23.6684,23.7537,False,False
3557,1520,1803.33,777.89,12.370185,73.382841,0.26254,42.48,2817.4,0.2459,23.6594,23.7444,False,False
3558,1209,1289.52,625.46,14.78331,65.248637,0.24946,40.36,3649.83,0.2929,23.6637,23.7444,False,False
3559,4393,1009.46,2689.36,-17.890274,60.815104,0.26369,42.66,1770.44,0.2477,23.6517,23.737,False,False
3560,2594,2037.46,1771.28,-3.35624,77.089269,0.26243,42.46,2088.47,0.2478,23.6017,23.6867,False,False
3561,2231,1865.69,1418.4,2.230177,74.369929,0.26168,42.34,2872.64,0.2434,23.5607,23.6453,False,False
3562,2868,1875.37,1974.71,-6.576755,74.52331,0.26152,42.31,2673.14,0.2447,23.5496,23.6343,False,False
3563,3722,1460.2,2415.98,-13.562413,67.950636,0.26209,42.4,2121.28,0.246,23.548,23.6328,False,False
3564,3794,1674.83,2440.67,-13.95333,71.348539,0.26186,42.37,1886.56,0.2483,23.5457,23.6304,False,False
3565,3466,1521.59,2287.88,-11.534444,68.922611,0.26233,42.44,2173.21,0.2445,23.5451,23.6299,False,False
3566,539,1260.7,296.49,19.991185,64.792427,0.26203,42.39,2159.78,0.2447,23.5256,23.6103,False,False
3567,1991,200.85,1129.83,6.798548,48.014016,0.21131,49.41,3529.5,0.4375,23.5046,23.6034,False,False
3568,2977,1933.48,2033.39,-7.505633,75.443122,0.26195,42.38,2114.75,0.2438,23.4969,23.5816,False,False
3569,2294,2060.24,1479.63,1.260968,77.449903,0.26035,42.12,3352.93,0.2421,23.4966,23.5808,False,False
3570,3788,1493.39,2447.06,-14.054395,68.476143,0.26154,42.32,1980.29,0.2456,23.4842,23.5689,False,False
3571,4089,2158.03,2570.19,-16.003684,78.99806,0.24836,40.18,2819.49,0.293,23.4871,23.5674,False,False
3572,2412,1995.51,1610.89,-0.817091,76.425192,0.26158,42.32,2291.07,0.2432,23.4808,23.5655,False,False
3573,1770,1869.78,939.71,9.808428,74.43481,0.25934,41.96,4083.84,0.2404,23.4789,23.5628,False,False
3574,940,1414.68,489.85,16.930059,67.230099,0.26096,42.22,2413.72,0.2445,23.4746,23.559,False,False
3575,4427,2092.77,2691.56,-17.925175,77.964908,0.26199,42.39,1626.86,0.245,23.4651,23.5498,False,False
3576,3232,1708.35,2165.21,-9.592469,71.87911,0.26132,42.28,2430.95,0.2422,23.4609,23.5455,False,False
3577,2345,1845.73,1558.02,0.019876,74.054053,0.26036,42.12,2380.8,0.2461,23.4552,23.5394,False,False
3578,4248,2122.62,2638.31,-17.082103,78.437519,0.26037,42.13,2407.85,0.2445,23.4314,23.5156,False,False
3579,747,1843.85,404.18,18.286374,74.024169,0.20899,51.68,3389.28,0.4425,23.4118,23.5151,False,False
3580,1618,1591.28,841.02,11.370722,70.025877,0.26042,42.13,2363.18,0.2446,23.4305,23.5148,False,False
3581,946,1607.97,487.27,16.970911,70.290087,0.26076,42.19,2279.78,0.2438,23.4303,23.5147,False,False
3582,1620,1646.09,850.98,11.212996,70.893452,0.26126,42.27,2260.05,0.2417,23.4265,23.511,False,False
3583,2297,2158.24,1495.62,1.007749,79.001392,0.23819,38.54,3535.07,0.3244,23.4046,23.4817,False,False
3584,1161,1844.23,595.5,15.257537,74.030283,0.26072,42.18,1998.07,0.2424,23.3699,23.4542,False,False
3585,3059,2673.57,2067.84,-8.051012,87.159528,0.25563,41.36,3686.14,0.251,23.3573,23.4401,False,False
3586,3873,2060.75,2475.8,-14.509397,77.457966,0.25865,41.85,2686.63,0.2454,23.3552,23.4389,False,False
3587,2887,2602.81,1958.64,-6.322334,86.03925,0.21855,44.21,2532.93,0.4053,23.3291,23.4175,False,False
3588,2285,1775.84,1486.23,1.156472,72.947582,0.25918,41.93,2196.53,0.2443,23.3169,23.4008,False,False
3589,3110,2037.68,2094.02,-8.46543,77.092748,0.25974,42.03,2108.93,0.2425,23.3156,23.3996,False,False
3590,4152,1681.76,2604.47,-16.54641,71.458161,0.25932,41.96,2301.49,0.242,23.2976,23.3815,False,False
3591,2774,1958.6,1902.14,-5.427909,75.840813,0.25903,41.91,2081.66,0.2444,23.2933,23.3771,False,False
3592,1224,1775.32,620.67,14.859138,72.93931,0.25935,41.96,2072.82,0.2418,23.2699,23.3538,False,False
3593,3282,1490.33,2188.16,-9.955873,68.427694,0.25805,41.75,2975.7,0.2408,23.2648,23.3483,False,False
3594,1619,1619.79,846.38,11.285808,70.47716,0.2587,41.86,2233.28,0.2429,23.2607,23.3445,False,False
3595,1914,116.12,1070.2,7.742614,46.672603,0.21122,45.62,4547.99,0.4167,23.2436,23.3349,False,False
3596,607,1585.7,331.99,19.429131,69.937548,0.25903,41.91,1464.48,0.2454,23.2395,23.3233,False,False
3597,2550,1874.7,1745.88,-2.954112,74.512604,0.25876,41.87,2136.46,0.2418,23.2349,23.3186,False,False
3598,3406,1510.18,2250.46,-10.94204,68.741871,0.25764,41.69,2709.53,0.2425,23.235,23.3183,False,False
3599,4087,2097.77,2573.14,-16.050415,78.044053,0.25702,41.59,2910.35,0.243,23.2218,23.3049,False,False
3600,3569,848.31,2352.2,-12.552733,58.263895,0.25533,41.31,4149.0,0.2417,23.2221,23.3048,False,False
3601,3874,2096.44,2474.26,-14.485016,78.022978,0.25562,41.36,2825.37,0.2491,23.2218,23.3045,False,False
3602,2407,1838.6,1610.04,-0.803678,73.941175,0.25806,41.75,2149.61,0.2435,23.2157,23.2992,False,False
3603,3859,1612.04,2480.28,-14.580418,70.354509,0.25839,41.81,1897.03,0.2434,23.2081,23.2917,False,False
3604,88,1102.12,44.76,23.976232,62.281912,0.25914,41.93,1549.93,0.2424,23.2046,23.2885,False,False
3605,2257,1803.91,1458.54,1.594823,73.391923,0.25809,41.76,2088.59,0.2432,23.2049,23.2884,False,False
3606,2353,2100.33,1551.73,0.11944,78.08455,0.25685,41.56,2824.92,0.2427,23.1934,23.2765,False,False
3607,3742,2091.03,2420.35,-13.631551,77.9373,0.25591,41.41,2873.68,0.2459,23.1893,23.2721,False,False
3608,2682,2096.45,1844.74,-4.519196,78.02322,0.25707,41.59,2962.64,0.24,23.1772,23.2604,False,False
3609,2867,1838.57,1966.28,-6.443229,73.940677,0.25665,41.53,2617.09,0.2406,23.1181,23.2012,False,False
3610,4088,2127.91,2583.11,-16.20831,78.521185,0.25446,41.17,3132.64,0.246,23.1167,23.1991,False,False
3611,1082,1354.73,566.7,15.713538,66.280969,0.25485,41.23,3502.8,0.2419,23.1162,23.1987,False,False
3612,2409,1899.8,1620.82,-0.974222,74.910023,0.25662,41.52,2195.24,0.2432,23.1116,23.1947,False,False
3613,4249,2156.55,2647.35,-17.225247,78.974581,0.25518,41.29,2401.08,0.2471,23.1034,23.186,False,False
3614,3107,1933.22,2100.46,-8.567448,75.439069,0.25713,41.6,1958.76,0.2415,23.0897,23.173,False,False
3615,2678,1965.59,1840.08,-4.445399,75.951557,0.2569,41.57,1986.76,0.2419,23.0855,23.1686,False,False
3616,2416,2129.37,1614.89,-0.880417,78.54435,0.25617,41.45,2665.47,0.2404,23.0839,23.1668,False,False
3617,3991,1419.53,2540.41,-15.532277,67.306807,0.2568,41.55,2237.85,0.2404,23.0803,23.1634,False,False
3618,1286,1673.2,659.49,14.244544,71.322624,0.25665,41.52,2280.96,0.2398,23.0635,23.1466,False,False
3619,4006,1908.6,2537.72,-15.489667,75.049272,0.2564,41.48,2142.42,0.2415,23.0602,23.1431,False,False
3620,1717,1653.03,917.68,10.157057,71.003309,0.25518,41.29,3201.63,0.2393,23.057,23.1396,False,False
3621,308,1131.13,172.12,21.960012,62.741216,0.25655,41.51,2312.31,0.2392,23.0489,23.1319,False,False
3622,1761,1583.91,940.03,9.803318,69.909081,0.25445,41.17,3018.08,0.2408,23.0096,23.092,False,False
3623,1667,1588.56,875.91,10.818317,69.982703,0.25539,41.32,2367.88,0.241,23.0045,23.0872,False,False
3624,1088,1550.21,564.12,15.754249,69.375584,0.25583,41.39,2271.48,0.2391,22.9913,23.0741,False,False
3625,1299,2100.19,662.98,14.18924,78.082286,0.25308,40.95,3993.14,0.2377,22.9701,23.052,False,False
3626,4067,1451.41,2568.56,-15.977854,67.811472,0.25532,41.31,2289.73,0.2392,22.9577,23.0403,False,False
3627,2446,2032.83,1648.22,-1.408105,77.016051,0.2555,41.34,2131.63,0.2388,22.9446,23.0273,False,False
3628,3651,1327.54,2387.22,-13.107081,65.850618,0.25452,41.18,2623.14,0.2394,22.9423,23.0246,False,False
3629,549,1590.04,299.83,19.938313,70.006137,0.25557,41.35,1426.16,0.2427,22.9367,23.0194,False,False
3630,2517,2031.39,1712.49,-2.425494,76.993177,0.25515,41.28,2060.92,0.24,22.9325,23.015,False,False
3631,3405,1479.63,2253.04,-10.983004,68.258246,0.25389,41.08,2806.08,0.2396,22.9239,23.0061,False,False
3632,1154,1614.68,592.84,15.29972,70.396224,0.25515,41.28,2059.48,0.2391,22.917,22.9995,False,False
3633,3942,2101.77,2513.51,-15.106498,78.107417,0.25238,40.83,2796.77,0.2452,22.9148,22.9965,False,False
3634,35,1139.58,18.37,24.394079,62.874917,0.25641,41.49,1198.2,0.2395,22.9127,22.9957,False,False
3635,666,1364.53,364.29,18.917759,66.436148,0.25466,41.2,1895.45,0.2409,22.8946,22.977,False,False
3636,1357,2059.12,680.91,13.905453,77.432184,0.25328,40.98,3177.95,0.2379,22.8929,22.9748,False,False
3637,2788,2444.54,1900.47,-5.401346,83.533696,0.25089,40.59,4027.26,0.2417,22.8881,22.9693,False,False
3638,2479,1994.05,1676.4,-1.854199,76.402052,0.25403,41.1,2175.53,0.2409,22.8824,22.9646,False,False
3639,815,1868.41,427.61,17.915349,74.413111,0.23904,38.68,3605.81,0.2913,22.8787,22.9561,False,False
3640,4012,2088.08,2538.42,-15.500751,77.890627,0.25301,40.94,2694.71,0.2409,22.8699,22.9517,False,False
3641,3411,1683.76,2260.51,-11.101225,71.489916,0.25457,41.19,2044.93,0.2388,22.8684,22.9508,False,False
3642,2340,1679.08,1554.35,0.077932,71.415799,0.25293,40.92,3559.47,0.2353,22.866,22.9478,False,False
3643,2128,1837.63,1294.68,4.1888,73.925775,0.24968,40.4,3955.87,0.2458,22.8663,22.9471,False,False
3644,2556,2064.89,1744.69,-2.935267,77.523595,0.25394,41.09,2109.21,0.2399,22.8501,22.9322,False,False
3645,2516,2004.19,1709.87,-2.384083,76.562559,0.25411,41.11,1986.25,0.2397,22.8439,22.9261,False,False
3646,3283,1523.87,2185.14,-9.907985,68.958603,0.25276,40.9,2930.81,0.2374,22.8173,22.8991,False,False
3647,2873,2037.43,1972.38,-6.539799,77.088791,0.25279,40.9,2547.44,0.2395,22.8109,22.8927,False,False
3648,2152,1812.47,1335.71,3.539232,73.527399,0.25235,40.83,2963.12,0.2381,22.8037,22.8854,False,False
3649,3941,2065.56,2503.21,-14.943343,77.534084,0.25211,40.79,2566.94,0.2409,22.7904,22.872,False,False
3650,3784,1351.58,2443.68,-14.000923,66.231073,0.25288,40.92,2340.88,0.2391,22.7876,22.8694,False,False
3651,2634,2030.45,1800.64,-3.821034,76.978252,0.25278,40.9,2069.61,0.2411,22.7839,22.8657,False,False
3652,4086,2065.44,2572.21,-16.035661,77.532167,0.25201,40.77,2543.89,0.2407,22.7774,22.859,False,False
3653,1596,135.77,848.22,11.256778,46.983718,0.20919,41.24,5354.86,0.3934,22.7735,22.856,False,False
3654,2480,2033.45,1678.07,-1.880617,77.025868,0.25317,40.96,2086.99,0.2385,22.7661,22.848,False,False
3655,2938,2571.44,2000.41,-6.983615,85.542754,0.24904,40.29,4434.33,0.2374,22.7255,22.806,False,False
3656,803,1493.71,438.64,17.74072,68.481187,0.25251,40.85,2117.55,0.2383,22.7194,22.8011,False,False
3657,2344,1811.87,1550.14,0.144642,73.518,0.25215,40.8,2194.29,0.2389,22.7135,22.7951,False,False
3658,1674,1805.51,879.93,10.754713,73.417273,0.25131,40.66,3079.76,0.2351,22.6891,22.7705,False,False
3659,3793,1647.25,2440.49,-13.95051,70.911947,0.25187,40.75,1877.8,0.2406,22.6868,22.7683,False,False
3660,1763,1641.81,941.22,9.784382,70.825795,0.25108,40.62,3181.33,0.2347,22.6766,22.7579,False,False
3661,4011,2062.39,2543.34,-15.578636,77.483936,0.25103,40.62,2458.77,0.2395,22.6747,22.7559,False,False
3662,2473,1802.04,1672.22,-1.787919,73.362422,0.25182,40.74,2332.94,0.237,22.6716,22.753,False,False
3663,1459,1680.26,750.58,12.802465,71.434426,0.25247,40.85,2174.88,0.2352,22.6682,22.7499,False,False
3664,3857,1547.11,2483.83,-14.636585,69.326493,0.2518,40.74,1942.42,0.2393,22.6657,22.7472,False,False
3665,3568,817.87,2355.49,-12.60487,57.781977,0.24942,40.36,3665.28,0.237,22.6566,22.7373,False,False
3666,953,1838.13,495.66,16.838171,73.933695,0.25268,40.88,1854.31,0.2358,22.6551,22.7369,False,False
3667,2256,1776.17,1450.83,1.716892,72.952867,0.25119,40.64,2174.8,0.2396,22.6548,22.736,False,False
3668,1101,1961.85,555.06,15.897743,75.892231,0.25085,40.59,2796.04,0.2369,22.6539,22.7351,False,False
3669,160,1684.89,87.76,23.295522,71.507789,0.20455,47.24,1927.7,0.4268,22.6376,22.7321,False,False
3670,1148,1418.28,586.9,15.39369,67.287057,0.25068,40.56,2280.66,0.2391,22.6205,22.7016,False,False
3671,1094,1744.11,558.02,15.850888,72.4453,0.2518,40.74,1840.91,0.2368,22.608,22.6895,False,False
3672,2376,1838.31,1580.66,-0.338504,73.936566,0.25078,40.57,2088.53,0.2393,22.608,22.6892,False,False
3673,4231,1585.39,2645.38,-17.194124,69.932528,0.25169,40.72,1816.99,0.2369,22.5993,22.6807,False,False
3674,2443,1935.65,1640.14,-1.280148,75.477468,0.25087,40.59,2230.58,0.2373,22.5971,22.6783,False,False
3675,2632,1964.68,1810.92,-3.983779,75.937063,0.25109,40.63,2012.35,0.2377,22.5939,22.6751,False,False
3676,3860,1647.08,2478.58,-14.553522,70.909106,0.25076,40.57,1794.82,0.2401,22.5874,22.6685,False,False
3677,3925,1543.66,2512.03,-15.082932,69.271914,0.25054,40.54,1816.97,0.2407,22.5851,22.6662,False,False
3678,4430,2195.08,2691.8,-17.928953,79.584559,0.24818,40.15,2087.76,0.248,22.5791,22.6594,False,False
3679,2676,1899.86,1838.3,-4.417125,74.910876,0.25088,40.59,2076.71,0.2372,22.5765,22.6577,False,False
3680,3185,2218.57,2120.97,-8.892207,79.956452,0.24653,39.89,3709.67,0.2438,22.575,22.6548,False,False
3681,2882,2445.14,1966.85,-6.452338,83.543228,0.24883,40.26,3388.49,0.2366,22.5737,22.6543,False,False
3682,4246,2067.3,2630.91,-16.965066,77.561608,0.24999,40.45,2194.99,0.2376,22.534,22.6149,False,False
3683,2404,1742.88,1619.07,-0.946583,72.425735,0.24975,40.41,2634.09,0.235,22.5223,22.6031,False,False
3684,3108,1970.57,2093.31,-8.45422,76.030422,0.25022,40.48,1988.59,0.2373,22.5207,22.6017,False,False
3685,3485,2123.38,2284.13,-11.475182,78.449517,0.24808,40.14,2749.56,0.2405,22.5133,22.5935,False,False
3686,3792,1622.35,2445.68,-14.032621,70.517626,0.24958,40.38,2044.85,0.2386,22.5053,22.586,False,False
3687,3113,2122.35,2096.65,-8.50707,78.433112,0.24924,40.33,2192.54,0.239,22.5045,22.5852,False,False
3688,2481,2069.56,1684.65,-1.984716,77.597499,0.24977,40.41,2353.83,0.2356,22.5013,22.5821,False,False
3689,2259,1866.08,1450.78,1.717688,74.376167,0.24968,40.4,2458.02,0.2352,22.4993,22.5801,False,False
3690,2200,1713.11,1385.81,2.746093,71.954444,0.2482,40.16,3434.54,0.2343,22.4922,22.5725,False,False
3691,3344,1484.39,2222.93,-10.506246,68.333716,0.24915,40.31,2665.94,0.2353,22.4876,22.5682,False,False
3692,2347,1901.01,1553.99,0.083708,74.929182,0.24959,40.38,2192.65,0.2363,22.4814,22.5621,False,False
3693,731,1323.52,394.35,18.441929,65.786864,0.24946,40.36,2063.57,0.2374,22.4767,22.5575,False,False
3694,2254,1710.84,1458.68,1.592552,71.918622,0.24879,40.25,2868.71,0.2342,22.4666,22.5471,False,False
3695,749,1902.62,401.06,18.335652,74.954673,0.19622,46.84,5005.38,0.4294,22.4464,22.5401,False,False
3696,2150,1739.26,1329.23,3.641931,72.368483,0.24789,40.11,3277.49,0.2325,22.4196,22.4998,False,False
3697,961,2089.93,491.47,16.904456,77.919924,0.22024,35.63,5390.5,0.3297,22.4259,22.4972,False,False
3698,1285,1640.49,653.59,14.337902,70.804882,0.24829,40.17,2326.92,0.2349,22.3778,22.4582,False,False
3699,1218,1582.95,628.84,14.7297,69.893924,0.2485,40.21,2194.59,0.2344,22.3697,22.4501,False,False
3700,4167,2158.03,2610.24,-16.637732,78.998063,0.24483,39.61,2765.45,0.2454,22.3706,22.4498,False,False
3701,1955,141.44,1102.99,7.223489,47.073381,0.21774,35.23,3931.52,0.3438,22.3286,22.3991,False,False
3702,943,1519.83,495.1,16.846906,68.894725,0.24785,40.1,2132.88,0.2339,22.3055,22.3857,False,False
3703,1915,147.14,1075.52,7.658362,47.163717,0.23461,37.96,4409.47,0.2721,22.3081,22.384,False,False
3704,2238,2086.1,1427.01,2.09393,77.859249,0.24428,39.52,3812.47,0.2367,22.2964,22.3755,False,False
3705,3111,2066.85,2100.08,-8.561377,77.554485,0.24721,40.0,2027.4,0.236,22.2855,22.3655,False,False
3706,2411,1969.84,1618.43,-0.936445,76.018819,0.24753,40.05,2195.15,0.2334,22.2822,22.3623,False,False
3707,4429,2161.31,2692.96,-17.947301,79.049933,0.24725,40.0,1959.45,0.2353,22.2679,22.3479,False,False
3708,2590,1898.94,1780.96,-3.509384,74.896376,0.24684,39.94,2039.45,0.236,22.2604,22.3402,False,False
3709,2735,2322.36,1870.89,-4.933172,81.599521,0.21626,34.99,4810.18,0.3402,22.2603,22.3303,False,False
3710,1762,1612.31,950.28,9.640946,70.358714,0.24508,39.65,3334.6,0.234,22.2503,22.3297,False,False
3711,2258,1834.35,1451.04,1.713503,73.873809,0.24661,39.9,2269.88,0.2337,22.2298,22.3096,False,False
3712,869,1358.6,470.01,17.244129,66.34219,0.24608,39.82,2282.89,0.2352,22.2197,22.2993,False,False
3713,3927,1615.97,2509.94,-15.049967,70.416606,0.24647,39.88,1801.8,0.2362,22.2088,22.2886,False,False
3714,1284,1610.24,650.64,14.384542,70.326004,0.24642,39.87,2363.0,0.2327,22.2087,22.2885,False,False
3715,2589,1871.81,1772.66,-3.37803,74.466917,0.24655,39.89,2098.68,0.2338,22.206,22.2858,False,False
3716,1081,1321.83,561.14,15.801551,65.760128,0.24422,39.51,3285.33,0.2337,22.1765,22.2555,False,False
3717,1032,1998.17,528.64,16.316048,76.467288,0.24407,39.49,3180.68,0.2336,22.152,22.231,False,False
3718,4166,2129.58,2613.53,-16.689815,78.54755,0.2442,39.51,2847.02,0.2349,22.1455,22.2245,False,False
3719,1346,1718.4,689.41,13.770772,72.038219,0.24577,39.76,2340.48,0.2317,22.1405,22.22,False,False
3720,3176,1928.19,2132.49,-9.074577,75.359427,0.24554,39.73,2076.3,0.2341,22.1379,22.2173,False,False
3721,733,1393.84,396.68,18.405069,66.900087,0.24523,39.68,1973.2,0.2352,22.1226,22.202,False,False
3722,3353,1777.39,2213.59,-10.358462,72.972042,0.24567,39.75,1689.63,0.2342,22.1023,22.1818,False,False
3723,2327,2188.69,1520.33,0.61664,79.483402,0.20896,37.7,3090.29,0.3715,22.0965,22.1719,False,False
3724,2266,2096.6,1453.48,1.67484,78.025526,0.24282,39.29,3500.57,0.2332,22.0925,22.1711,False,False
3725,3233,1741.23,2153.5,-9.407113,72.399746,0.24501,39.64,2312.93,0.2313,22.0757,22.155,False,False
3726,960,2056.33,496.91,16.818317,77.387963,0.23749,38.42,4914.47,0.2443,22.0747,22.1516,False,False
3727,952,1807.06,502.07,16.73657,73.441873,0.24566,39.75,1778.24,0.2318,22.0688,22.1483,False,False
3728,2260,1907.01,1456.53,1.626668,75.02416,0.24455,39.57,2418.48,0.2308,22.0469,22.1261,False,False
3729,3545,2128.59,2314.0,-11.947945,78.531935,0.24127,39.04,2987.15,0.2399,22.0412,22.1193,False,False
3730,144,1168.09,84.15,23.352662,63.326256,0.24509,39.65,1511.08,0.2341,22.0374,22.1168,False,False
3731,2789,2473.67,1906.58,-5.498128,83.994948,0.24158,39.09,3519.75,0.2344,22.027,22.1052,False,False
3732,2374,1778.55,1586.45,-0.430168,72.990505,0.24417,39.51,2370.11,0.2313,22.0233,22.1023,False,False
3733,802,1457.55,431.55,17.85306,67.908787,0.24418,39.51,1965.62,0.2338,22.0197,22.0987,False,False
3734,2512,1880.06,1710.61,-2.395784,74.597432,0.24391,39.46,2136.49,0.2331,22.0093,22.0882,False,False
3735,1019,1588.66,534.41,16.224632,69.984317,0.24352,39.4,2351.54,0.2325,21.9951,22.0739,False,False
3736,3609,2126.27,2345.9,-12.452965,78.49521,0.24032,38.88,2785.81,0.242,21.9875,22.0653,False,False
3737,2444,1968.54,1646.2,-1.376011,75.998147,0.2436,39.41,2104.96,0.2317,21.9565,22.0353,False,False
3738,1668,1618.7,878.97,10.769997,70.459862,0.24298,39.31,2271.2,0.2313,21.9246,22.0032,False,False
3739,2442,1894.22,1654.49,-1.507351,74.821588,0.24212,39.17,2369.63,0.2325,21.8959,21.9743,False,False
3740,2998,2671.8,2038.17,-7.581327,87.131545,0.21192,34.29,3810.47,0.3432,21.8842,21.9528,False,False
3741,1147,1389.21,587.42,15.385411,66.826831,0.24153,39.08,2427.16,0.2329,21.8676,21.9458,False,False
3742,2354,2126.89,1556.84,0.038647,78.505061,0.24095,38.99,2639.8,0.2334,21.8598,21.9377,False,False
3743,1356,2026.1,680.54,13.91121,76.90942,0.24121,39.03,3115.73,0.2291,21.8569,21.9349,False,False
3744,807,1609.75,431.64,17.851599,70.318288,0.24281,39.28,1800.9,0.2307,21.8469,21.9255,False,False
3745,4247,2097.13,2638.61,-17.086938,78.033853,0.24171,39.11,2164.93,0.2322,21.8363,21.9145,False,False
3746,1012,1358.35,532.45,16.255722,66.338343,0.24082,38.96,2671.24,0.2308,21.807,21.8849,False,False
3747,3730,1713.02,2413.84,-13.528577,71.95304,0.24117,39.02,1719.17,0.2351,21.7989,21.8769,False,False
3748,3653,1387.6,2382.87,-13.038226,66.801368,0.24107,39.0,2388.78,0.2308,21.793,21.871,False,False
3749,2226,1711.04,1421.58,2.179888,71.921663,0.24029,38.88,3010.52,0.2296,21.7881,21.8658,False,False
3750,2724,1969.99,1875.12,-5.000123,76.021153,0.24107,39.0,2048.89,0.2322,21.7781,21.8561,False,False
3751,673,1585.22,365.35,18.901077,69.929834,0.24155,39.08,1478.3,0.2331,21.7615,21.8396,False,False
3752,3539,1929.13,2326.53,-12.146355,75.374365,0.24053,38.92,1578.06,0.2351,21.736,21.8138,False,False
3753,744,1734.39,396.94,18.401,72.291355,0.23874,38.63,2380.95,0.2366,21.7271,21.8043,False,False
3754,2981,2068.33,2021.59,-7.318888,77.577906,0.23988,38.81,2521.4,0.2307,21.7198,21.7974,False,False
3755,600,1355.02,337.06,19.348905,66.285539,0.24101,38.99,1724.26,0.2311,21.7153,21.7933,False,False
3756,4337,2164.28,2674.05,-17.647947,79.09703,0.23956,38.76,2040.41,0.2347,21.7137,21.7912,False,False
3757,89,1132.26,47.68,23.929991,62.759009,0.24164,39.1,1442.04,0.2294,21.6972,21.7754,False,False
3758,3040,1997.03,2059.15,-7.913402,76.449296,0.24089,38.97,1969.19,0.229,21.697,21.7749,False,False
3759,947,1642.34,497.16,16.814413,70.834117,0.24094,38.98,1866.1,0.229,21.6897,21.7677,False,False
3760,2680,2032.08,1833.14,-4.335562,77.004084,0.23968,38.78,2289.05,0.2308,21.6803,21.7578,False,False
3761,1312,105.15,682.21,13.884853,46.49892,0.18626,46.13,3701.98,0.4334,21.6473,21.7396,False,False
3762,3538,1904.85,2318.57,-12.020378,74.989887,0.24014,38.85,1430.42,0.2333,21.6577,21.7354,False,False
3763,546,1484.66,303.4,19.881762,68.337911,0.24011,38.85,1599.91,0.2314,21.6413,21.719,False,False
3764,2874,2061.27,1959.54,-6.336585,77.466172,0.2387,38.62,2535.38,0.2308,21.6397,21.717,False,False
3765,2472,1768.96,1676.24,-1.851585,72.838613,0.23907,38.68,2678.27,0.2283,21.6367,21.714,False,False
3766,3795,1706.86,2447.67,-14.064106,71.855522,0.23927,38.71,1851.95,0.2325,21.6299,21.7074,False,False
3767,2681,2067.66,1837.95,-4.411606,77.56739,0.2393,38.72,2246.63,0.2295,21.624,21.7015,False,False
3768,2635,2063.87,1802.03,-3.84304,77.507431,0.23895,38.66,2262.1,0.2304,21.618,21.6953,False,False
3769,945,1576.44,501.15,16.751181,69.790862,0.23859,38.6,2352.35,0.2296,21.5872,21.6644,False,False
3770,2438,1770.0,1644.18,-1.344163,72.855189,0.23846,38.58,2368.15,0.2292,21.5739,21.6511,False,False
3771,2515,1969.14,1705.24,-2.310803,76.007773,0.23847,38.58,2031.38,0.2313,21.5728,21.6499,False,False
3772,3861,1672.76,2468.83,-14.399042,71.31574,0.23829,38.55,2036.05,0.2319,21.5705,21.6476,False,False
3773,2982,2093.13,2037.84,-7.576078,77.97057,0.23821,38.54,2346.64,0.2296,21.5598,21.6369,False,False
3774,1216,1524.31,617.01,14.917054,68.965576,0.2387,38.62,2264.5,0.2279,21.5543,21.6316,False,False
3775,2293,2029.61,1486.19,1.157026,76.965014,0.23804,38.51,2800.42,0.2264,21.5434,21.6204,False,False
3776,4440,2513.12,2688.87,-17.882489,84.619455,0.23689,38.33,3746.81,0.2242,21.5322,21.6089,False,False
3777,1453,1488.68,749.88,12.813534,68.401604,0.23821,38.54,2103.65,0.2294,21.5276,21.6047,False,False
3778,871,1420.83,459.01,17.418355,67.327351,0.23806,38.52,2308.97,0.2285,21.5242,21.6012,False,False
3779,1213,1423.8,617.61,14.907529,67.374452,0.23751,38.43,2048.2,0.2311,21.5007,21.5776,False,False
3780,2518,2060.79,1716.11,-2.482795,77.458694,0.23781,38.48,2206.36,0.2287,21.4996,21.5765,False,False
3781,2633,2000.94,1806.69,-3.916858,76.51114,0.23805,38.52,1922.14,0.2293,21.493,21.5701,False,False
3782,3594,1645.83,2345.38,-12.444782,70.88936,0.23832,38.56,1792.15,0.229,21.4915,21.5686,False,False
3783,2723,1935.73,1872.13,-4.952808,75.478762,0.2382,38.54,2045.25,0.2278,21.4907,21.5678,False,False
3784,3661,1646.31,2380.29,-12.997374,70.897038,0.23815,38.53,1779.82,0.2293,21.4835,21.5605,False,False
3785,2445,2000.0,1642.52,-1.317825,76.496235,0.23745,38.42,2235.86,0.2281,21.4658,21.5426,False,False
3786,3346,1549.27,2226.4,-10.561209,69.360741,0.23716,38.37,2461.68,0.2273,21.4561,21.5328,False,False
3787,2471,1740.19,1683.35,-1.964158,72.383177,0.23655,38.27,2903.73,0.2268,21.4547,21.5312,False,False
3788,1220,1654.34,629.77,14.714947,71.024042,0.23745,38.42,2383.81,0.226,21.4444,21.5213,False,False
3789,3349,1646.62,2227.19,-10.573756,70.901884,0.23761,38.44,2140.9,0.2269,21.4435,21.5204,False,False
3790,3602,1899.04,2352.17,-12.552245,74.897946,0.23733,38.4,1391.32,0.2326,21.4391,21.5159,False,False
3791,3175,1902.96,2126.91,-8.986235,74.960072,0.23742,38.41,1892.42,0.2283,21.4262,21.5031,False,False
3792,3044,2127.02,2059.84,-7.924361,78.507167,0.23589,38.17,2309.5,0.2317,21.4259,21.5022,False,False
3793,3467,1548.18,2293.64,-11.625696,69.343551,0.23678,38.31,2190.51,0.2274,21.3996,21.4762,False,False
3794,264,1516.1,139.96,22.469186,68.835578,0.23716,38.37,1338.97,0.2314,21.3976,21.4744,False,False
3795,2405,1775.0,1619.12,-0.947379,72.934319,0.23621,38.22,2361.15,0.2275,21.3807,21.4572,False,False
3796,36,1166.94,17.39,24.40962,63.308055,0.23814,38.53,944.1,0.2284,21.3676,21.4447,False,False
3797,2255,1740.31,1456.27,1.630676,72.385085,0.23584,38.16,2521.48,0.2269,21.3612,21.4375,False,False
3798,3043,2092.35,2065.11,-8.007795,77.958207,0.23615,38.21,2097.49,0.2279,21.351,21.4274,False,False
3799,3298,1992.48,2193.61,-10.042041,76.377171,0.23579,38.15,1822.41,0.2307,21.3444,21.4207,False,False
3800,4431,2224.2,2688.17,-17.871522,80.045594,0.20017,36.48,2369.62,0.3692,21.337,21.41,False,False
3801,2728,2097.33,1874.73,-4.993875,78.037147,0.23421,37.89,3007.55,0.228,21.3202,21.396,False,False
3802,4164,2062.46,2600.83,-16.488742,77.485062,0.23532,38.07,2299.18,0.2278,21.3135,21.3896,False,False
3803,1080,1294.15,557.48,15.859365,65.321904,0.23198,37.53,3401.18,0.2335,21.3059,21.381,False,False
3804,3729,1683.1,2408.24,-13.439854,71.479447,0.23543,38.09,1819.85,0.2292,21.2913,21.3674,False,False
3805,1100,1933.24,554.02,15.914133,75.439299,0.23523,38.06,2473.91,0.2252,21.2814,21.3575,False,False
3806,1345,1685.4,689.4,13.770999,71.515773,0.2356,38.12,2265.19,0.2251,21.2809,21.3571,False,False
3807,665,1331.7,369.21,18.839998,65.916418,0.23523,38.06,1987.21,0.2275,21.2647,21.3408,False,False
3808,1334,1329.95,682.32,13.883028,65.888667,0.23102,37.38,3787.27,0.2325,21.2651,21.3398,False,False
3809,2437,1744.84,1655.02,-1.515692,72.456828,0.23397,37.86,2868.31,0.2263,21.2574,21.3331,False,False
3810,4165,2097.28,2609.1,-16.619686,78.036253,0.23434,37.91,2592.3,0.2265,21.2541,21.3299,False,False
3811,2886,2571.96,1966.93,-6.453614,85.550949,0.23225,37.58,2906.09,0.2324,21.2465,21.3217,False,False
3812,309,1165.22,172.54,21.953464,63.280934,0.23569,38.13,2000.08,0.2245,21.2453,21.3216,False,False
3813,3727,1609.89,2415.69,-13.557899,70.320499,0.23479,37.99,2090.69,0.2263,21.224,21.3,False,False
3814,3924,1519.62,2516.79,-15.158435,68.891331,0.23419,37.89,1953.83,0.2288,21.2103,21.286,False,False
3815,1698,145.18,909.09,10.293177,47.132626,0.18774,40.29,4429.05,0.398,21.2025,21.2831,False,False
3816,1297,2032.57,653.59,14.337978,77.011809,0.23382,37.83,2680.06,0.2248,21.1977,21.2733,False,False
3817,214,1682.67,116.33,22.843207,71.472548,0.19052,41.39,2063.87,0.4011,21.1806,21.2634,False,False
3818,2833,2418.38,1930.86,-5.882499,83.119566,0.23104,37.38,4259.97,0.2241,21.1694,21.2442,False,False
3819,1699,170.16,913.5,10.223297,47.528157,0.19303,37.27,4452.97,0.3748,21.1678,21.2423,False,False
3820,2229,1801.77,1426.21,2.106589,73.358015,0.23372,37.82,2261.09,0.226,21.163,21.2386,False,False
3821,730,1289.66,395.06,18.430751,65.250917,0.23378,37.82,2383.64,0.224,21.1448,21.2204,False,False
3822,2775,1994.73,1907.17,-5.507471,76.412767,0.2331,37.71,2203.05,0.2275,21.1367,21.2121,False,False
3823,3060,2705.93,2061.91,-7.957203,87.671764,0.20765,33.6,3957.23,0.3178,21.1377,21.2049,False,False
3824,3425,2130.57,2253.8,-10.994929,78.563321,0.232,37.54,2931.32,0.2265,21.1264,21.2015,False,False
3825,2979,1997.48,2032.48,-7.491332,76.456283,0.23418,37.89,1984.07,0.2239,21.1235,21.1993,False,False
3826,2725,1997.34,1869.52,-4.911397,76.45414,0.23322,37.73,1941.66,0.2279,21.1218,21.1973,False,False
3827,4163,2030.77,2603.55,-16.531873,76.983385,0.23351,37.78,2063.59,0.2252,21.1098,21.1854,False,False
3828,3852,1390.81,2478.13,-14.546304,66.852255,0.23361,37.8,2099.25,0.2243,21.1051,21.1807,False,False
3829,540,1292.08,302.19,19.900943,65.289215,0.23357,37.79,1928.61,0.2251,21.096,21.1716,False,False
3830,3665,1775.05,2379.91,-12.991494,72.935029,0.23293,37.69,1611.52,0.2297,21.0949,21.1703,False,False
3831,2418,2191.22,1613.37,-0.856386,79.523375,0.23073,37.33,3269.37,0.2271,21.0858,21.1604,False,False
3832,3721,1428.28,2419.41,-13.616746,67.445439,0.23243,37.61,2295.22,0.2263,21.0776,21.1528,False,False
3833,883,1806.2,469.66,17.249705,73.428214,0.23389,37.84,2023.67,0.2221,21.077,21.1527,False,False
3834,2984,2166.3,2034.02,-7.515576,79.128908,0.19956,33.63,3151.94,0.3519,21.0727,21.14,False,False
3835,2792,2570.72,1909.11,-5.538153,85.531362,0.19237,38.3,2727.6,0.3823,21.0535,21.1301,False,False
3836,613,1778.97,335.23,19.377818,72.997131,0.18387,42.33,3360.46,0.4113,21.0373,21.122,False,False
3837,2926,2064.96,1992.66,-6.860942,77.524654,0.23177,37.5,2533.2,0.2254,21.0432,21.1182,False,False
3838,2204,1834.14,1396.28,2.580485,73.870517,0.23186,37.51,2579.34,0.2238,21.0259,21.101,False,False
3839,2593,2000.3,1769.91,-3.334452,76.501053,0.23153,37.46,2019.82,0.2267,20.9873,21.0622,False,False
3840,2440,1836.31,1649.87,-1.434233,73.904851,0.23157,37.47,2071.09,0.2254,20.9746,21.0496,False,False
3841,2151,1771.69,1328.21,3.657977,72.881849,0.23064,37.32,2881.91,0.2215,20.9329,21.0076,False,False
3842,3365,2162.94,2218.22,-10.431651,79.075826,0.22761,36.83,3279.35,0.2306,20.9248,20.9984,False,False
3843,800,1391.51,431.33,17.856539,66.863234,0.23109,37.39,2042.15,0.2247,20.9228,20.9976,False,False
3844,867,1294.21,459.36,17.412814,65.322974,0.23017,37.24,2923.95,0.2226,20.9229,20.9974,False,False
3845,2514,1937.25,1712.32,-2.422819,75.502831,0.23083,37.35,1940.72,0.2262,20.9188,20.9935,False,False
3846,1516,1682.9,781.09,12.319523,71.476281,0.23156,37.47,2245.27,0.2208,20.9102,20.9852,False,False
3847,3112,2090.16,2092.89,-8.447635,77.923499,0.23049,37.29,2223.39,0.2247,20.9007,20.9753,False,False
3848,3350,1674.9,2228.53,-10.59487,71.349658,0.23134,37.43,2061.99,0.2218,20.8918,20.9667,False,False
3849,3663,1707.7,2388.45,-13.126667,71.868827,0.23053,37.3,1698.25,0.2267,20.8788,20.9534,False,False
3850,489,1517.23,276.65,20.305206,68.853458,0.23105,37.38,1607.78,0.2248,20.8712,20.946,False,False
3851,3288,1675.89,2198.34,-10.117032,71.365251,0.23076,37.34,2237.21,0.2212,20.8599,20.9345,False,False
3852,2679,1999.03,1842.34,-4.481173,76.480967,0.23036,37.27,1955.82,0.2246,20.8592,20.9338,False,False
3853,3940,2038.33,2517.45,-15.168882,77.103042,0.22969,37.16,2356.71,0.2246,20.8573,20.9316,False,False
3854,3936,1898.23,2511.4,-15.072998,74.885138,0.23034,37.27,2020.63,0.2236,20.8472,20.9217,False,False
3855,2553,1968.26,1735.79,-2.794419,75.993728,0.22953,37.14,2091.71,0.2253,20.8286,20.9029,False,False
3856,671,1514.14,370.94,18.812594,68.804545,0.23001,37.22,1839.9,0.2248,20.8236,20.898,False,False
3857,3798,1804.68,2453.84,-14.161874,73.404087,0.22955,37.14,1878.47,0.2253,20.8038,20.8781,False,False
3858,2230,1837.07,1419.51,2.212695,73.916933,0.22954,37.14,2425.69,0.2216,20.8013,20.8756,False,False
3859,3348,1616.57,2214.56,-10.373816,70.426193,0.23008,37.23,2253.12,0.2197,20.7861,20.8605,False,False
3860,4001,1748.5,2544.31,-15.594024,72.51472,0.22952,37.14,2378.51,0.2211,20.785,20.8593,False,False
3861,3865,1804.93,2485.43,-14.661916,73.408086,0.22984,37.19,1983.51,0.2221,20.7804,20.8548,False,False
3862,2388,2230.29,1579.9,-0.32644,80.141958,0.20413,33.03,2734.7,0.3194,20.7678,20.8338,False,False
3863,4084,2006.85,2576.59,-16.105092,76.604718,0.22856,36.98,2513.57,0.2222,20.7514,20.8254,False,False
3864,1715,1583.67,910.25,10.27475,69.905275,0.22807,36.9,2574.42,0.2228,20.7341,20.8079,False,False
3865,491,1581.97,267.69,20.447063,69.878416,0.22982,37.18,1313.29,0.224,20.7326,20.807,False,False
3866,742,1672.88,400.01,18.352335,71.317615,0.22904,37.06,1484.09,0.2258,20.7304,20.8045,False,False
3867,2552,1942.84,1745.43,-2.947041,75.59134,0.22857,36.98,2029.81,0.2239,20.7255,20.7994,False,False
3868,2554,1994.5,1739.07,-2.8463,76.409222,0.2287,37.0,2174.23,0.2223,20.7239,20.7979,False,False
3869,2513,1907.9,1705.72,-2.318351,75.038247,0.22836,36.95,1940.0,0.2245,20.7101,20.784,False,False
3870,3179,2029.15,2122.57,-8.91741,76.957775,0.22876,37.01,1900.68,0.221,20.6721,20.7461,False,False
3871,3242,2030.38,2153.43,-9.406003,76.977251,0.22845,36.96,1869.79,0.2224,20.6709,20.7448,False,False
3872,4250,2186.44,2638.99,-17.092876,79.447709,0.20528,33.21,2453.66,0.3116,20.6775,20.7439,False,False
3873,142,1107.52,83.69,23.35992,62.367483,0.22863,36.99,1934.07,0.2208,20.664,20.738,False,False
3874,2924,1999.69,2000.41,-6.983537,76.491284,0.22853,36.97,1994.45,0.2207,20.6614,20.7354,False,False
3875,1079,1270.76,566.77,15.712426,64.951679,0.19938,32.26,4185.7,0.3221,20.6453,20.7099,False,False
3876,3732,1770.13,2409.57,-13.460888,72.857139,0.22714,36.75,1755.45,0.2263,20.6342,20.7077,False,False
3877,3867,1865.16,2483.12,-14.625377,74.361655,0.22809,36.9,1864.5,0.2213,20.6256,20.6994,False,False
3878,3997,1615.25,2542.58,-15.566614,70.405207,0.22721,36.76,1834.8,0.2248,20.6211,20.6946,False,False
3879,3855,1494.37,2481.33,-14.597006,68.491621,0.22725,36.77,1949.88,0.2237,20.6179,20.6914,False,False
3880,2417,2157.61,1607.56,-0.764426,78.991347,0.22535,36.46,3327.24,0.221,20.5957,20.6686,False,False
3881,2824,1997.72,1942.4,-6.06516,76.460221,0.22733,36.78,2093.59,0.2207,20.5868,20.6604,False,False
3882,4075,1712.15,2571.54,-16.025114,71.939329,0.22672,36.68,2566.43,0.2196,20.5777,20.651,False,False
3883,3178,1996.53,2123.67,-8.934902,76.441349,0.22677,36.69,1898.07,0.2209,20.5273,20.6007,False,False
3884,430,1494.67,244.16,20.819537,68.49637,0.22664,36.67,1669.94,0.2229,20.5272,20.6006,False,False
3885,935,1262.03,490.84,16.914452,64.81341,0.22361,36.18,3554.13,0.2226,20.5256,20.598,False,False
3886,2726,2033.1,1868.74,-4.899134,77.020257,0.22578,36.53,2177.55,0.2223,20.5131,20.5861,False,False
3887,3347,1584.52,2222.21,-10.494891,69.918725,0.22617,36.59,2299.77,0.2196,20.5067,20.5799,False,False
3888,870,1391.63,462.94,17.356096,66.865103,0.22572,36.52,2160.43,0.2205,20.4761,20.5492,False,False
3889,2940,2642.03,1996.28,-6.918213,86.660193,0.19892,32.18,3725.44,0.3175,20.4757,20.54,False,False
3890,2591,1929.72,1769.68,-3.330952,75.38369,0.22531,36.45,2082.89,0.2215,20.4549,20.5278,False,False
3891,3652,1355.82,2386.74,-13.099608,66.298298,0.22466,36.35,2561.07,0.2208,20.4506,20.5233,False,False
3892,3731,1740.35,2421.13,-13.64395,72.38576,0.22507,36.42,1805.69,0.224,20.449,20.5219,False,False
3893,2385,2121.93,1585.01,-0.407377,78.426492,0.22475,36.36,2503.5,0.2202,20.4403,20.513,False,False
3894,3926,1577.85,2510.69,-15.061754,69.813166,0.2253,36.45,1887.11,0.2211,20.4236,20.4965,False,False
3895,676,1682.06,370.41,18.821009,71.462925,0.22521,36.44,2020.65,0.2205,20.4231,20.496,False,False
3896,3662,1681.36,2376.53,-12.937854,71.451794,0.22534,36.46,1793.22,0.2214,20.4215,20.4944,False,False
3897,2875,2102.25,1966.81,-6.451592,78.114932,0.22139,35.82,3010.45,0.2292,20.4208,20.4925,False,False
3898,1831,116.35,1011.07,8.678662,46.676254,0.18252,36.69,3973.63,0.3777,20.4072,20.4805,False,False
3899,672,1555.64,371.76,18.799579,69.461609,0.22529,36.45,1655.54,0.2216,20.4042,20.4771,False,False
3900,1397,1452.47,713.35,13.391923,67.828347,0.22426,36.28,2502.12,0.22,20.4012,20.4738,False,False
3901,269,1683.61,146.61,22.363877,71.48743,0.17783,41.87,2126.39,0.4076,20.3897,20.4734,False,False
3902,105,1642.71,40.35,24.046088,70.840041,0.17903,41.5,1692.75,0.4044,20.3684,20.4514,False,False
3903,3358,1932.6,2223.23,-10.510988,75.429281,0.22427,36.29,1558.89,0.2247,20.375,20.4476,False,False
3904,263,1485.94,142.72,22.425409,68.358168,0.22494,36.39,1433.62,0.2218,20.3573,20.43,False,False
3905,3664,1738.94,2384.52,-13.064448,72.363402,0.224,36.24,1588.99,0.2236,20.3396,20.4121,False,False
3906,1214,1457.1,617.22,14.913708,67.901687,0.22417,36.27,2091.15,0.2194,20.3354,20.408,False,False
3907,3177,1962.99,2123.32,-8.929271,75.910336,0.22403,36.25,1989.95,0.219,20.3052,20.3777,False,False
3908,2727,2063.65,1872.49,-4.958388,77.503867,0.22307,36.09,2361.41,0.2194,20.2881,20.3603,False,False
3909,253,1164.79,137.72,22.504623,63.273987,0.22394,36.23,1968.4,0.2177,20.2748,20.3472,False,False
3910,198,1169.05,109.65,22.948989,63.341432,0.22423,36.28,1710.59,0.2182,20.2734,20.3459,False,False
3911,1716,1612.96,915.04,10.198982,70.368999,0.22251,36.0,2800.58,0.2163,20.2442,20.3162,False,False
3912,3675,2097.7,2388.33,-13.124668,78.042921,0.22073,35.71,2827.87,0.2232,20.2436,20.315,False,False
3913,2228,1768.26,1414.93,2.285171,72.82755,0.22205,35.93,2522.65,0.2197,20.2394,20.3113,False,False
3914,3866,1833.17,2472.34,-14.454727,73.855128,0.22349,36.16,1911.98,0.2178,20.2364,20.3087,False,False
3915,677,1712.69,363.9,18.923931,71.947899,0.22277,36.04,2148.73,0.2181,20.2174,20.2895,False,False
3916,3806,2065.01,2451.67,-14.127459,77.525441,0.22162,35.86,2800.0,0.2175,20.2018,20.2735,False,False
3917,3364,2127.82,2228.11,-10.588214,78.519763,0.22125,35.8,2844.17,0.2181,20.1897,20.2612,False,False
3918,3544,2096.64,2316.22,-11.983073,78.026224,0.22119,35.79,2966.8,0.2171,20.182,20.2536,False,False
3919,3422,2025.27,2246.56,-10.880373,76.896264,0.22201,35.92,1761.07,0.2205,20.1606,20.2324,False,False
3920,3359,1965.79,2228.36,-10.592251,75.954603,0.22196,35.91,1676.92,0.2205,20.1483,20.2202,False,False
3921,3357,1904.85,2229.31,-10.607321,74.989873,0.22168,35.87,1624.14,0.2216,20.1419,20.2136,False,False
3922,605,1512.85,341.29,19.281917,68.784207,0.22178,35.88,1818.91,0.2192,20.1274,20.1991,False,False
3923,1022,1680.44,525.31,16.368688,71.437363,0.22252,36.0,1753.63,0.2166,20.1265,20.1985,False,False
3924,668,1426.1,367.97,18.859635,67.410869,0.22149,35.84,1746.68,0.2201,20.1147,20.1864,False,False
3925,2203,1813.81,1386.58,2.73402,73.548622,0.22027,35.64,2650.89,0.2175,20.0859,20.1572,False,False
3926,2201,1740.44,1394.19,2.61354,72.387175,0.21974,35.55,2840.91,0.2174,20.068,20.1391,False,False
3927,1282,1551.89,654.12,14.329455,69.40216,0.22121,35.79,2024.14,0.2163,20.0589,20.1305,False,False
3928,608,1613.18,334.02,19.396943,70.372532,0.22172,35.87,1427.56,0.2177,20.0499,20.1217,False,False
3929,488,1483.61,274.15,20.344839,68.321239,0.22141,35.82,1640.2,0.217,20.0413,20.1129,False,False
3930,3180,2066.18,2128.19,-9.006493,77.54401,0.22072,35.71,1966.28,0.2166,20.0217,20.0931,False,False
3931,3362,2066.73,2224.5,-10.531182,77.552699,0.22003,35.6,2082.24,0.2182,20.0156,20.0868,False,False
3932,810,1715.08,434.9,17.799957,71.985639,0.22029,35.64,1792.93,0.2187,20.0091,20.0804,False,False
3933,90,1172.87,51.55,23.868873,63.401954,0.22136,35.82,1266.92,0.2176,20.0045,20.0762,False,False
3934,944,1544.62,500.69,16.75844,69.287157,0.21981,35.56,2325.77,0.2168,20.0026,20.0737,False,False
3935,2406,1809.87,1615.19,-0.885144,73.486319,0.22007,35.61,2154.57,0.2168,20.0011,20.0723,False,False
3936,4009,1998.26,2551.61,-15.709579,76.468667,0.22025,35.64,2033.76,0.2166,19.9962,20.0675,False,False
3937,374,1490.32,209.79,21.363667,68.427517,0.22095,35.75,1489.4,0.2172,19.9928,20.0643,False,False
3938,2631,1936.82,1798.87,-3.792942,75.496058,0.22031,35.64,2036.62,0.2157,19.9836,20.0549,False,False
3939,3805,2035.34,2438.15,-13.913368,77.055696,0.21925,35.47,2244.89,0.2185,19.9824,20.0533,False,False
3940,801,1422.72,430.67,17.867015,67.357383,0.21954,35.52,2054.12,0.2177,19.967,20.0381,False,False
3941,106,1674.9,55.64,23.804089,71.349574,0.16955,41.88,1646.31,0.4183,19.9304,20.0141,False,False
3942,3245,2134.04,2154.11,-9.416728,78.618281,0.21761,35.21,2984.68,0.2174,19.9314,20.0018,False,False
3943,876,1584.11,462.07,17.369915,69.912267,0.2196,35.53,1887.91,0.2165,19.9307,20.0017,False,False
3944,2408,1866.86,1616.94,-0.912843,74.388458,0.21929,35.48,2055.95,0.2164,19.9265,19.9975,False,False
3945,3407,1545.78,2258.95,-11.076513,69.305428,0.21906,35.44,2427.32,0.2147,19.922,19.9929,False,False
3946,1401,1582.4,719.23,13.298814,69.885291,0.21995,35.59,1886.42,0.2143,19.916,19.9872,False,False
3947,3719,1363.49,2419.22,-13.613704,66.419688,0.21878,35.4,2403.59,0.2156,19.9159,19.9867,False,False
3948,3115,2185.92,2089.77,-8.398294,79.439527,0.21449,34.7,3935.67,0.2228,19.9155,19.9849,False,False
3949,547,1519.74,308.43,19.802103,68.893201,0.21974,35.55,1622.31,0.2163,19.9056,19.9767,False,False
3950,3591,1549.79,2356.16,-12.615396,69.369013,0.21973,35.55,2038.35,0.213,19.8936,19.9647,False,False
3951,4148,1545.67,2610.95,-16.648931,69.303765,0.21904,35.44,2184.82,0.2138,19.8757,19.9466,False,False
3952,3246,2152.06,2164.36,-9.579107,78.90353,0.21534,34.84,3696.01,0.2182,19.8665,19.9362,False,False
3953,2441,1864.69,1645.65,-1.367374,74.354195,0.21861,35.37,2063.98,0.215,19.8533,19.9241,False,False
3954,3862,1703.71,2480.83,-14.589005,71.805679,0.21755,35.2,1956.24,0.2192,19.8387,19.9091,False,False
3955,2476,1910.32,1674.54,-1.824642,75.076526,0.21807,35.28,2105.39,0.2156,19.8296,19.9002,False,False
3956,2212,2097.57,1396.06,2.583824,78.040906,0.2128,34.43,4449.08,0.221,19.8231,19.892,False,False
3957,319,1482.02,177.66,21.872321,68.296061,0.21794,35.26,1475.5,0.2172,19.7746,19.8452,False,False
3958,3603,1939.62,2354.32,-12.586352,75.540351,0.21722,35.15,1491.61,0.2197,19.7696,19.8399,False,False
3959,797,1296.6,422.59,17.994948,65.360668,0.21681,35.08,2555.76,0.2131,19.7462,19.8164,False,False
3960,2386,2164.47,1581.72,-0.355251,79.100009,0.21504,34.79,3381.51,0.2144,19.7407,19.8103,False,False
3961,3239,1940.04,2157.31,-9.467496,75.547015,0.21657,35.04,1834.32,0.2167,19.7095,19.7796,False,False
3962,1567,1616.24,814.77,11.786248,70.420978,0.21689,35.09,2077.12,0.2119,19.674,19.7442,False,False
3963,3482,2028.21,2284.73,-11.48462,76.942858,0.21603,34.95,1579.77,0.2186,19.6742,19.7441,False,False
3964,2474,1843.14,1676.71,-1.859064,74.012944,0.21661,35.05,2125.21,0.2126,19.673,19.7431,False,False
3965,3360,1996.59,2222.33,-10.49681,76.442321,0.2165,35.03,1645.76,0.2157,19.6642,19.7342,False,False
3966,3182,2127.11,2131.37,-9.056857,78.508506,0.21538,34.85,2300.18,0.2155,19.6566,19.7263,False,False
3967,3864,1772.75,2474.79,-14.493424,72.898616,0.21639,35.01,1874.83,0.2141,19.654,19.724,False,False
3968,422,1227.37,243.84,20.824643,64.264703,0.21623,34.99,2053.44,0.2126,19.6365,19.7065,False,False
3969,3419,1939.34,2250.98,-10.950291,75.535997,0.21554,34.87,1677.19,0.2178,19.6366,19.7063,False,False
3970,2477,1938.13,1674.51,-1.824193,75.51674,0.21544,34.86,2079.37,0.2153,19.6314,19.7011,False,False
3971,3676,2124.33,2381.02,-13.009048,78.464437,0.19691,31.86,2564.48,0.2849,19.6076,19.6713,False,False
3972,2736,2357.25,1872.59,-4.960014,82.151793,0.2015,32.6,4091.28,0.2551,19.5803,19.6455,False,False
3973,3932,1778.3,2507.47,-15.010798,72.986583,0.21523,34.82,2151.86,0.2124,19.5718,19.6414,False,False
3974,2825,2027.49,1932.94,-5.915453,76.931427,0.21457,34.72,2281.99,0.2136,19.5616,19.631,False,False
3975,3421,1999.1,2258.69,-11.072393,76.482053,0.21481,34.75,1651.81,0.2161,19.5511,19.6206,False,False
3976,2684,2156.76,1839.73,-4.439801,78.977943,0.21119,34.17,3611.71,0.2173,19.5407,19.6091,False,False
3977,3484,2087.02,2286.15,-11.507166,77.873784,0.2133,34.51,2559.83,0.214,19.5106,19.5796,False,False
3978,2551,1907.79,1739.53,-2.853611,75.036517,0.21424,34.66,2003.53,0.2135,19.503,19.5723,False,False
3979,3928,1647.75,2513.86,-15.111928,70.919862,0.21438,34.69,1798.42,0.2141,19.5013,19.5707,False,False
3980,739,1590.25,399.9,18.354031,70.00958,0.21474,34.74,1610.65,0.2136,19.4963,19.5658,False,False
3981,736,1490.58,405.13,18.271254,68.431633,0.21412,34.64,1947.65,0.2109,19.4424,19.5117,False,False
3982,2927,2096.99,1997.79,-6.942007,78.031636,0.21108,34.15,2888.27,0.2167,19.4385,19.5068,False,False
3983,2776,2026.26,1901.99,-5.425402,76.911984,0.21251,34.38,2221.69,0.2135,19.4046,19.4734,False,False
3984,951,1776.72,491.22,16.908405,72.961535,0.21434,34.68,1768.97,0.2091,19.4038,19.4732,False,False
3985,1215,1490.62,623.84,14.80889,68.432313,0.21341,34.53,2107.19,0.2103,19.3984,19.4674,False,False
3986,3540,1963.08,2323.31,-12.095366,75.911844,0.21272,34.42,1546.77,0.2163,19.3904,19.4593,False,False
3987,874,1513.27,465.97,17.308173,68.790882,0.21347,34.54,2120.09,0.2093,19.387,19.4561,False,False
3988,3363,2099.0,2230.41,-10.624616,78.063534,0.21126,34.18,2884.11,0.2131,19.386,19.4543,False,False
3989,3600,1836.24,2351.67,-12.544368,73.903805,0.213,34.46,1467.21,0.2148,19.3756,19.4446,False,False
3990,3796,1740.47,2451.19,-14.119921,72.387614,0.21266,34.41,1859.45,0.2132,19.3673,19.4361,False,False
3991,2925,2026.72,2003.88,-7.038496,76.919316,0.21266,34.41,2391.33,0.2097,19.3667,19.4355,False,False
3992,151,1390.13,85.64,23.32906,66.841458,0.21323,34.5,1300.03,0.2144,19.3654,19.4344,False,False
3993,2592,1965.69,1775.01,-3.415295,75.953084,0.21245,34.37,1966.27,0.2131,19.3641,19.4329,False,False
3994,734,1426.08,398.85,18.370703,67.410475,0.21198,34.3,1936.55,0.2136,19.3359,19.4044,False,False
3995,3741,2064.97,2408.81,-13.448917,77.52478,0.21158,34.23,2784.13,0.2094,19.3315,19.3999,False,False
3996,3361,2037.38,2219.41,-10.450592,77.088087,0.21252,34.38,1807.4,0.212,19.3296,19.3983,False,False
3997,3996,1589.91,2548.54,-15.661029,70.00408,0.21115,34.16,2071.5,0.2153,19.322,19.3903,False,False
3998,2983,2125.23,2029.2,-7.439392,78.47875,0.20968,33.93,2408.97,0.2186,19.3159,19.3837,False,False
3999,2826,2058.09,1927.78,-5.833746,77.415888,0.21107,34.15,2508.45,0.2123,19.3136,19.3819,False,False
4000,4338,2198.41,2667.01,-17.536496,79.637202,0.19729,31.92,2171.16,0.2685,19.2937,19.3575,False,False
4001,1565,1548.29,817.93,11.73624,69.345238,0.2115,34.22,2259.75,0.2106,19.2844,19.3528,False,False
4002,737,1521.88,396.51,18.407813,68.927157,0.21167,34.25,1846.56,0.2124,19.281,19.3495,False,False
4003,1281,1515.03,650.56,14.385827,68.818655,0.2116,34.24,2115.9,0.2108,19.2778,19.3462,False,False
4004,3527,1550.72,2323.86,-12.104136,69.383684,0.21208,34.31,1989.43,0.2088,19.2629,19.3316,False,False
4005,3666,1807.08,2382.32,-13.029569,73.4422,0.21119,34.17,1502.6,0.2154,19.2594,19.3278,False,False
4006,150,1356.68,75.24,23.493777,66.311823,0.21179,34.27,1133.91,0.2149,19.2502,19.3187,False,False
4007,320,1514.04,170.77,21.9815,68.8031,0.21182,34.27,1464.78,0.2122,19.2439,19.3125,False,False
4008,2478,1961.33,1677.79,-1.876184,75.884015,0.2113,34.19,2171.29,0.2093,19.2369,19.3053,False,False
4009,1703,302.59,911.57,10.253898,49.624592,0.16285,35.44,6529.64,0.3737,19.2202,19.2911,False,False
4010,3728,1651.47,2412.51,-13.50745,70.978701,0.2104,34.04,1911.74,0.2105,19.1627,19.2307,False,False
4011,3599,1800.37,2347.47,-12.477851,73.335964,0.21006,33.99,1691.14,0.213,19.1572,19.2252,False,False
4012,1145,1326.01,590.63,15.334589,65.826251,0.20808,33.67,3173.96,0.2111,19.1558,19.2232,False,False
4013,3409,1608.43,2246.57,-10.880529,70.29725,0.21012,34.0,2413.4,0.2072,19.1422,19.2102,False,False
4014,958,1991.65,495.67,16.837922,76.364074,0.19314,31.25,4211.51,0.2633,19.1412,19.2036,False,False
4015,2939,2604.16,1992.87,-6.864247,86.06075,0.20556,33.26,3612.75,0.216,19.1137,19.1802,False,False
4016,1566,1578.88,815.14,11.780476,69.829549,0.2097,33.93,2026.2,0.2094,19.1058,19.1736,False,False
4017,2777,2063.26,1900.53,-5.402407,77.497774,0.20874,33.77,2308.84,0.2105,19.0899,19.1574,False,False
4018,4085,2037.48,2567.35,-15.958716,77.089657,0.20896,33.81,2463.34,0.2075,19.0701,19.1377,False,False
4019,606,1545.95,338.97,19.318709,69.308151,0.20922,33.85,1683.1,0.2105,19.0509,19.1186,False,False
4020,3937,1939.86,2507.55,-15.012153,75.544098,0.20875,33.78,1829.32,0.2111,19.0451,19.1127,False,False
4021,1298,2070.32,650.57,14.385746,77.609504,0.20775,33.61,3278.95,0.2051,19.0364,19.1036,False,False
4022,2439,1804.53,1641.43,-1.300601,73.401791,0.20903,33.82,2242.91,0.2067,19.0356,19.1032,False,False
4023,4010,2023.06,2537.4,-15.484685,76.861306,0.20845,33.73,2113.38,0.2098,19.0327,19.1002,False,False
4024,1792,174.62,970.04,9.328201,47.598716,0.16398,33.79,4297.7,0.3727,19.0212,19.0888,False,False
4025,3172,1812.31,2133.78,-9.094995,73.52501,0.20815,33.68,2190.44,0.2081,18.991,19.0583,False,False
4026,3247,2188.37,2159.99,-9.509875,79.478316,0.20344,32.92,3944.23,0.2138,18.9597,19.0256,False,False
4027,376,1549.63,211.39,21.338305,69.36642,0.20777,33.62,1323.32,0.2119,18.9286,18.9959,False,False
4028,3356,1869.95,2228.47,-10.593932,74.437449,0.20732,33.54,1543.22,0.2118,18.9201,18.9872,False,False
4029,3536,1839.81,2314.24,-11.95177,73.960321,0.20812,33.67,1502.03,0.2085,18.9147,18.9821,False,False
4030,3480,1968.23,2293.85,-11.629069,75.993323,0.20679,33.46,1630.91,0.2122,18.8999,18.9668,False,False
4031,3601,1875.88,2345.86,-12.452449,74.531275,0.20748,33.57,1562.21,0.2095,18.893,18.9601,False,False
4032,1457,1611.9,755.12,12.730628,70.352218,0.20777,33.62,1986.59,0.2048,18.8801,18.9473,False,False
4033,2174,1746.4,1362.93,3.108438,72.481504,0.20581,33.3,3079.66,0.2049,18.8692,18.9358,False,False
4034,3872,2030.46,2476.88,-14.526548,76.978497,0.20714,33.51,1733.32,0.2081,18.8639,18.9309,False,False
4035,1018,1553.01,528.81,16.313279,69.419965,0.20668,33.44,2136.37,0.2069,18.8556,18.9225,False,False
4036,2227,1742.45,1429.27,2.058088,72.418994,0.20599,33.33,2589.99,0.2064,18.8512,18.9179,False,False
4037,321,1552.27,175.81,21.901561,69.408219,0.20685,33.47,1272.39,0.2113,18.8465,18.9134,False,False
4038,2689,2311.07,1835.95,-4.379969,81.420719,0.19126,30.95,4786.48,0.2503,18.8401,18.902,False,False
4039,4007,1942.84,2537.31,-15.48329,75.591392,0.206,33.33,2107.05,0.2076,18.8159,18.8825,False,False
4040,326,1710.24,175.28,21.910053,71.909121,0.16591,34.75,2125.08,0.3644,18.755,18.8245,False,False
4041,3674,2062.69,2376.77,-12.941702,77.488633,0.20468,33.12,2662.37,0.2054,18.7482,18.8144,False,False
4042,3056,2569.68,2056.47,-7.871087,85.514874,0.20141,32.59,3854.9,0.2098,18.7317,18.7969,False,False
4043,3797,1778.76,2442.32,-13.979398,72.993799,0.20521,33.2,1877.09,0.2073,18.7273,18.7937,False,False
4044,3181,2097.25,2131.55,-9.059603,78.03576,0.20474,33.13,2342.99,0.2059,18.7233,18.7896,False,False
4045,3301,2089.98,2200.16,-10.145756,77.920749,0.20482,33.14,2206.01,0.2058,18.7109,18.7772,False,False
4046,670,1482.08,370.28,18.822995,68.297072,0.20493,33.16,1789.22,0.2068,18.6877,18.7541,False,False
4047,814,1844.17,432.84,17.832631,74.02929,0.18999,30.74,3315.78,0.2568,18.6924,18.7539,False,False
4048,2176,1800.31,1355.04,3.233216,73.334999,0.20381,32.98,2761.65,0.2038,18.6672,18.7332,False,False
4049,3929,1678.99,2505.4,-14.977967,71.414311,0.20359,32.94,1883.65,0.207,18.6067,18.6726,False,False
4050,44,1430.15,17.05,24.414958,67.474976,0.20445,33.08,828.97,0.2101,18.6001,18.6662,False,False
4051,3302,2123.73,2196.39,-10.086043,78.454947,0.20291,32.83,2410.65,0.2057,18.5956,18.6612,False,False
4052,2470,1712.44,1680.41,-1.917679,71.943838,0.2026,32.78,3194.7,0.2017,18.5945,18.6601,False,False
4053,3720,1392.39,2410.96,-13.482973,66.877117,0.20285,32.82,2287.89,0.2059,18.5797,18.6453,False,False
4054,3237,1876.14,2154.67,-9.425586,74.535385,0.20314,32.87,1969.13,0.2056,18.5583,18.624,False,False
4055,433,1579.32,239.89,20.887146,69.836419,0.20413,33.03,1310.08,0.2056,18.5523,18.6184,False,False
4056,2883,2476.45,1973.71,-6.560896,84.038922,0.20076,32.48,3491.12,0.2026,18.5127,18.5777,False,False
4057,3240,1972.23,2157.1,-9.464038,76.056677,0.20282,32.82,1830.85,0.2049,18.5075,18.5732,False,False
4058,3423,2055.97,2259.57,-11.086355,77.382233,0.20185,32.66,2090.32,0.2059,18.4845,18.5498,False,False
4059,490,1549.05,268.37,20.436298,69.357276,0.20294,32.84,1427.97,0.205,18.4706,18.5363,False,False
4060,1219,1620.56,623.5,14.814222,70.489306,0.20259,32.78,2192.49,0.2013,18.4675,18.5331,False,False
4061,3114,2156.33,2095.26,-8.485114,78.971182,0.19924,32.24,3542.69,0.2059,18.4684,18.5329,False,False
4062,1337,1417.59,685.43,13.833878,67.276121,0.20055,32.45,3008.12,0.2032,18.4503,18.5152,False,False
4063,4232,1609.94,2636.25,-17.049497,70.321288,0.20223,32.72,1941.77,0.203,18.4429,18.5083,False,False
4064,149,1326.52,80.13,23.416394,65.834347,0.2017,32.63,1101.51,0.209,18.4137,18.479,False,False
4065,3352,1738.77,2222.02,-10.491829,72.360719,0.20229,32.73,1870.87,0.2013,18.4084,18.4739,False,False
4066,3481,1999.09,2290.63,-11.578053,76.481886,0.20102,32.52,1590.03,0.208,18.4045,18.4695,False,False
4067,548,1557.82,301.25,19.915813,69.496135,0.20209,32.7,1533.7,0.203,18.3849,18.4503,False,False
4068,3863,1742.29,2482.11,-14.609273,72.416381,0.20037,32.42,1896.97,0.2053,18.3454,18.4103,False,False
4069,3871,1994.22,2474.9,-14.495149,76.404817,0.20042,32.43,1710.54,0.2063,18.3449,18.4098,False,False
4070,667,1396.78,360.19,18.982731,66.946711,0.20068,32.47,1930.5,0.2036,18.3409,18.4058,False,False
4071,429,1459.61,243.06,20.837008,67.941319,0.20073,32.48,1595.28,0.2021,18.2787,18.3436,False,False
4072,47,1521.18,17.02,24.415519,68.916131,0.20102,32.52,763.21,0.2056,18.2635,18.3285,False,False
4073,738,1556.12,404.07,18.288125,69.469145,0.19971,32.31,1811.51,0.2038,18.2599,18.3245,False,False
4074,3351,1707.07,2224.81,-10.536045,71.858865,0.19981,32.33,1910.56,0.1998,18.2081,18.2727,False,False
4075,2387,2195.49,1585.97,-0.422597,79.591108,0.19705,31.88,2963.92,0.2039,18.2069,18.2707,False,False
4076,3597,1746.28,2354.05,-12.58197,72.479553,0.19879,32.16,1651.14,0.204,18.179,18.2434,False,False
4077,3183,2160.38,2126.06,-8.972725,79.03528,0.19554,31.64,4049.36,0.2014,18.1794,18.2427,False,False
4078,3299,2024.45,2188.92,-9.967932,76.883244,0.19824,32.07,1741.59,0.203,18.1321,18.1962,False,False
4079,3424,2093.0,2258.71,-11.072755,77.968471,0.19671,31.83,2701.56,0.2021,18.1195,18.1832,False,False
4080,204,1362.88,104.3,23.033705,66.410053,0.19828,32.08,1333.85,0.2038,18.1021,18.1663,False,False
4081,3045,2155.32,2059.81,-7.923948,78.95505,0.19377,31.35,3281.26,0.2092,18.1025,18.1652,False,False
4082,2935,2473.72,2004.94,-7.055304,83.995656,0.19519,31.58,3788.6,0.1994,18.0893,18.1524,False,False
4083,375,1521.77,204.36,21.449621,68.925364,0.1975,31.96,1450.09,0.2028,18.041,18.1049,False,False
4084,3303,2158.88,2189.09,-9.970513,79.0115,0.19357,31.32,3362.18,0.2053,18.0284,18.0911,False,False
4085,3244,2100.79,2163.31,-9.562477,78.091821,0.1962,31.74,2546.61,0.1999,18.0233,18.0868,False,False
4086,2202,1781.5,1386.14,2.740945,73.03715,0.19599,31.71,2539.69,0.2,18.0104,18.0738,False,False
4087,1340,1519.96,679.37,13.929815,68.896693,0.19661,31.81,2103.29,0.1994,17.9923,18.0559,False,False
4088,2834,2449.24,1938.15,-5.997989,83.608136,0.1944,31.45,3899.84,0.1961,17.9857,18.0486,False,False
4089,735,1457.38,400.31,18.347564,67.90612,0.19615,31.74,1859.72,0.2012,17.9627,18.0262,False,False
4090,3608,2093.71,2350.25,-12.521946,77.979743,0.19492,31.54,2765.36,0.2,17.9598,18.0229,False,False
4091,3413,1744.02,2248.36,-10.908869,72.443884,0.19713,31.89,1666.52,0.1974,17.9423,18.0061,False,False
4092,3537,1867.97,2323.45,-12.097543,74.406027,0.19606,31.72,1502.15,0.2016,17.9224,17.9858,False,False
4093,2375,1810.12,1585.06,-0.408108,73.490281,0.19569,31.66,2178.48,0.1987,17.9218,17.9851,False,False
4094,4149,1586.86,2610.94,-16.64888,69.955898,0.19544,31.62,2122.28,0.1993,17.9084,17.9716,False,False
4095,3998,1642.32,2545.49,-15.612657,70.833859,0.19497,31.54,1962.96,0.2016,17.8978,17.9609,False,False
4096,3994,1516.9,2546.4,-15.62705,68.848255,0.19474,31.51,1907.91,0.2025,17.8898,17.9528,False,False
4097,4008,1975.07,2537.19,-15.481378,76.101563,0.19521,31.58,2008.51,0.1989,17.8712,17.9343,False,False
4098,3418,1902.69,2258.76,-11.073444,74.955722,0.1951,31.57,1507.16,0.2025,17.8691,17.9322,False,False
4099,2928,2124.39,2003.04,-7.025194,78.46553,0.18673,30.21,2844.9,0.2266,17.8583,17.9187,False,False
4100,2175,1770.87,1356.34,3.21276,72.868909,0.19397,31.38,2738.31,0.1959,17.8145,17.8772,False,False
4101,428,1417.23,231.76,21.015854,67.270429,0.1948,31.52,1589.98,0.1988,17.7915,17.8545,False,False
4102,3241,2001.58,2156.79,-9.459167,76.521197,0.19437,31.45,1791.99,0.1974,17.7583,17.8212,False,False
4103,4069,1521.89,2582.89,-16.204711,68.927324,0.19261,31.16,2450.75,0.1965,17.6924,17.7548,False,False
4104,602,1427.08,340.31,19.297411,67.426392,0.19243,31.13,1706.89,0.2005,17.6654,17.7277,False,False
4105,46,1491.96,15.74,24.435721,68.453553,0.19397,31.38,776.0,0.1995,17.648,17.7108,False,False
4106,2326,2162.76,1525.21,0.539351,79.072963,0.18842,30.49,3393.43,0.2036,17.6298,17.6907,False,False
4107,99,1454.26,50.06,23.892401,67.856728,0.19307,31.24,998.3,0.2003,17.6239,17.6864,False,False
4108,3787,1460.07,2448.42,-14.075934,67.948604,0.1921,31.08,2039.4,0.1972,17.6206,17.6827,False,False
4109,4074,1674.48,2575.58,-16.088992,71.342941,0.19138,30.96,2529.8,0.1962,17.6091,17.671,False,False
4110,3483,2056.17,2287.87,-11.53426,77.385449,0.19131,30.95,2047.34,0.199,17.597,17.6589,False,False
4111,1031,1970.2,524.38,16.383366,76.024423,0.18969,30.69,3064.26,0.1984,17.59,17.6514,False,False
4112,3057,2607.61,2062.43,-7.965432,86.115311,0.18815,30.44,3455.25,0.2013,17.577,17.6379,False,False
4113,875,1547.29,466.85,17.294132,69.32941,0.19119,30.93,2075.87,0.197,17.5559,17.6178,False,False
4114,1400,1548.53,718.31,13.313303,69.349008,0.1918,31.03,1875.76,0.1957,17.5536,17.6156,False,False
4115,3541,2000.41,2316.02,-11.98005,76.502805,0.19081,30.87,1563.99,0.2015,17.5495,17.6113,False,False
4116,3595,1679.11,2350.39,-12.524101,71.416233,0.19129,30.95,1647.46,0.1982,17.5347,17.5966,False,False
4117,1162,1872.69,588.36,15.370569,74.480799,0.19173,31.02,1912.37,0.1941,17.5235,17.5856,False,False
4118,806,1583.73,430.56,17.868689,69.906222,0.19124,30.94,1694.49,0.1961,17.4987,17.5606,False,False
4119,3669,1898.16,2378.68,-12.971893,74.884083,0.19042,30.81,1595.06,0.1996,17.4915,17.5531,False,False
4120,96,1366.94,50.73,23.881751,66.474292,0.19121,30.94,1030.49,0.1991,17.472,17.5339,False,False
4121,601,1390.24,331.58,19.435633,66.843132,0.19072,30.86,1691.33,0.1967,17.4718,17.5336,False,False
4122,4151,1646.07,2607.92,-16.601032,70.893184,0.1902,30.77,2134.51,0.1949,17.454,17.5155,False,False
4123,2827,2087.61,1938.66,-6.005949,77.883203,0.18746,30.33,2642.57,0.2023,17.4493,17.5099,False,False
4124,1455,1545.26,745.96,12.875663,69.297326,0.18987,30.72,2098.67,0.1959,17.4441,17.5056,False,False
4125,3598,1768.58,2351.33,-12.538995,72.832598,0.19,30.74,1543.37,0.1977,17.4207,17.4822,False,False
4126,1212,1396.09,621.66,14.84339,66.935782,0.18878,30.54,2373.11,0.1951,17.3827,17.4438,False,False
4127,203,1333.9,106.84,22.993477,65.951204,0.18952,30.66,1276.54,0.1987,17.3727,17.434,False,False
4128,4068,1485.78,2571.66,-16.026997,68.3557,0.18829,30.46,2478.05,0.1938,17.3361,17.397,False,False
4129,318,1456.71,182.24,21.799772,67.895371,0.1896,30.68,1510.6,0.1944,17.3277,17.389,False,False
4130,2778,2098.69,1910.14,-5.554552,78.058654,0.18571,30.05,2978.48,0.2004,17.3283,17.3884,False,False
4131,3799,1830.5,2440.85,-13.956214,73.812967,0.18852,30.5,1855.4,0.1959,17.3184,17.3794,False,False
4132,604,1484.07,332.0,19.429015,68.328505,0.18899,30.58,1698.09,0.1932,17.2841,17.3452,False,False
4133,2936,2505.25,1996.08,-6.915041,84.494866,0.18511,29.95,4058.72,0.1924,17.2696,17.3295,False,False
4134,866,1259.0,461.96,17.371565,64.765516,0.18627,30.14,3555.23,0.191,17.2672,17.3275,False,False
4135,1916,177.08,1063.75,7.844615,47.637602,0.161,26.05,4146.78,0.2883,17.2696,17.3217,False,False
4136,669,1456.72,370.47,18.819998,67.895591,0.18787,30.4,1722.68,0.1961,17.2596,17.3204,False,False
4137,3667,1841.51,2379.25,-12.980972,73.987262,0.18723,30.29,1502.92,0.198,17.2211,17.2817,False,False
4138,4072,1613.87,2581.37,-16.180694,70.383397,0.18586,30.07,2418.99,0.196,17.1947,17.2548,False,False
4139,880,1715.72,466.0,17.307711,71.995795,0.18718,30.28,1621.69,0.195,17.1782,17.2388,False,False
4140,3804,1997.63,2442.81,-13.987239,76.458762,0.18723,30.29,1624.17,0.1943,17.1692,17.2298,False,False
4141,3238,1903.77,2161.86,-9.539437,74.972898,0.18693,30.24,1807.26,0.1928,17.1414,17.2019,False,False
4142,372,1416.13,198.56,21.541555,67.253012,0.1869,30.24,1666.66,0.1933,17.1325,17.1929,False,False
4143,3869,1935.95,2476.77,-14.524757,75.482235,0.18642,30.16,1629.91,0.1953,17.1282,17.1885,False,False
4144,3058,2637.77,2064.16,-7.992795,86.592816,0.1821,29.46,3628.2,0.1969,17.0821,17.141,False,False
4145,3733,1806.84,2411.69,-13.494481,73.438327,0.18561,30.03,1641.73,0.1956,17.0774,17.1374,False,False
4146,487,1452.87,279.96,20.252836,67.83466,0.18581,30.06,1696.73,0.1933,17.0576,17.1178,False,False
4147,1876,209.54,1043.04,8.172561,48.151591,0.14532,27.94,4421.81,0.3377,17.0614,17.1173,False,False
4148,1341,1545.13,689.38,13.771278,69.295257,0.18628,30.14,1947.41,0.1893,17.048,17.1082,False,False
4149,3660,1616.62,2385.08,-13.073235,70.426895,0.18623,30.13,1803.6,0.1899,17.038,17.0982,False,False
4150,317,1426.32,172.47,21.954441,67.414307,0.18614,30.12,1428.41,0.1925,17.0351,17.0953,False,False
4151,796,1269.52,435.83,17.78526,64.931987,0.18493,29.92,2796.75,0.1873,17.0159,17.0758,False,False
4152,313,1289.34,176.68,21.887932,65.245739,0.18451,29.85,1377.4,0.1983,17.0158,17.0755,False,False
4153,1146,1360.15,596.59,15.240217,66.366811,0.18345,29.68,2834.92,0.1915,16.9879,17.0472,False,False
4154,3528,1583.48,2313.94,-11.947077,69.902379,0.18546,30.01,1926.34,0.1891,16.9846,17.0447,False,False
4155,209,1526.42,111.54,22.919075,68.998974,0.18474,29.89,1401.43,0.1922,16.9261,16.9858,False,False
4156,365,1192.61,208.01,21.391804,63.714412,0.18482,29.9,1971.0,0.1877,16.9176,16.9774,False,False
4157,265,1549.6,141.61,22.443026,69.365988,0.18396,29.76,1248.08,0.1933,16.8711,16.9306,False,False
4158,3412,1715.34,2260.75,-11.105056,71.989767,0.18401,29.77,1844.73,0.1887,16.8624,16.9219,False,False
4159,3174,1873.56,2131.56,-9.059758,74.494602,0.18346,29.68,2096.01,0.1891,16.8606,16.92,False,False
4160,45,1460.62,17.24,24.411891,67.957336,0.18428,29.81,813.46,0.1942,16.8592,16.9188,False,False
4161,259,1357.21,145.07,22.388331,66.320273,0.18314,29.63,1384.05,0.1929,16.8207,16.8799,False,False
4162,98,1421.91,42.0,24.019983,67.344515,0.18316,29.64,1008.91,0.1948,16.8131,16.8724,False,False
4163,2993,2506.28,2031.35,-7.473331,84.511103,0.18019,29.15,3403.83,0.1894,16.7838,16.8421,False,False
4164,3785,1388.38,2448.13,-14.071353,66.81375,0.18195,29.44,2092.59,0.1894,16.7552,16.8141,False,False
4165,3236,1844.3,2162.24,-9.54547,74.031369,0.18168,29.39,1948.69,0.1897,16.7246,16.7834,False,False
4166,431,1523.87,242.66,20.843341,68.958641,0.18206,29.46,1535.92,0.189,16.6918,16.7507,False,False
4167,1877,240.03,1043.42,8.166536,48.634212,0.14509,25.62,4123.3,0.3202,16.6945,16.7457,False,False
4168,101,1521.03,50.96,23.878091,68.913727,0.18209,29.46,1016.77,0.1899,16.6473,16.7063,False,False
4169,2630,1907.51,1810.77,-3.981386,75.031966,0.18084,29.26,2074.38,0.186,16.6119,16.6704,False,False
4170,3939,2005.23,2505.88,-14.985693,76.579068,0.18034,29.18,1805.01,0.1897,16.6112,16.6695,False,False
4171,3607,2067.17,2347.02,-12.470679,77.559561,0.17933,29.01,2739.65,0.1876,16.611,16.669,False,False
4172,37,1197.72,13.73,24.467585,63.795441,0.18136,29.34,829.81,0.1912,16.5974,16.6561,False,False
4173,3184,2193.46,2127.56,-8.996419,79.558975,0.17693,28.63,3807.05,0.1895,16.5974,16.6547,False,False
4174,3416,1833.58,2252.32,-10.971618,73.861737,0.18026,29.17,1563.19,0.1906,16.5943,16.6526,False,False
4175,49,1584.8,11.27,24.506521,69.923272,0.14603,26.34,1290.62,0.3282,16.5743,16.627,False,False
4176,1511,1521.43,788.43,12.203277,68.919981,0.17977,29.09,2206.48,0.1864,16.5584,16.6166,False,False
4177,315,1354.96,181.71,21.80824,66.284623,0.18005,29.13,1442.65,0.1894,16.5426,16.6009,False,False
4178,805,1554.64,435.68,17.787616,69.445727,0.17941,29.03,1837.74,0.1892,16.5391,16.5971,False,False
4179,1023,1715.23,528.54,16.317567,71.98803,0.17969,29.07,1714.76,0.1874,16.5132,16.5714,False,False
4180,3297,1970.77,2185.25,-9.909758,76.033519,0.1791,28.98,1798.28,0.189,16.5083,16.5662,False,False
4181,1280,1487.14,653.2,14.344101,68.3771,0.17883,28.93,2024.32,0.1877,16.4929,16.5507,False,False
4182,486,1425.21,263.73,20.509836,67.396788,0.17941,29.03,1539.95,0.1883,16.4884,16.5465,False,False
4183,43,1393.91,11.3,24.506015,66.901262,0.1798,29.09,770.41,0.1917,16.487,16.5452,False,False
4184,3295,1903.29,2196.21,-10.083215,74.965253,0.17819,28.83,1664.76,0.191,16.4626,16.5203,False,False
4185,3870,1964.43,2482.75,-14.619411,75.933147,0.17854,28.89,1637.58,0.1879,16.4291,16.4869,False,False
4186,438,1744.3,245.43,20.799475,72.44831,0.14023,27.63,2371.53,0.3363,16.4288,16.4841,False,False
4187,1874,141.62,1043.24,8.169437,47.076227,0.15,24.27,3883.74,0.2871,16.4247,16.4732,False,False
4188,1456,1576.37,748.12,12.841429,69.789738,0.17816,28.83,2094.5,0.1854,16.411,16.4686,False,False
4189,3992,1449.25,2537.57,-15.487321,67.777318,0.17808,28.81,2183.67,0.1847,16.4031,16.4608,False,False
4190,3529,1617.85,2315.35,-11.969369,70.446408,0.17837,28.86,1823.96,0.1847,16.3824,16.4402,False,False
4191,3668,1865.48,2388.28,-13.123934,74.366725,0.17725,28.68,1598.62,0.1904,16.3772,16.4345,False,False
4192,4073,1646.65,2572.07,-16.033556,70.902436,0.17681,28.61,2236.15,0.1866,16.3517,16.4089,False,False
4193,1832,148.91,1005.67,8.764117,47.191753,0.14191,24.05,3987.3,0.314,16.3394,16.3875,False,False
4194,4150,1620.15,2613.4,-16.687832,70.482797,0.17632,28.53,2179.38,0.1868,16.3142,16.3713,False,False
4195,746,1806.83,399.02,18.368026,73.438231,0.13677,27.7,3156.02,0.3364,16.2741,16.3295,False,False
4196,3868,1901.71,2484.93,-14.654005,74.940263,0.17639,28.54,1797.2,0.185,16.2411,16.2982,False,False
4197,3535,1805.38,2315.03,-11.964273,73.415271,0.1762,28.51,1498.47,0.1866,16.2206,16.2776,False,False
4198,3543,2060.22,2314.66,-11.958407,77.449579,0.17484,28.29,2165.99,0.1852,16.1776,16.2342,False,False
4199,206,1419.64,108.93,22.960362,67.308556,0.17567,28.42,1439.31,0.1861,16.1669,16.2237,False,False
4200,432,1551.53,238.7,20.906045,69.396573,0.17589,28.46,1380.82,0.1855,16.165,16.222,False,False
4201,3109,1998.55,2091.23,-8.421353,76.473364,0.17485,28.29,1933.51,0.1817,16.0864,16.143,False,False
4202,152,1420.48,73.63,23.519253,67.321805,0.17412,28.17,1237.64,0.1866,16.0403,16.0967,False,False
4203,377,1585.1,204.72,21.443917,69.927959,0.17355,28.08,1486.22,0.1866,16.0293,16.0855,False,False
4204,3931,1739.44,2514.64,-15.124342,72.371275,0.17274,27.95,2114.73,0.184,15.9976,16.0535,False,False
4205,3542,2028.75,2320.17,-12.045692,76.951442,0.17275,27.95,1620.43,0.1871,15.9954,16.0513,False,False
4206,2355,2154.46,1552.51,0.10708,78.941486,0.17064,27.61,2943.68,0.185,15.9631,16.0183,False,False
4207,492,1614.45,267.06,20.457042,70.392643,0.1731,28.01,1561.35,0.1836,15.9517,16.0077,False,False
4208,1144,1299.11,597.34,15.228457,65.400467,0.16837,27.24,3762.17,0.1869,15.9302,15.9847,False,False
4209,2838,2572.36,1939.52,-6.019591,85.557338,0.15906,25.74,2911.8,0.229,15.9167,15.9682,False,False
4210,208,1490.55,110.33,22.93822,68.431201,0.17286,27.97,1405.83,0.1832,15.9093,15.9652,False,False
4211,1278,1428.97,653.96,14.332,67.456343,0.17117,27.69,2170.34,0.1846,15.9018,15.9571,False,False
4212,804,1523.39,427.93,17.910365,68.95106,0.17211,27.85,2017.85,0.1815,15.8966,15.9523,False,False
4213,3740,2029.67,2408.31,-13.441,76.965915,0.17173,27.79,1703.52,0.1825,15.851,15.9065,False,False
4214,603,1454.61,339.74,19.306406,67.862147,0.17051,27.59,1658.96,0.1849,15.7996,15.8547,False,False
4215,202,1297.67,111.39,22.921419,65.377712,0.17049,27.58,1249.99,0.1863,15.7766,15.8318,False,False
4216,3414,1770.21,2249.65,-10.929243,72.858505,0.17151,27.75,1637.88,0.1795,15.7725,15.828,False,False
4217,3479,1934.89,2288.79,-11.548922,75.465507,0.17092,27.65,1497.6,0.1823,15.7635,15.8188,False,False
4218,1336,1386.51,683.72,13.860893,66.784142,0.16878,27.31,3153.0,0.1785,15.736,15.7906,False,False
4219,97,1392.88,41.97,24.020474,66.884958,0.17069,27.62,965.64,0.1851,15.7345,15.7897,False,False
4220,370,1360.5,212.68,21.318021,66.372367,0.17099,27.67,1399.27,0.1806,15.726,15.7813,False,False
4221,426,1360.83,241.82,20.856651,66.377607,0.16984,27.48,1466.24,0.1835,15.704,15.7589,False,False
4222,1647,148.13,874.19,10.845591,47.179346,0.13915,22.51,4904.95,0.2842,15.7111,15.7561,False,False
4223,258,1327.8,136.8,22.519272,65.854617,0.16975,27.46,1355.73,0.184,15.6938,15.7487,False,False
4224,675,1652.71,364.9,18.908144,70.998313,0.17031,27.55,1413.95,0.1805,15.6765,15.7316,False,False
4225,3173,1840.18,2121.42,-8.89919,73.966178,0.16898,27.34,2299.27,0.1773,15.6279,15.6826,False,False
4226,4000,1707.91,2544.76,-15.601207,71.872212,0.16779,27.15,2202.05,0.1798,15.5761,15.6304,False,False
4227,3930,1712.11,2513.14,-15.100523,71.938686,0.16729,27.07,1959.54,0.182,15.5514,15.6055,False,False
4228,2837,2545.27,1932.19,-5.903518,85.128446,0.16568,26.81,2753.09,0.1832,15.5503,15.6039,False,False
4229,555,1768.05,300.1,19.933929,72.824233,0.13678,23.7,3153.13,0.2962,15.5505,15.5979,False,False
4230,809,1680.56,430.02,17.877279,71.439258,0.16662,26.96,1582.12,0.1799,15.4213,15.4752,False,False
4231,2996,2610.71,2031.5,-7.475812,86.164327,0.16391,26.52,3628.21,0.1768,15.4102,15.4632,False,False
4232,2994,2535.88,2031.06,-7.468806,84.979777,0.16411,26.55,3587.8,0.1759,15.4042,15.4573,False,False
4233,679,1779.68,372.44,18.788736,73.00841,0.12151,26.42,3168.7,0.3468,15.3642,15.4171,False,False
4234,3530,1643.92,2320.36,-12.048686,70.859122,0.16644,26.93,1734.36,0.1757,15.3504,15.4043,False,False
4235,260,1389.58,143.41,22.414503,66.832736,0.16617,26.89,1399.62,0.1784,15.3397,15.3935,False,False
4236,3420,1965.64,2264.0,-11.156448,75.952252,0.16546,26.77,1651.18,0.1791,15.3314,15.385,False,False
4237,1514,1612.32,786.99,12.226021,70.358972,0.16575,26.82,2131.84,0.1743,15.322,15.3757,False,False
4238,544,1427.07,307.56,19.815835,67.42621,0.16517,26.72,1594.86,0.1798,15.3173,15.3708,False,False
4239,205,1383.79,117.94,22.817803,66.741008,0.16531,26.75,1500.18,0.179,15.3013,15.3548,False,False
4240,3417,1871.51,2261.18,-11.111749,74.462095,0.1654,26.76,1549.01,0.1783,15.2994,15.3529,False,False
4241,3234,1773.33,2159.61,-9.503788,72.907769,0.16501,26.7,2028.23,0.1758,15.283,15.3364,False,False
4242,956,1937.89,494.18,16.861481,75.512964,0.12994,23.87,3472.61,0.3061,15.2735,15.3212,False,False
4243,3923,1481.78,2502.82,-14.937212,68.292373,0.16369,26.48,2200.19,0.1785,15.2582,15.3112,False,False
4244,3999,1676.07,2542.26,-15.561596,71.368196,0.16389,26.52,1973.78,0.1786,15.2475,15.3005,False,False
4245,3292,1810.79,2192.14,-10.018912,73.500855,0.16483,26.67,1624.23,0.1761,15.2288,15.2821,False,False
4246,427,1389.47,237.92,20.918371,66.830919,0.16466,26.64,1480.86,0.1773,15.2215,15.2748,False,False
4247,541,1327.25,298.42,19.960645,65.845993,0.16468,26.64,1753.08,0.175,15.2133,15.2666,False,False
4248,3800,1865.63,2443.74,-14.001878,74.369043,0.16397,26.53,1736.65,0.1776,15.2066,15.2596,False,False
4249,316,1387.33,172.3,21.957203,66.797043,0.16464,26.64,1399.63,0.1768,15.2014,15.2547,False,False
4250,2884,2507.4,1967.5,-6.462512,84.528912,0.16315,26.4,3079.92,0.1714,15.1942,15.247,False,False
4251,1791,139.89,978.32,9.197063,47.048915,0.12895,21.76,4269.51,0.2975,15.1422,15.1857,False,False
4252,1990,170.13,1135.95,6.701623,47.527612,0.1411,22.83,3190.41,0.255,15.1241,15.1697,False,False
4253,811,1747.44,427.73,17.913577,72.497934,0.16175,26.17,2059.8,0.1794,15.117,15.1693,False,False
4254,3477,1876.82,2290.74,-11.579753,74.546173,0.16318,26.4,1550.61,0.1767,15.1113,15.1641,False,False
4255,2995,2578.58,2030.25,-7.456012,85.655725,0.16061,25.99,3647.56,0.1729,15.1055,15.1575,False,False
4256,42,1358.46,17.61,24.406026,66.340099,0.16374,26.49,769.08,0.1766,15.059,15.112,False,False
4257,3534,1778.26,2319.68,-12.037838,72.985817,0.16191,26.2,1493.85,0.1789,15.054,15.1064,False,False
4258,257,1298.88,148.61,22.332313,65.396818,0.16193,26.2,1350.78,0.1795,15.048,15.1004,False,False
4259,3803,1964.09,2447.88,-14.067417,75.927696,0.16203,26.22,1578.32,0.1773,15.0435,15.096,False,False
4260,1279,1458.76,650.19,14.391794,67.927932,0.16166,26.16,2165.57,0.1745,15.0346,15.0869,False,False
4261,3296,1940.08,2193.3,-10.037143,75.547685,0.16173,26.17,1706.1,0.1765,15.0223,15.0746,False,False
4262,2997,2640.18,2028.32,-7.425351,86.630868,0.15771,25.52,3839.49,0.1784,15.0173,15.0683,False,False
4263,3995,1557.66,2545.65,-15.615177,69.493547,0.16115,26.07,1955.55,0.1761,15.0019,15.054,False,False
4264,881,1748.41,465.71,17.312201,72.513279,0.16184,26.19,1773.93,0.1735,14.9838,15.0361,False,False
4265,322,1578.53,168.78,22.012908,69.824043,0.16062,25.99,1483.02,0.1774,14.9329,14.9849,False,False
4266,1989,144.18,1141.3,6.617066,47.116859,0.13209,21.37,3549.58,0.278,14.9325,14.9752,False,False
4267,3291,1772.7,2185.59,-9.91517,72.897894,0.16081,26.02,1857.17,0.1731,14.9134,14.9654,False,False
4268,2791,2533.63,1908.45,-5.527699,84.944108,0.12807,21.84,3036.18,0.2966,14.9174,14.9611,False,False
4269,369,1328.61,204.48,21.4478,65.867507,0.16065,25.99,1395.52,0.1763,14.9046,14.9566,False,False
4270,678,1744.99,369.8,18.830572,72.459134,0.1579,25.55,2368.24,0.1808,14.9014,14.9525,False,False
4271,3736,1907.9,2416.96,-13.577959,75.038282,0.15941,25.79,1503.15,0.1789,14.8749,14.9265,False,False
4272,314,1324.08,168.98,22.009795,65.7957,0.15986,25.86,1414.26,0.1766,14.8552,14.9069,False,False
4273,3673,2031.13,2378.56,-12.96997,76.988996,0.16003,25.89,1723.17,0.1732,14.8434,14.8951,False,False
4274,485,1394.92,274.03,20.346769,66.917213,0.1597,25.84,1597.79,0.1753,14.8422,14.8939,False,False
4275,4071,1578.66,2579.82,-16.15614,69.825962,0.15859,25.66,2447.94,0.1727,14.8149,14.8662,False,False
4276,3853,1421.32,2480.28,-14.580395,67.33523,0.1585,25.65,2063.3,0.172,14.7517,14.803,False,False
4277,481,1266.99,263.1,20.51973,64.891913,0.15818,25.59,1966.31,0.1719,14.7142,14.7654,False,False
4278,2835,2476.38,1938.35,-6.00108,84.037792,0.15658,25.33,3641.87,0.1669,14.7056,14.7563,False,False
4279,3475,1807.23,2286.03,-11.505277,73.444474,0.1586,25.66,1403.16,0.1726,14.6922,14.7435,False,False
4280,434,1613.5,234.64,20.970225,70.37762,0.15781,25.53,1700.38,0.172,14.6589,14.71,False,False
4281,373,1448.62,213.32,21.307886,67.76739,0.15817,25.59,1561.66,0.1709,14.648,14.6991,False,False
4282,543,1399.89,301.53,19.911346,66.995965,0.15691,25.39,1754.94,0.173,14.6183,14.6691,False,False
4283,210,1553.36,108.37,22.969317,69.4255,0.15764,25.51,1356.33,0.1718,14.6015,14.6526,False,False
4284,3921,1421.04,2512.42,-15.089189,67.330719,0.1571,25.42,2074.92,0.166,14.5443,14.5952,False,False
4285,3300,2068.67,2187.81,-9.95032,77.58341,0.15624,25.28,1916.03,0.1676,14.4925,14.5431,False,False
4286,1454,1521.74,757.37,12.695012,68.924875,0.15522,25.11,2192.48,0.1699,14.4918,14.542,False,False
4287,2790,2503.57,1899.96,-5.393403,84.468184,0.13689,22.15,3013.92,0.237,14.4764,14.5207,False,False
4288,550,1620.96,299.45,19.94424,70.495679,0.1563,25.29,1346.82,0.1697,14.4674,14.518,False,False
4289,545,1454.18,310.47,19.769787,67.855316,0.15557,25.17,1603.7,0.1708,14.4636,14.514,False,False
4290,957,1961.41,498.77,16.788924,75.885371,0.13297,21.51,3906.98,0.2452,14.4473,14.4903,False,False
4291,367,1260.49,202.44,21.480112,64.789106,0.15415,24.94,1688.28,0.1744,14.4368,14.4866,False,False
4292,1027,1844.08,525.75,16.361731,74.02795,0.15536,25.14,1987.41,0.1659,14.4059,14.4562,False,False
4293,3469,1616.31,2280.17,-11.412433,70.422021,0.15504,25.09,1968.9,0.1657,14.3777,14.4279,False,False
4294,211,1578.32,107.7,22.979918,69.820693,0.15369,24.87,1654.16,0.1691,14.3047,14.3544,False,False
4295,3294,1875.38,2186.05,-9.9224,74.523381,0.15346,24.83,1661.96,0.1692,14.2908,14.3405,False,False
4296,3355,1838.82,2228.03,-10.586951,73.944615,0.15341,24.82,1529.97,0.1703,14.2903,14.34,False,False
4297,1339,1492.81,689.88,13.763353,68.466906,0.15266,24.7,2048.35,0.1681,14.2578,14.3072,False,False
4298,1096,1808.01,558.38,15.845211,73.456932,0.15278,24.72,1771.78,0.1657,14.1903,14.2398,False,False
4299,1513,1579.93,781.17,12.318162,69.846091,0.15186,24.57,2001.16,0.1665,14.1658,14.2149,False,False
4300,1211,1360.4,624.31,14.801475,66.370719,0.14993,24.26,2876.01,0.1676,14.1511,14.1996,False,False
4301,3532,1707.22,2320.26,-12.047024,71.861212,0.15138,24.49,1553.86,0.1702,14.1459,14.1949,False,False
4302,3786,1422.11,2448.49,-14.077105,67.347724,0.15095,24.42,2068.44,0.168,14.135,14.1838,False,False
4303,3408,1578.11,2259.4,-11.083649,69.817322,0.15182,24.56,2181.06,0.1624,14.1108,14.1599,False,False
4304,1097,1841.05,562.19,15.784823,73.979986,0.15136,24.49,1846.89,0.166,14.1031,14.152,False,False
4305,2937,2540.86,1994.74,-6.893838,85.05852,0.14952,24.19,3686.26,0.1613,14.1015,14.1498,False,False
4306,158,1620.91,75.21,23.494252,70.494806,0.14838,24.01,2129.91,0.1759,14.1008,14.1488,False,False
4307,100,1484.33,50.7,23.882322,68.332709,0.1518,24.56,1020.85,0.1674,14.0631,14.1122,False,False
4308,310,1204.42,176.65,21.888293,63.901455,0.15025,24.31,1784.74,0.1684,14.058,14.1066,False,False
4309,145,1200.12,85.41,23.332687,63.833369,0.15112,24.45,1419.91,0.1657,14.0292,14.0781,False,False
4310,371,1388.37,205.02,21.439256,66.813488,0.1513,24.48,1439.8,0.1646,14.0249,14.0739,False,False
4311,262,1455.71,143.65,22.410784,67.879575,0.15062,24.37,1434.08,0.1669,14.0179,14.0667,False,False
4312,2787,2415.86,1901.38,-5.415829,83.079785,0.14704,23.79,4100.28,0.1628,14.0,14.0476,False,False
4313,1099,1907.76,563.5,15.764162,75.036052,0.15001,24.27,2383.65,0.162,13.997,14.0456,False,False
4314,542,1363.92,307.57,19.815795,66.426476,0.15032,24.32,1677.65,0.1652,13.9942,14.0429,False,False
4315,261,1421.9,138.67,22.489554,67.344435,0.15012,24.29,1424.52,0.1665,13.9738,14.0224,False,False
4316,949,1708.36,498.31,16.796208,71.879354,0.14973,24.23,1685.22,0.1653,13.9547,14.0032,False,False
4317,1917,210.24,1071.74,7.718242,48.162544,0.11663,19.93,4436.07,0.2796,13.9528,13.9926,False,False
4318,612,1749.16,340.73,19.29077,72.525232,0.14529,23.51,2821.64,0.1744,13.9316,13.9786,False,False
4319,153,1457.08,77.22,23.462376,67.901306,0.14935,24.16,1217.86,0.1675,13.9123,13.9606,False,False
4320,1277,1393.83,650.93,14.379968,66.899924,0.14708,23.8,2906.56,0.1654,13.9089,13.9565,False,False
4321,207,1454.75,106.2,23.003628,67.864479,0.14854,24.03,1427.15,0.1681,13.8893,13.9374,False,False
4322,155,1519.23,82.75,23.374945,68.885267,0.14968,24.22,1190.81,0.1649,13.8849,13.9334,False,False
4323,156,1550.16,76.18,23.478947,69.3748,0.14931,24.16,1180.92,0.1658,13.8738,13.9221,False,False
4324,4070,1547.61,2575.37,-16.08574,69.33451,0.14768,23.89,2455.9,0.1637,13.8678,13.9156,False,False
4325,3606,2036.12,2350.08,-12.519198,77.068062,0.14786,23.92,2157.73,0.1648,13.8661,13.914,False,False
4326,484,1361.71,271.94,20.379866,66.391564,0.14814,23.97,1485.62,0.1671,13.8487,13.8966,False,False
4327,1275,1326.42,651.28,14.37451,65.832763,0.14493,23.45,3576.2,0.1651,13.8276,13.8745,False,False
4328,425,1324.7,239.85,20.887774,65.805522,0.1475,23.86,1463.76,0.1673,13.8037,13.8514,False,False
4329,368,1298.11,204.75,21.443438,65.384637,0.14666,23.73,1546.73,0.1678,13.7606,13.8081,False,False
4330,3235,1802.43,2162.49,-9.549378,73.368535,0.14714,23.81,1967.48,0.1623,13.746,13.7936,False,False
4331,3938,1971.82,2508.5,-15.027171,76.050056,0.14721,23.82,1834.78,0.162,13.7319,13.7795,False,False
4332,201,1261.76,113.42,22.88939,64.809255,0.14628,23.67,1294.07,0.1669,13.689,13.7363,False,False
4333,3854,1453.1,2483.18,-14.626219,67.838351,0.14553,23.55,2039.09,0.1628,13.6484,13.6955,False,False
4334,3605,2004.05,2345.38,-12.44479,76.560316,0.14513,23.48,1619.88,0.1662,13.6315,13.6785,False,False
4335,3922,1458.96,2516.65,-15.156209,67.931094,0.14525,23.5,2198.86,0.1618,13.629,13.676,False,False
4336,41,1330.93,14.39,24.45708,65.904233,0.14675,23.74,710.53,0.1655,13.6283,13.6758,False,False
4337,3596,1716.69,2354.01,-12.581335,72.011121,0.14551,23.54,1728.19,0.1636,13.625,13.6721,False,False
4338,266,1582.42,139.4,22.478123,69.885546,0.14605,23.63,1423.15,0.1625,13.6078,13.655,False,False
4339,3478,1909.43,2283.78,-11.469515,75.062393,0.14486,23.44,1577.68,0.1643,13.5729,13.6198,False,False
4340,48,1553.43,17.45,24.408641,69.426662,0.14456,23.39,816.35,0.1681,13.5309,13.5776,False,False
4341,3801,1897.04,2454.62,-14.174189,74.8663,0.14465,23.4,1733.32,0.1613,13.5222,13.569,False,False
4342,3243,2059.21,2163.88,-9.571461,77.433546,0.14434,23.35,1819.75,0.1587,13.4639,13.5106,False,False
4343,148,1297.87,79.12,23.432365,65.380851,0.14394,23.29,1070.66,0.1636,13.4342,13.4808,False,False
4344,38,1232.68,17.53,24.407368,64.348877,0.14361,23.23,794.19,0.166,13.4209,13.4674,False,False
4345,102,1556.56,46.6,23.947201,69.476207,0.14251,23.06,1117.75,0.1656,13.3732,13.4193,False,False
4346,3474,1767.93,2290.73,-11.579626,72.822318,0.14202,22.98,1522.97,0.1612,13.305,13.351,False,False
4347,3734,1840.71,2415.9,-13.561203,73.974466,0.1416,22.91,1640.2,0.162,13.3047,13.3505,False,False
4348,1398,1485.47,715.19,13.362728,68.350712,0.14163,22.91,1950.63,0.1598,13.3024,13.3483,False,False
4349,147,1261.07,80.87,23.404692,64.798277,0.14181,22.94,1093.59,0.1646,13.3019,13.3478,False,False
4350,2356,2187.72,1553.5,0.091478,79.46797,0.13905,22.5,2983.51,0.1626,13.29,13.3349,False,False
4351,1399,1516.11,724.5,13.215349,68.835868,0.1416,22.91,1955.85,0.158,13.2697,13.3155,False,False
4352,2786,2380.48,1899.51,-5.386263,82.519598,0.13808,22.34,3896.9,0.1589,13.2606,13.3053,False,False
4353,740,1617.45,398.2,18.381063,70.440104,0.14227,23.02,1524.5,0.157,13.2495,13.2956,False,False
4354,3802,1929.07,2444.13,-14.008121,75.373431,0.14091,22.8,1597.13,0.1604,13.2209,13.2665,False,False
4355,103,1581.84,43.96,23.988961,69.876417,0.13506,21.85,1305.51,0.1836,13.1836,13.2273,False,False
4356,1210,1329.06,621.59,14.844576,65.874691,0.13694,22.16,3358.27,0.1599,13.1336,13.1779,False,False
4357,1957,205.64,1097.0,7.318367,48.089801,0.10623,17.71,4212.67,0.2774,13.1373,13.1727,False,False
4358,366,1227.33,210.82,21.347428,64.26415,0.13985,22.63,1791.2,0.1578,13.1203,13.1655,False,False
4359,674,1619.66,368.45,18.851935,70.475051,0.14008,22.66,1490.77,0.1561,13.0717,13.117,False,False
4360,157,1583.03,77.93,23.451113,69.89521,0.13814,22.35,1467.56,0.1632,13.0557,13.1004,False,False
4361,256,1270.41,140.26,22.464423,64.946162,0.13846,22.4,1518.42,0.1608,13.0417,13.0865,False,False
4362,424,1289.91,235.27,20.960277,65.254903,0.13786,22.31,1670.42,0.1599,13.0006,13.0452,False,False
4363,3672,2001.28,2383.67,-13.050916,76.51659,0.13846,22.4,1549.71,0.1576,12.9888,13.0336,False,False
4364,3468,1587.58,2285.79,-11.501332,69.967249,0.13832,22.38,1978.41,0.1544,12.9718,13.0166,False,False
4365,948,1675.06,491.73,16.900302,71.352058,0.1372,22.2,1756.47,0.1561,12.8946,12.939,False,False
4366,154,1488.26,82.95,23.371766,68.394836,0.13711,22.18,1226.36,0.1578,12.8575,12.9018,False,False
4367,950,1740.52,499.44,16.778244,72.388454,0.13689,22.15,1640.19,0.1539,12.8197,12.864,False,False
4368,3476,1843.13,2281.69,-11.43644,74.012887,0.13689,22.15,1574.22,0.1533,12.8002,12.8445,False,False
4369,3473,1738.9,2278.95,-11.393132,72.362838,0.13559,21.94,1833.26,0.1531,12.7333,12.7771,False,False
4370,95,1329.25,48.92,23.910511,65.877687,0.13589,21.99,909.17,0.1576,12.7276,12.7716,False,False
4371,1338,1455.26,681.75,13.892175,67.872428,0.13441,21.75,2093.02,0.155,12.7143,12.7578,False,False
4372,2836,2509.63,1938.4,-6.001841,84.564128,0.13487,21.82,3437.82,0.1422,12.6755,12.7192,False,False
4373,3415,1799.17,2258.62,-11.071348,73.316889,0.13525,21.88,1556.11,0.1528,12.672,12.7158,False,False
4374,882,1779.04,460.85,17.389171,72.998175,0.13467,21.79,1912.02,0.1526,12.6688,12.7124,False,False
4375,3671,1963.05,2384.6,-13.065585,75.911304,0.13365,21.62,1484.72,0.1579,12.6394,12.6827,False,False
4376,91,1205.72,49.71,23.897887,63.92207,0.13449,21.76,1102.49,0.1535,12.5749,12.6185,False,False
4377,199,1205.68,113.48,22.88844,63.921445,0.13307,21.53,1548.11,0.1541,12.5358,12.5789,False,False
4378,423,1258.58,234.16,20.977823,64.7588,0.133,21.52,1780.32,0.1524,12.5287,12.5718,False,False
4379,3993,1488.06,2536.51,-15.470621,68.391763,0.13263,21.46,2047.66,0.1499,12.4886,12.5316,False,False
4380,254,1194.35,143.72,22.409657,63.742043,0.13269,21.47,1716.69,0.1513,12.4792,12.5222,False,False
4381,482,1296.58,271.51,20.386575,65.360473,0.13224,21.4,1752.35,0.1525,12.4729,12.5157,False,False
4382,3739,2002.03,2411.44,-13.4906,76.528366,0.13241,21.42,1540.94,0.1532,12.4727,12.5156,False,False
4383,1512,1552.65,780.73,12.325139,69.414273,0.13139,21.26,2067.07,0.1507,12.4159,12.4584,False,False
4384,3735,1877.81,2414.51,-13.539159,74.561785,0.13057,21.13,1656.07,0.1554,12.3924,12.4347,False,False
4385,3354,1802.62,2228.71,-10.597811,73.371552,0.13096,21.19,1553.97,0.1492,12.2981,12.3405,False,False
4386,3289,1711.43,2193.32,-10.037528,71.927831,0.13005,21.04,2077.32,0.1484,12.2798,12.3219,False,False
4387,255,1227.12,145.13,22.387375,64.260874,0.12947,20.95,1512.68,0.1506,12.2103,12.2522,False,False
4388,312,1261.96,168.19,22.022262,64.812354,0.12868,20.82,1571.53,0.1517,12.1809,12.2226,False,False
4389,311,1235.08,174.92,21.915762,64.38677,0.12675,20.51,1589.85,0.1488,11.9907,12.0317,False,False
4390,609,1640.7,334.72,19.385976,70.808159,0.12667,20.49,1481.45,0.1475,11.9495,11.9905,False,False
4391,495,1709.78,268.92,20.427612,71.901852,0.12409,20.08,2545.61,0.1488,11.9127,11.9529,False,False
4392,3470,1647.79,2284.99,-11.488733,70.920388,0.12581,20.36,1722.22,0.1438,11.8497,11.8904,False,False
4393,3533,1740.62,2315.2,-11.966989,72.39003,0.12436,20.12,1541.5,0.149,11.8183,11.8585,False,False
4394,159,1653.98,75.96,23.482339,71.018404,0.10191,16.49,1941.17,0.2348,11.7924,11.8254,False,False
4395,813,1811.35,433.08,17.828753,73.50974,0.12353,19.99,2703.54,0.1409,11.7486,11.7886,False,False
4396,381,1716.89,204.09,21.453984,72.014287,0.09126,15.55,2471.23,0.268,11.6845,11.7156,False,False
4397,3738,1972.15,2414.9,-13.545317,76.055354,0.12267,19.85,1506.25,0.1455,11.6289,11.6686,False,False
4398,879,1682.96,462.49,17.363191,71.477154,0.12213,19.76,1545.09,0.1441,11.5692,11.6088,False,False
4399,212,1613.13,111.91,22.913166,70.371723,0.12104,19.58,2115.45,0.1423,11.5249,11.5641,False,False
4400,3531,1676.39,2321.77,-12.071002,71.37318,0.12136,19.63,1673.75,0.1411,11.4738,11.5131,False,False
4401,954,1870.0,492.76,16.884046,74.438279,0.11863,19.19,2560.5,0.1388,11.3402,11.3786,False,False
4402,1026,1809.86,533.51,16.238962,73.486199,0.1197,19.37,1800.16,0.1382,11.3169,11.3556,False,False
4403,104,1607.15,51.25,23.873533,70.277066,0.0975,15.77,1959.12,0.2133,11.09,11.1216,False,False
4404,955,1903.13,495.47,16.841128,74.962725,0.11107,17.97,2839.4,0.1524,11.0753,11.1112,False,False
4405,200,1235.58,117.77,22.820476,64.394804,0.11533,18.66,1507.07,0.1398,10.9969,11.0342,False,False
4406,146,1226.37,84.66,23.344568,64.248969,0.11321,18.32,1395.46,0.1386,10.8098,10.8464,False,False
4407,437,1711.32,237.57,20.923954,71.926138,0.10959,17.73,2281.35,0.1472,10.8089,10.8443,False,False
4408,3670,1928.09,2388.22,-13.122957,75.35782,0.1117,18.07,1514.47,0.1405,10.75,10.7862,False,False
4409,3290,1746.04,2192.05,-10.017403,72.475832,0.11231,18.17,1868.53,0.1347,10.7309,10.7673,False,False
4410,3604,1976.31,2357.82,-12.641747,76.12124,0.11162,18.06,1690.04,0.1384,10.7276,10.7637,False,False
4411,1956,174.91,1100.47,7.263368,47.60328,0.10634,17.21,3992.94,0.1419,10.6807,10.7151,False,False
4412,92,1237.34,52.05,23.860902,64.422662,0.11097,17.96,1079.81,0.1373,10.5882,10.6242,False,False
4413,1030,1930.05,524.65,16.379085,75.388907,0.10597,17.15,2780.15,0.1355,10.3955,10.4298,False,False
4414,94,1296.64,47.26,23.936644,65.361306,0.10725,17.35,863.3,0.1335,10.2271,10.2618,False,False
4415,483,1324.52,270.08,20.409271,65.802742,0.10642,17.22,1593.28,0.1302,10.193,10.2275,False,False
4416,213,1650.21,107.15,22.988544,70.958654,0.10403,16.83,2231.3,0.1339,10.1625,10.1961,False,False
4417,3472,1704.31,2292.89,-11.613845,71.815182,0.10549,17.07,1791.75,0.13,10.1466,10.1807,False,False
4418,554,1739.99,307.58,19.815574,72.379979,0.1053,17.04,2441.39,0.1262,10.1408,10.1748,False,False
4419,1098,1875.59,556.88,15.868882,74.526746,0.10302,16.67,2167.27,0.1279,9.9741,10.0075,False,False
4420,553,1712.05,298.42,19.960626,71.937683,0.10516,17.01,2193.06,0.1175,9.9449,9.979,False,False
4421,93,1264.99,45.34,23.967103,64.860341,0.10358,16.76,931.72,0.1307,9.9204,9.9539,False,False
4422,40,1301.48,14.24,24.459452,65.437942,0.10363,16.77,744.89,0.131,9.9074,9.9409,False,False
4423,267,1615.56,145.85,22.3759,70.410138,0.10184,16.48,1846.54,0.1268,9.8319,9.8648,False,False
4424,1095,1772.65,553.15,15.927985,72.897009,0.10446,16.9,1874.7,0.1157,9.8239,9.8577,False,False
4425,496,1745.85,274.18,20.344402,72.472783,0.09424,15.25,2538.49,0.152,9.8206,9.8511,False,False
4426,611,1710.5,333.44,19.406268,71.913168,0.1026,16.6,2235.56,0.1145,9.7103,9.7435,False,False
4427,3737,1943.53,2413.45,-13.522406,75.602334,0.09973,16.14,1599.31,0.1278,9.6694,9.7017,False,False
4428,741,1640.16,402.98,18.305278,70.799691,0.09917,16.05,1518.42,0.1261,9.588,9.6201,False,False
4429,878,1648.08,458.95,17.419316,70.925042,0.09834,15.91,1703.32,0.1204,9.4477,9.4795,False,False
4430,1276,1361.4,660.23,14.232794,66.386583,0.09511,15.39,3462.98,0.1194,9.4049,9.4357,False,False
4431,745,1770.61,402.23,18.317141,72.864763,0.09042,14.63,2888.58,0.1237,9.0766,9.1059,False,False
4432,1029,1902.08,530.23,16.290784,74.946144,0.08986,14.54,2524.57,0.1189,8.9072,8.9363,False,False
4433,323,1610.68,175.55,21.905684,70.332891,0.0883,14.29,1837.56,0.1159,8.6605,8.689,False,False
4434,3471,1673.59,2291.27,-11.588192,71.328799,0.0888,14.37,1687.74,0.1142,8.6481,8.6768,False,False
4435,378,1616.43,206.34,21.418293,70.424017,0.08731,14.13,1968.0,0.1104,8.505,8.5333,False,False
4436,1028,1876.23,527.94,16.327135,74.536796,0.0848,13.72,2474.24,0.1117,8.4075,8.4349,False,False
4437,812,1776.46,435.8,17.785727,72.957442,0.08305,13.44,2706.27,0.1158,8.3823,8.4091,False,False
4438,39,1269.86,15.01,24.447296,64.93749,0.08608,13.93,747.37,0.1124,8.3086,8.3364,False,False
4439,3293,1841.44,2200.24,-10.14709,73.986088,0.08243,13.34,1733.23,0.1053,8.0346,8.0612,False,False
4440,808,1647.02,426.72,17.929481,70.908198,0.08221,13.3,1531.81,0.1048,7.9863,8.0129,False,False
4441,1024,1744.1,531.99,16.262985,72.44508,0.08066,13.05,1689.45,0.0988,7.784,7.8101,False,False
4442,494,1679.74,278.75,20.271937,71.426152,0.0758,12.26,2227.25,0.0952,7.433,7.4575,False,False
4443,324,1650.69,171.66,21.967414,70.966393,0.0695,11.24,2174.19,0.1147,7.3237,7.3462,False,False
4444,268,1649.97,142.62,22.427131,70.95496,0.06406,10.36,2120.31,0.1022,6.7018,6.7225,False,False
4445,493,1650.38,272.71,20.36754,70.961493,0.06463,10.46,1739.3,0.0894,6.4666,6.4875,False,False
4446,1025,1776.94,523.09,16.403876,72.964986,0.06422,10.39,1707.49,0.0865,6.3811,6.4019,False,False
4447,325,1680.99,179.45,21.844,71.445966,0.0465,7.52,2320.63,0.1355,6.059,6.074,False,False
4448,551,1653.82,302.71,19.892634,71.015867,0.05931,9.6,1540.56,0.0827,5.9393,5.9584,False,False
4449,435,1643.62,237.53,20.924586,70.854395,0.05428,8.78,1656.27,0.0787,5.5198,5.5374,False,False
4450,436,1676.61,246.65,20.78011,71.376655,0.05175,8.37,2010.4,0.0779,5.3647,5.3815,False,False
4451,610,1676.94,336.34,19.360319,71.38183,0.04987,8.07,1890.72,0.0752,5.1661,5.1823,False,False
4452,552,1685.75,307.64,19.814625,71.521399,0.04725,7.65,2233.99,0.073,4.9798,4.995,False,False
4453,380,1682.21,212.95,21.313671,71.465331,0.0431,6.97,2448.41,0.0767,4.7712,4.7851,False,False
4454,379,1649.6,200.77,21.506563,70.949087,0.0389,6.29,2127.42,0.0585,4.1043,4.1169,False,False
