cell_id,x,y,lat,lon,area_px,elevation_m,slope_deg,ruggedness_m,coast_distance_km,traversal_cost,settlement_desirability,population_weight,population_estimate
0,16.81,18.39,24.393777,45.100419,1017,-5.44,25.86,65.4,17.32,39.24,0.51926,0.00037,155.4
1,53.26,13.15,24.476771,45.677402,939,89.48,34.21,93.97,31.84,41.79,0.44405,0.000263,110.43
2,84.69,16.37,24.425748,46.174972,1060,213.59,39.27,128.32,32.98,43.91,0.42084,0.000246,103.4
3,115.46,16.28,24.427127,46.66219,866,342.27,29.18,82.6,52.28,44.04,0.36309,0.000169,70.85
4,143.46,15.22,24.443975,47.105387,979,293.6,30.91,77.53,94.3,45.39,0.32597,0.000126,52.74
5,176.75,15.2,24.444292,47.632363,1139,279.69,29.02,67.63,148.33,47.35,0.32488,0.000125,52.56
6,209.11,16.15,24.429172,48.144744,1009,274.41,24.98,59.81,202.03,45.76,0.32999,0.000127,53.39
7,235.74,21.2,24.349292,48.566261,1134,246.05,26.28,61.04,245.68,47.29,0.32828,0.000126,53.11
8,268.9,19.49,24.376322,49.091253,1446,220.43,22.44,57.88,293.09,41.12,0.34285,0.000132,55.47
9,303.25,13.1,24.477513,49.635114,919,152.54,19.6,44.74,313.51,35.48,0.38434,0.000148,62.19
10,333.73,11.76,24.498725,50.117568,685,157.34,21.48,46.94,321.53,38.71,0.35869,0.000138,58.03
11,364.42,11.71,24.499494,50.603459,850,169.0,18.77,40.16,314.65,34.06,0.39545,0.000152,63.98
12,395.28,16.51,24.42356,51.092035,988,181.16,12.72,28.55,288.98,23.73,0.48018,0.000185,77.69
13,426.96,10.59,24.517303,51.593543,736,189.38,15.53,34.08,290.44,28.63,0.43929,0.000169,71.08
14,462.78,12.9,24.480665,52.160519,1039,204.05,13.38,28.88,287.17,24.99,0.46919,0.000181,75.91
15,497.86,18.36,24.39418,52.715848,967,217.97,15.99,34.85,287.98,29.61,0.43067,0.000166,69.68
16,525.51,12.47,24.487409,53.153607,901,232.36,20.34,44.33,280.58,37.25,0.36888,0.000142,59.68
17,557.69,10.24,24.522822,53.663109,692,279.29,18.68,40.75,254.69,34.7,0.38834,0.00015,62.83
18,586.99,17.7,24.404678,54.126979,1096,302.88,18.02,40.49,224.49,33.77,0.39542,0.000152,63.98
19,622.7,15.37,24.441551,54.692322,1233,335.58,23.05,53.32,220.73,42.77,0.33386,0.000129,54.02
20,659.32,12.9,24.480675,55.272014,1033,405.62,21.56,49.03,234.63,40.63,0.33923,0.000131,54.89
21,692.75,20.21,24.36489,55.801193,901,459.41,12.76,28.35,246.52,25.71,0.45837,0.000177,74.16
22,716.45,12.38,24.488912,56.176379,818,470.27,12.9,28.91,280.83,26.04,0.45544,0.000175,73.69
23,748.85,12.46,24.487647,56.689317,924,439.56,18.07,40.26,312.51,34.78,0.38478,0.000148,62.26
24,782.49,16.77,24.419375,57.221833,1129,430.91,18.15,40.65,319.82,34.86,0.38426,0.000148,62.17
25,812.17,15.5,24.439458,57.691674,881,433.06,10.46,23.09,338.84,21.54,0.49382,0.00019,79.9
26,843.2,15.56,24.438622,58.183046,1096,409.04,16.69,40.69,359.39,32.3,0.40525,0.000156,65.57
27,875.61,20.05,24.367473,58.696006,1261,345.51,24.1,58.09,378.39,44.74,0.32834,0.000126,53.12
28,907.87,17.41,24.409208,59.206737,1153,275.69,18.2,41.69,414.06,33.91,0.39471,0.000152,63.86
29,941.68,18.05,24.399155,59.742076,1355,285.16,29.7,83.56,449.53,48.36,0.31926,0.000123,51.66
30,979.5,15.27,24.443217,60.340793,1168,380.97,29.18,108.8,495.97,49.91,0.3056,0.000118,49.45
31,1012.55,19.22,24.380561,60.863981,1196,366.3,26.34,76.11,532.12,48.66,0.31561,0.000122,51.06
32,1043.22,11.04,24.510106,61.34955,795,316.71,13.93,37.04,581.87,26.97,0.45059,0.000174,72.9
33,1072.34,18.87,24.386153,61.81055,1154,353.59,37.44,120.14,613.77,50.13,0.30439,0.000117,49.25
34,1107.64,13.34,24.473763,62.369382,1039,417.24,48.02,174.51,670.14,52.49,0.28521,0.00011,46.15
35,1139.58,18.37,24.394079,62.874917,1010,342.58,64.5,301.46,712.4,56.46,0.25641,9.9e-05,41.49
36,1166.94,17.39,24.40962,63.308055,1006,558.52,64.7,316.26,747.62,58.48,0.23814,9.2e-05,38.53
37,1197.72,13.73,24.467585,63.795441,1008,1141.73,67.69,392.83,733.78,65.23,0.18136,7e-05,29.34
38,1232.68,17.53,24.407368,64.348877,1304,1624.57,68.47,428.08,672.9,69.82,0.14361,5.5e-05,23.23
39,1269.86,15.01,24.447296,64.93749,1032,1369.5,77.12,753.82,607.75,79.57,0.08608,3.3e-05,13.93
40,1301.48,14.24,24.459452,65.437942,938,1590.35,76.8,614.86,552.41,76.18,0.10363,4e-05,16.77
41,1330.93,14.39,24.45708,65.904233,839,1351.01,71.83,484.31,500.92,69.91,0.14675,5.7e-05,23.74
42,1358.46,17.61,24.406026,66.340099,1064,1098.98,69.24,476.59,452.96,67.89,0.16374,6.3e-05,26.49
43,1393.91,11.3,24.506015,66.901262,961,1292.34,68.77,360.87,390.6,65.14,0.1798,6.9e-05,29.09
44,1430.15,17.05,24.414958,67.474976,1030,1205.66,61.94,283.32,327.67,61.8,0.20445,7.9e-05,33.08
45,1460.62,17.24,24.411891,67.957336,1126,1197.26,67.47,366.79,274.51,64.69,0.18428,7.1e-05,29.81
46,1491.96,15.74,24.435721,68.453553,1015,990.79,68.14,380.09,219.74,63.73,0.19397,7.5e-05,31.38
47,1521.18,17.02,24.415519,68.916131,1063,1044.52,64.1,338.11,169.0,62.62,0.20102,7.7e-05,32.52
48,1553.43,17.45,24.408641,69.426662,1168,1038.11,73.13,587.56,113.23,69.43,0.14456,5.6e-05,23.39
49,1584.8,11.27,24.506521,69.923272,735,1307.47,73.92,606.27,57.9,69.5,0.14603,6.3e-05,26.34
50,1612.27,18.26,24.395857,70.358034,1066,783.9,81.9,1078.15,24.06,71.93,0.22884,0.000147,61.57
51,1646.56,10.8,24.513913,70.90092,774,380.47,76.63,660.95,16.59,63.18,0.32051,0.000232,97.63
52,1675.16,21.75,24.340536,71.353717,837,625.43,76.96,798.67,17.43,69.78,0.26854,0.000191,80.15
53,1693.07,17.99,24.400015,71.637322,536,518.95,77.31,1019.38,13.35,69.62,0.30053,0.000235,98.66
54,14.08,50.32,23.888261,45.05726,1036,17.82,24.77,63.2,22.29,37.74,0.49489,0.000323,135.45
55,53.92,45.72,23.961098,45.687899,1084,59.53,37.77,106.58,26.78,41.8,0.4592,0.000286,120.28
56,85.12,50.87,23.879533,46.181909,952,127.67,44.66,150.84,21.85,43.62,0.457,0.000299,125.61
57,109.39,46.76,23.944601,46.566025,772,124.34,53.0,253.78,25.39,47.39,0.41523,0.000263,110.28
58,137.81,48.91,23.910519,47.015935,1053,245.01,49.82,190.16,71.63,48.03,0.30034,0.000116,48.59
59,170.97,46.85,23.943154,47.540908,1075,287.43,46.62,163.93,128.65,49.93,0.29957,0.000115,48.47
60,204.54,50.53,23.885007,48.072309,1055,335.08,31.99,78.89,187.18,48.54,0.31704,0.000122,51.3
61,242.17,54.11,23.82819,48.668131,1087,307.57,23.98,55.96,241.94,44.2,0.33203,0.000128,53.72
62,275.87,50.29,23.888712,49.201626,815,243.62,30.44,78.17,250.13,47.88,0.32369,0.000125,52.37
63,307.02,47.39,23.934584,49.694644,999,161.06,24.22,57.31,253.92,43.62,0.34132,0.000131,55.22
64,332.57,42.14,24.017776,50.099185,1069,134.1,22.15,52.12,269.19,39.83,0.35166,0.000135,56.9
65,364.66,45.23,23.968812,50.607262,1485,135.14,13.59,29.88,260.49,24.89,0.47129,0.000182,76.25
66,405.22,46.47,23.949209,51.24936,1224,168.33,14.24,30.12,234.04,26.2,0.45973,0.000177,74.38
67,437.63,38.41,24.076855,51.762481,1114,177.1,14.49,30.75,241.07,26.7,0.45543,0.000175,73.69
68,467.59,50.43,23.886589,52.236704,866,195.74,13.57,29.16,222.93,25.26,0.46712,0.00018,75.58
69,490.79,41.9,24.021612,52.603942,894,210.28,15.59,32.79,245.92,28.83,0.43727,0.000168,70.75
70,525.61,45.67,23.961925,53.155149,974,249.92,14.9,31.77,235.7,27.92,0.44399,0.000171,71.84
71,554.06,40.53,24.043203,53.605547,1069,282.88,17.11,40.53,211.85,32.13,0.40903,0.000158,66.18
72,584.13,48.57,23.916009,54.081632,960,277.79,18.84,43.95,175.05,35.07,0.3854,0.000148,62.36
73,617.0,47.55,23.932097,54.60201,1039,330.58,26.85,67.72,164.51,48.11,0.32045,0.000123,51.85
74,649.79,53.49,23.838046,55.121138,1389,420.64,28.01,65.06,162.2,48.64,0.31485,0.000121,50.94
75,679.73,43.85,23.990736,55.595055,1114,470.38,18.87,42.38,199.63,36.39,0.37139,0.000143,60.09
76,716.81,46.52,23.948501,56.182054,980,474.62,17.24,36.68,235.75,33.53,0.39421,0.000152,63.78
77,749.69,43.95,23.989046,56.702573,1332,470.39,22.19,54.07,262.17,42.29,0.32697,0.000126,52.9
78,787.38,49.4,23.902821,57.2993,1038,419.71,20.32,45.68,268.13,38.55,0.35521,0.000137,57.47
79,820.52,48.2,23.921847,57.823965,1126,436.45,15.35,32.9,291.36,30.0,0.42348,0.000163,68.52
80,851.85,47.76,23.928793,58.31995,880,421.0,15.83,37.61,315.56,30.86,0.41677,0.000161,67.43
81,883.22,55.77,23.801925,58.816485,788,352.88,23.23,53.8,334.53,43.19,0.33192,0.000128,53.7
82,906.58,50.83,23.880151,59.186346,867,288.61,23.12,57.27,366.53,42.69,0.33589,0.000129,54.35
83,937.08,53.33,23.840603,59.669141,1091,232.17,28.45,80.96,396.73,47.9,0.32373,0.000125,52.38
84,971.1,46.0,23.956718,60.207804,1069,381.42,20.65,62.4,447.17,39.43,0.34894,0.000134,56.46
85,1006.04,53.25,23.841851,60.760927,1091,399.13,34.15,96.84,484.92,49.62,0.3076,0.000118,49.77
86,1042.43,47.07,23.939684,61.336976,1343,274.72,19.23,56.07,542.66,36.12,0.377,0.000145,61.0
87,1073.86,52.92,23.847135,61.834512,906,357.43,46.64,168.19,583.17,51.85,0.29104,0.000112,47.09
88,1102.12,44.76,23.976232,62.281912,1028,425.92,58.64,269.86,633.16,55.92,0.25914,0.0001,41.93
89,1132.26,47.68,23.929991,62.759009,935,422.72,63.89,337.34,671.31,58.29,0.24164,9.3e-05,39.1
90,1172.87,51.55,23.868873,63.401954,1295,728.17,66.36,338.22,701.91,60.43,0.22136,8.5e-05,35.82
91,1205.72,49.71,23.897887,63.92207,1224,1200.69,73.58,575.6,714.63,72.1,0.13449,5.2e-05,21.76
92,1237.34,52.05,23.860902,64.422662,965,1568.78,74.23,586.61,668.68,75.04,0.11097,4.3e-05,17.96
93,1264.99,45.34,23.967103,64.860341,1008,1571.8,76.06,619.82,619.36,76.23,0.10358,4e-05,16.76
94,1296.64,47.26,23.936644,65.361306,1139,1531.29,75.34,613.2,564.68,75.72,0.10725,4.1e-05,17.35
95,1329.25,48.92,23.910511,65.877687,1165,1457.25,72.43,504.1,508.44,71.35,0.13589,5.2e-05,21.99
96,1366.94,50.73,23.881751,66.474292,1066,1145.39,65.38,351.89,443.72,63.8,0.19121,7.4e-05,30.94
97,1392.88,41.97,24.020474,66.884958,1064,1346.64,68.95,384.61,396.64,66.35,0.17069,6.6e-05,27.62
98,1421.91,42.0,24.019983,67.344515,841,1326.92,65.08,338.29,346.31,64.58,0.18316,7.1e-05,29.64
99,1454.26,50.06,23.892401,67.856728,865,1125.7,63.79,349.35,293.64,63.58,0.19307,7.4e-05,31.24
100,1484.33,50.7,23.882322,68.332709,1081,1154.27,72.62,512.85,243.48,69.56,0.1518,5.8e-05,24.56
101,1521.03,50.96,23.878091,68.913727,1322,971.3,70.75,433.25,183.38,65.48,0.18209,7e-05,29.46
102,1556.56,46.6,23.947201,69.476207,780,1143.06,75.52,566.1,124.44,69.89,0.14251,5.5e-05,23.06
103,1581.84,43.96,23.988961,69.876417,841,1174.17,73.9,602.55,86.58,69.72,0.13506,5.2e-05,21.85
104,1607.15,51.25,23.873533,70.277066,901,1227.48,77.37,769.72,74.34,75.45,0.0975,3.8e-05,15.77
105,1642.71,40.35,24.046088,70.840041,1228,956.76,78.26,812.59,38.28,73.49,0.17903,9.9e-05,41.5
106,1674.9,55.64,23.804089,71.349574,866,1353.65,80.79,1114.5,32.48,76.24,0.16955,0.0001,41.88
107,1697.02,51.96,23.862327,71.699819,581,426.74,75.77,947.81,15.35,69.07,0.29398,0.00022,92.21
108,18.69,83.09,23.369475,45.130256,1013,-4.37,27.95,81.23,21.58,40.23,0.48903,0.000321,134.76
109,46.84,72.18,23.542245,45.575865,840,97.52,33.89,90.85,40.58,42.12,0.41595,0.000224,93.91
110,78.72,83.38,23.364974,46.080568,1125,261.56,27.65,71.72,60.16,43.45,0.34741,0.000144,60.62
111,116.15,80.45,23.411336,46.673019,1169,316.39,41.22,132.76,68.88,46.38,0.31132,0.00012,50.37
112,148.7,80.04,23.417806,47.188428,872,350.31,43.77,147.62,107.06,48.83,0.30154,0.000116,48.79
113,174.65,79.08,23.433025,47.599139,823,300.74,41.45,117.57,146.31,49.17,0.30978,0.000119,50.12
114,200.84,80.43,23.411564,48.013868,877,331.92,31.25,86.56,189.89,48.79,0.31514,0.000121,50.99
115,235.05,82.4,23.380487,48.555325,1121,343.99,26.34,62.24,210.19,48.01,0.32102,0.000124,51.94
116,274.01,75.51,23.489515,49.172179,734,244.96,39.54,107.63,206.67,48.93,0.31545,0.000122,51.04
117,298.99,77.16,23.463343,49.567605,824,120.34,34.62,85.81,201.23,47.3,0.3303,0.000127,53.44
118,330.3,84.89,23.341067,50.06327,1403,110.47,15.15,35.38,196.1,27.5,0.45007,0.000173,72.82
119,367.24,80.43,23.411596,50.648067,1195,142.56,10.34,22.77,203.28,19.33,0.51822,0.0002,83.85
120,395.1,81.26,23.398483,51.089186,948,151.16,11.94,28.87,181.82,22.24,0.49326,0.00019,79.81
121,435.29,75.84,23.484208,51.725336,1488,181.93,11.39,24.53,176.03,21.39,0.49988,0.000193,80.88
122,467.9,78.03,23.44957,52.241663,796,183.13,12.13,27.84,175.23,22.74,0.48845,0.000188,79.03
123,493.5,81.81,23.389784,52.646904,1161,193.56,13.46,30.96,180.34,25.13,0.46825,0.00018,75.76
124,524.25,76.22,23.478261,53.13363,1059,233.34,15.15,33.07,198.19,28.26,0.44146,0.00017,71.43
125,556.48,80.36,23.412746,53.643962,1158,258.67,18.84,44.39,155.86,34.88,0.38683,0.000149,62.59
126,587.0,79.03,23.433819,54.127048,987,295.92,21.63,53.08,124.63,38.67,0.34801,0.000134,56.31
127,619.17,78.27,23.445733,54.636438,1030,291.17,49.57,177.06,111.35,49.66,0.29722,0.000114,48.09
128,658.57,86.12,23.321564,55.260078,1126,432.58,36.08,95.97,117.36,48.03,0.30904,0.000119,50.0
129,694.05,79.92,23.41972,55.821795,1048,477.02,28.01,69.37,167.67,49.19,0.30969,0.000119,50.11
130,719.86,76.72,23.470342,56.230351,887,492.48,34.94,89.1,199.16,49.99,0.30321,0.000117,49.06
131,750.31,82.85,23.373229,56.712462,1319,506.62,29.72,75.1,195.48,49.59,0.30606,0.000118,49.52
132,783.57,75.83,23.484493,57.239029,1008,461.47,31.66,77.59,222.51,49.37,0.30853,0.000119,49.92
133,812.01,84.56,23.346242,57.689209,994,426.54,28.93,70.07,227.02,48.86,0.31305,0.000121,50.65
134,847.57,75.63,23.487664,58.252152,955,436.65,15.95,38.78,269.98,31.21,0.41365,0.000159,66.93
135,878.01,82.73,23.375208,58.734108,962,380.84,21.45,47.47,291.85,40.21,0.34288,0.000132,55.48
136,917.26,85.8,23.326548,59.355352,1169,241.56,24.92,61.81,331.6,45.5,0.33198,0.000128,53.71
137,949.29,82.23,23.383147,59.862499,942,237.52,34.65,119.23,376.06,49.29,0.31277,0.00012,50.6
138,980.86,77.3,23.461118,60.362308,967,455.65,48.89,168.22,424.41,52.53,0.28427,0.00011,45.99
139,1012.2,83.79,23.358473,60.858399,999,294.18,37.84,128.47,462.98,50.01,0.30626,0.000118,49.55
140,1041.27,85.61,23.329547,61.318561,1111,214.34,21.73,59.1,505.33,39.94,0.34792,0.000134,56.29
141,1077.63,81.39,23.396351,61.894284,1137,292.65,34.76,111.84,564.58,49.41,0.31094,0.00012,50.31
142,1107.52,83.69,23.35992,62.367483,939,526.44,65.21,361.21,597.24,59.85,0.22863,8.8e-05,36.99
143,1137.78,73.57,23.520147,62.8465,1010,309.96,54.38,223.01,638.93,53.46,0.27951,0.000108,45.22
144,1168.09,84.15,23.352662,63.326256,1034,605.47,61.58,277.6,647.33,57.44,0.24509,9.4e-05,39.65
145,1200.12,85.41,23.332687,63.833369,808,1048.53,73.25,542.72,672.83,69.88,0.15112,5.8e-05,24.45
146,1226.37,84.66,23.344568,64.248969,905,1510.45,74.96,591.36,686.89,74.8,0.11321,4.4e-05,18.32
147,1261.07,80.87,23.404692,64.798277,1316,1634.34,68.24,433.38,635.32,70.07,0.14181,5.5e-05,22.94
148,1297.87,79.12,23.432365,65.380851,956,1386.65,72.79,487.28,571.62,70.26,0.14394,5.5e-05,23.29
149,1326.52,80.13,23.416394,65.834347,732,1296.0,61.55,271.32,523.11,62.0,0.2017,7.8e-05,32.63
150,1356.68,75.24,23.493777,66.311823,883,1128.2,61.0,273.96,469.88,60.93,0.21179,8.2e-05,34.27
151,1390.13,85.64,23.32906,66.841458,1016,991.87,61.2,303.03,418.88,61.01,0.21323,8.2e-05,34.5
152,1420.48,73.63,23.519253,67.321805,1326,1237.3,68.06,398.23,361.95,66.08,0.17412,6.7e-05,28.17
153,1457.08,77.22,23.462376,67.901306,881,1338.9,71.48,476.26,303.87,69.54,0.14935,5.8e-05,24.16
154,1488.26,82.95,23.371766,68.394836,853,1390.43,73.14,515.85,259.28,71.3,0.13711,5.3e-05,22.18
155,1519.23,82.75,23.374945,68.885267,950,1085.18,74.73,539.51,213.85,70.02,0.14968,5.8e-05,24.22
156,1550.16,76.18,23.478947,69.3748,916,1192.8,73.07,513.7,165.25,69.85,0.14931,5.8e-05,24.16
157,1583.03,77.93,23.451113,69.89521,1030,1398.25,73.45,517.1,133.42,70.33,0.13814,5.3e-05,22.35
158,1620.91,75.21,23.494252,70.494806,1158,1284.09,71.66,511.72,103.41,68.01,0.14838,5.7e-05,24.01
159,1653.98,75.96,23.482339,71.018404,1012,1132.24,78.29,789.21,70.21,75.3,0.10191,3.9e-05,16.49
160,1684.89,87.76,23.295522,71.507789,799,590.27,77.13,760.32,38.6,69.12,0.20455,0.000112,47.24
161,1703.56,86.93,23.308742,71.803319,357,5.13,49.35,270.2,9.58,46.45,0.51147,0.000433,181.98
162,13.81,119.64,22.790935,45.05298,719,74.6,53.84,203.9,14.71,44.81,0.48912,0.000371,155.71
163,49.34,107.29,22.986383,45.615363,1039,79.6,40.28,132.6,19.56,42.54,0.47543,0.00032,134.51
164,82.63,113.25,22.89198,46.142382,1127,258.52,34.55,96.11,63.52,44.44,0.33042,0.00013,54.74
165,116.37,115.76,22.852311,46.676525,1069,343.19,32.61,79.53,98.9,46.01,0.32149,0.000124,52.02
166,148.89,109.16,22.956771,47.191411,1061,418.67,27.52,65.17,133.68,47.57,0.31706,0.000122,51.3
167,181.41,119.11,22.79925,47.70625,1214,355.43,32.89,88.37,161.5,49.02,0.31299,0.000121,50.64
168,210.42,111.42,22.921033,48.165415,1130,243.98,41.4,116.03,183.79,49.22,0.3132,0.000121,50.67
169,243.44,111.87,22.913861,48.688227,789,278.8,32.85,88.0,158.5,48.47,0.31849,0.000123,51.53
170,266.03,102.49,23.062373,49.045879,817,291.47,29.48,88.82,162.44,48.59,0.31736,0.000122,51.35
171,299.09,111.54,22.919095,49.569192,1259,43.32,22.19,65.82,141.54,39.04,0.35565,0.000137,57.54
172,338.95,115.52,22.856067,50.200206,1120,65.6,14.08,34.94,151.64,25.15,0.46887,0.000181,75.86
173,372.63,115.42,22.857598,50.733448,843,77.41,15.86,37.58,145.57,28.0,0.44335,0.000171,71.73
174,406.87,105.64,23.0125,51.275444,1022,121.99,13.56,32.12,134.76,23.82,0.47423,0.000183,76.73
175,435.18,112.71,22.900589,51.723684,935,115.53,12.37,29.27,111.47,20.68,0.49437,0.00019,79.99
176,461.85,111.92,22.913027,52.14585,940,116.39,15.82,36.63,115.18,26.81,0.44414,0.000171,71.86
177,499.81,117.49,22.824853,52.746704,1156,146.48,12.12,30.5,128.37,21.28,0.49343,0.00019,79.84
178,528.4,109.12,22.95734,53.199321,990,177.04,15.9,37.07,158.14,29.25,0.43433,0.000167,70.27
179,557.49,112.05,22.910988,53.65995,881,220.78,16.64,43.49,120.85,29.39,0.42257,0.000163,68.37
180,590.21,115.38,22.858286,54.177955,1044,204.48,30.96,80.69,71.38,43.87,0.33345,0.000128,53.95
181,621.59,108.04,22.974459,54.674652,1213,160.75,52.58,202.93,60.74,47.42,0.31618,0.00013,54.69
182,658.65,118.08,22.815517,55.261336,869,389.32,42.2,132.01,78.03,47.26,0.30563,0.000118,49.45
183,683.46,104.69,23.027613,55.654079,734,439.69,38.75,112.9,126.11,49.07,0.30313,0.000117,49.05
184,719.2,114.41,22.873672,56.219983,1202,484.38,31.84,82.76,137.09,48.8,0.30731,0.000118,49.72
185,752.59,116.55,22.839756,56.748525,977,494.17,33.13,82.1,138.14,48.89,0.30672,0.000118,49.63
186,782.14,115.36,22.858633,57.21638,1205,438.58,28.5,72.3,157.33,49.02,0.31159,0.00012,50.41
187,819.07,107.63,22.981011,57.801025,957,431.1,29.56,72.6,196.39,48.98,0.31203,0.00012,50.49
188,851.4,107.1,22.989362,58.312818,926,432.98,20.19,48.09,229.66,38.52,0.35524,0.000137,57.48
189,877.81,117.45,22.825477,58.730883,820,341.99,24.27,62.83,244.06,45.16,0.32672,0.000126,52.86
190,904.6,110.86,22.929851,59.154946,1019,249.16,30.24,72.33,284.91,47.71,0.32493,0.000125,52.57
191,942.54,119.01,22.800911,59.755678,1097,232.88,36.73,122.45,327.42,49.37,0.31221,0.00012,50.51
192,971.85,107.0,22.99091,60.219558,1067,205.23,33.29,127.52,381.74,49.36,0.31275,0.00012,50.6
193,1006.76,117.42,22.825934,60.77222,1264,304.42,53.17,267.09,426.17,54.98,0.26809,0.000103,43.38
194,1039.7,115.22,22.860888,61.293789,687,193.2,22.86,87.26,480.0,42.67,0.33514,0.000129,54.22
195,1068.47,111.72,22.916289,61.749179,888,249.71,25.44,77.46,521.07,46.96,0.32533,0.000125,52.64
196,1102.94,115.74,22.852557,62.294977,946,347.41,46.75,171.74,544.61,51.91,0.29076,0.000112,47.04
197,1131.02,107.39,22.984859,62.739463,956,257.56,56.12,262.89,581.63,54.51,0.27239,0.000105,44.07
198,1169.05,109.65,22.948989,63.341432,985,585.46,67.69,363.35,608.89,60.33,0.22423,8.6e-05,36.28
199,1205.68,113.48,22.88844,63.921445,850,1359.55,72.63,541.34,637.03,71.99,0.13307,5.1e-05,21.53
200,1235.58,117.77,22.820476,64.394804,842,1447.64,76.39,597.74,660.9,74.59,0.11533,4.4e-05,18.66
201,1261.76,113.42,22.88939,64.809255,1030,1509.71,72.82,445.89,647.09,69.65,0.14628,5.6e-05,23.67
202,1297.67,111.39,22.921419,65.377712,1256,1472.67,67.35,353.28,586.6,66.12,0.17049,6.6e-05,27.58
203,1333.9,106.84,22.993477,65.951204,1029,1229.25,67.51,337.31,523.86,63.87,0.18952,7.3e-05,30.66
204,1362.88,104.3,23.033705,66.410053,832,1074.86,64.85,341.37,474.56,62.94,0.19828,7.6e-05,32.08
205,1383.79,117.94,22.817803,66.741008,796,1200.24,68.34,444.23,449.86,67.45,0.16531,6.4e-05,26.75
206,1419.64,108.93,22.960362,67.308556,1111,1086.92,67.05,430.11,386.67,66.17,0.17567,6.8e-05,28.42
207,1454.75,106.2,23.003628,67.864479,1148,1451.74,70.97,450.96,330.59,69.43,0.14854,5.7e-05,24.03
208,1490.55,110.33,22.93822,68.431201,997,1033.11,70.48,455.42,282.85,66.69,0.17286,6.7e-05,27.97
209,1526.42,111.54,22.919075,68.998974,992,993.68,68.65,416.74,238.5,65.05,0.18474,7.1e-05,29.89
210,1553.36,108.37,22.969317,69.4255,756,1110.9,72.46,499.2,204.95,68.77,0.15764,6.1e-05,25.51
211,1578.32,107.7,22.979918,69.820693,944,1165.12,72.47,502.07,183.47,69.25,0.15369,5.9e-05,24.87
212,1613.13,111.91,22.913166,70.371723,1429,1129.38,77.05,655.27,150.89,74.13,0.12104,4.7e-05,19.58
213,1650.21,107.15,22.988544,70.958654,1273,1071.66,77.93,778.53,96.16,75.66,0.10403,4e-05,16.83
214,1682.67,116.33,22.843207,71.472548,851,716.17,76.33,726.71,43.83,69.04,0.19052,9.9e-05,41.39
215,1706.17,116.75,22.836657,71.84463,495,21.74,47.77,249.14,11.37,45.9,0.5036,0.000411,172.6
216,4465.22,128.17,22.65585,115.523166,89,-46.24,49.9,689.35,3.57,60.65,0.43214,0.000411,172.73
217,15.8,147.39,22.35151,45.08442,1018,134.39,48.54,169.97,53.53,45.75,0.34943,0.00016,67.04
218,47.88,144.55,22.39655,45.592269,1108,188.05,37.93,117.3,50.05,44.1,0.37141,0.000178,74.64
219,80.33,145.66,22.37898,46.105966,1043,89.07,41.12,137.71,36.75,43.55,0.4152,0.000233,97.91
220,107.88,148.82,22.328897,46.542183,996,278.41,44.4,138.35,48.02,45.38,0.36521,0.000179,75.34
221,138.75,142.31,22.43193,47.030797,984,362.35,32.95,80.61,92.44,45.9,0.3204,0.000123,51.84
222,168.59,148.86,22.328354,47.503288,1108,343.82,39.65,113.37,111.92,47.79,0.31095,0.00012,50.31
223,210.45,148.75,22.330037,48.166003,1053,295.05,35.04,92.92,129.51,47.51,0.31847,0.000123,51.53
224,238.21,139.94,22.469561,48.605389,968,205.47,34.62,92.92,120.3,46.48,0.32561,0.000125,52.68
225,270.65,136.87,22.518173,49.118891,1091,138.24,42.28,114.59,102.37,45.99,0.32593,0.000126,52.73
226,298.94,148.05,22.341127,49.566876,1148,31.08,19.14,53.46,78.45,30.68,0.40422,0.000156,65.4
227,333.42,146.07,22.372397,50.112697,1061,20.55,12.5,28.61,101.78,19.78,0.50109,0.000193,81.07
228,363.63,142.57,22.427791,50.59085,719,31.25,11.8,27.12,119.88,19.45,0.50875,0.000196,82.31
229,394.38,138.13,22.498217,51.077739,1041,47.96,12.91,30.82,92.54,20.31,0.49347,0.00019,79.84
230,430.56,142.74,22.42516,51.650555,1091,37.84,13.12,30.67,61.62,19.22,0.50539,0.000205,86.25
231,468.18,138.46,22.492861,52.245969,1004,52.07,16.47,39.61,72.61,25.65,0.44333,0.000171,71.73
232,494.15,151.88,22.280423,52.65711,925,51.61,16.33,43.58,72.18,25.54,0.44412,0.000171,71.86
233,525.14,146.13,22.371529,53.147707,1091,98.9,18.56,45.69,108.13,31.23,0.40644,0.000157,65.76
234,561.09,137.72,22.504681,53.716937,931,164.0,14.96,39.06,95.89,24.95,0.45339,0.000175,73.36
235,589.97,147.89,22.343566,54.174053,883,164.93,21.1,61.6,43.33,33.58,0.43678,0.000227,95.47
236,621.71,139.74,22.47265,54.676537,845,42.05,45.23,144.39,15.48,42.51,0.50422,0.000375,157.68
237,648.9,145.31,22.384451,55.106954,1067,180.46,49.42,182.33,35.99,45.73,0.39783,0.000225,94.61
238,685.36,136.86,22.518273,55.68422,1113,372.61,35.63,92.73,89.48,46.27,0.31659,0.000122,51.22
239,715.07,148.56,22.33307,56.154628,1031,420.7,30.54,79.97,77.34,45.61,0.31781,0.000122,51.42
240,746.39,146.63,22.363579,56.650414,969,456.95,32.51,93.02,85.06,46.66,0.31099,0.00012,50.32
241,783.52,148.32,22.336765,57.238222,959,489.59,22.98,55.29,105.34,41.47,0.32727,0.000126,52.95
242,814.91,140.53,22.460117,57.735134,1247,464.22,35.5,102.08,144.74,49.69,0.30274,0.000117,48.98
243,848.23,136.67,22.521291,58.262597,1007,432.53,24.6,61.02,185.59,46.26,0.31975,0.000123,51.73
244,881.83,146.44,22.366568,58.794471,824,269.35,36.44,99.08,213.51,48.8,0.31609,0.000122,51.14
245,910.08,144.4,22.398926,59.241769,1061,183.33,25.29,67.72,255.56,45.92,0.33323,0.000128,53.92
246,943.85,147.59,22.348358,59.776401,826,159.2,2.98,9.11,304.21,6.78,0.62727,0.000242,101.49
247,973.79,142.14,22.434653,60.25036,1000,161.14,6.74,38.71,355.6,14.07,0.56304,0.000217,91.1
248,1012.01,148.04,22.341214,60.855431,1109,177.42,17.39,94.23,412.9,33.76,0.39748,0.000153,64.31
249,1044.85,140.23,22.464884,61.375308,765,205.71,27.76,104.86,460.71,48.56,0.31898,0.000123,51.61
250,1071.15,138.13,22.498215,61.791595,675,229.33,37.14,118.0,483.71,49.19,0.31368,0.000121,50.75
251,1099.74,144.38,22.399234,62.244301,1023,227.87,37.85,113.73,498.45,49.03,0.31496,0.000121,50.96
252,1136.66,140.21,22.465145,62.828721,1103,202.01,47.32,191.89,534.97,51.61,0.29536,0.000114,47.79
253,1164.79,137.72,22.504623,63.273987,997,568.45,65.45,368.78,562.6,60.41,0.22394,8.6e-05,36.23
254,1194.35,143.72,22.409657,63.742043,1139,1147.0,76.06,597.13,582.4,72.49,0.13269,5.1e-05,21.47
255,1227.12,145.13,22.387375,64.260874,997,1324.79,74.16,565.99,615.96,72.62,0.12947,5e-05,20.95
256,1270.41,140.26,22.464423,64.946162,1002,1545.9,71.31,470.35,642.41,70.77,0.13846,5.3e-05,22.4
257,1298.88,148.61,22.332313,65.396818,834,1478.23,70.35,387.58,607.46,67.37,0.16193,6.2e-05,26.2
258,1327.8,136.8,22.519272,65.854617,999,1323.33,69.96,394.42,552.83,66.54,0.16975,6.5e-05,27.46
259,1357.21,145.07,22.388331,66.320273,1104,1161.96,66.71,380.4,512.74,64.93,0.18314,7.1e-05,29.63
260,1389.58,143.41,22.414503,66.832736,928,1081.29,69.92,470.94,461.68,67.57,0.16617,6.4e-05,26.89
261,1421.9,138.67,22.489554,67.344435,1153,1197.81,72.95,508.93,409.29,69.72,0.15012,5.8e-05,24.29
262,1455.71,143.65,22.410784,67.879575,1301,1193.89,73.95,507.82,366.99,69.65,0.15062,5.8e-05,24.37
263,1485.94,142.72,22.425409,68.358168,956,854.19,63.26,292.14,326.77,59.67,0.22494,8.7e-05,36.39
264,1516.1,139.96,22.469186,68.835578,1041,885.24,57.8,236.86,288.22,57.93,0.23716,9.1e-05,38.37
265,1549.6,141.61,22.443026,69.365988,1044,1137.38,67.32,383.31,254.4,64.86,0.18396,7.1e-05,29.76
266,1582.42,139.4,22.478123,69.885546,934,1138.42,75.66,541.42,206.01,70.46,0.14605,5.6e-05,23.63
267,1615.56,145.85,22.3759,70.410138,1110,1234.94,77.77,716.24,149.45,76.95,0.10184,3.9e-05,16.48
268,1649.97,142.62,22.427131,70.95496,1201,1803.44,74.6,816.51,89.61,81.77,0.06406,2.5e-05,10.36
269,1683.61,146.61,22.363877,71.48743,940,1029.27,79.73,1116.86,36.88,74.19,0.17783,0.0001,41.87
270,1707.97,149.29,22.321425,71.873148,416,115.57,65.66,423.52,13.54,52.81,0.42854,0.000334,140.08
271,1724.71,159.65,22.157475,72.138199,234,114.31,67.75,365.71,11.1,50.65,0.46309,0.00038,159.63
272,4456.71,138.9,22.486027,115.388343,48,-69.5,58.68,736.24,2.07,62.13,0.43001,0.00042,176.59
273,14.62,179.01,21.85098,45.065734,998,267.74,37.8,112.7,94.32,46.46,0.31803,0.000123,51.46
274,47.84,172.63,21.951916,45.591623,779,232.35,47.52,154.89,55.01,45.96,0.34206,0.000153,64.3
275,72.98,180.42,21.82867,45.989628,911,3.67,36.48,127.83,15.35,41.66,0.51321,0.000383,160.98
276,114.38,178.94,21.852074,46.64497,762,183.63,55.09,234.7,20.96,46.93,0.43075,0.000284,119.4
277,141.74,175.41,21.907911,47.078162,923,235.52,37.37,108.14,60.54,44.57,0.33788,0.00014,58.62
278,177.07,177.08,21.881595,47.637455,1090,201.96,38.55,101.76,67.38,44.42,0.32811,0.000126,53.09
279,209.16,180.12,21.833439,48.145535,1093,226.1,32.83,89.26,88.76,45.1,0.32796,0.000126,53.06
280,242.2,173.88,21.932159,48.66854,1112,170.65,32.45,93.28,73.09,44.16,0.33218,0.000128,53.75
281,269.41,178.1,21.865397,49.099263,876,48.4,27.09,75.54,35.71,41.02,0.43998,0.00025,104.95
282,300.81,175.72,21.903046,49.596488,1058,-3.2,19.61,48.77,32.6,29.01,0.50981,0.000299,125.76
283,339.32,180.5,21.827378,50.205987,1098,21.33,13.3,31.07,75.35,20.03,0.49166,0.000189,79.55
284,365.11,167.67,22.030489,50.614374,787,10.34,12.62,27.65,95.33,19.59,0.50112,0.000193,81.08
285,396.03,174.55,21.921617,51.103895,1102,-18.95,12.73,27.73,45.98,17.37,0.56976,0.000287,120.58
286,423.78,168.15,22.022887,51.543153,933,-19.32,15.69,36.06,23.89,21.58,0.60112,0.000386,162.01
287,461.9,169.74,21.997777,52.146701,746,-22.98,15.33,38.27,18.66,20.81,0.62983,0.000434,182.33
288,489.43,177.21,21.879545,52.58242,778,-14.6,14.84,37.68,32.36,20.65,0.58301,0.000343,144.19
289,522.97,178.59,21.857632,53.113344,829,14.09,15.13,35.87,57.92,22.39,0.48999,0.00021,88.37
290,552.73,170.27,21.989398,53.58448,1118,74.93,14.69,36.17,90.98,23.56,0.46525,0.000179,75.27
291,583.22,177.77,21.870632,54.067168,1072,85.67,23.01,58.92,56.24,36.65,0.38634,0.00017,71.38
292,612.96,170.78,21.981218,54.538081,812,46.82,43.29,160.56,12.41,42.98,0.52126,0.000416,174.69
293,656.37,177.03,21.882332,55.225235,811,77.69,50.38,184.56,18.08,44.3,0.47051,0.000329,138.2
294,682.79,168.53,22.016898,55.643516,901,265.78,32.63,93.61,42.4,43.46,0.3968,0.000209,87.7
295,715.8,178.74,21.855178,56.166051,972,212.52,52.18,198.43,25.12,46.03,0.42577,0.00027,113.38
296,748.84,179.62,21.841244,56.689099,1072,307.11,43.18,172.06,31.81,46.05,0.40484,0.00024,100.71
297,778.32,172.46,21.954739,57.155882,906,443.24,27.54,71.14,63.48,44.84,0.32439,0.000128,53.78
298,816.27,181.04,21.818851,57.756666,1291,396.44,46.09,153.03,90.81,48.62,0.29827,0.000115,48.26
299,848.25,167.86,22.027515,58.262906,1197,451.55,43.98,139.51,145.15,50.94,0.29339,0.000113,47.47
300,881.53,176.68,21.887923,58.789809,1094,437.02,56.01,214.38,184.11,54.04,0.27313,0.000105,44.19
301,914.58,180.38,21.829222,59.312939,848,302.39,47.4,162.52,234.78,51.27,0.29639,0.000114,47.95
302,938.61,171.4,21.971396,59.69345,924,212.92,34.42,104.2,279.81,48.59,0.31864,0.000123,51.56
303,978.11,172.84,21.948645,60.318718,1275,164.33,8.17,38.71,343.48,16.45,0.54235,0.000209,87.75
304,1013.17,179.8,21.838533,60.873695,1173,275.99,51.83,242.23,377.51,53.91,0.27666,0.000107,44.76
305,1046.96,174.25,21.926384,61.40876,1223,272.65,39.79,124.93,408.65,49.74,0.30873,0.000119,49.95
306,1078.47,168.88,22.011345,61.907539,1035,241.96,35.63,99.2,442.69,48.61,0.31799,0.000122,51.45
307,1105.79,179.5,21.843223,62.339972,926,308.71,40.35,134.04,449.51,50.31,0.30372,0.000117,49.14
308,1131.13,172.12,21.960012,62.741216,896,309.86,61.03,309.26,481.04,56.51,0.25655,9.9e-05,41.51
309,1165.22,172.54,21.953464,63.280934,1182,378.65,58.88,371.51,511.9,59.19,0.23569,9.1e-05,38.13
310,1204.42,176.65,21.888293,63.901455,1055,1347.74,71.28,470.18,548.29,69.39,0.15025,5.8e-05,24.31
311,1235.08,174.92,21.915762,64.38677,950,1369.93,74.83,566.52,586.95,72.95,0.12675,4.9e-05,20.51
312,1261.96,168.19,22.022262,64.812354,897,1483.11,75.23,529.19,628.76,72.41,0.12868,5e-05,20.82
313,1289.34,176.68,21.887932,65.245739,870,1535.53,60.23,279.67,635.57,63.95,0.18451,7.1e-05,29.85
314,1324.08,168.98,22.009795,65.7957,1051,1377.2,71.19,421.97,583.44,67.89,0.15986,6.2e-05,25.86
315,1354.96,181.71,21.80824,66.284623,1051,1071.63,67.87,416.1,548.5,65.56,0.18005,6.9e-05,29.13
316,1387.33,172.3,21.957203,66.797043,1106,1054.67,71.48,484.15,492.43,67.85,0.16464,6.3e-05,26.64
317,1426.32,172.47,21.954441,67.414307,1125,920.09,72.01,429.8,438.77,65.0,0.18614,7.2e-05,30.12
318,1456.71,182.24,21.799772,67.895371,948,845.44,63.95,434.75,411.97,64.66,0.1896,7.3e-05,30.68
319,1482.02,177.66,21.872321,68.296061,926,918.05,63.87,303.27,375.99,60.51,0.21794,8.4e-05,35.26
320,1514.04,170.77,21.9815,68.8031,1168,895.51,65.71,333.11,326.84,61.41,0.21182,8.2e-05,34.27
321,1552.27,175.81,21.901561,69.408219,1178,1147.69,62.47,288.59,267.95,61.58,0.20685,8e-05,33.47
322,1578.53,168.78,22.012908,69.824043,778,1394.45,68.87,414.39,220.3,67.74,0.16062,6.2e-05,25.99
323,1610.68,175.55,21.905684,70.332891,1165,1499.74,74.99,710.05,171.03,78.92,0.0883,3.4e-05,14.29
324,1650.69,171.66,21.967414,70.966393,931,2144.45,75.35,654.48,106.33,79.15,0.0695,2.7e-05,11.24
325,1680.99,179.45,21.844,71.445966,938,2177.55,80.06,1128.24,80.42,84.08,0.0465,1.8e-05,7.52
326,1710.24,175.28,21.910053,71.909121,797,792.99,74.46,939.83,46.82,73.0,0.16591,8.3e-05,34.75
327,1736.0,176.9,21.884442,72.316951,405,3.01,41.22,207.94,15.74,44.5,0.48601,0.00036,151.06
328,14.75,211.45,21.337381,45.067857,888,354.11,34.95,93.02,85.79,45.98,0.31815,0.000123,51.48
329,44.32,206.24,21.419851,45.53599,1262,298.83,37.85,143.29,38.19,45.26,0.3934,0.000217,91.28
330,79.61,208.46,21.384802,46.094543,818,-10.32,32.2,90.72,10.92,40.05,0.55843,0.00046,193.23
331,113.44,209.84,21.362978,46.630091,682,0.82,31.89,83.21,15.6,40.07,0.52535,0.00039,163.83
332,141.32,205.89,21.425436,47.071567,968,102.65,26.33,73.86,38.91,41.48,0.42596,0.000233,98.04
333,173.03,206.86,21.410085,47.573539,951,80.98,41.11,133.92,21.81,42.7,0.46577,0.000305,128.07
334,209.45,210.1,21.358799,48.150038,952,178.19,36.54,101.35,63.16,44.05,0.33579,0.000133,55.95
335,242.3,213.93,21.29816,48.670125,1017,38.62,22.99,64.73,49.03,36.19,0.41124,0.000199,83.74
336,263.36,206.31,21.418788,49.003492,625,-5.35,24.47,64.52,16.2,36.86,0.53285,0.00039,163.83
337,309.68,205.16,21.436948,49.736847,943,-14.92,21.68,50.74,25.67,32.11,0.50443,0.000318,133.6
338,338.26,210.39,21.354205,50.189314,859,27.32,20.64,49.02,74.62,32.8,0.38621,0.000149,62.49
339,371.22,201.54,21.494295,50.711076,1126,-7.43,15.67,37.53,86.94,24.48,0.45804,0.000176,74.11
340,399.99,211.67,21.333903,51.166473,1105,-22.93,13.67,30.36,56.17,19.46,0.52091,0.000229,96.33
341,428.49,204.35,21.449807,51.617777,678,-22.01,17.87,43.33,17.68,25.14,0.59841,0.000423,177.52
342,456.18,219.96,21.202651,52.056135,761,-26.24,25.69,64.72,14.79,38.69,0.54028,0.000409,171.68
343,500.47,196.94,21.567153,52.757197,440,-43.74,14.03,36.2,11.81,18.14,0.70448,0.000569,239.19
344,532.6,203.62,21.461403,53.265916,1004,3.2,25.04,66.16,30.82,38.57,0.46572,0.000279,117.06
345,563.59,208.7,21.380967,53.756504,965,49.24,30.24,77.49,51.85,41.82,0.38729,0.000181,76.01
346,592.66,211.29,21.339894,54.2167,888,27.12,24.77,65.42,37.91,38.57,0.44177,0.000245,102.83
347,618.13,205.03,21.439016,54.619944,888,2.93,33.13,94.56,14.15,40.42,0.53232,0.000409,171.64
348,645.77,198.3,21.545522,55.057403,423,-16.66,34.28,113.93,7.12,40.66,0.57999,0.000516,216.79
349,682.36,190.57,21.667939,55.63674,360,61.85,56.59,249.56,8.8,46.07,0.51908,0.000447,187.65
350,708.88,221.03,21.185753,56.056521,98,-47.89,38.98,129.26,2.99,40.8,0.60875,0.000585,245.9
351,756.78,211.03,21.344109,56.814842,506,-26.46,40.69,147.53,5.5,41.71,0.58231,0.000535,224.54
352,785.89,200.9,21.504496,57.275638,1043,195.45,49.9,183.0,32.72,45.71,0.40701,0.000239,100.28
353,815.31,213.65,21.302645,57.741408,807,122.57,46.27,171.65,52.5,45.68,0.35302,0.000164,68.68
354,850.64,205.32,21.434425,58.300794,1283,383.9,52.99,189.58,115.91,50.94,0.28703,0.000111,46.44
355,884.51,208.37,21.386149,58.836913,1013,338.85,37.04,121.48,171.78,50.07,0.30506,0.000118,49.36
356,914.64,206.45,21.416596,59.313974,704,259.41,35.23,102.97,222.89,48.87,0.31571,0.000122,51.08
357,941.29,206.54,21.415103,59.735842,937,196.14,19.76,57.86,261.92,36.51,0.37527,0.000145,60.72
358,974.02,208.62,21.382297,60.25395,1516,225.52,25.23,97.19,300.34,47.15,0.32225,0.000124,52.14
359,1009.3,212.07,21.327609,60.812431,829,308.39,41.85,178.91,322.54,51.89,0.29152,0.000112,47.17
360,1035.85,207.85,21.394477,61.232865,838,215.45,31.53,104.34,347.17,48.61,0.31843,0.000123,51.52
361,1072.36,204.47,21.447973,61.810836,1298,205.52,35.42,104.33,383.6,48.54,0.31914,0.000123,51.63
362,1105.82,213.3,21.308148,62.340452,959,345.52,36.93,109.69,396.68,49.7,0.30783,0.000119,49.81
363,1132.59,204.39,21.449163,62.764303,822,352.14,53.58,204.99,433.78,53.12,0.28145,0.000108,45.54
364,1161.26,202.57,21.478019,63.218155,986,237.24,54.87,232.3,465.31,53.29,0.28198,0.000109,45.62
365,1192.61,208.01,21.391804,63.714412,1271,593.03,65.47,518.51,493.74,65.87,0.18482,7.1e-05,29.9
366,1227.33,210.82,21.347428,64.26415,1132,1183.78,74.58,556.6,533.99,71.31,0.13985,5.4e-05,22.63
367,1260.49,202.44,21.480112,64.789106,1154,1593.45,65.59,391.0,587.77,68.29,0.15415,5.9e-05,24.94
368,1298.11,204.75,21.443438,65.384637,1042,1554.56,70.67,432.85,624.56,69.5,0.14666,5.6e-05,23.73
369,1328.61,204.48,21.4478,65.867507,1126,1294.84,70.65,439.7,607.2,67.94,0.16065,6.2e-05,25.99
370,1360.5,212.68,21.318021,66.372367,897,933.22,70.39,488.65,572.27,67.17,0.17099,6.6e-05,27.67
371,1388.37,205.02,21.439256,66.813488,855,939.66,72.22,569.67,526.13,70.08,0.1513,5.8e-05,24.48
372,1416.13,198.56,21.541555,67.253012,918,940.17,70.07,421.6,482.43,64.85,0.1869,7.2e-05,30.24
373,1448.62,213.32,21.307886,67.76739,1181,999.58,74.26,525.26,457.0,68.93,0.15817,6.1e-05,25.59
374,1490.32,209.79,21.363667,68.427517,1266,717.77,67.22,342.49,388.81,60.51,0.22095,8.5e-05,35.75
375,1521.77,204.36,21.449621,68.925364,1097,1039.17,66.97,353.53,333.92,63.13,0.1975,7.6e-05,31.96
376,1549.63,211.39,21.338305,69.36642,1126,1134.06,61.59,288.4,294.04,61.48,0.20777,8e-05,33.62
377,1585.1,204.72,21.443917,69.927959,1235,1283.09,67.98,388.91,234.12,66.07,0.17355,6.7e-05,28.08
378,1616.43,206.34,21.418293,70.424017,916,1305.51,78.33,776.4,190.54,79.93,0.08731,3.4e-05,14.13
379,1649.6,200.77,21.506563,70.949087,1132,2649.5,80.56,1051.93,143.02,89.36,0.0389,1.5e-05,6.29
380,1682.21,212.95,21.313671,71.465331,1169,2200.99,79.88,1036.39,121.35,86.06,0.0431,1.7e-05,6.97
381,1716.89,204.09,21.453984,72.014287,1101,1488.35,76.06,778.17,61.71,77.0,0.09126,3.7e-05,15.55
382,1742.37,201.49,21.495071,72.41767,553,422.0,66.96,831.11,17.95,69.15,0.27764,0.000195,81.81
383,1749.96,221.8,21.173624,72.53782,369,291.53,70.17,577.9,17.24,59.65,0.34573,0.000247,103.67
384,15.81,237.64,20.922878,45.084593,818,327.95,33.11,89.59,81.16,45.48,0.32134,0.000124,51.99
385,46.91,244.25,20.818103,45.576931,1047,253.35,51.19,224.44,26.99,47.32,0.40903,0.000255,106.92
386,84.81,229.44,21.052632,46.17693,248,-36.71,24.37,86.67,9.34,36.95,0.57972,0.000494,207.28
387,108.54,234.67,20.969839,46.552646,874,-11.8,26.71,71.69,22.49,39.88,0.48947,0.000318,133.71
388,142.62,241.23,20.865949,47.092126,1277,88.79,29.45,83.27,29.99,41.32,0.45337,0.000274,114.94
389,182.52,234.16,20.977904,47.723791,813,70.22,47.09,149.94,15.75,42.92,0.49836,0.000369,154.86
390,210.92,238.61,20.907429,48.173366,775,194.69,33.28,88.47,55.42,43.37,0.36227,0.000161,67.71
391,235.32,244.67,20.811465,48.559646,940,92.32,29.96,79.94,68.13,42.92,0.34196,0.000132,55.33
392,272.15,242.08,20.852559,49.14264,1018,-3.89,16.91,40.15,25.99,23.95,0.57357,0.000361,151.43
393,299.1,235.75,20.952782,49.569328,928,-27.57,24.26,56.78,14.53,36.02,0.55009,0.000419,175.84
394,330.86,237.99,20.917344,50.072062,1086,45.04,12.36,30.09,60.07,17.92,0.52095,0.000217,91.02
395,364.73,240.07,20.884296,50.60837,1249,35.22,13.53,32.94,69.39,20.3,0.48741,0.000188,78.86
396,400.44,241.54,20.861054,51.173639,854,-8.18,11.52,27.36,48.1,15.53,0.57911,0.000284,119.34
397,426.43,236.71,20.937526,51.585159,860,-21.14,15.54,35.89,47.88,22.38,0.5208,0.000256,107.63
398,462.52,242.94,20.838909,52.156366,947,8.66,20.64,48.94,46.05,31.41,0.44974,0.000226,95.1
399,497.14,237.01,20.932746,52.704486,967,27.01,27.75,72.32,22.37,40.17,0.48667,0.000317,133.1
400,529.94,239.8,20.888686,53.223798,846,1.08,27.83,70.58,16.08,39.65,0.5257,0.000386,162.09
401,555.73,240.82,20.872406,53.631992,812,22.04,41.75,128.74,12.42,41.69,0.53294,0.000425,178.57
402,586.3,237.25,20.929045,54.115999,650,5.45,41.83,134.76,10.93,41.72,0.54337,0.000448,187.98
403,621.15,243.46,20.830691,54.667695,791,49.91,49.91,161.95,13.08,43.08,0.51569,0.000405,170.3
404,657.17,243.78,20.82565,55.23793,732,77.86,38.56,113.93,20.68,41.92,0.47578,0.000315,132.23
405,685.66,240.36,20.879807,55.689033,578,65.63,44.59,148.97,14.67,42.8,0.50686,0.000385,161.5
406,718.45,246.18,20.787632,56.208029,576,46.05,41.82,136.52,13.67,42.18,0.5195,0.000403,169.33
407,765.07,244.13,20.820136,56.946148,549,13.3,30.15,84.27,16.11,40.22,0.5203,0.000382,160.31
408,789.97,237.46,20.925666,57.340356,805,64.83,41.34,129.97,19.61,42.35,0.477,0.000321,134.78
409,818.65,237.24,20.929159,57.794396,816,187.89,35.37,115.22,58.52,44.41,0.34553,0.000147,61.77
410,845.57,240.86,20.871846,58.220475,874,179.39,43.89,163.47,101.43,47.96,0.30961,0.000119,50.09
411,876.71,242.45,20.846602,58.713409,1170,324.95,38.5,133.36,140.29,49.63,0.30429,0.000117,49.23
412,905.64,236.07,20.94772,59.171465,917,412.74,27.17,80.27,183.58,49.13,0.3112,0.00012,50.35
413,935.63,239.42,20.894637,59.646239,1101,399.86,32.45,88.62,215.97,49.33,0.30982,0.000119,50.13
414,970.8,245.03,20.805857,60.203012,1266,407.32,41.76,139.3,245.64,51.18,0.29542,0.000114,47.8
415,1007.69,240.84,20.872137,60.786987,1062,373.92,32.5,90.52,274.58,49.22,0.31111,0.00012,50.34
416,1038.3,237.01,20.932853,61.271658,708,329.05,27.81,72.91,304.24,48.29,0.31911,0.000123,51.63
417,1066.45,235.81,20.951754,61.717255,1078,301.4,24.3,65.12,330.89,45.01,0.32886,0.000127,53.21
418,1104.1,242.33,20.848588,62.313321,1081,254.4,30.87,87.27,351.19,48.28,0.3204,0.000123,51.84
419,1136.63,235.08,20.9633,62.828238,789,277.46,58.12,224.1,393.87,53.28,0.28143,0.000108,45.53
420,1164.41,239.0,20.901346,63.267996,1209,163.31,42.43,132.26,420.47,49.24,0.31438,0.000121,50.87
421,1200.02,241.84,20.856243,63.831786,999,162.92,39.5,163.65,462.31,50.34,0.30579,0.000118,49.48
422,1227.37,243.84,20.824643,64.264703,811,628.7,65.04,383.7,497.53,61.35,0.21623,8.3e-05,34.99
423,1258.58,234.16,20.977823,64.7588,1000,1218.6,74.27,577.57,551.5,72.29,0.133,5.1e-05,21.52
424,1289.91,235.27,20.960277,65.254903,1017,1512.31,71.54,481.53,575.98,70.93,0.13786,5.3e-05,22.31
425,1324.7,239.85,20.887774,65.805522,1314,1453.24,72.34,455.08,582.86,69.58,0.1475,5.7e-05,23.86
426,1360.83,241.82,20.856651,66.377607,962,1268.96,70.54,407.85,590.93,66.64,0.16984,6.5e-05,27.48
427,1389.47,237.92,20.918371,66.830919,867,1098.08,72.23,472.96,563.14,67.76,0.16466,6.3e-05,26.64
428,1417.23,231.76,21.015854,67.270429,1066,876.15,69.18,405.97,518.72,63.85,0.1948,7.5e-05,31.52
429,1459.61,243.06,20.837008,67.941319,1286,760.61,68.57,411.58,460.12,63.25,0.20073,7.7e-05,32.48
430,1494.67,244.16,20.819537,68.49637,1052,838.01,61.68,289.63,405.68,59.47,0.22664,8.7e-05,36.67
431,1523.87,242.66,20.843341,68.958641,882,900.96,68.74,451.27,359.82,65.63,0.18206,7e-05,29.46
432,1551.53,238.7,20.906045,69.396573,691,1018.51,71.18,446.63,315.16,66.28,0.17589,6.8e-05,28.46
433,1579.32,239.89,20.887146,69.836419,989,833.18,65.31,379.5,277.98,62.62,0.20413,7.9e-05,33.03
434,1613.5,234.64,20.970225,70.37762,935,1126.02,72.0,494.59,228.6,68.72,0.15781,6.1e-05,25.53
435,1643.62,237.53,20.924586,70.854395,1258,1915.1,79.45,962.87,195.48,85.69,0.05428,2.1e-05,8.78
436,1676.61,246.65,20.78011,71.376655,1133,1975.85,83.53,1467.12,151.43,85.84,0.05175,2e-05,8.37
437,1711.32,237.57,20.923954,71.926138,1203,1472.93,75.27,638.96,90.03,73.23,0.10959,4.2e-05,17.73
438,1744.3,245.43,20.799475,72.44831,1061,1050.14,77.67,786.81,51.54,73.82,0.14023,6.6e-05,27.63
439,1769.45,241.81,20.856808,72.846343,566,130.62,63.11,333.48,17.46,49.9,0.42651,0.000303,127.21
440,1794.98,251.7,20.700279,73.250638,422,-21.03,29.33,104.11,9.13,40.37,0.56841,0.000486,204.11
441,4458.14,233.86,20.982651,115.411008,100,-37.05,50.69,602.07,3.54,57.62,0.45764,0.000436,183.02
442,16.22,269.38,20.420295,45.091065,1281,253.42,37.21,104.81,77.34,45.33,0.32273,0.000124,52.22
443,47.23,274.34,20.341837,45.582047,647,89.37,51.34,185.84,24.51,44.71,0.44075,0.000281,118.07
444,59.54,287.69,20.130484,45.776937,193,74.61,63.45,311.89,10.68,48.45,0.48539,0.000402,168.81
445,125.73,267.73,20.446509,46.824743,450,-40.29,23.1,63.65,8.56,33.99,0.59791,0.000517,217.19
446,145.96,270.03,20.410061,47.144989,552,-8.77,33.65,92.83,12.2,40.19,0.54817,0.000439,184.55
447,179.85,267.23,20.454367,47.681521,1003,7.35,39.51,128.22,11.98,41.55,0.5375,0.000433,181.83
448,211.54,273.17,20.3603,48.18317,981,89.95,35.07,102.88,31.3,42.08,0.44314,0.000264,110.83
449,244.42,273.66,20.352505,48.703648,814,63.56,28.82,73.36,45.0,41.46,0.40936,0.000209,87.68
450,268.99,271.55,20.38601,49.092701,985,33.56,28.66,88.09,36.93,41.42,0.43339,0.000243,102.0
451,304.93,272.43,20.372078,49.661665,850,-5.99,21.61,58.84,32.71,32.66,0.47867,0.000281,117.95
452,330.82,274.7,20.336154,50.071424,1028,-4.9,18.0,43.96,46.4,26.78,0.48756,0.000244,102.65
453,361.53,271.03,20.394146,50.557621,1021,21.21,24.32,62.52,30.69,37.37,0.46845,0.000281,117.91
454,396.58,264.9,20.491293,51.112524,636,-40.17,14.98,36.23,13.13,19.78,0.67966,0.000534,224.21
455,431.51,267.14,20.455749,51.665568,930,-22.49,13.54,31.3,38.71,18.49,0.58243,0.00032,134.35
456,457.2,269.4,20.420065,52.072164,743,-7.41,9.77,24.99,73.33,13.67,0.54582,0.00021,88.31
457,488.47,266.28,20.469358,52.567183,1087,25.08,16.05,34.86,73.96,24.67,0.45238,0.000174,73.19
458,525.07,269.78,20.413974,53.146706,1022,59.22,25.28,57.97,54.25,40.11,0.38705,0.000175,73.53
459,553.13,277.76,20.287703,53.590948,1000,65.3,24.06,62.29,47.98,38.01,0.40962,0.000201,84.54
460,586.33,268.29,20.43754,54.116512,1122,81.86,32.68,92.44,32.13,41.69,0.44414,0.000262,110.11
461,619.56,272.68,20.368019,54.642582,1018,136.36,20.09,50.69,53.27,31.76,0.42351,0.000194,81.54
462,652.98,269.48,20.418786,55.171639,1107,124.74,20.34,45.49,63.62,32.36,0.38933,0.000153,64.4
463,686.08,272.67,20.368211,55.695627,1249,131.87,19.38,46.3,65.93,30.97,0.39679,0.000153,64.2
464,719.24,271.04,20.394091,56.220522,1139,89.99,25.57,68.43,42.1,40.63,0.41969,0.000222,93.09
465,749.36,262.12,20.535262,56.697377,789,-17.72,26.93,73.25,13.49,39.5,0.54542,0.000425,178.49
466,783.83,269.24,20.422605,57.243013,989,64.69,27.22,81.04,28.15,40.99,0.46195,0.000284,119.34
467,810.09,275.16,20.32891,57.658788,961,112.15,35.13,103.22,34.05,42.37,0.43238,0.00025,105.02
468,840.94,266.09,20.472458,58.147163,1028,239.66,20.89,61.48,72.67,35.05,0.36401,0.00014,58.89
469,881.74,273.96,20.347848,58.793146,898,470.74,45.39,171.43,107.04,50.51,0.28672,0.00011,46.39
470,909.43,271.79,20.382114,59.231399,885,622.04,42.35,132.22,143.87,51.81,0.28371,0.000109,45.9
471,939.38,274.11,20.345475,59.705535,1205,493.5,34.16,93.15,175.4,50.14,0.30203,0.000116,48.87
472,974.17,274.81,20.334401,60.256295,928,392.37,28.1,69.71,200.07,48.61,0.31555,0.000122,51.05
473,1003.75,275.75,20.31947,60.724603,1078,337.68,24.97,63.11,216.0,46.3,0.32462,0.000125,52.52
474,1037.81,268.79,20.429658,61.26389,1278,313.08,32.59,108.9,256.74,49.45,0.31031,0.00012,50.21
475,1071.08,267.85,20.444523,61.790536,1028,305.79,30.9,94.54,283.92,48.89,0.31478,0.000121,50.93
476,1097.54,276.06,20.314625,62.209405,958,283.08,24.24,60.04,295.61,44.61,0.33176,0.000128,53.68
477,1128.64,267.41,20.451519,62.701812,1041,184.51,35.48,96.91,341.53,48.13,0.32268,0.000124,52.21
478,1159.38,273.81,20.350235,63.188434,1120,113.1,35.03,97.28,371.91,47.65,0.32763,0.000126,53.01
479,1194.71,269.95,20.411374,63.747768,982,90.19,17.27,46.32,424.58,31.26,0.41957,0.000162,67.88
480,1233.57,272.51,20.370786,64.362871,1116,388.75,47.54,230.12,478.46,54.26,0.27222,0.000105,44.04
481,1266.99,263.1,20.51973,64.891913,1025,1084.88,67.91,503.49,520.95,68.75,0.15818,6.1e-05,25.59
482,1296.58,271.51,20.386575,65.360473,837,1283.73,74.78,564.31,516.6,72.27,0.13224,5.1e-05,21.4
483,1324.52,270.08,20.409271,65.802742,875,1301.75,76.18,675.5,532.23,76.33,0.10642,4.1e-05,17.22
484,1361.71,271.94,20.379866,66.391564,1288,1387.24,72.2,469.14,553.02,69.62,0.14814,5.7e-05,23.97
485,1394.92,274.03,20.346769,66.917213,1001,1275.96,72.17,448.5,567.47,68.12,0.1597,6.2e-05,25.84
486,1425.21,263.73,20.509836,67.396788,1210,1020.48,71.02,431.73,529.85,65.76,0.17941,6.9e-05,29.03
487,1452.87,279.96,20.252836,67.83466,1037,1014.45,68.35,407.12,499.89,64.85,0.18581,7.2e-05,30.06
488,1483.61,274.15,20.344839,68.321239,994,672.01,68.78,352.32,448.66,60.54,0.22141,8.5e-05,35.82
489,1517.23,276.65,20.305206,68.853458,1122,709.97,64.55,305.1,402.92,59.13,0.23105,8.9e-05,37.38
490,1549.05,268.37,20.436298,69.357276,974,866.08,68.93,375.86,350.52,62.72,0.20294,7.8e-05,32.84
491,1581.97,267.69,20.447063,69.878416,879,722.11,62.83,306.76,308.23,59.28,0.22982,8.9e-05,37.18
492,1614.45,267.06,20.457042,70.392643,1158,1049.57,67.56,450.25,263.82,66.62,0.1731,6.7e-05,28.01
493,1650.38,272.71,20.36754,70.961493,947,1719.59,76.0,803.47,212.55,83.75,0.06463,2.5e-05,10.46
494,1679.74,278.75,20.271937,71.426152,764,1482.37,82.25,1149.48,174.39,82.69,0.0758,2.9e-05,12.26
495,1709.78,268.92,20.427612,71.901852,992,1022.28,75.42,678.0,122.63,72.94,0.12409,4.8e-05,20.08
496,1745.85,274.18,20.344402,72.472783,1003,1224.72,79.69,951.27,84.18,77.65,0.09424,3.6e-05,15.25
497,1778.85,274.12,20.345354,72.995287,765,202.69,63.3,451.07,36.34,55.4,0.31892,0.00018,75.55
498,1796.73,279.03,20.267599,73.278303,394,-6.8,39.84,171.52,13.8,43.06,0.51193,0.000396,166.37
499,1868.9,282.48,20.212941,74.420748,77,-45.05,42.41,189.64,3.4,42.98,0.58626,0.00056,235.06
500,4440.0,277.0,20.299703,115.123834,2,-141.67,77.74,1272.12,1.75,65.08,0.42074,0.000414,173.76
501,18.26,305.59,19.847079,45.12338,1274,153.78,37.29,113.6,52.56,43.85,0.36705,0.00017,71.35
502,48.28,303.52,19.879916,45.59869,685,284.48,37.04,119.12,36.1,44.22,0.40817,0.000231,96.95
503,68.79,310.48,19.769671,45.923299,337,127.34,67.16,385.41,9.39,51.36,0.46838,0.000398,167.3
504,136.77,292.67,20.051557,46.999517,166,-51.48,16.18,45.83,5.41,21.69,0.7196,0.000662,277.96
505,171.48,297.32,19.978026,47.548943,432,-45.72,23.9,64.45,5.34,35.16,0.61943,0.00057,239.58
506,208.06,293.32,20.041299,48.128086,251,-16.92,42.48,131.41,6.55,41.25,0.57877,0.000521,218.74
507,237.3,298.05,19.966495,48.591056,690,50.7,43.47,133.07,16.87,42.24,0.4969,0.000358,150.34
508,272.21,303.22,19.884626,49.143715,994,162.71,40.73,127.15,63.55,44.88,0.32847,0.00013,54.39
509,301.0,297.45,19.975886,49.59938,783,123.65,34.65,104.16,52.25,43.29,0.37293,0.000173,72.8
510,330.76,305.25,19.852516,50.070532,626,14.27,33.79,98.34,15.67,40.7,0.51912,0.000385,161.62
511,356.09,295.57,20.005684,50.47151,297,-32.35,26.74,71.66,10.44,39.2,0.56974,0.000474,199.14
512,420.03,318.68,19.639824,51.483818,186,-24.88,19.89,66.03,11.61,29.01,0.60779,0.000493,207.25
513,428.01,297.63,19.973098,51.610077,650,-16.71,17.49,40.64,17.47,24.45,0.60595,0.00043,180.68
514,459.19,302.0,19.903856,52.103768,1317,19.35,11.34,26.31,66.5,16.2,0.52168,0.000201,84.41
515,495.3,295.46,20.007503,52.675358,1152,45.79,13.75,31.89,100.77,22.09,0.48082,0.000185,77.79
516,523.01,309.17,19.79046,53.114102,1009,113.53,21.23,52.11,103.01,35.75,0.36864,0.000142,59.64
517,551.35,307.74,19.81305,53.562686,952,136.48,18.67,43.94,96.97,31.11,0.40374,0.000156,65.32
518,584.48,302.7,19.892827,54.08713,1041,90.41,20.03,48.44,85.45,32.69,0.38881,0.00015,62.91
519,618.63,299.3,19.946711,54.627794,1072,87.39,18.14,41.46,97.36,29.83,0.41516,0.00016,67.17
520,659.27,305.04,19.855862,55.271252,1298,151.76,19.34,47.88,116.7,33.35,0.39069,0.000151,63.21
521,692.29,310.64,19.76712,55.793992,1033,225.53,26.86,72.22,93.52,44.7,0.33234,0.000128,53.77
522,719.43,305.74,19.844773,56.223611,995,205.36,39.34,121.62,60.24,44.83,0.33717,0.00014,58.76
523,746.2,298.44,19.96029,56.647312,739,29.29,41.96,139.54,17.57,42.35,0.49153,0.000348,146.21
524,778.49,308.43,19.802153,57.158587,443,29.75,51.62,195.32,10.09,43.99,0.52887,0.000443,186.21
525,819.16,295.57,20.005762,57.802441,289,10.56,49.01,169.84,10.16,42.96,0.53776,0.00045,189.06
526,842.87,296.82,19.98596,58.177788,908,160.95,40.31,142.43,31.65,43.99,0.42493,0.000252,105.88
527,872.74,296.98,19.983376,58.650644,974,503.5,42.41,143.74,68.15,48.03,0.29534,0.000114,47.79
528,910.0,304.94,19.857393,59.240459,1191,627.14,40.37,111.28,101.24,49.21,0.29272,0.000113,47.36
529,947.21,308.68,19.798216,59.829528,1191,515.89,44.54,138.7,133.62,50.84,0.29017,0.000112,46.95
530,980.29,304.66,19.861859,60.353265,975,434.92,34.26,105.17,153.4,49.98,0.30318,0.000117,49.05
531,1015.31,306.2,19.837438,60.907573,1015,294.37,31.35,88.9,181.4,48.61,0.31714,0.000122,51.31
532,1045.49,304.86,19.858578,61.385432,946,254.27,23.26,66.61,206.62,43.01,0.33526,0.000129,54.24
533,1074.43,302.28,19.899489,61.843533,1034,284.87,23.5,50.69,235.09,43.05,0.33675,0.00013,54.48
534,1112.38,302.35,19.898366,62.444291,1070,255.99,32.21,81.66,277.63,48.09,0.32185,0.000124,52.07
535,1143.28,308.18,19.806115,62.933491,1086,254.75,38.15,103.05,312.55,48.84,0.31601,0.000122,51.13
536,1175.3,302.12,19.902026,63.440508,990,137.23,43.03,131.79,364.9,49.04,0.31635,0.000122,51.18
537,1201.97,297.86,19.969476,63.862618,833,101.86,16.65,46.67,408.61,30.32,0.42697,0.000164,69.08
538,1226.99,308.13,19.806823,64.258818,1083,153.38,22.85,62.99,432.03,41.51,0.34485,0.000133,55.8
539,1260.7,296.49,19.991185,64.792427,1151,444.26,55.3,254.26,462.82,55.5,0.26203,0.000101,42.39
540,1292.08,302.19,19.900943,65.289215,965,573.57,61.5,330.1,462.64,59.07,0.23357,9e-05,37.79
541,1327.25,298.42,19.960645,65.845993,1222,893.49,72.68,525.03,487.08,68.18,0.16468,6.3e-05,26.64
542,1363.92,307.57,19.815795,66.426476,1169,1067.49,73.51,541.29,498.85,69.96,0.15032,5.8e-05,24.32
543,1399.89,301.53,19.911346,66.995965,969,1275.23,71.6,460.41,539.64,68.54,0.15691,6e-05,25.39
544,1427.07,307.56,19.815835,67.42621,1013,1283.24,69.76,423.64,546.84,67.3,0.16517,6.4e-05,26.72
545,1454.18,310.47,19.769787,67.855316,769,1176.22,72.29,491.25,526.66,68.95,0.15557,6e-05,25.17
546,1484.66,303.4,19.881762,68.337911,867,692.59,59.75,274.53,476.46,57.93,0.24011,9.2e-05,38.85
547,1519.74,308.43,19.802103,68.893201,1155,722.98,67.52,345.87,435.62,60.67,0.21974,8.5e-05,35.55
548,1557.82,301.25,19.915813,69.496135,1396,745.11,68.18,410.11,376.83,63.09,0.20209,7.8e-05,32.7
549,1590.04,299.83,19.938313,70.006137,971,676.67,52.64,219.49,328.04,55.88,0.25557,9.8e-05,41.35
550,1620.96,299.45,19.94424,70.495679,1078,1030.34,67.71,525.35,280.53,69.14,0.1563,6e-05,25.29
551,1653.82,302.71,19.892634,71.015867,1033,1811.08,80.4,914.99,235.68,84.97,0.05931,2.3e-05,9.6
552,1685.75,307.64,19.814625,71.521399,847,2064.32,80.28,1014.56,195.01,86.72,0.04725,1.8e-05,7.65
553,1712.05,298.42,19.960626,71.937683,903,941.82,78.41,880.87,150.35,78.63,0.10516,4.1e-05,17.01
554,1739.99,307.58,19.815574,72.379979,1091,994.23,80.73,936.37,106.54,77.05,0.1053,4.1e-05,17.04
555,1768.05,300.1,19.933929,72.824233,905,682.77,78.97,827.49,60.63,72.85,0.13678,5.6e-05,23.7
556,1800.48,302.55,19.895269,73.337684,691,65.62,43.4,250.16,17.52,46.51,0.45574,0.000323,135.73
557,1819.56,318.08,19.649408,73.639634,362,44.36,61.35,259.7,7.95,46.27,0.52355,0.000458,192.52
558,4427.73,292.53,20.053795,114.92964,15,-68.22,54.55,524.49,1.75,54.63,0.49582,0.000488,204.77
559,16.72,338.35,19.328551,45.098932,994,27.15,46.76,166.95,12.82,43.09,0.51783,0.00041,171.99
560,49.72,330.27,19.456357,45.621412,732,128.19,64.79,283.55,12.83,47.92,0.47438,0.000375,157.53
561,80.09,344.91,19.224593,46.102171,601,187.45,65.12,329.94,16.85,50.14,0.42756,0.000308,129.43
562,108.84,340.51,19.294353,46.557325,764,57.54,51.2,212.74,14.63,45.0,0.48833,0.000371,155.74
563,137.65,345.88,19.209204,47.013398,534,6.14,39.2,122.97,13.54,41.42,0.52777,0.000411,172.52
564,168.63,315.47,19.690716,47.503837,94,-51.6,21.73,53.31,4.17,31.08,0.64367,0.000606,254.46
565,215.65,322.55,19.578586,48.248295,49,-34.11,56.78,201.8,2.73,43.45,0.58658,0.000567,238.06
566,239.14,328.43,19.485491,48.62013,1008,115.7,55.68,226.24,20.48,46.14,0.43994,0.000292,122.5
567,272.48,332.24,19.425164,49.147884,1164,383.48,43.63,142.28,62.41,46.89,0.3122,0.000125,52.63
568,305.28,330.3,19.455862,49.667205,1072,248.11,42.85,150.5,55.91,45.95,0.3394,0.00015,63.0
569,333.82,335.52,19.373238,50.118933,718,-12.5,34.47,112.02,14.71,40.96,0.52402,0.000397,166.82
570,419.19,334.57,19.388278,51.470558,339,-13.89,21.92,59.67,14.37,32.33,0.55886,0.000427,179.3
571,441.9,328.97,19.47696,51.830031,813,-24.89,10.19,23.75,36.96,12.59,0.64015,0.000359,150.61
572,470.33,337.72,19.338523,52.280089,832,-14.67,14.87,38.53,31.43,20.68,0.58556,0.000348,146.25
573,495.14,330.24,19.456841,52.67284,953,42.39,14.04,36.98,60.23,20.93,0.49491,0.000205,86.26
574,523.56,342.84,19.257461,53.122737,1028,95.86,16.64,41.41,80.63,26.66,0.43639,0.000168,70.61
575,561.34,337.06,19.348837,53.720925,1069,147.08,20.71,46.1,130.22,36.11,0.37225,0.000143,60.23
576,589.17,335.44,19.374615,54.161489,951,146.98,20.81,46.05,137.71,36.62,0.37025,0.000143,59.9
577,623.63,329.69,19.465566,54.706984,1233,129.18,18.76,44.74,141.52,33.22,0.39869,0.000154,64.51
578,655.83,337.61,19.340234,55.216779,990,81.91,28.73,81.78,105.64,44.58,0.33882,0.000131,54.82
579,681.81,344.75,19.2271,55.627937,949,81.88,37.88,117.83,63.08,43.97,0.33827,0.000134,56.43
580,720.79,337.51,19.341818,56.245122,1000,280.15,34.51,107.82,50.87,44.44,0.36484,0.000173,72.54
581,750.12,329.1,19.474928,56.709447,941,271.86,30.81,94.15,49.27,43.83,0.37438,0.000181,76.0
582,776.27,333.83,19.399979,57.123466,815,190.64,35.4,113.32,33.27,43.24,0.42602,0.000248,104.35
583,794.22,341.33,19.281332,57.407596,357,66.76,54.67,211.06,13.11,44.94,0.49911,0.000392,164.72
584,857.46,321.44,19.596227,58.408743,616,188.55,61.84,281.64,20.83,48.62,0.41698,0.000276,115.72
585,880.03,331.16,19.442348,58.766034,861,421.35,56.51,268.63,32.5,50.29,0.36641,0.000215,90.49
586,915.81,338.28,19.329602,59.332415,1238,672.94,43.21,147.96,70.38,49.45,0.28233,0.000109,45.68
587,949.52,340.04,19.301653,59.866166,1020,448.59,44.18,139.45,81.77,48.1,0.29914,0.000115,48.4
588,979.46,335.49,19.373779,60.340032,672,366.62,43.1,132.52,104.26,48.29,0.30476,0.000117,49.31
589,1003.28,336.56,19.356773,60.717131,914,290.03,28.33,73.09,126.37,46.64,0.32459,0.000125,52.52
590,1037.14,333.28,19.408701,61.253199,1017,240.66,24.7,58.24,155.6,44.93,0.33392,0.000129,54.03
591,1077.17,334.84,19.384008,61.887025,1196,267.18,25.04,61.77,194.21,45.88,0.32976,0.000127,53.35
592,1109.46,332.98,19.413561,62.398201,967,215.2,36.53,92.34,239.21,48.18,0.32178,0.000124,52.06
593,1137.41,342.19,19.26776,62.840686,870,222.19,36.6,100.55,272.49,48.52,0.31901,0.000123,51.61
594,1167.53,335.58,19.372256,63.317422,1085,177.12,48.31,184.66,325.01,51.19,0.29904,0.000115,48.38
595,1198.62,336.4,19.359364,63.809692,1041,241.53,35.31,109.54,372.47,48.98,0.31515,0.000121,50.99
596,1232.42,335.23,19.377879,64.344654,934,133.35,16.27,40.04,391.89,29.68,0.4317,0.000166,69.85
597,1269.25,330.6,19.451151,64.927749,1325,193.68,38.39,123.92,405.99,49.15,0.31456,0.000121,50.89
598,1303.32,341.45,19.279441,65.46713,843,431.62,53.94,222.09,402.09,54.27,0.27145,0.000105,43.92
599,1325.87,333.03,19.412686,65.824093,1150,442.97,52.98,234.96,429.9,54.81,0.26724,0.000103,43.24
600,1355.02,337.06,19.348905,66.285539,944,610.49,59.99,292.0,446.08,57.98,0.24101,9.3e-05,38.99
601,1390.24,331.58,19.435633,66.843132,1031,975.01,67.96,397.23,487.1,64.23,0.19072,7.3e-05,30.86
602,1427.08,340.31,19.297411,67.426392,846,1188.56,66.39,335.9,515.47,63.54,0.19243,7.4e-05,31.13
603,1454.61,339.74,19.306406,67.862147,855,1340.75,68.83,386.81,541.61,66.39,0.17051,6.6e-05,27.59
604,1484.07,332.0,19.429015,68.328505,1036,780.02,70.93,453.92,509.41,64.88,0.18899,7.3e-05,30.58
605,1512.85,341.29,19.281917,68.784207,987,835.72,62.7,309.16,480.57,60.15,0.22178,8.5e-05,35.88
606,1545.95,338.97,19.318709,69.308151,1383,915.51,67.29,338.32,428.65,61.73,0.20922,8.1e-05,33.85
607,1585.7,331.99,19.429131,69.937548,1083,692.65,51.96,202.36,362.53,55.38,0.25903,0.0001,41.91
608,1613.18,334.02,19.396943,70.372532,844,710.22,57.81,341.39,321.68,60.42,0.22172,8.5e-05,35.87
609,1640.7,334.72,19.385976,70.808159,1105,1265.37,75.43,593.5,277.65,73.18,0.12667,4.9e-05,20.49
610,1676.94,336.34,19.360319,71.38183,1061,2008.42,79.93,1220.95,215.7,86.33,0.04987,1.9e-05,8.07
611,1710.5,333.44,19.406268,71.913168,1076,979.83,77.89,910.52,156.99,79.19,0.1026,4e-05,16.6
612,1749.16,340.73,19.29077,72.525232,1263,1115.81,73.86,572.13,89.91,68.38,0.14529,5.6e-05,23.51
613,1778.97,335.23,19.377818,72.997131,970,892.13,77.7,773.61,38.88,71.69,0.18387,0.000101,42.33
614,1798.64,329.72,19.465124,73.308498,564,225.54,74.13,569.56,9.81,58.57,0.40349,0.00034,142.89
615,1847.65,334.88,19.383404,74.08445,392,59.67,69.76,446.21,5.52,52.87,0.48298,0.000443,186.17
616,1873.12,339.17,19.315493,74.487574,571,46.77,66.59,367.42,5.54,49.99,0.50785,0.000466,195.68
617,1886.21,332.25,19.425081,74.694811,101,-46.05,32.38,138.86,3.96,41.2,0.59821,0.000565,237.4
618,2008.24,339.11,19.316455,76.62664,55,-58.17,13.15,51.61,3.02,16.73,0.78354,0.000753,316.33
619,2012.95,345.62,19.213454,76.701241,39,-60.12,7.56,41.86,2.81,7.12,0.87611,0.000845,355.05
620,2096.81,345.0,19.223197,78.028887,16,-61.45,6.84,29.45,2.06,5.44,0.89813,0.000878,368.89
621,2134.14,336.86,19.352106,78.619863,28,-57.03,24.79,106.3,2.46,37.9,0.62547,0.000607,255.07
622,2141.41,337.22,19.346326,78.734868,27,-53.55,33.09,185.72,2.61,42.74,0.59414,0.000575,241.65
623,4402.55,347.91,19.177055,114.530944,164,-42.49,39.41,381.25,4.03,49.8,0.52159,0.000492,206.73
624,4421.0,343.17,19.252164,114.823045,47,-61.16,54.14,695.54,2.47,60.71,0.43919,0.000426,179.07
625,18.47,365.91,18.892158,45.12663,953,157.86,43.49,130.42,39.7,43.9,0.40272,0.000219,91.86
626,46.17,371.1,18.809957,45.565278,833,207.32,36.49,103.68,53.14,43.89,0.36418,0.000167,70.24
627,69.71,363.46,18.930909,45.937945,851,247.0,45.96,154.23,43.74,45.54,0.37642,0.000195,81.87
628,105.24,372.48,18.788176,46.500361,1217,190.33,40.79,131.19,63.17,45.19,0.32657,0.00013,54.4
629,141.02,366.38,18.884768,47.066749,1001,113.53,32.7,92.15,43.42,42.4,0.40524,0.000211,88.48
630,169.74,369.91,18.828859,47.521426,551,27.94,40.98,127.38,15.91,41.83,0.50739,0.000374,157.08
631,183.61,383.56,18.612762,47.740977,168,-39.67,31.24,88.06,6.5,39.56,0.59467,0.000536,224.97
632,256.41,362.54,18.945455,48.893572,566,86.85,57.02,244.59,13.73,46.29,0.48289,0.000374,157.18
633,275.2,365.93,18.891849,49.190951,732,317.96,50.01,210.78,42.36,47.97,0.35946,0.000189,79.48
634,298.87,370.94,18.812589,49.565764,1079,307.96,47.83,163.82,44.77,46.34,0.36601,0.000187,78.62
635,323.87,365.62,18.896807,49.961542,922,150.35,58.93,253.73,19.55,47.31,0.43391,0.000292,122.79
636,376.93,387.89,18.544255,50.8014,283,7.49,30.79,94.96,13.92,40.46,0.53352,0.000412,172.92
637,389.2,385.51,18.581932,50.995639,215,-0.7,32.1,93.78,12.09,40.28,0.54803,0.00044,184.95
638,432.25,350.72,19.132705,51.677256,398,-40.74,17.43,45.62,11.03,24.07,0.65634,0.000539,226.58
639,459.73,353.36,19.090925,52.112329,259,-55.98,12.4,28.78,5.33,14.81,0.78412,0.000722,303.34
640,497.15,365.4,18.900191,52.704739,880,-14.61,21.38,54.19,22.28,31.6,0.519,0.000338,142.06
641,529.37,373.91,18.765466,53.214774,903,79.58,13.64,32.55,66.76,20.66,0.48282,0.000186,78.12
642,557.07,367.62,18.86506,53.653226,1163,104.69,12.08,28.12,103.86,19.74,0.50038,0.000193,80.96
643,592.11,370.16,18.824932,54.208011,820,111.09,19.52,44.31,112.86,33.06,0.39271,0.000151,63.54
644,616.72,358.3,19.012639,54.597629,889,165.15,25.22,60.41,143.59,44.8,0.33805,0.00013,54.7
645,646.07,372.06,18.794734,55.062148,1142,220.88,26.79,68.86,108.18,45.2,0.3323,0.000128,53.76
646,690.13,370.3,18.822709,55.75976,1038,64.45,39.39,133.2,34.15,43.1,0.4268,0.000247,103.55
647,719.49,364.18,18.919632,56.224547,690,30.73,51.94,204.37,12.52,44.43,0.50824,0.000405,169.92
648,752.54,364.93,18.907662,56.747697,992,123.53,44.89,169.73,15.54,43.98,0.48971,0.000364,152.93
649,783.7,360.01,18.985574,57.241006,401,174.2,49.79,230.48,14.42,46.43,0.47546,0.000363,152.37
650,799.62,357.91,19.018833,57.49306,121,37.03,64.26,261.08,8.09,46.28,0.52266,0.000456,191.66
651,889.13,355.8,19.052216,58.910142,511,307.6,69.55,426.61,17.48,54.42,0.38606,0.000274,115.09
652,913.93,366.69,18.879881,59.302654,781,477.83,53.62,240.56,39.51,50.0,0.3484,0.00019,79.64
653,948.58,372.85,18.782263,59.851263,943,173.51,54.78,212.27,27.77,46.37,0.41604,0.000257,107.9
654,975.49,362.41,18.94756,60.277261,873,268.03,28.81,86.45,63.93,44.18,0.33119,0.00013,54.51
655,1008.69,368.32,18.854094,60.802879,1085,213.58,26.83,62.71,80.79,43.72,0.33698,0.00013,54.52
656,1043.88,361.05,18.969148,61.359861,1114,201.8,29.18,76.61,121.26,45.92,0.33033,0.000127,53.45
657,1077.08,368.85,18.845565,61.885494,1089,171.91,35.44,94.58,157.81,47.96,0.32422,0.000125,52.46
658,1108.21,367.24,18.871193,62.3784,974,142.74,31.67,78.58,207.9,47.2,0.33072,0.000127,53.51
659,1139.12,368.8,18.846474,62.867606,806,225.25,37.2,100.1,257.51,48.53,0.31891,0.000123,51.6
660,1170.56,371.76,18.799555,63.36545,1114,177.11,41.37,124.43,307.84,49.06,0.31557,0.000122,51.06
661,1202.81,365.05,18.905802,63.875915,878,128.47,40.44,120.5,340.03,48.58,0.32009,0.000123,51.79
662,1235.62,363.02,18.937922,64.395442,999,98.83,19.97,49.32,343.41,35.88,0.38208,0.000147,61.82
663,1262.04,372.37,18.789825,64.813677,1059,104.36,24.05,75.94,331.74,43.61,0.34071,0.000131,55.12
664,1289.95,361.77,18.957755,65.255491,971,392.68,57.64,257.51,361.24,55.25,0.26467,0.000102,42.82
665,1331.7,369.21,18.839998,65.916418,885,671.34,63.94,298.79,377.19,58.64,0.23523,9.1e-05,38.06
666,1364.53,364.29,18.917759,66.436148,933,580.91,57.52,247.36,414.52,56.2,0.25466,9.8e-05,41.2
667,1396.78,360.19,18.982731,66.946711,1034,893.22,68.2,378.03,454.36,62.98,0.20068,7.7e-05,32.47
668,1426.1,367.97,18.859635,67.410869,891,937.81,59.68,284.27,479.25,59.98,0.22149,8.5e-05,35.84
669,1456.72,370.47,18.819998,67.895591,838,1116.27,65.03,372.82,515.76,64.34,0.18787,7.2e-05,30.4
670,1482.08,370.28,18.822995,68.297072,987,885.55,68.7,362.98,538.15,62.4,0.20493,7.9e-05,33.16
671,1514.14,370.94,18.812594,68.804545,1105,781.61,62.56,290.83,499.21,59.13,0.23001,8.9e-05,37.22
672,1555.64,371.76,18.799579,69.461609,1169,813.2,62.55,301.22,428.3,59.71,0.22529,8.7e-05,36.45
673,1585.22,365.35,18.901077,69.929834,1114,747.3,58.46,255.05,376.27,57.62,0.24155,9.3e-05,39.08
674,1619.66,368.45,18.851935,70.475051,1085,1022.37,72.59,596.74,316.21,71.61,0.14008,5.4e-05,22.66
675,1652.71,364.9,18.908144,70.998313,1111,971.89,69.06,481.63,258.45,67.19,0.17031,6.6e-05,27.55
676,1682.06,370.41,18.821009,71.462925,975,727.94,55.22,323.2,207.53,59.9,0.22521,8.7e-05,36.44
677,1712.69,363.9,18.923931,71.947899,977,611.29,60.25,363.74,153.66,60.35,0.22277,8.6e-05,36.04
678,1744.99,369.8,18.830572,72.459134,945,941.73,72.49,560.12,98.36,67.13,0.1579,6.1e-05,25.55
679,1779.68,372.44,18.788736,73.00841,1030,1676.2,80.19,1023.96,43.76,78.98,0.12151,6.3e-05,26.42
680,1805.3,365.51,18.898564,73.414013,646,268.19,74.97,727.8,11.6,64.54,0.34292,0.000278,116.95
681,1840.79,371.92,18.797033,73.975793,746,144.25,76.13,670.89,6.23,61.43,0.40478,0.000366,153.93
682,1868.96,369.07,18.842105,74.421717,703,692.27,77.69,760.85,19.02,68.98,0.25656,0.000175,73.6
683,1894.64,371.07,18.810494,74.828344,476,249.42,77.79,703.73,10.05,63.49,0.36148,0.000303,127.38
684,1933.33,385.61,18.580316,75.440852,243,152.08,79.17,921.09,5.81,66.74,0.37689,0.000344,144.48
685,1960.12,386.4,18.567794,75.864911,25,-47.46,53.23,309.11,2.29,47.13,0.55721,0.000543,227.93
686,2014.67,351.0,19.128211,76.728438,3,-62.18,4.84,19.39,1.75,1.77,0.93618,0.000921,386.64
687,2047.05,383.16,18.619044,77.241064,209,45.32,65.48,261.77,6.48,46.29,0.53361,0.000481,201.94
688,2067.08,361.1,18.968245,77.558271,153,-58.66,10.8,42.68,3.91,12.57,0.81588,0.000772,324.08
689,2097.27,369.92,18.828671,78.036206,393,28.43,48.4,202.19,9.51,44.2,0.53111,0.000451,189.24
690,2127.83,381.55,18.644519,78.519847,589,92.25,64.41,346.5,11.38,49.83,0.46855,0.000382,160.56
691,2171.82,357.55,19.024445,79.216252,119,-55.09,28.59,252.22,3.16,45.11,0.56915,0.000546,229.2
692,2183.22,373.12,18.77795,79.396881,40,-57.15,31.11,194.27,2.46,43.01,0.59285,0.000576,241.77
693,4392.46,356.67,19.038502,114.371253,156,-38.13,32.09,386.66,5.67,50.09,0.50763,0.000465,195.12
694,15.6,395.54,18.423119,45.081203,1058,139.36,22.75,61.3,90.34,38.2,0.35275,0.000136,57.07
695,48.51,402.59,18.311512,45.602282,1038,139.74,31.76,80.27,101.05,44.73,0.33551,0.000129,54.28
696,81.23,396.17,18.413062,46.120295,1017,91.57,37.74,104.74,79.76,44.31,0.33402,0.000129,54.04
697,115.22,405.77,18.261183,46.658389,1193,81.75,32.99,90.98,57.62,42.77,0.36286,0.000156,65.73
698,150.09,394.4,18.441115,47.210446,1117,32.41,33.54,90.89,56.91,42.4,0.36868,0.000161,67.47
699,178.81,407.51,18.233672,47.665028,809,105.01,39.52,119.57,26.45,42.56,0.45294,0.000283,119.03
700,198.03,407.67,18.231145,47.969374,233,0.04,49.85,163.25,9.07,42.61,0.54867,0.00047,197.27
701,273.84,396.64,18.405608,49.169469,749,52.95,43.12,157.8,20.4,43.28,0.46542,0.000309,129.69
702,306.55,402.44,18.313797,49.687209,772,117.96,55.81,241.55,19.11,46.64,0.44306,0.000302,126.81
703,347.75,410.64,18.184006,50.339563,182,34.22,51.43,233.31,9.2,45.33,0.52331,0.000447,187.65
704,366.88,405.11,18.271553,50.642394,550,34.32,34.71,103.78,21.0,41.27,0.48114,0.000317,133.32
705,395.19,404.66,18.278649,51.090603,629,23.0,28.29,75.13,23.28,40.28,0.48309,0.000312,130.97
706,419.16,416.82,18.086216,51.470009,300,-39.71,21.89,64.78,10.53,32.12,0.58843,0.000489,205.28
707,502.54,397.71,18.388807,52.78994,507,2.17,33.44,81.0,14.32,39.95,0.53531,0.000409,171.94
708,524.72,401.61,18.32701,53.141083,930,89.64,13.63,32.88,51.11,20.02,0.52908,0.00025,104.86
709,561.35,402.1,18.319317,53.720986,1129,76.41,16.6,37.95,54.42,25.17,0.47581,0.000215,90.17
710,591.77,395.95,18.416559,54.202669,768,103.38,22.24,55.96,72.75,36.14,0.36017,0.000139,58.27
711,620.29,394.8,18.434788,54.654076,983,240.34,26.09,71.19,108.81,45.45,0.3302,0.000127,53.42
712,658.67,397.72,18.388616,55.261729,1164,273.0,24.4,58.73,98.79,42.14,0.33759,0.00013,54.62
713,686.65,405.11,18.27155,55.704654,983,244.45,29.76,83.69,68.6,44.13,0.33002,0.000127,53.4
714,716.88,399.7,18.357166,56.183235,1040,278.15,51.72,184.87,37.93,46.58,0.38373,0.000213,89.3
715,750.36,400.14,18.350264,56.713192,959,264.5,58.12,229.65,35.06,47.94,0.38094,0.000218,91.52
716,779.94,404.37,18.2833,57.181491,785,162.15,56.12,262.27,18.56,47.65,0.43746,0.000302,126.96
717,898.51,379.74,18.673295,59.058623,246,118.77,72.99,498.11,9.71,55.3,0.43314,0.000366,153.7
718,919.54,388.8,18.529831,59.391492,401,78.94,58.08,271.66,13.46,47.18,0.47725,0.000372,156.29
719,944.82,396.88,18.401943,59.791656,364,-21.93,36.27,111.35,8.94,40.61,0.56763,0.000487,204.62
720,972.63,397.9,18.385727,60.232042,997,27.54,25.31,85.69,32.1,39.94,0.45281,0.000267,112.3
721,1009.49,395.96,18.41648,60.815457,1050,212.81,45.03,159.24,39.67,45.3,0.39039,0.000212,89.07
722,1045.21,392.66,18.468667,61.380913,1117,235.6,27.44,69.67,89.72,44.51,0.33267,0.000128,53.83
723,1076.75,405.18,18.270525,61.880262,709,205.98,35.88,108.76,136.89,47.79,0.31969,0.000123,51.72
724,1097.61,395.86,18.41805,62.210469,723,183.1,33.56,84.86,175.42,47.7,0.32611,0.000126,52.76
725,1128.38,397.5,18.392149,62.697729,1006,200.04,33.65,88.49,228.07,47.94,0.32392,0.000125,52.41
726,1161.36,402.51,18.312758,63.219709,1208,239.36,25.87,63.3,271.01,47.12,0.32854,0.000127,53.16
727,1202.84,394.17,18.444752,63.87639,1225,173.23,28.89,79.15,290.64,47.43,0.3284,0.000127,53.13
728,1233.84,399.23,18.364618,64.367231,769,61.04,19.14,44.66,279.9,34.09,0.39719,0.000153,64.26
729,1258.33,406.09,18.256102,64.754867,913,129.83,41.04,171.75,272.49,50.4,0.30588,0.000118,49.49
730,1289.66,395.06,18.430751,65.250917,1094,466.77,64.88,356.44,305.72,59.27,0.23378,9e-05,37.82
731,1323.52,394.35,18.441929,65.786864,1027,608.24,56.36,260.21,331.96,56.84,0.24946,9.6e-05,40.36
732,1358.86,396.37,18.409935,66.346379,1265,488.63,39.4,121.13,363.51,51.1,0.29473,0.000114,47.69
733,1393.84,396.68,18.405069,66.900087,1277,695.35,60.07,254.21,403.88,57.23,0.24523,9.4e-05,39.68
734,1426.08,398.85,18.370703,67.410475,998,1004.38,63.45,304.74,442.87,61.16,0.21198,8.2e-05,34.3
735,1457.38,400.31,18.347564,67.90612,954,990.81,69.18,371.34,484.65,63.42,0.19615,7.6e-05,31.74
736,1490.58,405.13,18.271254,68.431633,995,626.32,67.99,392.61,523.25,61.65,0.21412,8.2e-05,34.64
737,1521.88,396.51,18.407813,68.927157,898,919.76,65.2,327.53,490.62,61.38,0.21167,8.2e-05,34.25
738,1556.12,404.07,18.288125,69.469145,1122,974.54,67.38,361.19,433.38,62.95,0.19971,7.7e-05,32.31
739,1590.25,399.9,18.354031,70.00958,978,820.44,66.39,340.68,373.36,61.16,0.21474,8.3e-05,34.74
740,1617.45,398.2,18.381063,70.440104,814,939.08,69.31,608.46,326.07,71.45,0.14227,5.5e-05,23.02
741,1640.16,402.98,18.305278,70.799691,855,1512.43,76.24,655.39,289.15,77.08,0.09917,3.8e-05,16.05
742,1672.88,400.01,18.352335,71.317615,1005,936.34,57.37,255.21,232.74,58.94,0.22904,8.8e-05,37.06
743,1705.33,399.7,18.357308,71.831405,1029,738.66,42.99,170.59,179.23,54.58,0.26433,0.000102,42.77
744,1734.39,396.94,18.401,72.291355,1046,815.2,57.84,257.03,131.17,56.99,0.23874,9.2e-05,38.63
745,1770.61,402.23,18.317141,72.864763,1094,1289.6,78.93,833.34,89.11,78.32,0.09042,3.5e-05,14.63
746,1806.83,399.02,18.368026,73.438231,1277,1166.32,82.57,1283.2,49.45,75.7,0.13677,6.6e-05,27.7
747,1843.85,404.18,18.286374,74.024169,1099,730.29,79.39,854.27,32.38,71.92,0.20899,0.000123,51.68
748,1876.04,393.87,18.449543,74.533891,882,765.69,74.89,592.9,39.03,64.43,0.23457,0.000128,53.91
749,1902.62,401.06,18.335652,74.954673,941,829.45,78.44,779.86,35.64,71.34,0.19622,0.000112,46.84
750,1932.13,400.86,18.338914,75.421744,752,876.66,78.27,942.22,24.88,72.6,0.22049,0.00014,58.85
751,1965.04,403.39,18.298834,75.942833,760,367.75,75.63,769.91,13.91,66.82,0.31095,0.00024,100.8
752,1991.51,410.51,18.186101,76.361812,380,85.27,63.03,359.93,9.59,50.18,0.47785,0.000405,169.99
753,2045.19,403.9,18.290776,77.21168,532,39.71,52.06,214.36,9.9,44.73,0.52359,0.000441,185.07
754,2068.91,407.86,18.228123,77.587144,702,66.43,59.97,255.72,9.93,46.37,0.50859,0.000428,179.66
755,2093.81,392.28,18.474634,77.981347,966,248.08,70.4,444.8,19.45,54.74,0.37175,0.000251,105.47
756,2124.84,402.99,18.30517,78.472547,836,431.42,72.73,492.5,25.44,57.96,0.32456,0.000205,86.16
757,2157.81,398.01,18.384035,78.994503,661,114.34,59.22,274.41,16.96,47.68,0.44876,0.000323,135.48
758,2184.65,398.24,18.380306,79.419458,728,-16.65,33.08,107.95,12.09,40.67,0.54489,0.000438,183.89
759,2219.15,410.1,18.192624,79.965679,518,-36.27,16.02,45.56,12.36,21.83,0.66671,0.000533,223.68
760,2249.13,410.98,18.178693,80.440206,186,-23.34,41.09,156.1,7.26,42.11,0.56622,0.000503,211.06
761,14.22,426.81,17.928077,45.059341,933,156.01,28.96,74.82,96.94,44.46,0.33626,0.00013,54.41
762,41.96,434.91,17.799906,45.498556,814,188.76,42.49,125.48,88.34,46.1,0.32059,0.000124,51.87
763,75.92,428.19,17.906255,46.036106,1295,81.23,36.94,105.77,61.02,43.44,0.3481,0.000143,59.95
764,114.3,435.5,17.790483,46.643704,799,59.08,50.01,174.1,14.41,43.64,0.50156,0.000383,160.77
765,142.42,427.33,17.919835,47.088952,849,188.26,24.56,67.06,47.1,39.81,0.4002,0.000199,83.52
766,171.3,434.67,17.803593,47.546112,1020,211.43,20.86,50.68,56.32,33.7,0.39776,0.000175,73.4
767,198.88,433.64,17.81995,47.982728,524,77.76,48.55,177.76,15.61,43.95,0.49031,0.000364,152.86
768,287.83,430.92,17.862969,49.390897,384,62.42,54.9,228.02,10.41,45.39,0.51389,0.000428,179.73
769,297.74,422.98,17.988711,49.547873,527,84.17,49.75,201.76,16.96,44.9,0.47285,0.00034,142.76
770,343.08,429.0,17.893395,50.265543,324,61.25,47.33,266.32,9.96,46.71,0.50553,0.000425,178.47
771,367.61,428.93,17.89447,50.653979,898,80.64,23.71,54.82,45.68,37.17,0.41931,0.000212,89.07
772,399.53,433.04,17.829506,51.159284,1037,48.44,12.78,33.24,53.7,18.47,0.53542,0.000244,102.48
773,426.21,438.3,17.746144,51.581547,574,-3.55,14.74,39.76,28.19,20.44,0.59747,0.000367,154.29
774,445.55,446.34,17.618829,51.887728,390,-12.3,26.77,80.41,13.75,39.8,0.54085,0.000419,175.97
775,508.92,427.7,17.913911,52.89107,517,8.95,35.57,93.03,14.96,40.45,0.52636,0.000397,166.6
776,535.14,432.74,17.834264,53.306082,1023,110.97,13.75,34.26,45.33,20.17,0.54497,0.000277,116.26
777,563.59,431.24,17.857986,53.756471,731,22.31,39.38,110.76,16.39,41.23,0.50942,0.000371,155.92
778,590.2,425.81,17.943819,54.177732,837,106.07,36.8,113.03,37.47,42.83,0.41884,0.000233,97.98
779,617.59,429.0,17.893379,54.611384,1047,330.52,36.43,108.66,75.63,45.92,0.31639,0.000122,51.19
780,648.51,432.21,17.842596,55.10087,1159,332.95,36.31,112.37,90.02,46.71,0.31391,0.000121,50.79
781,683.09,438.56,17.742022,55.648319,1189,339.01,43.77,145.41,103.09,48.5,0.30327,0.000117,49.07
782,718.71,433.01,17.829946,56.212182,1270,234.86,49.81,171.24,60.27,46.79,0.32116,0.000133,55.94
783,753.0,427.74,17.913411,56.755057,904,195.44,61.34,266.02,21.86,48.16,0.41772,0.000273,114.8
784,780.04,432.66,17.835412,57.183066,495,134.9,61.89,287.86,11.17,48.04,0.48449,0.000397,166.76
785,797.53,424.53,17.964106,57.460029,180,66.9,68.49,342.58,7.34,49.33,0.5008,0.000444,186.38
786,951.32,422.84,17.99091,59.894615,557,-8.99,27.18,71.12,15.84,39.59,0.52808,0.00039,163.75
787,968.07,426.74,17.929128,60.159763,381,-24.28,26.8,80.69,10.31,39.57,0.56723,0.000473,198.8
788,1007.82,422.73,17.992621,60.789024,896,115.96,50.9,199.97,18.14,45.11,0.46252,0.000323,135.65
789,1041.55,430.4,17.8712,61.323039,1107,111.29,35.25,105.67,73.02,44.18,0.33296,0.000128,53.87
790,1066.3,425.47,17.949313,61.714925,853,165.67,49.58,151.9,116.24,48.11,0.31246,0.00012,50.55
791,1102.81,425.2,17.953512,62.292813,1022,124.3,29.66,78.24,179.97,47.06,0.33212,0.000128,53.74
792,1131.2,434.74,17.802484,62.742285,979,95.96,30.52,78.0,206.96,46.85,0.33422,0.000129,54.08
793,1166.43,431.01,17.861578,63.299958,1127,142.16,40.35,124.21,230.73,48.81,0.31809,0.000123,51.47
794,1200.22,435.0,17.798487,63.834933,1211,64.93,24.42,72.83,220.27,43.84,0.34316,0.000132,55.52
795,1227.36,425.35,17.951126,64.264623,1005,22.24,11.49,43.99,234.2,21.14,0.50496,0.000195,81.7
796,1269.52,435.83,17.78526,64.931987,1074,552.58,71.88,528.34,227.05,65.94,0.18493,7.1e-05,29.92
797,1296.6,422.59,17.994948,65.360668,781,633.62,65.94,380.16,265.98,61.26,0.21681,8.4e-05,35.08
798,1323.02,427.85,17.91164,65.779008,1108,352.94,33.77,96.13,281.78,49.27,0.31104,0.00012,50.32
799,1358.14,435.73,17.786783,66.334935,1487,503.22,54.99,207.97,311.61,54.27,0.27034,0.000104,43.74
800,1391.51,431.33,17.856539,66.863234,1009,698.15,62.1,307.98,360.15,59.15,0.23109,8.9e-05,37.39
801,1422.72,430.67,17.867015,67.357383,980,854.66,63.68,313.12,404.62,60.42,0.21954,8.5e-05,35.52
802,1457.55,431.55,17.85306,67.908787,1307,633.78,59.79,273.9,455.46,57.5,0.24418,9.4e-05,39.51
803,1493.71,438.64,17.74072,68.481187,1090,492.56,61.59,278.07,505.45,56.67,0.25251,9.7e-05,40.85
804,1523.39,427.93,17.910365,68.95106,1098,934.58,71.51,483.67,497.95,67.0,0.17211,6.6e-05,27.85
805,1554.64,435.68,17.787616,69.445727,1040,1098.01,70.47,411.98,448.62,65.6,0.17941,6.9e-05,29.03
806,1583.73,430.56,17.868689,69.906222,751,886.29,71.24,417.74,397.31,64.34,0.19124,7.4e-05,30.94
807,1609.75,431.64,17.851599,70.318288,828,461.55,55.12,323.0,354.83,58.05,0.24281,9.4e-05,39.28
808,1647.02,426.72,17.929481,70.908198,898,1390.33,76.54,788.56,290.99,80.94,0.08221,3.2e-05,13.3
809,1680.56,430.02,17.877279,71.439258,1056,1185.33,66.74,442.53,240.96,67.29,0.16662,6.4e-05,26.96
810,1715.08,434.9,17.799957,71.985639,1145,895.08,60.48,299.9,196.6,60.23,0.22029,8.5e-05,35.64
811,1747.44,427.73,17.913577,72.497934,1066,1332.41,67.43,428.45,148.1,67.39,0.16175,6.2e-05,26.17
812,1776.46,435.8,17.785727,72.957442,920,1497.61,75.1,744.25,131.16,78.95,0.08305,3.2e-05,13.44
813,1811.35,433.08,17.828753,73.50974,1262,685.42,77.01,913.19,94.66,74.38,0.12353,4.8e-05,19.99
814,1844.17,432.84,17.832631,74.02929,711,363.04,58.31,581.12,79.31,63.02,0.18999,7.3e-05,30.74
815,1868.41,427.61,17.915349,74.413111,742,307.31,52.85,401.63,79.8,56.31,0.23904,9.2e-05,38.68
816,1897.64,429.03,17.892921,74.875827,970,174.92,46.88,251.52,78.65,50.03,0.2879,0.000111,46.58
817,1935.61,426.18,17.938096,75.476876,1038,235.81,65.7,363.92,45.61,52.96,0.31247,0.000158,66.43
818,1959.31,439.31,17.730226,75.852121,769,10.88,38.16,147.49,13.39,42.32,0.52092,0.000407,170.85
819,1980.73,430.3,17.872832,76.191236,532,3.29,35.37,193.29,8.15,43.65,0.54588,0.000476,199.93
820,2038.47,451.05,17.544303,77.105284,293,214.19,70.88,691.13,11.73,62.88,0.35627,0.000288,121.17
821,2059.25,450.26,17.556856,77.43418,426,353.45,76.52,751.41,13.79,66.06,0.3158,0.000244,102.66
822,2101.95,418.47,18.060045,78.110201,372,98.16,71.93,408.23,7.64,51.89,0.47627,0.00042,176.21
823,2134.98,424.47,17.965121,78.633061,682,180.23,59.06,279.56,16.96,48.32,0.44223,0.000318,133.51
824,2160.82,421.84,18.006811,79.042232,615,14.5,43.38,153.54,13.4,42.56,0.5187,0.000405,170.08
825,2197.7,417.39,18.077168,79.626084,613,-29.15,17.66,45.38,14.49,24.68,0.62557,0.000477,200.15
826,2229.77,423.49,17.980596,80.133718,303,-47.75,12.01,33.29,10.18,14.6,0.74928,0.000627,263.32
827,2248.59,420.77,18.023654,80.431708,206,-36.18,25.33,84.88,9.76,38.51,0.57346,0.000484,203.29
828,4369.14,436.21,17.779302,114.002018,29,-67.67,74.03,1629.46,2.09,65.09,0.41837,0.000409,171.75
829,12.87,459.08,17.417209,45.037968,832,283.0,38.21,138.06,43.89,45.22,0.37796,0.000195,82.06
830,41.75,462.78,17.358643,45.495315,954,252.03,44.19,140.31,49.27,45.33,0.36263,0.000175,73.62
831,77.99,461.96,17.371679,46.068991,1300,206.92,53.84,187.01,57.49,47.03,0.32726,0.000141,59.39
832,112.09,460.83,17.38942,46.608767,859,68.43,47.99,184.3,14.22,44.05,0.49911,0.000383,160.67
833,145.47,458.56,17.425466,47.13721,753,190.54,39.93,159.58,24.85,44.5,0.43977,0.00028,117.42
834,169.39,468.01,17.275844,47.515934,776,209.97,24.78,58.61,50.83,40.2,0.38837,0.000184,77.26
835,195.72,463.6,17.34569,47.932689,933,112.94,43.34,136.48,24.84,43.14,0.45258,0.000288,120.85
836,259.01,481.17,17.067494,48.934727,153,79.63,70.42,387.89,6.04,50.97,0.4954,0.00045,189.08
837,282.98,465.77,17.311355,49.314206,615,47.9,53.08,206.56,11.82,44.59,0.51134,0.000413,173.57
838,304.99,461.58,17.377656,49.662531,964,157.32,61.23,281.38,19.11,48.32,0.4283,0.000292,122.58
839,345.78,466.8,17.294997,50.308327,463,55.44,57.94,293.74,9.94,47.64,0.49775,0.000419,175.79
840,365.66,456.0,17.465929,50.623007,1088,71.7,28.59,77.82,41.8,41.54,0.41775,0.000221,92.98
841,401.05,467.47,17.284432,51.183276,1149,31.35,13.62,33.19,59.76,19.99,0.50442,0.000211,88.54
842,430.59,463.63,17.345171,51.65098,678,12.06,13.15,32.81,42.35,18.3,0.57218,0.000301,126.53
843,455.51,466.53,17.299212,52.045411,304,3.0,35.9,123.72,12.21,41.37,0.53755,0.000431,180.94
844,513.18,463.44,17.348181,52.958469,555,5.38,37.81,96.45,13.93,40.5,0.53315,0.000411,172.76
845,532.21,465.05,17.322677,53.259699,829,124.03,22.77,60.23,42.55,35.96,0.42792,0.000225,94.41
846,556.34,461.46,17.379564,53.641684,667,108.48,36.98,121.38,19.96,42.36,0.47373,0.000316,132.64
847,587.29,460.16,17.400169,54.131726,777,112.58,53.35,200.2,19.17,45.14,0.45538,0.00031,130.13
848,616.12,461.71,17.375532,54.588072,1045,275.19,50.64,202.05,34.67,47.02,0.38935,0.000224,93.94
849,649.43,464.15,17.336921,55.115449,994,239.35,51.11,189.69,48.38,46.95,0.35232,0.000172,72.35
850,685.44,468.7,17.264879,55.685515,1002,207.89,28.89,82.32,94.1,44.96,0.33072,0.000127,53.51
851,726.24,466.97,17.292309,56.331463,1225,249.47,35.98,105.15,65.63,44.79,0.32396,0.000125,52.42
852,755.86,461.88,17.372864,56.800357,1071,231.67,48.11,190.39,34.1,46.28,0.39776,0.00023,96.56
853,778.05,470.66,17.23386,57.151624,708,127.55,46.72,154.89,28.05,44.04,0.43547,0.000268,112.62
854,796.96,469.17,17.257507,57.450952,275,-20.38,43.97,142.34,7.13,41.64,0.57127,0.000508,213.49
855,846.73,475.68,17.154444,58.238851,462,14.32,50.78,219.06,11.82,44.8,0.51013,0.000412,173.16
856,884.56,474.52,17.172705,58.837729,229,269.81,76.18,593.44,9.72,59.72,0.39389,0.000333,139.75
857,894.11,473.95,17.181834,58.988857,19,93.22,83.68,785.48,3.31,65.0,0.40092,0.000383,161.01
858,1007.44,459.71,17.407209,60.782978,924,31.64,31.6,92.87,22.16,40.92,0.48078,0.000314,131.76
859,1035.25,460.34,17.397263,61.223288,1011,17.12,16.34,36.67,69.61,24.95,0.44892,0.000173,72.63
860,1066.45,464.1,17.337677,61.717217,1066,15.64,11.36,24.84,122.96,18.68,0.51654,0.000199,83.57
861,1097.4,455.62,17.471979,62.207285,1028,24.58,12.83,30.18,159.43,22.88,0.49026,0.000189,79.32
862,1131.13,463.53,17.34677,62.74116,921,18.62,14.9,34.86,158.67,26.43,0.46065,0.000177,74.53
863,1166.2,459.55,17.409709,63.296362,951,51.17,23.08,58.64,185.18,41.03,0.35265,0.000136,57.06
864,1199.24,470.1,17.242753,63.81943,1219,25.27,11.02,33.28,160.48,20.0,0.51462,0.000198,83.26
865,1233.12,459.85,17.405002,64.355785,1070,190.04,49.31,309.5,174.0,55.69,0.26456,0.000102,42.8
866,1259.0,461.96,17.371565,64.765516,801,776.61,71.87,465.8,177.89,65.28,0.18627,7.2e-05,30.14
867,1294.21,459.36,17.412814,65.322974,1115,578.72,60.35,341.91,207.98,59.53,0.23017,8.9e-05,37.24
868,1327.14,460.94,17.387684,65.844144,917,463.37,54.72,197.48,241.87,53.62,0.27587,0.000106,44.63
869,1358.6,470.01,17.244129,66.34219,974,636.29,60.4,265.95,273.23,57.24,0.24608,9.5e-05,39.82
870,1391.63,462.94,17.356096,66.865103,945,692.58,66.13,330.26,328.2,59.9,0.22572,8.7e-05,36.52
871,1420.83,459.01,17.418355,67.327351,716,574.86,65.44,312.39,375.79,58.46,0.23806,9.2e-05,38.52
872,1446.51,468.75,17.264181,67.733955,1105,339.58,46.64,154.26,409.0,51.24,0.29605,0.000114,47.9
873,1477.67,465.22,17.319954,68.227294,934,434.68,54.13,208.06,461.7,53.8,0.27498,0.000106,44.49
874,1513.27,465.97,17.308173,68.790882,935,531.63,68.61,419.29,512.41,61.94,0.21347,8.2e-05,34.54
875,1547.29,466.85,17.294132,69.32941,1272,967.18,67.99,397.31,479.19,64.18,0.19119,7.4e-05,30.93
876,1584.11,462.07,17.369915,69.912267,1153,749.24,64.83,339.78,416.73,60.63,0.2196,8.5e-05,35.53
877,1620.41,457.67,17.439458,70.486946,874,394.42,49.18,222.22,356.47,54.02,0.27394,0.000106,44.32
878,1648.08,458.95,17.419316,70.925042,1210,1114.67,74.73,762.36,315.88,78.11,0.09834,3.8e-05,15.91
879,1682.96,462.49,17.363191,71.477154,1123,1310.61,72.54,602.09,270.53,73.8,0.12213,4.7e-05,19.76
880,1715.72,466.0,17.307711,71.995795,1012,1067.56,68.02,388.04,234.79,64.54,0.18718,7.2e-05,30.28
881,1748.41,465.71,17.312201,72.513279,1144,963.48,73.68,519.02,201.43,68.46,0.16184,6.2e-05,26.19
882,1779.04,460.85,17.389171,72.998175,749,1115.04,75.56,596.6,163.33,72.25,0.13467,5.2e-05,21.79
883,1806.2,469.66,17.249705,73.428214,968,286.79,52.64,402.03,157.06,59.61,0.23389,9e-05,37.84
884,1836.92,462.69,17.360071,73.914468,1140,91.32,31.87,145.29,132.28,48.08,0.31808,0.000123,51.46
885,1871.18,459.52,17.410301,74.456982,1049,44.5,36.3,134.04,114.38,46.56,0.3261,0.000126,52.76
886,1902.52,458.67,17.423702,74.953061,1052,2.18,24.05,77.08,67.08,38.93,0.35588,0.000137,57.58
887,1932.12,462.35,17.365354,75.421608,1206,46.8,35.83,250.84,24.93,46.73,0.42338,0.000269,112.95
888,1971.96,466.06,17.306763,76.05236,966,268.28,56.95,565.73,25.24,59.42,0.31639,0.0002,84.15
889,2000.27,466.49,17.299968,76.50056,775,110.56,43.08,252.03,29.14,47.4,0.40469,0.000246,103.5
890,2025.73,467.39,17.285593,76.903526,735,13.55,36.18,168.04,30.6,43.83,0.43186,0.000259,108.8
891,2060.37,469.47,17.252772,77.451977,804,476.94,71.98,490.02,43.37,58.99,0.26834,0.00014,58.62
892,2091.7,459.83,17.405269,77.947894,751,519.84,79.17,841.68,19.12,69.88,0.26357,0.00018,75.42
893,2121.19,470.4,17.237956,78.414755,696,253.14,68.76,478.21,17.9,55.89,0.37235,0.000262,109.86
894,2151.81,476.71,17.13812,78.899627,405,83.23,62.45,301.56,12.34,48.22,0.47592,0.00038,159.74
895,2182.04,480.92,17.071402,79.378152,286,64.4,65.8,407.91,9.12,51.71,0.46836,0.000401,168.22
896,2237.37,482.3,17.04964,80.254113,131,-25.96,53.3,143.13,4.18,41.5,0.59358,0.000559,234.61
897,2257.92,460.42,17.396038,80.579323,24,-60.56,24.07,96.21,2.02,36.31,0.63511,0.000622,261.04
898,14.57,488.45,16.952195,45.064905,852,216.57,66.53,396.84,15.36,52.65,0.41609,0.000311,130.48
899,48.03,502.44,16.730753,45.594629,1066,396.61,61.83,335.98,34.14,52.57,0.34401,0.000199,83.48
900,70.98,491.54,16.903284,45.958055,986,426.22,52.8,206.36,63.15,49.48,0.28951,0.000115,48.24
901,107.66,498.1,16.799429,46.538724,1420,386.57,70.38,448.37,27.17,56.17,0.33473,0.000208,87.34
902,152.77,487.2,16.971979,47.25272,541,199.92,52.58,360.97,15.28,51.26,0.42846,0.000321,134.61
903,170.4,500.92,16.754798,47.53184,744,252.54,37.85,147.88,32.09,44.83,0.41507,0.000245,102.95
904,195.27,492.37,16.890168,47.925542,512,152.23,49.15,200.71,18.61,45.41,0.45618,0.000315,132.23
905,250.62,505.36,16.684535,48.80191,308,185.3,55.88,325.57,11.71,49.75,0.46536,0.000377,158.34
906,270.82,493.68,16.869417,49.121664,767,182.97,44.77,158.32,27.94,44.54,0.43064,0.000265,111.49
907,306.12,493.71,16.869043,49.680435,1073,233.13,54.24,229.1,28.9,47.43,0.40304,0.000246,103.33
908,344.19,490.75,16.915853,50.283116,187,56.37,68.08,361.96,5.66,49.87,0.50789,0.000465,195.25
909,368.92,492.49,16.888271,50.674632,1051,43.91,37.69,108.09,23.85,41.62,0.46962,0.000301,126.62
910,401.39,498.5,16.793178,51.188681,1079,72.88,30.3,83.31,38.61,41.6,0.42638,0.000234,98.47
911,427.94,494.84,16.851088,51.609003,549,-20.88,31.1,86.73,10.83,39.83,0.56119,0.000463,194.55
912,449.13,485.36,17.001111,51.944514,548,13.8,34.13,108.31,16.43,41.09,0.51054,0.000372,156.11
913,504.21,496.05,16.831906,52.816409,331,6.48,40.84,145.23,9.48,42.03,0.55076,0.000468,196.37
914,521.01,499.41,16.778721,53.082393,808,49.21,27.59,77.38,34.01,41.02,0.44493,0.000257,108.11
915,552.6,491.08,16.910652,53.582528,842,140.39,38.52,150.87,24.45,43.82,0.44749,0.000286,119.95
916,595.44,489.47,16.936075,54.260688,696,89.02,59.26,267.58,12.65,47.07,0.48353,0.000384,161.2
917,627.3,492.09,16.894628,54.76499,705,37.98,56.19,208.71,9.54,44.5,0.52811,0.000448,188.06
918,658.99,492.0,16.89608,55.266819,862,173.8,29.02,94.11,43.57,42.9,0.3997,0.000207,87.11
919,684.93,499.65,16.77499,55.677453,730,50.39,35.45,119.74,57.39,43.56,0.35768,0.000155,65.0
920,714.09,491.68,16.90117,56.138985,982,131.9,36.61,101.54,82.81,44.61,0.33177,0.000128,53.68
921,753.33,501.2,16.750368,56.760289,1070,138.79,38.88,128.77,38.28,43.65,0.40917,0.000226,94.85
922,781.77,492.44,16.889021,57.210517,514,76.41,56.81,227.63,13.43,45.61,0.49099,0.000383,160.89
923,822.91,501.73,16.74204,57.861795,533,170.86,48.22,225.57,18.86,46.43,0.44558,0.000306,128.34
924,842.55,494.05,16.863549,58.172663,742,242.88,47.77,189.9,37.51,46.49,0.38621,0.000215,90.31
925,872.64,493.05,16.879379,58.649026,1064,228.49,52.95,207.79,28.74,46.64,0.41011,0.000251,105.32
926,891.77,489.19,16.940488,58.95189,161,113.8,76.81,539.05,6.11,56.55,0.44675,0.000405,170.28
927,1013.07,491.08,16.910587,60.872135,972,-13.36,10.7,31.13,29.85,13.47,0.65453,0.000396,166.18
928,1040.22,495.42,16.841892,61.301937,749,-10.17,3.87,9.02,75.29,3.43,0.63649,0.000245,102.98
929,1068.77,494.71,16.853073,61.753927,924,-3.17,6.61,15.22,105.59,9.58,0.59073,0.000228,95.58
930,1101.62,490.4,16.921297,62.274062,1376,3.4,9.83,20.72,107.5,15.22,0.54201,0.000209,87.7
931,1139.13,493.5,16.87227,62.867916,889,7.86,8.78,21.23,114.86,13.86,0.55576,0.000214,89.92
932,1165.39,490.73,16.916081,63.283598,1065,28.21,14.93,33.31,137.7,25.62,0.46186,0.000178,74.73
933,1203.37,500.02,16.769099,63.884865,1231,7.38,5.37,15.58,108.24,7.73,0.60756,0.000234,98.3
934,1237.33,500.79,16.756882,64.422448,835,153.01,52.57,221.74,103.88,49.95,0.2953,0.000114,47.78
935,1262.03,490.84,16.914452,64.81341,1130,628.71,66.57,362.56,133.2,59.52,0.22361,8.6e-05,36.18
936,1298.52,493.05,16.8795,65.391066,1222,429.12,41.85,166.57,167.26,52.29,0.28654,0.00011,46.36
937,1328.16,491.48,16.904303,65.860334,874,336.57,37.34,115.09,208.22,49.83,0.30697,0.000118,49.67
938,1358.82,496.98,16.817252,66.34581,870,419.78,54.01,211.09,248.97,53.8,0.2752,0.000106,44.53
939,1385.57,503.23,16.718288,66.76917,1073,444.77,51.75,202.59,287.67,53.67,0.27577,0.000106,44.62
940,1414.68,489.85,16.930059,67.230099,1177,490.84,57.27,246.48,343.5,55.54,0.26096,0.000101,42.22
941,1459.4,496.21,16.829344,67.938065,924,251.01,27.59,76.28,414.01,47.86,0.3237,0.000125,52.37
942,1491.15,493.5,16.872288,68.440607,947,258.65,36.63,126.32,468.94,49.69,0.30933,0.000119,50.05
943,1519.83,495.1,16.846906,68.894725,876,407.6,64.68,317.43,512.27,57.48,0.24785,9.5e-05,40.1
944,1544.62,500.69,16.75844,69.287157,789,758.74,63.48,336.52,507.97,60.58,0.21981,8.5e-05,35.56
945,1576.44,501.15,16.751181,69.790862,1249,634.78,61.54,295.12,461.23,58.26,0.23859,9.2e-05,38.6
946,1607.97,487.27,16.970911,70.290087,1167,437.8,58.81,260.74,401.57,55.68,0.26076,0.0001,42.19
947,1642.34,497.16,16.814413,70.834117,1132,435.2,57.81,336.85,363.81,58.36,0.24094,9.3e-05,38.98
948,1675.06,491.73,16.900302,71.352058,1104,1229.91,73.33,556.36,315.71,71.62,0.1372,5.3e-05,22.2
949,1708.36,498.31,16.796208,71.879354,950,1121.73,73.32,529.94,287.79,69.94,0.14973,5.8e-05,24.23
950,1740.52,499.44,16.778244,72.388454,1204,1065.77,74.21,599.54,257.35,72.01,0.13689,5.3e-05,22.15
951,1776.72,491.22,16.908405,72.961535,1013,447.93,66.2,437.18,211.68,61.99,0.21434,8.3e-05,34.68
952,1807.06,502.07,16.73657,73.441873,980,367.84,60.72,335.9,210.32,57.86,0.24566,9.5e-05,39.75
953,1838.13,495.66,16.838171,73.933695,967,260.88,59.2,336.44,180.47,57.13,0.25268,9.7e-05,40.88
954,1870.0,492.76,16.884046,74.438279,1148,778.62,72.79,764.92,132.71,74.77,0.11863,4.6e-05,19.19
955,1903.13,495.47,16.841128,74.962725,1203,915.8,77.7,850.07,86.34,75.61,0.11107,4.3e-05,17.97
956,1937.89,494.18,16.861481,75.512964,977,972.76,78.31,849.6,56.64,74.68,0.12994,5.7e-05,23.87
957,1961.41,498.77,16.788924,75.885371,839,839.2,77.42,701.17,73.62,70.31,0.13297,5.1e-05,21.51
958,1991.65,495.67,16.837922,76.364074,922,509.62,72.58,531.2,78.86,62.25,0.19314,7.4e-05,31.25
959,2023.34,495.99,16.832908,76.865682,1006,183.09,58.28,302.46,79.64,51.93,0.27356,0.000105,44.26
960,2056.33,496.91,16.818317,77.387963,1119,463.87,64.1,364.8,88.99,56.5,0.23749,9.1e-05,38.42
961,2089.93,491.47,16.904456,77.919924,1193,324.9,66.98,473.45,69.69,58.52,0.22024,8.5e-05,35.63
962,2122.54,496.14,16.830486,78.436251,964,310.45,67.24,389.2,58.17,54.93,0.26309,0.000113,47.27
963,2159.66,495.23,16.844966,79.023821,826,115.32,53.18,207.22,39.4,46.31,0.38457,0.00021,88.02
964,2194.15,495.16,16.845939,79.569832,861,278.76,70.14,495.47,29.41,57.19,0.32239,0.000196,82.22
965,2226.93,498.47,16.79357,80.088732,592,125.29,66.99,332.19,12.98,49.62,0.45892,0.000362,151.89
966,2254.66,506.08,16.673216,80.52781,252,27.08,64.5,280.04,5.91,46.78,0.53359,0.000486,204.16
967,2279.44,510.62,16.601249,80.920086,206,92.83,69.98,440.91,7.07,52.98,0.47091,0.000419,176.19
968,2299.87,516.64,16.506046,81.243443,211,25.92,62.55,271.61,6.53,46.5,0.53174,0.000479,201.04
969,2367.15,510.56,16.60218,82.308528,144,-36.93,22.48,62.27,11.12,33.05,0.58117,0.000477,200.25
970,2377.6,507.87,16.644786,82.474063,264,-40.69,21.63,48.32,9.26,31.04,0.6071,0.000518,217.43
971,4382.6,502.22,16.73425,114.215136,50,-40.96,41.59,634.91,5.02,58.82,0.43768,0.000405,170.31
972,4392.62,497.91,16.802478,114.373757,234,-37.33,32.6,582.21,7.06,57.07,0.43866,0.000391,164.15
973,14.99,513.83,16.550407,45.071636,377,115.61,73.18,555.19,6.97,57.17,0.43576,0.000389,163.35
974,43.52,532.24,16.259005,45.523227,896,303.77,71.52,440.14,19.6,54.97,0.368,0.000248,104.01
975,81.79,526.36,16.352057,46.129137,1041,606.42,54.83,204.77,58.3,50.46,0.29196,0.000125,52.36
976,111.66,532.04,16.262159,46.602023,957,346.96,67.1,416.76,21.09,54.51,0.3654,0.000241,101.16
977,153.95,532.94,16.247849,47.271528,578,364.97,54.96,416.13,16.15,54.39,0.39399,0.000289,121.28
978,176.06,527.33,16.336784,47.621469,774,346.21,39.31,141.92,29.88,45.17,0.41695,0.000252,105.83
979,193.65,516.94,16.501228,47.899971,429,211.88,51.51,304.05,14.38,49.29,0.45079,0.000344,144.59
980,244.12,530.86,16.280789,48.698982,419,220.31,63.54,381.25,13.73,52.05,0.43181,0.000335,140.55
981,269.94,522.35,16.415529,49.107753,1012,322.7,25.99,69.01,48.46,43.24,0.38047,0.000186,78.05
982,303.64,520.81,16.439905,49.641231,936,274.56,41.85,154.46,36.15,45.4,0.39846,0.000225,94.59
983,321.7,528.44,16.319191,49.927069,267,67.95,67.33,335.87,7.54,49.11,0.50132,0.000442,185.84
984,364.53,525.68,16.362803,50.605194,720,66.32,47.08,174.0,17.31,43.81,0.4801,0.000342,143.72
985,393.14,529.26,16.306134,51.058051,1118,89.53,41.26,117.43,27.24,42.41,0.45216,0.000281,117.89
986,425.68,525.16,16.371152,51.573254,622,30.5,39.79,110.93,18.1,41.37,0.49631,0.000347,145.71
987,501.24,525.61,16.363908,52.769477,533,91.27,41.58,180.11,14.28,44.07,0.49816,0.000381,160.15
988,530.2,519.28,16.464103,53.227831,696,41.03,37.51,115.07,18.79,41.62,0.48925,0.000336,141.17
989,554.94,517.97,16.48492,53.619605,394,12.7,47.59,157.55,9.47,42.51,0.5465,0.000464,194.89
990,576.75,526.62,16.347895,53.964813,8,-62.94,33.72,117.06,1.84,40.22,0.62252,0.000611,256.69
991,659.22,515.11,16.530168,55.270367,458,19.82,47.34,184.13,11.63,43.6,0.5218,0.000423,177.85
992,687.76,527.58,16.332816,55.722248,703,155.24,47.27,163.66,28.31,44.55,0.42996,0.000264,110.9
993,713.88,520.7,16.441649,56.135716,959,167.87,32.77,94.92,38.59,42.66,0.41593,0.000229,96.08
994,747.85,528.52,16.317875,56.673533,963,76.58,45.54,164.63,14.21,43.41,0.50456,0.000387,162.46
995,784.52,532.16,16.260304,57.254041,855,85.93,41.89,144.71,21.8,43.11,0.46219,0.000303,127.1
996,809.29,523.81,16.392482,57.646085,888,155.08,38.65,136.57,33.87,43.84,0.41991,0.000243,102.19
997,842.1,528.8,16.313433,58.165502,1383,180.59,30.43,79.52,71.31,43.66,0.33548,0.000129,54.28
998,877.35,530.9,16.280228,58.723528,1292,186.38,34.95,103.75,43.03,43.3,0.39771,0.000208,87.24
999,900.45,532.24,16.259025,59.089315,377,26.05,52.32,208.99,10.76,44.48,0.52003,0.00043,180.55
1000,990.12,527.51,16.333815,60.508867,208,-56.05,9.95,39.17,6.42,11.18,0.80981,0.000731,306.83
1001,1005.27,522.64,16.411029,60.748669,799,-40.22,6.04,17.11,25.95,4.9,0.7457,0.000469,196.95
1002,1035.21,520.31,16.447887,61.222642,829,-28.51,4.69,10.74,55.01,3.82,0.66191,0.000296,124.42
1003,1070.78,523.78,16.392857,61.785718,1060,-34.93,4.89,11.41,58.56,4.28,0.64661,0.000275,115.53
1004,1108.09,530.81,16.281616,62.376517,1078,-35.58,5.68,14.03,39.03,4.81,0.7041,0.000385,161.83
1005,1133.05,520.99,16.437168,62.77163,1135,-13.6,5.62,14.58,68.99,6.22,0.60993,0.000235,98.68
1006,1168.76,529.26,16.306197,63.336863,1309,-5.71,4.56,11.45,78.75,4.83,0.62486,0.000241,101.1
1007,1199.56,532.49,16.255115,63.824536,943,-6.09,3.86,9.46,56.28,2.61,0.6683,0.000294,123.4
1008,1229.11,526.27,16.353438,64.292297,833,5.52,14.76,42.87,58.15,21.98,0.49291,0.000211,88.6
1009,1261.31,530.76,16.282357,64.80201,1191,297.37,58.56,267.8,75.03,51.29,0.27544,0.000106,44.57
1010,1294.48,525.73,16.361986,65.327187,1230,451.67,52.1,223.85,126.94,53.11,0.27224,0.000105,44.05
1011,1330.85,525.95,16.358553,65.902954,1161,341.15,28.98,140.65,184.45,50.77,0.29965,0.000115,48.48
1012,1358.35,532.45,16.255722,66.338343,959,595.28,64.7,296.59,227.36,58.04,0.24082,9.3e-05,38.96
1013,1391.13,534.29,16.226627,66.857173,1171,395.69,54.06,197.39,282.78,53.15,0.28052,0.000108,45.39
1014,1428.28,520.04,16.452123,67.445334,1165,306.95,51.88,202.53,351.28,52.72,0.28522,0.00011,46.15
1015,1461.41,522.92,16.406598,67.9698,975,176.67,18.96,46.66,407.24,34.66,0.39048,0.00015,63.18
1016,1492.12,531.5,16.270752,68.45594,1205,147.16,8.38,26.33,458.35,16.23,0.54459,0.00021,88.11
1017,1523.48,529.99,16.294612,68.952514,976,305.52,50.96,217.44,511.55,53.23,0.28131,0.000108,45.52
1018,1553.01,528.81,16.313279,69.419965,982,771.44,68.85,385.1,521.05,62.39,0.20668,8e-05,33.44
1019,1588.66,534.41,16.224632,69.984317,1143,566.92,60.86,293.43,477.61,57.73,0.24352,9.4e-05,39.4
1020,1616.25,522.35,16.415569,70.421093,1005,209.34,39.2,165.39,427.16,50.73,0.30207,0.000116,48.87
1021,1647.36,529.8,16.297571,70.913601,1086,177.81,33.67,137.55,397.29,49.52,0.31192,0.00012,50.47
1022,1680.44,525.31,16.368688,71.437363,1165,561.08,63.74,376.22,354.57,60.62,0.22252,8.6e-05,36.0
1023,1715.23,528.54,16.317567,71.98803,895,926.91,69.55,454.37,324.41,65.92,0.17969,6.9e-05,29.07
1024,1744.1,531.99,16.262985,72.44508,873,1388.61,76.61,963.67,301.27,82.04,0.08066,3.1e-05,13.05
1025,1776.94,523.09,16.403876,72.964986,1092,1711.13,81.41,1204.9,262.66,84.28,0.06422,2.5e-05,10.39
1026,1809.86,533.51,16.238962,73.486199,994,974.89,75.61,698.55,254.49,74.88,0.1197,4.6e-05,19.37
1027,1844.08,525.75,16.361731,74.02795,1177,762.62,73.69,597.5,199.84,69.84,0.15536,6e-05,25.14
1028,1876.23,527.94,16.327135,74.536796,896,1417.82,78.13,747.68,158.71,79.69,0.0848,3.3e-05,13.72
1029,1902.08,530.23,16.290784,74.946144,774,1300.61,78.11,762.03,134.93,78.38,0.08986,3.5e-05,14.54
1030,1930.05,524.65,16.379085,75.388907,1017,1050.8,76.78,756.53,110.47,75.37,0.10597,4.1e-05,17.15
1031,1970.2,524.38,16.383366,76.024423,939,593.44,71.85,510.71,119.81,63.92,0.18969,7.3e-05,30.69
1032,1998.17,528.64,16.316048,76.467288,991,291.16,67.96,368.34,136.41,57.53,0.24407,9.4e-05,39.49
1033,2030.49,530.66,16.284035,76.978979,1155,136.73,43.49,185.1,140.8,50.18,0.3032,0.000117,49.06
1034,2060.85,528.87,16.31236,77.459516,921,97.57,37.36,132.94,142.69,48.15,0.32013,0.000123,51.8
1035,2095.43,525.94,16.358799,78.007063,1067,109.41,41.83,155.18,122.49,48.12,0.31494,0.000121,50.96
1036,2127.83,522.61,16.411533,78.519941,965,73.17,31.81,92.79,99.33,44.63,0.33692,0.00013,54.51
1037,2161.68,521.34,16.431633,79.055827,1052,23.65,15.76,43.8,82.0,24.86,0.45301,0.000175,73.29
1038,2191.89,534.18,16.228331,79.534034,1104,-2.68,13.02,34.76,91.64,20.24,0.49475,0.000191,80.05
1039,2215.91,520.31,16.447882,79.914299,977,182.94,53.45,290.65,53.2,50.34,0.31333,0.000144,60.38
1040,2245.89,528.32,16.321062,80.3889,1100,144.12,57.52,298.14,43.0,49.88,0.3453,0.00018,75.77
1041,2276.58,530.04,16.293859,80.874738,913,220.89,65.27,392.82,37.05,53.5,0.33164,0.000186,77.94
1042,2311.4,535.2,16.212162,81.42604,543,184.13,67.38,529.83,14.89,57.1,0.38311,0.000289,121.46
1043,2364.61,523.55,16.396566,82.26834,247,-9.54,46.39,115.2,9.26,40.85,0.56304,0.00048,201.65
1044,2378.14,529.9,16.296088,82.482599,410,-28.17,30.99,80.97,9.89,39.54,0.57057,0.00048,201.72
1045,4383.06,510.23,16.607432,114.222381,52,-46.93,35.51,244.33,5.3,44.98,0.55506,0.000512,214.85
1046,4391.02,509.77,16.614796,114.348363,64,-48.06,37.48,582.26,4.59,56.89,0.45694,0.000427,179.24
1047,16.88,560.9,15.80528,45.101579,1116,738.25,74.31,661.3,23.05,65.95,0.2646,0.000171,71.9
1048,51.61,559.98,15.819796,45.651314,731,384.2,77.8,745.43,10.72,65.93,0.33554,0.000278,116.6
1049,76.63,554.73,15.902915,46.047407,671,595.68,60.77,327.0,30.23,53.46,0.34438,0.000207,87.09
1050,100.03,559.1,15.833712,46.417801,545,398.19,75.72,667.62,14.93,63.46,0.32836,0.000248,104.0
1051,143.15,558.3,15.846449,47.100548,510,225.69,67.28,565.96,9.36,58.42,0.40765,0.000347,145.7
1052,170.55,552.84,15.932914,47.534254,612,261.57,58.78,389.16,14.39,52.64,0.42176,0.000322,135.25
1053,240.23,554.33,15.909329,48.637445,503,158.86,64.83,337.19,11.18,49.95,0.46768,0.000383,160.94
1054,269.91,550.52,15.969662,49.107288,911,206.55,48.99,185.34,24.84,45.52,0.43097,0.000274,115.08
1055,297.39,551.92,15.94746,49.542266,757,191.19,49.56,203.55,21.73,45.92,0.43688,0.000286,120.22
1056,316.59,547.29,16.020785,49.846283,219,92.96,63.44,294.63,7.96,47.85,0.50892,0.000445,187.1
1057,372.24,549.87,15.979879,50.727227,366,48.36,62.25,254.49,8.76,46.15,0.51891,0.000447,187.74
1058,390.52,559.15,15.833022,51.016586,189,-37.09,48.93,138.69,3.64,41.24,0.59996,0.00057,239.5
1059,415.92,542.03,16.104033,51.418677,206,-1.96,46.2,141.02,8.96,41.8,0.5566,0.000478,200.56
1060,521.81,538.39,16.161609,53.095081,334,48.19,57.18,209.75,10.12,44.63,0.52275,0.000438,183.94
1061,675.31,540.38,16.130119,55.525073,257,27.27,56.48,194.15,9.24,43.9,0.53566,0.000457,191.92
1062,693.88,554.83,15.901426,55.819076,330,25.86,54.82,213.73,8.09,44.53,0.53818,0.00047,197.34
1063,720.9,553.4,15.923995,56.246882,1083,97.49,47.23,153.47,17.73,43.32,0.48089,0.000339,142.48
1064,753.8,562.4,15.781575,56.767756,1058,155.23,29.11,85.79,44.42,42.51,0.40079,0.000206,86.46
1065,781.39,562.18,15.785077,57.204448,928,113.31,19.91,47.31,59.24,31.44,0.40939,0.000172,72.42
1066,811.55,559.92,15.820749,57.681935,1097,98.07,15.02,34.78,86.72,24.02,0.45978,0.000177,74.39
1067,849.36,563.49,15.764277,58.280436,960,101.03,23.76,56.17,93.48,39.57,0.35325,0.000136,57.16
1068,877.74,564.19,15.753143,58.729752,856,50.97,23.8,60.75,65.83,38.21,0.35797,0.000138,57.92
1069,907.06,556.15,15.880415,59.193899,751,8.39,21.34,68.14,30.51,32.55,0.48582,0.000292,122.51
1070,923.75,563.95,15.756981,59.458103,268,-32.23,15.99,72.08,12.23,22.74,0.65921,0.000528,221.79
1071,1012.21,545.49,16.049271,60.858537,428,-49.62,7.4,29.11,13.48,6.95,0.79551,0.00062,260.39
1072,1041.74,543.91,16.074264,61.326115,741,-50.3,5.4,13.3,18.77,3.31,0.78945,0.000543,227.9
1073,1078.71,547.69,16.014471,61.911398,756,-49.66,5.34,12.68,18.95,3.2,0.78909,0.00054,226.76
1074,1112.08,554.55,15.90576,62.439613,374,-56.71,6.0,14.14,10.46,3.92,0.84747,0.000705,296.09
1075,1130.59,560.13,15.817458,62.732622,518,-51.52,5.37,12.97,17.52,3.19,0.80015,0.000567,238.3
1076,1158.0,556.54,15.874311,63.166568,861,-39.06,7.31,18.15,33.71,7.38,0.69776,0.000405,170.1
1077,1200.96,555.99,15.882988,63.846739,621,-36.94,11.14,30.66,19.49,13.54,0.68938,0.000465,195.39
1078,1236.28,555.77,15.886433,64.405815,811,-19.23,22.8,65.32,19.06,34.17,0.51884,0.000354,148.68
1079,1270.76,566.77,15.712426,64.951679,961,607.63,71.55,484.41,68.68,60.82,0.19938,7.7e-05,32.26
1080,1294.15,557.48,15.859365,65.321904,913,660.93,63.08,329.17,110.0,57.54,0.23198,8.9e-05,37.53
1081,1321.83,561.14,15.801551,65.760128,1036,627.31,61.63,275.4,157.8,57.51,0.24422,9.4e-05,39.51
1082,1354.73,566.7,15.713538,66.280969,1163,658.75,55.72,226.83,215.15,56.01,0.25485,9.8e-05,41.23
1083,1393.07,561.84,15.790357,66.887916,963,518.39,57.8,216.22,281.95,54.67,0.26711,0.000103,43.22
1084,1427.95,552.33,15.940968,67.440141,1141,305.6,41.94,157.65,343.32,51.12,0.29749,0.000115,48.13
1085,1459.86,557.87,15.853215,67.945348,1099,178.73,20.05,69.48,394.98,37.28,0.36941,0.000142,59.77
1086,1490.87,562.0,15.787919,68.436186,717,126.82,5.7,14.81,439.75,11.26,0.58834,0.000227,95.19
1087,1520.56,560.47,15.812106,68.906292,931,135.24,15.19,55.52,485.43,28.45,0.44165,0.00017,71.46
1088,1550.21,564.12,15.754249,69.375584,1064,352.5,55.12,301.1,524.99,56.52,0.25583,9.9e-05,41.39
1089,1582.87,564.71,15.744941,69.892713,1066,466.54,54.95,238.6,520.1,55.1,0.26468,0.000102,42.82
1090,1618.72,559.47,15.827861,70.460258,1143,238.06,56.0,260.37,469.39,54.29,0.27439,0.000106,44.39
1091,1651.71,565.27,15.736176,70.982494,1197,142.04,33.38,111.11,440.63,48.34,0.32174,0.000124,52.06
1092,1682.16,562.8,15.775182,71.464463,1009,179.75,30.05,85.93,406.62,47.71,0.32606,0.000126,52.76
1093,1707.47,557.1,15.865497,71.865253,1033,288.72,47.91,234.27,372.96,53.71,0.27794,0.000107,44.97
1094,1744.11,558.02,15.850888,72.4453,765,405.18,56.93,303.01,341.56,56.95,0.2518,9.7e-05,40.74
1095,1772.65,553.15,15.927985,72.897009,889,945.47,72.0,909.61,314.19,78.97,0.10446,4e-05,16.9
1096,1808.01,558.38,15.845211,73.456932,899,927.95,69.09,566.38,283.83,69.88,0.15278,5.9e-05,24.72
1097,1841.05,562.19,15.784823,73.979986,1048,1061.95,72.93,538.21,244.45,69.82,0.15136,5.8e-05,24.49
1098,1875.59,556.88,15.868882,74.526746,1068,1368.28,76.98,674.2,199.16,76.75,0.10302,4e-05,16.67
1099,1907.76,563.5,15.764162,75.036052,946,809.14,70.0,608.34,184.73,70.55,0.15001,5.8e-05,24.27
1100,1933.24,554.02,15.914133,75.439299,812,476.39,59.07,348.41,160.15,59.05,0.23523,9.1e-05,38.06
1101,1961.85,555.06,15.897743,75.892231,1102,477.65,61.86,288.14,166.42,56.93,0.25085,9.7e-05,40.59
1102,1997.8,557.1,15.865481,76.461409,951,286.1,52.26,182.16,185.28,51.85,0.29218,0.000113,47.27
1103,2027.97,565.64,15.730266,76.93906,831,163.04,41.78,143.56,201.27,49.64,0.31128,0.00012,50.36
1104,2058.6,555.75,15.886764,77.423986,868,104.42,34.64,109.35,188.21,48.02,0.32488,0.000125,52.56
1105,2095.63,555.84,15.88542,78.010147,1231,31.16,17.52,41.4,171.55,31.09,0.42207,0.000163,68.29
1106,2128.22,561.4,15.797438,78.526058,1076,9.21,14.95,35.11,164.22,26.47,0.46058,0.000177,74.52
1107,2155.5,550.61,15.968225,78.958032,984,-10.88,8.23,20.22,133.36,13.6,0.56362,0.000217,91.19
1108,2184.87,567.69,15.697739,79.423,1087,-33.79,3.93,9.46,118.55,5.29,0.63297,0.000244,102.41
1109,2216.23,558.74,15.839524,79.919396,914,-36.93,7.0,18.38,90.73,9.43,0.58833,0.000227,95.19
1110,2250.6,563.82,15.759046,80.463479,1302,-33.82,10.29,28.45,48.55,13.38,0.59709,0.000291,122.34
1111,2289.79,555.37,15.892904,81.083963,1157,330.22,58.37,542.31,50.23,60.13,0.24448,0.000117,49.02
1112,2324.04,556.43,15.876081,81.626165,794,261.85,73.83,541.42,20.56,58.3,0.33796,0.000224,94.03
1113,2351.77,567.04,15.708152,82.065116,892,116.93,62.83,313.83,15.71,49.04,0.44566,0.00033,138.62
1114,2373.27,563.48,15.764523,82.405401,381,21.07,57.38,239.1,8.18,45.39,0.53005,0.000462,194.02
1115,4377.0,567.0,15.70872,114.126482,49,-74.47,69.19,1418.12,3.0,65.13,0.41204,0.000396,166.41
1116,11.92,586.98,15.392491,45.023007,527,600.46,78.34,818.62,17.52,70.32,0.2683,0.00019,79.91
1117,42.24,583.34,15.450077,45.503021,530,547.89,79.98,879.49,12.89,69.8,0.3015,0.000238,99.99
1118,76.41,574.18,15.59504,46.043935,271,245.73,75.99,652.56,8.72,61.6,0.38544,0.000332,139.56
1119,181.62,605.53,15.098736,47.70953,145,181.65,80.42,806.25,6.47,66.49,0.37124,0.000335,140.52
1120,200.37,609.14,15.041577,48.00639,459,289.31,69.14,445.19,13.68,54.78,0.40822,0.000317,133.02
1121,240.15,605.72,15.095721,48.636117,438,197.92,60.38,345.75,11.62,50.54,0.459,0.000373,156.48
1122,262.87,606.81,15.078456,48.99582,266,100.06,61.13,263.9,10.48,46.92,0.49947,0.000415,174.43
1123,304.93,599.98,15.186687,49.661577,366,98.21,57.3,243.47,11.14,46.21,0.50107,0.000411,172.58
1124,327.89,600.84,15.173052,50.025088,349,10.75,55.26,187.2,7.66,43.46,0.55082,0.000485,203.71
1125,363.42,584.95,15.424475,50.587645,111,-14.36,62.93,213.04,3.85,44.04,0.57305,0.000543,227.88
1126,406.23,606.44,15.084346,51.265315,300,-36.43,27.42,92.29,7.46,39.77,0.58587,0.000518,217.53
1127,606.08,613.7,14.969419,54.429193,263,89.94,53.4,228.63,13.44,45.73,0.48959,0.000382,160.4
1128,621.5,607.6,15.065955,54.673249,118,126.8,71.35,428.76,7.25,52.79,0.47068,0.000418,175.48
1129,638.83,611.79,14.999594,54.947533,155,161.19,61.89,476.76,8.63,54.79,0.44388,0.000383,161.01
1130,704.35,577.32,15.545326,55.984793,548,142.77,48.82,245.43,16.39,46.83,0.4593,0.000335,140.58
1131,723.71,596.45,15.242508,56.291386,928,264.04,42.53,173.57,30.95,45.77,0.41036,0.000245,103.01
1132,748.61,589.89,15.34635,56.685518,999,230.49,43.6,150.17,57.29,45.88,0.33648,0.000146,61.24
1133,787.7,595.68,15.254715,57.304405,1091,117.33,23.7,60.46,87.23,39.45,0.35165,0.000135,56.9
1134,818.42,586.6,15.398414,57.790689,840,118.07,27.72,66.37,107.81,44.39,0.34034,0.000131,55.07
1135,843.64,590.79,15.332083,58.189866,699,95.59,25.05,63.54,70.96,40.93,0.34925,0.000135,56.51
1136,874.97,590.37,15.338773,58.685871,776,-3.56,14.61,37.48,36.35,20.51,0.57168,0.000322,135.41
1137,904.94,585.54,15.415231,59.160447,681,-29.32,10.63,33.77,20.3,12.91,0.69029,0.000458,192.54
1138,925.11,579.46,15.511448,59.479709,180,-43.39,14.56,47.69,9.63,19.33,0.70971,0.000601,252.26
1139,1137.4,571.6,15.635973,62.840525,42,-60.83,6.18,19.83,2.76,4.05,0.90613,0.000875,367.55
1140,1165.71,574.19,15.594898,63.288602,374,-51.77,8.31,51.35,13.37,9.23,0.775,0.000605,254.3
1141,1184.98,572.68,15.618848,63.593693,356,-43.96,10.33,38.98,14.34,12.22,0.73984,0.000566,237.52
1142,1237.13,593.96,15.281854,64.419328,472,-38.06,14.9,50.9,13.39,20.21,0.67384,0.000526,221.01
1143,1259.28,587.67,15.381479,64.769981,939,186.63,55.56,305.58,49.71,50.74,0.31956,0.000154,64.51
1144,1299.11,597.34,15.228457,65.400467,1033,1012.61,71.28,492.64,115.77,66.01,0.16837,6.5e-05,27.24
1145,1326.01,590.63,15.334589,65.826251,798,1051.33,66.2,308.23,163.07,61.61,0.20808,8e-05,33.67
1146,1360.15,596.59,15.240217,66.366811,909,1016.46,69.88,416.19,212.84,65.19,0.18345,7.1e-05,29.68
1147,1389.21,587.42,15.385411,66.826831,852,729.05,61.18,259.79,265.22,57.66,0.24153,9.3e-05,39.08
1148,1418.28,586.9,15.39369,67.287057,896,678.41,59.04,237.7,310.0,56.53,0.25068,9.7e-05,40.56
1149,1450.36,588.64,15.366127,67.794932,1063,484.53,56.4,238.11,355.07,55.2,0.2636,0.000102,42.65
1150,1485.62,587.78,15.379797,68.353052,938,246.71,37.39,178.65,408.69,51.46,0.29585,0.000114,47.87
1151,1514.06,591.54,15.320249,68.803269,906,231.96,48.41,164.52,450.03,50.85,0.30074,0.000116,48.66
1152,1552.35,591.43,15.321895,69.409522,796,134.13,28.43,104.55,511.53,48.06,0.3241,0.000125,52.44
1153,1583.26,596.02,15.249254,69.898901,904,223.6,49.93,220.77,546.56,52.79,0.28602,0.00011,46.28
1154,1614.68,592.84,15.29972,70.396224,1136,391.46,62.49,293.72,518.29,56.53,0.25515,9.8e-05,41.28
1155,1647.87,599.24,15.198342,70.921659,1016,273.83,57.23,240.73,493.18,53.84,0.27721,0.000107,44.85
1156,1681.16,596.78,15.237348,71.448642,1197,205.01,40.28,119.14,456.18,49.06,0.31508,0.000121,50.98
1157,1714.02,597.86,15.220118,71.968863,990,368.89,57.92,219.81,427.61,53.76,0.27633,0.000106,44.71
1158,1737.42,583.23,15.451817,72.339322,1062,240.57,31.71,100.49,386.54,48.65,0.31772,0.000122,51.41
1159,1773.59,586.51,15.399911,72.911921,1358,290.13,36.86,109.45,360.08,49.31,0.31177,0.00012,50.44
1160,1811.79,587.08,15.390768,73.516752,1141,283.64,42.19,149.37,311.49,50.68,0.30127,0.000116,48.74
1161,1844.23,595.5,15.257537,74.030283,972,320.7,48.25,290.69,285.45,55.93,0.26072,0.0001,42.18
1162,1872.69,588.36,15.370569,74.480799,1072,674.06,65.65,469.8,248.72,64.71,0.19173,7.4e-05,31.02
1163,1902.82,595.77,15.253196,74.957853,992,379.74,56.44,240.51,241.4,54.56,0.27007,0.000104,43.7
1164,1934.43,588.99,15.360583,75.458255,987,223.61,38.72,140.69,221.08,49.95,0.30785,0.000119,49.81
1165,1966.7,585.16,15.421229,75.969121,1056,289.03,46.91,163.57,219.58,51.22,0.29702,0.000114,48.06
1166,2003.68,587.2,15.388931,76.554489,1074,269.2,43.98,132.19,237.8,49.97,0.30698,0.000118,49.67
1167,2035.44,595.92,15.250867,77.057308,1017,151.78,34.86,104.81,255.08,48.19,0.32278,0.000124,52.23
1168,2067.23,584.14,15.437405,77.560554,1165,102.17,29.94,83.66,233.57,47.1,0.33218,0.000128,53.75
1169,2095.36,595.28,15.261022,78.005887,1240,68.31,33.17,110.51,229.0,47.81,0.32711,0.000126,52.93
1170,2127.61,594.71,15.269984,78.516516,828,9.71,12.27,28.45,183.01,21.8,0.49974,0.000193,80.86
1171,2155.72,585.2,15.420549,78.961456,1005,-10.0,7.67,18.24,142.68,13.04,0.57126,0.00022,92.43
1172,2196.86,597.18,15.230975,79.612749,984,-36.69,4.01,8.98,70.24,3.24,0.63716,0.000245,103.09
1173,2223.07,585.64,15.413682,80.027687,757,-50.55,3.39,7.66,56.08,1.45,0.68032,0.0003,125.97
1174,2245.84,596.04,15.249005,80.388095,719,-58.04,1.93,4.68,18.82,0.0,0.83986,0.000577,242.15
1175,2284.82,583.26,15.451257,81.005185,870,-42.9,11.74,32.0,18.87,14.53,0.68521,0.00047,197.31
1176,2315.84,588.36,15.370583,81.496253,955,-20.24,17.5,71.06,31.58,26.14,0.53758,0.000319,134.05
1177,2346.02,594.73,15.269685,81.974023,995,63.99,37.5,191.62,36.23,45.26,0.40299,0.000228,95.58
1178,2381.58,591.6,15.319244,82.537031,852,65.8,56.04,306.49,9.56,48.15,0.4958,0.00042,176.48
1179,2413.5,594.37,15.275474,83.042402,744,-28.34,28.75,99.2,9.05,40.14,0.57114,0.000489,205.43
1180,2445.23,597.24,15.230045,83.54461,186,-40.35,33.85,109.32,4.4,40.21,0.60383,0.000566,237.69
1181,2458.14,608.27,15.055379,83.74912,215,-32.42,24.81,79.44,8.69,37.43,0.58485,0.000505,211.9
1182,94.47,635.62,14.622456,46.329904,245,557.4,78.78,939.94,12.94,69.86,0.30053,0.000237,99.56
1183,113.97,630.15,14.709033,46.638561,339,248.37,77.67,722.15,8.83,64.08,0.36456,0.000314,131.71
1184,148.88,628.08,14.741738,47.19119,980,448.57,61.34,380.21,23.74,54.04,0.36012,0.000231,97.2
1185,178.08,622.91,14.823567,47.653532,779,476.45,56.4,265.77,31.18,50.51,0.36737,0.000219,91.99
1186,207.41,630.95,14.696398,48.117823,717,359.74,47.87,183.18,37.12,47.05,0.3808,0.000213,89.43
1187,232.2,623.6,14.812631,48.510175,850,310.65,40.17,143.45,37.65,45.33,0.39419,0.000219,92.03
1188,264.76,631.2,14.692352,49.025772,1009,196.54,45.96,166.82,24.81,44.79,0.43732,0.000278,116.81
1189,308.37,621.5,14.845996,49.716115,738,140.78,40.34,169.48,19.7,44.27,0.45866,0.000308,129.3
1190,336.22,626.39,14.768525,50.156968,919,61.09,37.34,123.28,21.22,42.16,0.47245,0.000311,130.64
1191,373.77,625.21,14.787149,50.751449,305,41.16,60.67,226.12,9.38,45.13,0.52367,0.000445,187.09
1192,393.85,620.99,14.853942,51.069372,666,70.26,40.58,135.98,19.36,42.59,0.47656,0.000323,135.52
1193,425.07,626.39,14.768559,51.563603,111,-35.98,48.84,147.72,3.68,41.57,0.5967,0.000567,238.02
1194,473.58,630.09,14.709869,52.331489,433,25.77,49.46,163.38,9.17,42.79,0.54587,0.000466,195.86
1195,487.21,629.97,14.711872,52.547293,220,-6.12,58.49,207.98,5.31,43.98,0.5631,0.000519,217.92
1196,520.96,624.71,14.795055,53.081639,531,46.84,44.35,145.03,15.11,42.55,0.50633,0.00038,159.71
1197,552.82,629.72,14.71586,53.585914,712,71.26,46.96,155.91,15.81,43.14,0.49602,0.000366,153.92
1198,588.91,628.51,14.734999,54.157368,956,81.06,39.72,122.53,25.85,42.47,0.45585,0.000287,120.52
1199,624.3,622.99,14.822351,54.71757,574,211.17,34.72,140.65,20.74,43.79,0.45734,0.000302,127.03
1200,645.33,625.69,14.779628,55.050514,263,119.98,66.8,407.78,8.33,52.05,0.4698,0.000408,171.45
1201,722.53,615.15,14.946439,56.272617,324,112.95,66.01,458.99,8.29,53.81,0.45525,0.000396,166.27
1202,758.52,620.59,14.860347,56.842368,833,96.73,46.89,192.24,22.67,44.91,0.4443,0.000288,121.16
1203,785.3,621.85,14.840322,57.266381,714,208.91,40.04,105.81,54.48,44.04,0.35926,0.000162,68.03
1204,810.72,628.48,14.735444,57.668825,962,140.29,30.66,80.13,62.09,42.99,0.34777,0.00014,58.92
1205,839.87,616.19,14.929977,58.130271,1052,26.92,22.51,58.47,56.0,35.39,0.39328,0.000174,72.91
1206,872.85,610.89,15.013891,58.652363,493,-37.72,15.92,45.11,11.82,21.62,0.67262,0.000544,228.32
1207,1237.91,619.02,14.885116,64.431571,322,-51.66,10.65,67.46,10.34,13.54,0.75775,0.000632,265.41
1208,1259.35,617.12,14.915222,64.77098,869,-24.55,13.84,54.67,43.64,20.02,0.55389,0.000287,120.62
1209,1289.52,625.46,14.78331,65.248637,1205,258.59,58.46,373.81,80.88,55.03,0.24946,9.6e-05,40.36
1210,1329.06,621.59,14.844576,65.874691,987,1375.62,72.37,524.59,144.42,70.92,0.13694,5.3e-05,22.16
1211,1360.4,624.31,14.801475,66.370719,1074,1306.26,72.85,482.11,189.67,69.52,0.14993,5.8e-05,24.26
1212,1396.09,621.66,14.84339,66.935782,1087,962.07,68.94,408.43,244.27,64.53,0.18878,7.3e-05,30.54
1213,1423.8,617.61,14.907529,67.374452,908,833.51,58.95,248.66,289.01,57.99,0.23751,9.1e-05,38.43
1214,1457.1,617.22,14.913708,67.901687,1175,697.41,64.61,335.03,340.86,60.11,0.22417,8.6e-05,36.27
1215,1490.62,623.84,14.80889,68.432313,1005,617.25,67.99,397.69,390.01,61.77,0.21341,8.2e-05,34.53
1216,1524.31,617.01,14.917054,68.965576,1079,478.48,63.53,334.5,448.85,58.57,0.2387,9.2e-05,38.62
1217,1554.58,619.15,14.883063,69.444782,945,332.29,54.51,263.99,496.02,55.07,0.26702,0.000103,43.2
1218,1582.95,628.84,14.7297,69.893924,1076,412.39,61.98,313.73,535.86,57.38,0.2485,9.6e-05,40.21
1219,1620.56,623.5,14.814222,70.489306,1008,563.48,70.71,454.38,554.85,63.4,0.20259,7.8e-05,32.78
1220,1654.34,629.77,14.714947,71.024042,814,396.98,67.58,360.1,530.29,58.91,0.23745,9.1e-05,38.42
1221,1681.21,629.57,14.718225,71.449436,785,155.71,43.05,152.63,504.17,49.9,0.30932,0.000119,50.05
1222,1707.27,629.05,14.726427,71.862099,820,259.08,43.19,129.27,481.44,49.79,0.30851,0.000119,49.91
1223,1739.07,619.17,14.882792,72.365489,1043,332.59,54.72,201.39,440.32,52.85,0.28378,0.000109,45.91
1224,1775.32,620.67,14.859138,72.93931,1152,361.7,59.97,285.42,398.09,56.03,0.25935,0.0001,41.96
1225,1809.19,622.04,14.837437,73.475541,1395,295.92,51.93,243.21,359.77,54.08,0.27504,0.000106,44.5
1226,1842.44,628.1,14.741431,74.001915,960,143.19,26.86,91.53,335.08,47.66,0.32708,0.000126,52.92
1227,1871.93,624.4,14.799987,74.468716,1002,240.6,49.39,170.29,306.24,51.12,0.29855,0.000115,48.3
1228,1909.81,620.7,14.858629,75.068408,907,165.91,36.3,118.0,281.21,48.75,0.31814,0.000123,51.47
1229,1938.5,628.5,14.735077,75.522698,1055,127.04,32.88,120.82,290.01,48.58,0.3201,0.000123,51.79
1230,1964.59,615.67,14.938222,75.93575,1019,136.35,35.37,110.15,271.06,48.27,0.3224,0.000124,52.16
1231,1994.19,619.7,14.874429,76.404327,1163,220.71,45.03,184.79,289.96,51.49,0.29599,0.000114,47.89
1232,2024.63,627.74,14.7472,76.886141,896,339.72,54.37,238.81,309.54,54.23,0.27323,0.000105,44.21
1233,2057.58,621.35,14.848258,77.407804,1201,210.91,51.58,195.03,290.74,51.79,0.29388,0.000113,47.55
1234,2099.34,629.61,14.717561,78.068831,1135,218.91,61.87,267.05,228.0,54.39,0.27391,0.000106,44.32
1235,2126.12,621.69,14.842992,78.492819,789,77.22,40.53,133.25,180.66,48.68,0.32017,0.000123,51.8
1236,2156.95,621.14,14.851593,78.980878,1250,-0.79,16.17,45.01,127.48,27.42,0.44458,0.000171,71.93
1237,2190.14,621.97,14.83844,79.506412,1120,-32.16,5.88,14.18,69.68,6.54,0.60769,0.000234,98.32
1238,2228.88,626.94,14.759762,80.119664,1019,-52.71,3.32,7.82,21.07,0.0,0.80932,0.000534,224.1
1239,2248.92,619.7,14.874501,80.436927,384,-59.68,2.71,6.41,6.94,0.0,0.9266,0.000828,347.56
1240,2266.07,641.65,14.526967,80.708337,378,-54.48,4.7,11.1,13.55,1.82,0.84358,0.000656,275.69
1241,2330.85,613.72,14.969071,81.733965,352,-51.08,10.93,31.59,10.28,12.72,0.76592,0.00064,268.61
1242,2361.58,621.33,14.84867,82.220443,844,13.94,33.6,125.81,19.77,41.85,0.48104,0.000322,135.36
1243,2387.7,619.01,14.885397,82.633951,708,244.49,60.7,452.27,31.85,55.53,0.32936,0.000195,81.9
1244,2411.69,622.44,14.831073,83.013673,798,49.85,49.37,239.0,22.38,46.22,0.43493,0.000283,118.94
1245,2442.5,624.11,14.804635,83.501493,442,-41.64,29.72,96.11,6.14,39.81,0.595,0.00054,226.66
1246,2464.21,621.72,14.842477,83.845134,110,-57.25,9.58,35.06,5.3,10.36,0.82613,0.000761,319.77
1247,83.31,653.65,14.336898,46.153194,781,338.59,68.62,526.11,19.84,58.26,0.33956,0.000227,95.37
1248,118.47,652.4,14.356708,46.709823,1015,885.09,74.61,564.19,28.91,63.79,0.26333,0.000161,67.51
1249,148.26,655.64,14.305442,47.181442,761,817.06,67.71,435.06,45.19,59.48,0.25464,0.00013,54.42
1250,178.73,654.91,14.317004,47.663841,1044,359.78,62.17,290.41,32.46,50.63,0.3648,0.000215,90.13
1251,214.44,653.77,14.335083,48.229066,714,233.66,56.01,198.5,31.24,46.46,0.4044,0.000241,101.2
1252,240.42,657.34,14.278614,48.640436,902,203.13,50.07,168.49,37.63,45.47,0.39493,0.00022,92.22
1253,268.86,659.63,14.242293,49.090565,741,144.92,44.34,153.4,26.23,44.02,0.44056,0.000276,116.04
1254,316.08,649.64,14.400419,49.838223,497,51.72,51.27,192.79,11.8,44.13,0.51541,0.000417,175.03
1255,338.87,657.51,14.275849,50.198931,850,-10.89,31.37,85.29,13.96,39.99,0.53768,0.000415,174.11
1256,370.42,652.55,14.354412,50.698347,865,37.21,42.66,130.89,18.49,42.14,0.48691,0.000337,141.56
1257,400.66,649.16,14.408022,51.177099,1145,101.57,41.75,123.07,33.56,42.98,0.4289,0.000249,104.73
1258,428.56,657.08,14.282611,51.618768,767,65.02,46.86,137.41,18.99,42.58,0.4792,0.000328,137.57
1259,451.65,666.49,14.133705,51.984328,378,19.66,52.14,180.19,9.84,43.38,0.53617,0.000452,189.76
1260,504.8,650.31,14.389883,52.825709,872,72.52,41.97,130.34,20.29,42.44,0.47255,0.000314,131.81
1261,532.97,653.52,14.339069,53.271666,1081,118.01,33.25,86.64,35.83,41.9,0.43105,0.000244,102.69
1262,565.27,654.89,14.317407,53.78306,873,85.44,39.56,126.8,20.04,42.4,0.47344,0.000315,132.37
1263,599.7,655.55,14.306892,54.32818,1057,134.67,48.81,175.78,33.96,45.09,0.40965,0.000237,99.6
1264,626.75,654.22,14.327992,54.756429,761,179.96,66.58,368.62,18.17,51.52,0.40756,0.000284,119.44
1265,653.96,656.58,14.290618,55.187141,438,175.28,68.47,406.56,13.67,52.63,0.42814,0.000332,139.55
1266,675.46,668.35,14.104194,55.527442,396,150.5,64.23,381.99,11.04,51.47,0.45588,0.000375,157.35
1267,769.17,645.74,14.462232,57.011068,236,55.51,46.45,305.44,9.49,48.04,0.49742,0.000422,177.31
1268,785.96,649.22,14.407075,57.276871,524,150.14,49.19,210.88,19.08,45.77,0.44998,0.000307,128.89
1269,813.52,655.97,14.300228,57.713159,612,59.57,36.7,163.48,17.18,43.39,0.48473,0.000347,145.56
1270,840.33,648.84,14.413101,58.137477,942,-18.65,14.7,43.93,26.62,20.35,0.60343,0.000377,158.32
1271,859.51,639.96,14.553714,58.441153,362,-45.75,13.11,32.75,10.61,16.42,0.72915,0.000605,253.95
1272,1248.37,638.59,14.575332,64.597154,172,-52.76,8.99,50.03,9.0,10.1,0.80003,0.000686,288.05
1273,1265.62,649.86,14.39696,64.87032,766,-39.53,10.91,31.91,24.32,13.41,0.67311,0.00043,180.65
1274,1294.6,659.18,14.24942,65.329135,961,74.73,33.47,104.04,60.63,43.32,0.35026,0.000144,60.68
1275,1326.42,651.28,14.37451,65.832763,1153,761.5,73.65,656.16,114.25,69.98,0.14493,5.6e-05,23.45
1276,1361.4,660.23,14.232794,66.386583,1151,1253.02,78.25,740.52,157.91,78.29,0.09511,3.7e-05,15.39
1277,1393.83,650.93,14.379968,66.899924,1115,1316.68,73.57,491.62,216.0,69.93,0.14708,5.7e-05,23.8
1278,1428.97,653.96,14.332,67.456343,1018,1270.24,69.16,402.08,270.16,66.44,0.17117,6.6e-05,27.69
1279,1458.76,650.19,14.391794,67.927932,1061,1061.74,72.12,494.77,320.66,68.28,0.16166,6.2e-05,26.16
1280,1487.14,653.2,14.344101,68.3771,843,1008.98,71.75,437.01,364.38,65.87,0.17883,6.9e-05,28.93
1281,1515.03,650.56,14.385827,68.818655,960,779.61,66.11,363.54,411.5,61.68,0.2116,8.2e-05,34.24
1282,1551.89,654.12,14.329455,69.40216,1310,622.34,66.09,365.79,469.0,60.67,0.22121,8.5e-05,35.79
1283,1587.76,662.13,14.202796,69.970131,927,288.96,45.33,183.07,521.93,51.9,0.29174,0.000112,47.2
1284,1610.24,650.64,14.384542,70.326004,805,400.11,60.63,324.8,565.71,57.69,0.24642,9.5e-05,39.87
1285,1640.49,653.59,14.337902,70.804882,897,464.62,63.98,301.24,577.63,57.3,0.24829,9.6e-05,40.17
1286,1673.2,659.49,14.244544,71.322624,1000,356.71,61.17,296.92,556.47,56.4,0.25665,9.9e-05,41.52
1287,1707.09,659.51,14.244216,71.859209,1026,199.46,49.54,270.7,527.85,54.38,0.27427,0.000106,44.38
1288,1740.87,652.06,14.36206,72.393936,1249,183.76,44.81,145.77,479.56,49.86,0.30923,0.000119,50.03
1289,1773.42,653.08,14.34605,72.909336,1103,243.99,49.66,163.08,441.43,50.89,0.30028,0.000116,48.58
1290,1807.38,661.48,14.213024,73.446831,1315,282.38,49.57,211.32,417.19,52.86,0.28454,0.00011,46.04
1291,1843.97,655.61,14.305977,74.02609,1019,283.52,51.4,189.78,376.29,52.1,0.2903,0.000112,46.97
1292,1877.88,659.8,14.239601,74.562995,751,340.48,52.69,209.34,360.99,53.19,0.28109,0.000108,45.48
1293,1900.3,647.27,14.437992,74.91787,1084,268.96,46.53,162.7,329.99,51.05,0.29865,0.000115,48.32
1294,1936.62,658.92,14.253561,75.492943,1018,233.53,49.79,155.53,343.37,50.55,0.30308,0.000117,49.04
1295,1968.25,652.23,14.359433,75.993549,871,318.63,63.55,279.19,335.12,55.51,0.26391,0.000102,42.7
1296,1996.6,651.45,14.371763,76.44244,832,376.35,54.33,222.82,344.54,53.91,0.27503,0.000106,44.5
1297,2032.57,653.59,14.337978,77.011809,918,534.94,67.06,338.92,342.45,59.12,0.23382,9e-05,37.83
1298,2070.32,650.57,14.385746,77.609504,1099,549.48,70.35,437.41,282.92,62.7,0.20775,8e-05,33.61
1299,2100.19,662.98,14.18924,78.082286,970,404.46,61.94,298.32,237.62,56.78,0.25308,9.7e-05,40.95
1300,2131.86,655.36,14.30997,78.583795,1019,136.5,51.64,181.41,181.07,50.79,0.30276,0.000117,48.99
1301,2159.33,660.36,14.230803,79.018621,1014,51.03,34.83,134.41,141.17,47.81,0.32315,0.000124,52.28
1302,2185.88,656.78,14.28749,79.438979,1019,-2.2,19.54,68.09,99.56,32.56,0.39515,0.000152,63.93
1303,2216.76,650.5,14.386825,79.927737,999,-43.17,3.84,8.39,59.03,2.4,0.66218,0.00028,117.5
1304,2256.46,661.87,14.20689,80.556222,1139,-47.01,2.13,5.0,49.56,0.0,0.72112,0.000347,145.85
1305,2283.66,656.42,14.293169,80.986893,473,-55.99,3.29,8.04,15.82,0.0,0.84712,0.000626,262.81
1306,2389.75,644.27,14.485403,82.666335,519,-43.27,12.95,33.62,13.14,16.33,0.71118,0.000558,234.55
1307,2422.32,646.56,14.449172,83.181977,852,31.15,40.46,187.41,23.12,44.3,0.44925,0.00029,121.98
1308,2447.78,654.54,14.322948,83.585004,620,300.58,75.84,929.38,19.25,68.37,0.27764,0.000189,79.18
1309,2468.09,671.09,14.060852,83.906516,405,194.66,73.05,544.17,13.14,57.61,0.39018,0.000306,128.68
1310,4376.15,663.55,14.180239,114.113026,20,-88.35,70.47,1440.71,1.79,65.08,0.42046,0.000413,173.53
1311,82.35,682.78,13.875744,46.138014,528,357.69,78.33,861.61,11.61,68.42,0.32322,0.000262,110.21
1312,105.15,682.21,13.884853,46.49892,1102,1120.42,78.12,794.9,32.22,73.73,0.18626,0.00011,46.13
1313,141.21,680.27,13.915492,47.069777,717,1034.0,76.55,694.91,30.09,69.5,0.21613,0.00013,54.74
1314,163.15,679.26,13.931582,47.417134,358,190.83,75.07,610.66,11.25,59.85,0.38423,0.000314,132.02
1315,203.11,667.69,14.114732,48.049685,298,69.15,65.74,285.85,8.91,47.41,0.50657,0.000435,182.72
1316,251.89,685.11,13.838971,48.821942,701,111.32,57.16,222.66,20.31,45.98,0.44188,0.000293,123.24
1317,277.4,681.7,13.892969,49.225767,589,128.22,51.87,199.41,23.64,45.42,0.43663,0.000281,117.96
1318,298.58,698.89,13.620802,49.561185,590,80.89,56.2,220.88,15.65,45.5,0.47671,0.000354,148.48
1319,325.33,691.84,13.732414,49.98459,512,13.43,51.7,176.43,8.84,43.15,0.54523,0.000469,196.94
1320,374.15,680.32,13.914826,50.757443,818,91.44,41.26,143.07,20.15,43.02,0.46772,0.000311,130.64
1321,405.1,686.91,13.810404,51.247413,1220,123.21,47.12,148.77,42.5,44.43,0.39102,0.000206,86.32
1322,434.96,687.07,13.807829,51.720077,661,49.4,54.59,205.64,11.42,44.55,0.51442,0.000419,176.12
1323,460.58,688.88,13.779235,52.125736,677,56.07,53.17,192.62,14.01,44.25,0.49905,0.000384,161.42
1324,502.77,675.78,13.986593,52.79356,413,111.01,60.22,276.83,12.19,47.53,0.48234,0.000387,162.43
1325,530.97,684.26,13.85237,53.24009,660,62.93,46.7,168.93,14.18,43.47,0.50452,0.000387,162.56
1326,551.35,684.59,13.84716,53.562667,446,28.6,45.81,152.75,11.95,42.56,0.52846,0.000426,178.88
1327,596.38,683.43,13.865558,54.275639,552,128.95,61.34,283.77,17.45,48.13,0.44142,0.000314,131.69
1328,625.42,687.56,13.800138,54.735317,1084,364.02,55.67,258.42,48.65,50.25,0.32335,0.000158,66.17
1329,654.53,679.81,13.922809,55.196133,805,349.14,67.06,342.04,35.97,52.54,0.34004,0.000193,80.88
1330,680.93,687.85,13.795619,55.614126,401,95.66,68.2,318.12,7.91,48.69,0.5019,0.00044,184.7
1331,702.41,706.28,13.50382,55.954169,245,30.94,58.68,278.89,7.5,46.84,0.52197,0.000461,193.65
1332,1275.22,680.78,13.907478,65.022282,567,-46.92,11.49,54.19,12.85,14.59,0.72913,0.000576,242.02
1333,1300.08,687.31,13.804154,65.415797,862,-10.87,16.4,53.1,41.52,24.2,0.52412,0.000279,117.05
1334,1329.95,682.32,13.883028,65.888667,821,346.73,63.82,418.75,91.82,57.72,0.23102,8.9e-05,37.38
1335,1357.77,694.42,13.691538,66.329148,924,390.5,56.67,276.71,128.14,54.61,0.26221,0.000101,42.42
1336,1386.51,683.72,13.860893,66.784142,972,906.3,71.79,504.65,181.54,67.55,0.16878,6.5e-05,27.31
1337,1417.59,685.43,13.833878,67.276121,1108,866.12,66.89,385.41,230.62,63.06,0.20055,7.7e-05,32.45
1338,1455.26,681.75,13.892175,67.872428,1127,1345.81,73.06,538.99,294.26,71.81,0.13441,5.2e-05,21.75
1339,1492.81,689.88,13.763353,68.466906,1099,1150.57,74.48,510.12,349.88,69.44,0.15266,5.9e-05,24.7
1340,1519.96,679.37,13.929815,68.896693,1012,800.24,70.72,418.02,400.74,63.75,0.19661,7.6e-05,31.81
1341,1545.13,689.38,13.771278,69.295257,987,625.86,72.45,504.2,435.08,65.59,0.18628,7.2e-05,30.14
1342,1578.66,689.95,13.762349,69.826105,1170,292.96,50.31,199.87,487.29,52.53,0.2869,0.000111,46.42
1343,1622.23,682.98,13.872592,70.515839,1310,239.68,41.46,133.34,561.03,49.8,0.30874,0.000119,49.95
1344,1654.05,690.19,13.758427,71.019555,904,357.59,59.32,256.9,599.46,54.99,0.2672,0.000103,43.23
1345,1685.4,689.4,13.770999,71.515773,1041,437.93,62.92,356.75,591.24,59.08,0.2356,9.1e-05,38.12
1346,1718.4,689.41,13.770772,72.038219,1017,350.7,59.44,339.88,553.42,57.88,0.24577,9.5e-05,39.76
1347,1747.45,686.34,13.819466,72.498144,817,154.28,47.3,189.01,515.1,51.18,0.29945,0.000115,48.45
1348,1773.32,687.46,13.801695,72.907751,873,199.53,49.56,159.38,488.44,50.45,0.30439,0.000117,49.25
1349,1805.32,690.51,13.753396,73.414217,958,132.28,40.13,126.92,462.12,48.83,0.31805,0.000123,51.46
1350,1844.12,690.22,13.75799,74.028486,1246,137.71,40.87,128.63,431.37,48.93,0.31719,0.000122,51.32
1351,1871.06,685.17,13.837962,74.455022,867,207.62,50.37,208.14,406.84,52.23,0.29055,0.000112,47.01
1352,1902.64,686.24,13.821011,74.954896,1027,188.6,46.39,140.65,396.14,49.71,0.3103,0.00012,50.21
1353,1932.82,684.26,13.852428,75.432718,942,199.74,46.77,139.56,387.76,49.75,0.30982,0.000119,50.13
1354,1970.34,682.73,13.876528,76.026732,1021,193.24,55.94,254.13,388.55,53.75,0.27914,0.000108,45.16
1355,2000.55,679.54,13.92718,76.504934,742,189.61,54.34,233.84,392.25,53.01,0.28485,0.00011,46.09
1356,2026.1,680.54,13.91121,76.90942,901,420.95,65.62,339.49,370.06,58.35,0.24121,9.3e-05,39.03
1357,2059.12,680.91,13.905453,77.432184,1038,411.72,60.06,295.67,315.66,56.74,0.25328,9.8e-05,40.98
1358,2089.77,689.54,13.768813,77.917405,854,301.27,61.22,279.45,271.98,55.4,0.26501,0.000102,42.88
1359,2125.48,686.06,13.823944,78.482684,961,213.76,55.35,226.46,214.4,52.92,0.28517,0.00011,46.14
1360,2160.1,691.33,13.740525,79.030814,768,67.41,43.39,152.59,172.81,49.29,0.31552,0.000122,51.05
1361,2192.9,689.1,13.775752,79.550074,947,-17.86,17.82,48.41,135.75,30.52,0.4217,0.000162,68.23
1362,2218.65,681.26,13.899898,79.957665,867,-37.32,3.69,8.46,107.27,4.34,0.63827,0.000246,103.27
1363,2248.22,687.4,13.802742,80.425761,1062,-41.67,2.18,4.61,83.41,0.62,0.66472,0.000256,107.55
1364,2284.4,693.56,13.705143,80.998519,669,-52.89,3.19,7.01,24.17,0.0,0.7998,0.000512,214.97
1365,2292.53,675.35,13.993454,81.127244,347,-57.82,2.79,6.94,13.69,0.0,0.87051,0.000675,283.6
1366,2426.73,668.37,14.10392,83.251772,364,-38.75,20.33,73.8,11.63,29.9,0.59991,0.000487,204.47
1367,2449.69,678.73,13.939904,83.615233,428,41.65,53.79,276.84,13.91,47.13,0.47532,0.000367,154.09
1368,2477.95,682.45,13.881043,84.062624,247,82.92,66.61,545.84,6.83,56.61,0.44198,0.000396,166.14
1369,2504.07,686.51,13.816691,84.476154,348,-32.9,42.62,107.69,4.96,40.23,0.59951,0.000556,233.54
1370,4375.24,696.78,13.654181,114.098577,118,-39.03,47.89,1054.18,4.03,65.34,0.40318,0.00038,159.8
1371,4380.86,692.29,13.725325,114.187544,35,-59.79,65.64,1131.84,2.35,65.12,0.41639,0.000405,170.14
1372,84.54,725.12,13.205475,46.172588,138,63.2,75.3,554.94,5.14,56.72,0.45272,0.000418,175.76
1373,114.02,740.91,12.955607,46.639398,300,243.99,81.02,847.39,7.14,67.44,0.36117,0.000321,134.94
1374,126.46,697.35,13.645211,46.83632,439,671.59,81.44,1027.12,13.55,70.68,0.28868,0.000225,94.34
1375,181.02,729.05,13.143283,47.700094,406,222.07,74.59,487.99,14.77,55.88,0.39322,0.000298,125.01
1376,209.5,726.13,13.189581,48.150817,684,211.37,67.87,396.25,15.67,52.6,0.41451,0.000307,129.05
1377,246.82,715.49,13.358003,48.741636,821,142.68,69.87,373.19,10.07,51.06,0.46603,0.000391,164.15
1378,276.03,713.8,13.38479,49.204045,874,189.0,62.09,280.41,20.33,48.56,0.41892,0.000278,116.81
1379,308.77,720.84,13.273236,49.722449,643,135.08,52.22,211.17,18.81,45.67,0.45294,0.000311,130.63
1380,335.51,717.07,13.332893,50.145779,711,210.7,59.38,243.71,23.3,47.54,0.41848,0.00027,113.43
1381,371.38,709.49,13.452924,50.713614,268,33.24,59.19,219.91,7.14,44.75,0.5427,0.000483,202.77
1382,397.13,712.33,13.408064,51.121254,515,70.6,54.36,242.06,14.27,46.11,0.48103,0.000368,154.68
1383,421.13,711.03,13.428526,51.501271,386,37.33,56.94,256.64,10.67,46.24,0.50518,0.000418,175.73
1384,467.06,711.16,13.426472,52.22829,410,6.71,46.85,182.13,8.21,43.28,0.54864,0.000478,200.7
1385,536.55,714.95,13.366553,53.328414,387,38.0,45.27,169.15,12.95,43.25,0.51535,0.000406,170.68
1386,554.28,712.31,13.408379,53.609079,444,22.16,42.7,150.15,11.22,42.39,0.53514,0.000438,184.0
1387,605.55,707.08,13.491157,54.420821,465,120.46,59.64,300.35,14.05,48.51,0.46121,0.000355,149.04
1388,630.7,722.69,13.243957,54.818948,998,76.96,47.66,169.57,19.15,43.81,0.46743,0.000318,133.64
1389,656.55,707.85,13.478859,55.228053,803,168.47,64.38,293.12,19.22,48.82,0.42323,0.000288,120.79
1390,687.01,717.3,13.329334,55.710318,451,9.88,50.11,190.44,7.35,43.56,0.55216,0.000489,205.46
1391,720.01,729.85,13.130706,56.232803,234,12.71,55.33,249.56,6.64,45.64,0.53879,0.000484,203.28
1392,1301.63,722.76,13.242936,65.440372,765,-42.06,7.41,25.64,19.97,7.18,0.74417,0.000496,208.31
1393,1320.14,711.64,13.419003,65.733354,891,-8.15,13.95,42.41,56.53,20.45,0.51092,0.000224,94.0
1394,1350.1,718.86,13.304591,66.207737,937,76.77,29.31,91.71,99.72,44.64,0.33692,0.00013,54.51
1395,1393.08,718.15,13.315887,66.888107,1257,265.13,41.05,141.03,169.6,50.25,0.30485,0.000117,49.32
1396,1426.44,720.71,13.275414,67.416275,913,430.53,53.27,199.89,222.46,53.48,0.27746,0.000107,44.89
1397,1452.47,713.35,13.391923,67.828347,1125,742.94,63.58,323.1,269.57,60.0,0.22426,8.6e-05,36.28
1398,1485.47,715.19,13.362728,68.350712,995,1227.05,74.28,537.89,322.02,70.95,0.14163,5.5e-05,22.91
1399,1516.11,724.5,13.215349,68.835868,953,1073.25,75.26,577.21,362.44,71.27,0.1416,5.5e-05,22.91
1400,1548.53,718.31,13.313303,69.349008,1000,814.71,70.6,433.69,418.07,64.41,0.1918,7.4e-05,31.03
1401,1582.4,719.23,13.298814,69.885291,845,533.57,67.8,393.36,471.1,61.03,0.21995,8.5e-05,35.59
1402,1610.48,719.67,13.291742,70.329832,1190,342.92,57.45,254.45,514.31,54.8,0.26885,0.000104,43.5
1403,1642.09,717.96,13.31888,70.830254,1018,279.92,55.39,227.4,561.35,53.41,0.28038,0.000108,45.36
1404,1676.27,720.31,13.281616,71.371225,1030,160.12,45.99,161.53,599.19,50.25,0.30656,0.000118,49.6
1405,1712.79,720.78,13.274288,71.949406,1199,175.13,41.74,158.47,598.65,50.25,0.30634,0.000118,49.57
1406,1749.5,713.6,13.387914,72.530571,798,190.5,51.02,188.33,550.04,51.41,0.29712,0.000114,48.07
1407,1780.53,719.03,13.301877,73.0218,829,223.91,54.03,240.44,527.13,53.48,0.28072,0.000108,45.42
1408,1805.56,717.07,13.332917,73.418034,671,223.69,51.35,195.98,502.36,51.91,0.29274,0.000113,47.36
1409,1834.38,717.89,13.319923,73.874363,970,59.45,22.51,61.88,482.51,40.26,0.35305,0.000136,57.12
1410,1872.86,724.86,13.209719,74.483576,1139,52.92,18.13,45.21,473.02,32.38,0.41113,0.000158,66.52
1411,1900.31,714.93,13.366825,74.918066,1002,76.95,32.63,89.95,446.44,47.14,0.33224,0.000128,53.75
1412,1934.91,716.46,13.342582,75.465799,1200,77.02,31.45,91.8,443.9,47.21,0.33171,0.000128,53.67
1413,1964.48,716.26,13.345721,75.933971,1105,60.89,33.39,104.55,445.57,47.55,0.3293,0.000127,53.28
1414,2000.45,711.3,13.424334,76.503408,1243,52.24,26.75,93.82,426.58,47.11,0.3329,0.000128,53.86
1415,2034.48,711.07,13.427926,77.04214,964,46.59,22.34,89.42,375.47,40.86,0.34678,0.000134,56.11
1416,2059.19,715.03,13.365207,77.433343,749,64.05,25.93,93.39,340.01,47.07,0.3324,0.000128,53.78
1417,2088.73,715.47,13.358279,77.900997,1034,33.37,16.27,44.64,296.31,29.15,0.43788,0.000169,70.85
1418,2130.27,713.6,13.38791,78.558487,1068,13.11,15.61,47.57,237.44,28.02,0.44754,0.000172,72.41
1419,2164.77,712.25,13.409259,79.104721,674,-18.82,8.56,22.02,195.63,15.23,0.55653,0.000214,90.04
1420,2183.52,726.6,13.182145,79.401522,965,-19.82,4.91,10.72,191.37,8.78,0.61305,0.000236,99.19
1421,2219.3,717.94,13.319234,79.96806,1309,-31.19,2.19,5.57,132.97,2.94,0.65826,0.000254,106.5
1422,2257.36,715.97,13.350388,80.570541,1177,-43.54,1.75,4.17,67.03,0.0,0.67115,0.000259,108.59
1423,2286.11,719.04,13.301794,81.025589,462,-54.58,3.64,7.66,16.76,0.09,0.8353,0.000603,253.4
1424,2513.52,710.22,13.441389,84.625774,425,67.73,63.9,504.57,6.08,55.01,0.46077,0.000418,175.73
1425,2539.5,723.81,13.226322,85.037062,470,133.08,71.08,448.75,7.6,53.56,0.46169,0.000407,170.95
1426,2560.49,730.34,13.122836,85.369277,268,236.51,76.2,494.69,10.66,56.04,0.41865,0.000347,145.66
1427,86.37,738.06,13.000738,46.201661,161,83.4,76.96,565.77,4.45,57.21,0.45285,0.000424,178.1
1428,105.88,756.28,12.712181,46.510516,586,606.52,77.93,726.3,17.57,67.1,0.28059,0.000199,83.46
1429,140.84,755.63,12.722571,47.063855,831,475.5,72.71,544.43,26.5,60.15,0.30393,0.00019,79.83
1430,169.27,748.47,12.835819,47.513983,957,448.99,73.64,545.3,28.96,60.11,0.29813,0.000182,76.39
1431,213.47,750.91,12.797208,48.21373,1220,574.67,72.3,496.24,34.25,59.48,0.28694,0.000166,69.55
1432,242.37,743.49,12.914749,48.671217,685,170.03,71.33,390.73,15.46,52.11,0.42068,0.000313,131.62
1433,268.16,758.07,12.683922,49.079509,454,1.84,46.76,200.74,7.81,43.89,0.54618,0.00048,201.4
1434,313.1,742.47,12.930936,49.791049,172,-21.27,37.69,134.28,8.28,41.4,0.5653,0.000492,206.5
1435,330.11,746.05,12.874149,50.060228,556,20.85,53.14,198.57,9.57,44.02,0.53239,0.000451,189.47
1436,350.89,734.39,13.058732,50.389206,377,86.73,63.83,290.99,9.69,47.75,0.49796,0.000421,176.78
1437,467.85,753.34,12.758752,52.240749,123,-25.54,48.5,245.67,4.03,45.12,0.56237,0.000531,222.89
1438,478.22,759.9,12.654849,52.405022,189,-2.45,38.99,151.33,7.3,42.09,0.56574,0.000502,210.72
1439,535.22,737.93,13.002754,53.307423,98,-2.17,55.69,345.53,4.66,48.84,0.52483,0.00049,205.6
1440,544.79,730.36,13.122574,53.45885,214,14.17,50.04,212.18,8.99,44.43,0.53296,0.000457,191.93
1441,605.41,755.64,12.722382,54.418524,144,-18.59,53.05,245.73,4.86,45.21,0.55562,0.000516,216.85
1442,624.96,757.27,12.696504,54.727947,223,-17.07,51.88,216.76,4.62,44.18,0.56637,0.000529,222.04
1443,659.48,755.56,12.723588,55.274525,869,37.16,48.43,164.39,12.02,43.03,0.52369,0.000421,177.0
1444,688.19,757.47,12.693367,55.729028,776,57.07,42.6,143.45,18.63,42.73,0.48056,0.000331,139.22
1445,715.29,746.85,12.861556,56.157968,840,57.9,40.64,136.72,15.93,42.37,0.50205,0.00037,155.35
1446,744.67,752.75,12.768091,56.623109,475,-5.24,27.97,111.54,11.26,40.84,0.549,0.000449,188.6
1447,1307.69,747.89,12.844981,65.536287,408,-46.21,10.45,80.88,13.31,13.84,0.73241,0.000573,240.64
1448,1332.37,753.47,12.756643,65.926973,1108,-16.3,7.5,17.94,49.12,8.54,0.63791,0.000309,129.75
1449,1362.11,745.11,12.889084,66.397781,1103,56.39,22.1,62.21,102.71,37.13,0.35955,0.000139,58.17
1450,1390.54,754.85,12.734867,66.847886,1015,111.52,28.6,84.36,143.99,46.58,0.33255,0.000128,53.8
1451,1418.05,749.47,12.820036,67.283444,944,191.77,32.37,99.49,191.13,48.28,0.32143,0.000124,52.01
1452,1454.27,748.93,12.828647,67.856851,1101,336.89,45.59,155.56,247.07,51.26,0.2959,0.000114,47.87
1453,1488.68,749.88,12.813534,68.401604,1278,645.16,59.69,293.94,300.12,58.29,0.23821,9.2e-05,38.54
1454,1521.74,757.37,12.695012,68.924875,919,1124.47,72.33,505.92,346.76,69.11,0.15522,6e-05,25.11
1455,1545.26,745.96,12.875663,69.297326,782,961.24,71.18,404.15,392.34,64.38,0.18987,7.3e-05,30.72
1456,1576.37,748.12,12.841429,69.789738,1017,855.62,72.42,478.82,438.42,66.29,0.17816,6.9e-05,28.83
1457,1611.9,755.12,12.730628,70.352218,1246,521.9,70.69,444.29,479.58,62.76,0.20777,8e-05,33.62
1458,1648.08,750.92,12.797062,70.924975,1134,202.92,49.69,210.47,526.99,52.28,0.29024,0.000112,46.96
1459,1680.26,750.58,12.802465,71.434426,1034,228.65,47.7,345.38,566.69,57.23,0.25247,9.7e-05,40.85
1460,1716.61,756.21,12.713307,72.009841,1268,75.57,19.56,57.65,606.28,35.35,0.38678,0.000149,62.58
1461,1746.48,742.5,12.930412,72.482758,1118,71.34,20.9,64.58,594.17,37.78,0.36747,0.000142,59.46
1462,1778.17,748.8,12.830674,72.984426,967,104.49,36.85,147.27,574.13,49.36,0.31438,0.000121,50.87
1463,1809.94,746.3,12.870206,73.487427,810,123.18,45.09,218.53,545.02,52.01,0.29357,0.000113,47.5
1464,1837.45,746.33,12.869676,73.922983,950,91.7,34.13,100.53,526.94,47.62,0.32823,0.000126,53.11
1465,1871.1,755.46,12.72524,74.455703,1152,197.67,50.86,189.33,525.74,51.49,0.29636,0.000114,47.95
1466,1904.75,749.28,12.823093,74.98828,963,122.18,40.43,131.41,504.77,48.92,0.31752,0.000122,51.37
1467,1936.64,755.51,12.724442,75.493182,1260,79.32,31.22,99.87,511.33,47.51,0.3293,0.000127,53.28
1468,1970.6,749.89,12.81333,76.030778,1207,126.02,43.49,152.07,497.34,49.68,0.31155,0.00012,50.41
1469,2000.62,745.79,12.878327,76.506048,1110,39.96,21.99,76.68,455.8,39.79,0.35212,0.000136,56.97
1470,2031.61,746.45,12.867772,76.996719,1055,9.59,3.58,8.71,409.71,6.72,0.6308,0.000243,102.06
1471,2062.27,747.09,12.857752,77.482031,1126,7.73,5.22,11.03,366.19,9.51,0.60615,0.000234,98.07
1472,2098.97,739.77,12.973579,78.06298,1002,2.84,3.62,8.44,308.45,6.74,0.63083,0.000243,102.07
1473,2122.31,752.23,12.776403,78.432527,1002,8.19,5.78,14.3,291.08,10.55,0.59692,0.00023,96.58
1474,2153.46,744.99,12.890904,78.925722,1289,6.78,11.45,27.38,241.22,20.38,0.51181,0.000197,82.81
1475,2196.04,749.5,12.819641,79.599684,957,-24.66,2.26,5.39,171.26,4.19,0.65418,0.000252,105.84
1476,2223.21,756.46,12.709305,80.029928,841,-34.8,2.12,4.73,123.1,2.33,0.6609,0.000255,106.93
1477,2249.45,749.48,12.819886,80.445269,1065,-42.3,1.49,3.49,78.34,0.0,0.67411,0.00026,109.07
1478,2279.32,746.2,12.871773,80.918161,984,-52.02,2.99,6.54,27.12,0.0,0.79149,0.000492,206.62
1479,2543.96,740.68,12.959151,85.107621,372,243.09,76.89,798.32,9.62,66.77,0.34615,0.000293,123.06
1480,2573.17,746.66,12.864465,85.57006,363,49.0,66.19,302.96,6.67,47.78,0.51921,0.000466,195.78
1481,2587.26,764.16,12.587547,85.793076,282,25.54,59.88,305.32,8.52,47.78,0.50684,0.000439,184.26
1482,90.11,779.54,12.343969,46.26079,557,210.43,74.68,546.05,9.94,57.64,0.41057,0.000345,145.0
1483,113.41,778.64,12.358229,46.629631,753,548.76,73.67,528.45,26.68,60.1,0.30265,0.000189,79.36
1484,143.18,784.22,12.269947,47.101,1124,368.61,65.89,368.84,31.98,53.45,0.34345,0.000203,85.28
1485,180.7,774.87,12.41794,47.694926,1120,549.48,69.5,426.77,34.32,56.85,0.30741,0.000177,74.45
1486,206.55,784.79,12.260827,48.104209,709,205.67,65.16,354.12,15.47,51.06,0.42873,0.000319,134.1
1487,225.62,787.06,12.225004,48.406035,457,110.72,60.03,277.97,13.5,47.63,0.47261,0.000368,154.63
1488,273.11,778.05,12.367546,49.157923,340,22.05,46.64,208.78,8.27,44.33,0.5387,0.000469,196.83
1489,316.52,780.56,12.327824,49.845062,395,-0.59,42.26,154.37,9.24,42.3,0.55023,0.000469,197.14
1490,338.91,784.5,12.265536,50.199567,741,32.46,47.92,151.82,10.66,42.5,0.53792,0.000446,187.15
1491,360.07,792.02,12.146377,50.534529,425,-16.65,37.73,115.43,7.75,40.74,0.57481,0.000505,212.2
1492,402.08,796.66,12.072973,51.199679,262,12.97,51.14,201.73,7.57,43.99,0.54677,0.000482,202.57
1493,427.37,789.23,12.190578,51.599987,216,-0.3,59.67,267.16,4.75,46.09,0.5483,0.000511,214.43
1494,477.96,773.87,12.433722,52.400928,165,-0.45,43.88,223.82,5.87,44.6,0.55354,0.000505,211.95
1495,483.45,784.64,12.263324,52.487855,99,-11.73,64.0,279.68,3.71,46.4,0.55302,0.000525,220.48
1496,549.27,797.62,12.057803,53.529783,270,14.84,37.91,158.14,10.15,42.58,0.54111,0.000453,190.28
1497,565.01,788.41,12.203512,53.778891,345,18.71,32.42,133.59,13.71,41.89,0.52226,0.000405,170.07
1498,580.02,792.76,12.134724,54.016603,233,-0.48,37.2,164.14,10.02,42.68,0.54142,0.000455,190.9
1499,629.56,787.33,12.220663,54.800871,447,-11.09,34.12,110.86,9.54,40.7,0.56244,0.000477,200.29
1500,654.11,782.89,12.290892,55.189438,847,53.52,20.82,56.43,25.94,31.39,0.50848,0.00032,134.31
1501,692.67,780.24,12.332867,55.799963,694,30.04,24.61,73.19,23.61,37.98,0.48705,0.000313,131.62
1502,716.52,776.5,12.392146,56.177465,493,-5.12,20.99,63.05,18.48,31.15,0.53999,0.000374,157.03
1503,736.69,767.83,12.529306,56.49688,503,-2.41,23.28,63.61,16.07,34.88,0.53824,0.000395,166.0
1504,1314.7,778.47,12.36098,65.647355,325,-46.61,16.31,177.85,9.2,26.79,0.64468,0.00055,231.17
1505,1332.69,784.95,12.258378,65.932017,761,-27.2,6.26,19.41,33.33,5.76,0.71355,0.000416,174.66
1506,1358.4,783.66,12.278809,66.339057,825,2.93,7.99,20.74,72.67,10.62,0.57191,0.00022,92.53
1507,1385.92,783.96,12.274057,66.774843,960,43.23,21.27,56.76,112.99,35.93,0.371,0.000143,60.03
1508,1427.52,780.03,12.336258,67.433284,1093,93.12,30.55,77.96,181.02,46.83,0.33443,0.000129,54.11
1509,1458.24,778.56,12.359572,67.919714,945,220.05,42.34,132.74,231.3,49.65,0.31027,0.00012,50.2
1510,1486.47,788.98,12.194527,68.366631,1226,343.55,49.56,166.82,266.46,51.71,0.29236,0.000113,47.3
1511,1521.43,788.43,12.203277,68.919981,1125,829.97,69.52,478.71,320.94,66.11,0.17977,6.9e-05,29.09
1512,1552.65,780.73,12.325139,69.414273,1062,1192.05,74.98,591.34,374.39,72.6,0.13139,5.1e-05,21.26
1513,1579.93,781.17,12.318162,69.846091,992,1066.62,74.18,534.97,408.92,69.73,0.15186,5.8e-05,24.57
1514,1612.32,786.99,12.226021,70.358972,1087,757.7,74.07,555.11,438.17,68.31,0.16575,6.4e-05,26.82
1515,1647.24,784.89,12.259376,70.911699,1155,234.14,59.78,274.6,483.63,54.76,0.27086,0.000104,43.82
1516,1682.9,781.09,12.319523,71.476281,1134,327.31,63.45,400.61,534.87,59.86,0.23156,8.9e-05,37.47
1517,1710.94,789.59,12.184876,71.920203,796,198.42,51.67,182.95,565.06,51.27,0.29804,0.000115,48.22
1518,1740.43,782.74,12.293381,72.386942,873,262.39,53.78,188.99,613.13,51.93,0.29196,0.000112,47.24
1519,1769.41,779.34,12.34723,72.84578,1157,374.75,49.49,172.11,612.02,52.11,0.28878,0.000111,46.72
1520,1803.33,777.89,12.370185,73.382841,1274,507.75,58.57,236.16,587.47,55.3,0.26254,0.000101,42.48
1521,1839.03,780.39,12.330474,73.947971,1153,292.93,58.07,220.74,568.42,53.26,0.28129,0.000108,45.51
1522,1872.29,788.16,12.207527,74.474444,1094,156.65,46.29,186.87,543.0,51.12,0.29987,0.000116,48.52
1523,1906.85,777.25,12.380327,75.021525,790,302.58,49.19,175.58,534.75,51.73,0.29283,0.000113,47.38
1524,1936.39,788.89,12.196029,75.489303,975,296.75,53.21,188.76,504.56,52.16,0.28965,0.000112,46.86
1525,1971.39,784.42,12.266749,76.043349,1050,77.37,38.62,138.41,494.43,48.86,0.31873,0.000123,51.57
1526,2001.74,783.5,12.281236,76.523717,917,21.62,18.69,53.4,461.62,33.38,0.40357,0.000155,65.3
1527,2026.87,781.5,12.313011,76.921569,1099,22.84,8.67,18.89,433.5,15.6,0.5526,0.000213,89.41
1528,2060.11,785.19,12.254593,77.44778,1336,9.46,4.46,10.36,393.13,8.23,0.61736,0.000238,99.89
1529,2090.89,775.24,12.412014,77.935196,1164,8.15,4.32,9.38,346.46,7.97,0.6198,0.000239,100.28
1530,2118.8,788.69,12.199183,78.376955,1035,5.37,2.01,6.11,297.53,4.01,0.65518,0.000252,106.01
1531,2151.96,781.81,12.308101,78.901969,1343,-4.25,4.72,11.9,241.35,8.63,0.61415,0.000237,99.37
1532,2187.61,778.04,12.367706,79.46626,1121,-21.43,1.81,4.56,180.82,3.43,0.66089,0.000255,106.93
1533,2224.79,785.0,12.257567,80.054955,994,-34.18,2.53,6.09,115.06,2.7,0.65516,0.000252,106.0
1534,2260.26,782.31,12.300201,80.616458,1010,-45.79,2.25,5.0,55.4,0.0,0.69912,0.000311,130.7
1535,2285.24,778.56,12.359542,81.011868,564,-58.41,2.62,5.99,14.63,0.0,0.8652,0.000657,275.93
1536,2582.38,776.56,12.391141,85.715932,272,192.47,76.74,761.01,8.81,65.07,0.35791,0.000308,129.36
1537,2603.47,785.68,12.24676,86.049739,438,238.44,76.75,982.35,8.21,67.44,0.35438,0.000309,129.64
1538,2626.47,795.53,12.090943,86.413845,139,-25.74,43.84,231.24,5.13,44.66,0.55872,0.000517,216.96
1539,17.1,810.76,11.849731,45.104931,21,-58.81,54.15,324.95,1.99,47.6,0.55539,0.000544,228.4
1540,114.78,816.2,11.763697,46.65142,672,256.49,74.12,605.0,11.34,60.11,0.38042,0.000311,130.47
1541,140.29,820.35,11.697945,47.055223,1135,739.67,72.7,622.04,30.42,64.9,0.25343,0.000152,63.97
1542,171.77,813.23,11.810659,47.553619,1348,256.66,62.96,325.63,35.05,51.28,0.35415,0.000203,85.09
1543,200.83,819.72,11.707903,48.013615,795,224.2,69.53,405.19,14.16,52.94,0.42145,0.000323,135.86
1544,234.54,802.97,11.973132,48.547333,424,64.12,56.79,268.09,9.59,46.78,0.50745,0.00043,180.52
1545,276.79,827.66,11.582163,49.21623,312,86.21,67.15,384.44,9.66,51.05,0.4699,0.000397,166.92
1546,298.18,828.14,11.574582,49.554833,267,185.8,71.63,602.82,10.21,59.49,0.394,0.000329,138.38
1547,344.02,818.45,11.727976,50.280511,530,23.0,37.87,142.99,11.93,42.18,0.53206,0.000429,180.18
1548,365.79,817.24,11.747137,50.625103,499,14.6,32.27,122.77,13.07,41.45,0.53061,0.000417,175.27
1549,404.33,812.72,11.818762,51.235223,486,33.21,44.24,171.25,11.32,43.22,0.527,0.000431,180.82
1550,428.35,824.02,11.639788,51.615448,513,35.94,43.49,139.93,14.52,42.27,0.51304,0.000391,164.03
1551,452.98,826.13,11.606415,52.005351,251,16.87,51.71,230.34,7.25,45.01,0.53994,0.000479,201.3
1552,540.51,818.14,11.732861,53.391092,208,-8.83,48.73,206.76,6.17,43.95,0.55732,0.000505,212.18
1553,561.39,812.23,11.826491,53.721637,596,33.98,28.55,91.68,19.37,40.77,0.49272,0.000334,140.08
1554,589.61,816.89,11.752762,54.168433,709,-1.77,34.07,115.73,9.95,40.95,0.55714,0.000468,196.73
1555,625.56,809.06,11.876614,54.737583,486,-22.91,35.31,104.53,7.06,40.28,0.58391,0.00052,218.51
1556,662.35,802.17,11.985817,55.320012,350,2.69,29.39,102.21,13.07,40.64,0.53792,0.000423,177.69
1557,678.35,795.32,12.094117,55.573199,308,7.09,29.81,94.61,14.51,40.47,0.52933,0.000403,169.28
1558,1334.65,812.72,11.818721,65.963053,444,-35.94,15.53,124.38,11.91,23.8,0.65185,0.000526,220.84
1559,1359.4,814.61,11.788754,66.355001,981,-14.82,3.94,9.94,48.73,2.37,0.69481,0.000338,142.04
1560,1392.92,812.42,11.823471,66.885584,1015,10.99,6.67,14.79,103.96,9.67,0.58907,0.000227,95.31
1561,1419.92,809.85,11.864126,67.312969,1011,44.64,12.27,30.85,147.93,21.7,0.49723,0.000192,80.45
1562,1451.11,814.56,11.789663,67.806745,996,130.36,26.04,72.39,190.69,46.89,0.33334,0.000128,53.93
1563,1481.49,822.62,11.661981,68.28773,1049,172.81,30.71,89.12,233.19,47.78,0.32565,0.000125,52.69
1564,1516.35,816.44,11.759792,68.839531,914,407.29,42.74,151.8,289.9,51.62,0.29203,0.000112,47.25
1565,1548.29,817.93,11.73624,69.345238,997,772.55,65.1,365.73,324.82,61.71,0.2115,8.1e-05,34.22
1566,1578.88,815.14,11.780476,69.829549,996,789.5,64.73,368.49,362.45,61.93,0.2097,8.1e-05,33.93
1567,1616.24,814.77,11.786248,70.420978,969,524.12,69.55,407.7,408.22,61.48,0.21689,8.4e-05,35.09
1568,1646.08,818.5,11.727175,70.893398,880,117.99,46.08,176.51,443.72,50.49,0.30539,0.000118,49.41
1569,1674.98,817.99,11.735335,71.350789,1166,75.24,33.67,102.28,485.11,47.57,0.32891,0.000127,53.22
1570,1710.04,813.48,11.806744,71.905929,813,192.88,54.52,247.83,540.59,53.53,0.28085,0.000108,45.44
1571,1741.59,811.48,11.838357,72.40532,891,265.51,44.28,155.88,583.84,50.78,0.30076,0.000116,48.66
1572,1771.3,817.07,11.749802,72.875761,1160,310.43,53.41,199.04,562.65,52.62,0.28592,0.00011,46.26
1573,1806.81,814.56,11.789539,73.437829,1280,193.53,48.93,188.65,542.06,51.44,0.29683,0.000114,48.03
1574,1841.82,810.81,11.848924,73.99215,1010,101.14,36.96,160.72,529.97,49.81,0.31092,0.00012,50.31
1575,1874.69,820.65,11.693169,74.512428,921,-17.19,2.3,5.87,491.98,4.32,0.65283,0.000251,105.63
1576,1902.58,805.38,11.934869,74.954062,909,109.72,41.95,173.52,495.42,50.33,0.30678,0.000118,49.64
1577,1931.42,820.24,11.69961,75.410619,1067,113.93,39.7,151.49,454.13,49.58,0.31254,0.00012,50.57
1578,1961.73,812.74,11.818438,75.890401,830,134.32,40.43,137.53,454.21,49.22,0.31498,0.000121,50.96
1579,1994.99,812.81,11.817258,76.416976,931,77.39,32.21,94.21,432.05,47.3,0.331,0.000128,53.55
1580,2033.35,815.93,11.767895,77.02416,1076,12.62,6.53,16.43,384.83,11.9,0.585,0.000225,94.65
1581,2069.11,820.6,11.694013,77.590374,1090,9.45,6.27,15.04,343.31,11.39,0.58948,0.000227,95.38
1582,2098.46,814.89,11.784389,78.054965,994,44.33,30.11,104.63,321.89,47.44,0.33044,0.000127,53.46
1583,2132.12,817.18,11.748116,78.587808,703,-5.13,7.85,25.4,272.64,14.27,0.56457,0.000217,91.35
1584,2158.69,817.4,11.744619,79.008532,1036,-9.55,9.45,25.08,226.3,16.88,0.54211,0.000209,87.71
1585,2189.91,808.32,11.888341,79.502663,1096,-19.65,2.66,5.85,172.03,4.9,0.6477,0.00025,104.79
1586,2215.81,818.51,11.727033,79.912742,929,-28.62,2.26,5.17,127.04,2.8,0.65774,0.000253,106.42
1587,2248.6,810.74,11.850148,80.43186,987,-41.22,2.84,6.12,70.0,1.17,0.65578,0.000253,106.1
1588,2278.29,812.49,11.822389,80.901931,773,-55.28,3.4,7.33,19.27,0.0,0.81839,0.000555,233.27
1589,2622.41,799.4,12.029543,86.349654,109,-23.56,51.87,587.82,4.17,57.24,0.45639,0.00043,180.42
1590,2639.11,826.61,11.598789,86.614037,106,-29.64,55.76,238.46,3.4,44.81,0.56965,0.000544,228.4
1591,4273.77,813.85,11.800904,112.492238,26,-96.97,65.47,1526.05,1.75,65.08,0.42074,0.000414,173.76
1592,15.74,851.86,11.199143,45.083453,218,113.59,76.2,859.45,4.47,66.41,0.38889,0.000364,152.88
1593,31.11,855.5,11.141483,45.326856,44,-9.28,69.87,396.55,3.59,50.55,0.51749,0.000492,206.77
1594,95.43,860.06,11.069242,46.345053,79,100.09,77.09,715.94,5.19,62.67,0.40213,0.000371,155.98
1595,109.11,853.21,11.177744,46.561594,506,262.33,72.44,531.09,14.43,57.67,0.38015,0.00029,121.79
1596,135.77,848.22,11.256778,46.983718,1027,855.72,71.54,531.72,51.52,63.45,0.20919,9.8e-05,41.24
1597,178.24,849.62,11.234546,47.656039,951,439.78,58.6,337.52,53.28,53.78,0.28249,0.000129,54.38
1598,206.52,849.12,11.242499,48.103679,722,404.07,72.63,439.4,26.86,55.96,0.33694,0.00021,88.19
1599,234.41,846.56,11.283046,48.545288,830,205.28,72.02,485.53,11.29,55.52,0.4193,0.000343,143.95
1600,270.96,847.82,11.263095,49.123887,995,413.93,75.78,601.22,25.55,61.69,0.29557,0.000187,78.37
1601,299.7,850.59,11.21921,49.578899,837,515.45,75.66,571.18,24.56,61.29,0.29967,0.000191,80.24
1602,321.17,860.21,11.066877,49.91877,348,130.66,65.58,423.9,10.78,52.8,0.44673,0.000369,155.04
1603,367.39,839.99,11.386993,50.650391,734,47.92,50.95,206.66,12.26,44.61,0.50811,0.000407,170.84
1604,408.94,837.54,11.425756,51.308274,497,57.33,35.53,138.0,16.75,42.45,0.49576,0.000358,150.43
1605,435.01,844.85,11.310004,51.720963,662,87.18,35.12,107.77,22.0,41.82,0.47255,0.000309,129.7
1606,456.62,840.3,11.382045,52.063055,161,-5.13,60.13,278.48,4.59,46.45,0.54634,0.00051,214.3
1607,533.69,844.93,11.308815,53.28313,429,22.64,41.02,187.49,9.8,43.65,0.53399,0.00045,189.14
1608,560.03,844.85,11.310025,53.700073,369,-5.94,32.36,109.05,8.9,40.64,0.56737,0.000487,204.69
1609,587.84,840.93,11.372177,54.140336,166,-37.73,44.44,183.51,3.99,42.84,0.58318,0.000551,231.31
1610,1344.88,838.08,11.417328,66.125002,291,-40.01,16.18,68.08,11.42,22.83,0.66455,0.000542,227.52
1611,1359.27,847.16,11.27359,66.352934,580,-23.13,8.96,25.99,25.69,10.14,0.69801,0.00044,184.83
1612,1387.12,847.13,11.274061,66.793809,1276,0.5,3.76,9.8,66.36,2.95,0.63791,0.000246,103.21
1613,1423.14,843.75,11.327567,67.364063,1018,37.62,9.39,23.35,125.14,15.61,0.54299,0.000209,87.85
1614,1452.37,845.54,11.299211,67.826697,911,59.69,12.28,28.45,172.05,22.16,0.49572,0.000191,80.21
1615,1485.69,855.72,11.137962,68.354183,1034,129.88,32.12,89.34,205.54,47.49,0.32864,0.000127,53.17
1616,1514.62,844.78,11.311174,68.812158,1046,302.07,33.69,87.22,251.92,48.61,0.31705,0.000122,51.3
1617,1553.37,849.45,11.23723,69.425609,1268,563.38,52.79,204.62,288.06,54.57,0.26715,0.000103,43.22
1618,1591.28,841.02,11.370722,70.025877,1021,533.73,53.8,237.54,344.97,55.53,0.26042,0.0001,42.13
1619,1619.79,846.38,11.285808,70.47716,806,491.85,58.16,254.78,377.57,55.84,0.2587,0.0001,41.86
1620,1646.09,850.98,11.212996,70.893452,926,222.81,56.86,313.62,410.97,56.06,0.26126,0.000101,42.27
1621,1680.3,852.4,11.190508,71.43514,1111,86.73,40.15,131.92,461.09,48.7,0.31986,0.000123,51.75
1622,1709.85,840.64,11.376727,71.902956,1137,86.33,32.91,155.13,516.32,49.51,0.31349,0.000121,50.72
1623,1746.03,846.37,11.286012,72.475703,1185,160.68,49.93,201.84,538.36,51.68,0.29551,0.000114,47.81
1624,1782.04,846.36,11.286173,73.045791,913,206.77,54.87,271.62,508.38,54.47,0.27351,0.000105,44.25
1625,1812.94,848.87,11.246408,73.534855,884,119.04,48.6,178.19,482.04,50.56,0.30485,0.000117,49.32
1626,1838.15,840.15,11.384499,73.93394,837,22.63,20.73,90.2,482.34,38.07,0.36592,0.000141,59.2
1627,1866.84,852.38,11.190915,74.388217,1033,-10.08,10.3,36.58,448.16,18.69,0.52652,0.000203,85.19
1628,1898.02,840.6,11.377316,74.881746,1053,-10.12,7.43,18.54,442.39,13.3,0.57316,0.000221,92.74
1629,1934.0,850.58,11.219331,75.451336,1133,-3.9,2.1,5.98,402.38,4.09,0.65465,0.000252,105.92
1630,1967.99,840.9,11.372564,75.989487,920,6.64,5.62,18.28,403.84,10.41,0.59813,0.00023,96.77
1631,1999.42,842.88,11.341304,76.48711,1105,8.58,7.95,20.58,386.67,14.36,0.56355,0.000217,91.18
1632,2034.18,842.2,11.352106,77.037384,885,7.27,1.93,4.31,348.33,3.82,0.65681,0.000253,106.27
1633,2061.83,851.65,11.202464,77.475003,875,5.8,3.53,9.31,305.02,6.64,0.63164,0.000243,102.2
1634,2100.71,846.71,11.280569,78.090549,1183,3.37,11.98,42.81,275.89,21.77,0.49994,0.000193,80.89
1635,2128.55,844.4,11.317215,78.531321,771,-2.88,19.12,58.33,252.75,34.09,0.39823,0.000153,64.43
1636,2152.91,850.74,11.216864,78.916916,795,109.25,45.91,140.37,218.58,49.15,0.31595,0.000122,51.12
1637,2186.01,847.48,11.26845,79.44095,1265,-18.1,8.79,23.94,173.27,15.69,0.55257,0.000213,89.4
1638,2226.21,843.09,11.337928,80.077411,1065,-33.58,2.4,5.61,105.76,2.06,0.65815,0.000254,106.49
1639,2258.86,841.26,11.366868,80.594248,939,-44.88,2.73,5.81,49.88,0.05,0.7128,0.000342,143.57
1640,2279.96,847.1,11.274476,80.928237,484,-58.15,3.23,7.13,13.06,0.0,0.87043,0.000685,287.58
1641,2644.91,836.09,11.44883,86.705873,70,71.98,80.43,479.32,3.98,54.06,0.48308,0.000456,191.64
1642,2659.07,855.38,11.14331,86.929908,91,44.5,78.58,589.79,3.63,57.76,0.45444,0.000432,181.44
1643,12.42,883.71,10.694956,45.030904,816,261.03,66.9,444.73,14.94,54.63,0.40172,0.000303,127.21
1644,41.79,888.11,10.625221,45.495933,451,315.21,74.64,603.06,11.39,60.45,0.37634,0.000307,128.93
1645,93.79,876.93,10.802181,46.31903,253,222.7,80.76,841.38,6.13,67.24,0.36957,0.000335,140.81
1646,114.49,883.8,10.693503,46.646745,1038,743.15,76.94,705.03,31.44,67.91,0.22868,0.000136,57.11
1647,148.13,874.19,10.845591,47.179346,1227,1280.81,74.09,563.59,68.09,68.25,0.13915,5.4e-05,22.51
1648,179.12,878.68,10.774484,47.669985,831,425.28,74.05,636.15,28.63,63.14,0.27619,0.000169,71.01
1649,211.93,872.46,10.873033,48.189331,643,304.85,69.44,427.47,17.33,54.43,0.38703,0.000276,115.8
1650,237.12,880.49,10.745893,48.588099,817,181.14,69.4,440.56,10.01,53.71,0.44338,0.000372,156.37
1651,268.07,881.77,10.725677,49.078185,1108,698.54,78.22,761.98,33.06,69.68,0.21288,0.000124,52.26
1652,304.56,881.26,10.733718,49.655844,1076,341.69,71.25,490.02,27.5,57.35,0.32529,0.000201,84.59
1653,335.45,890.06,10.594311,50.144837,347,51.15,59.21,304.88,11.56,48.08,0.48299,0.000393,164.87
1654,348.73,899.54,10.444232,50.355006,184,49.07,65.53,341.3,6.98,49.15,0.50518,0.000451,189.34
1655,420.52,859.42,11.079443,51.491526,339,44.07,47.34,181.16,11.16,43.64,0.52426,0.00043,180.49
1656,439.84,873.87,10.850743,51.797452,371,30.79,40.41,176.25,10.72,43.35,0.53006,0.000439,184.19
1657,456.23,870.76,10.899871,52.056936,584,27.19,39.82,142.23,12.01,42.18,0.53139,0.000428,179.64
1658,541.09,858.34,11.0966,53.400247,182,-1.8,39.56,189.38,7.88,43.46,0.54951,0.000482,202.34
1659,559.22,857.53,11.109293,53.687356,210,-22.33,36.03,136.31,5.93,41.36,0.5823,0.00053,222.71
1660,1362.96,875.88,10.818798,66.411239,676,-38.76,10.97,27.97,15.75,12.99,0.72221,0.000534,224.42
1661,1389.36,882.87,10.708254,66.829195,977,-6.7,4.94,11.08,55.98,4.44,0.65282,0.000288,121.05
1662,1421.3,875.42,10.826091,67.33483,1212,9.87,5.1,12.38,105.21,7.04,0.61266,0.000236,99.13
1663,1455.73,880.5,10.745652,67.87986,1120,41.31,7.82,18.86,138.97,13.49,0.5652,0.000218,91.45
1664,1485.57,887.03,10.642396,68.35235,1002,88.38,17.8,44.67,162.71,32.06,0.41307,0.000159,66.83
1665,1519.04,877.04,10.800454,68.882169,1075,297.78,34.48,110.83,212.1,49.41,0.31086,0.00012,50.3
1666,1556.02,884.53,10.681839,69.467591,1291,533.54,43.91,148.08,248.93,52.36,0.28434,0.00011,46.01
1667,1588.56,875.91,10.818317,69.982703,1214,542.93,58.94,254.29,303.26,56.18,0.25539,9.8e-05,41.32
1668,1618.7,878.97,10.769997,70.459862,1022,497.21,61.57,313.27,344.51,57.95,0.24298,9.4e-05,39.31
1669,1645.19,887.82,10.629852,70.87919,1035,387.35,53.82,239.14,378.1,54.57,0.2699,0.000104,43.67
1670,1674.74,880.31,10.748733,71.347088,1013,174.69,57.99,267.78,430.54,54.11,0.27673,0.000107,44.77
1671,1717.09,875.96,10.817546,72.01756,1298,18.9,18.95,61.03,499.63,34.06,0.39809,0.000153,64.41
1672,1749.38,883.22,10.702625,72.528741,903,27.41,26.37,75.34,483.52,46.28,0.33986,0.000131,54.99
1673,1774.32,874.2,10.845402,72.923569,903,175.52,54.7,228.46,472.31,52.72,0.28727,0.000111,46.48
1674,1805.51,879.93,10.754713,73.417273,1178,292.06,62.49,333.68,437.59,57.25,0.25131,9.7e-05,40.66
1675,1839.64,874.13,10.846572,73.957543,1002,152.73,51.13,201.29,424.78,51.61,0.2962,0.000114,47.92
1676,1866.99,885.51,10.666397,74.390648,963,27.97,25.58,95.56,393.06,46.31,0.33554,0.000129,54.29
1677,1902.6,873.78,10.852059,74.954324,1152,-16.38,1.66,3.71,387.08,3.19,0.66297,0.000255,107.27
1678,1938.49,880.07,10.752555,75.522442,1051,-7.02,2.41,5.82,351.07,4.57,0.65038,0.000251,105.23
1679,1972.48,875.38,10.8267,76.060612,1297,-3.65,2.5,5.53,343.18,4.73,0.64886,0.00025,104.98
1680,2002.22,879.98,10.753948,76.531445,977,-4.04,2.69,6.53,328.94,5.08,0.64575,0.000249,104.48
1681,2027.11,876.54,10.808352,76.925461,1035,0.49,4.11,13.89,315.2,7.72,0.62208,0.00024,100.65
1682,2058.47,876.39,10.810726,77.421839,1028,23.08,23.73,84.54,275.64,42.83,0.34516,0.000133,55.85
1683,2091.85,880.52,10.745393,77.950337,1206,-13.61,3.16,7.88,233.65,5.83,0.63918,0.000246,103.42
1684,2129.91,878.24,10.781448,78.552924,994,-22.38,3.74,11.81,202.16,6.88,0.63005,0.000243,101.94
1685,2161.9,876.79,10.804417,79.059218,921,19.92,31.35,91.13,173.9,46.79,0.33596,0.000129,54.36
1686,2194.69,881.71,10.726493,79.57843,1104,-29.34,3.17,7.67,132.24,4.62,0.64297,0.000248,104.03
1687,2222.99,871.87,10.882313,80.026324,946,-37.35,1.98,4.87,102.26,1.15,0.66534,0.000256,107.65
1688,2253.69,875.13,10.830761,80.512488,957,-45.12,2.44,5.93,50.04,0.0,0.71559,0.000342,143.83
1689,2274.9,876.25,10.813007,80.848179,458,-57.01,3.74,8.38,14.0,0.14,0.85615,0.000659,276.99
1690,2324.0,892.0,10.563652,81.625487,1,-62.72,1.59,6.83,1.75,0.0,0.98278,0.000966,405.89
1691,2367.96,899.75,10.441006,82.321354,182,-52.95,9.49,20.16,9.44,9.89,0.79886,0.000679,285.06
1692,2377.86,895.03,10.515672,82.478168,65,-59.93,5.61,15.75,4.04,3.03,0.90598,0.000855,359.01
1693,2404.06,884.01,10.690077,82.892857,142,-28.09,49.85,135.32,3.76,41.19,0.59939,0.000568,238.75
1694,17.54,916.58,10.174507,45.112027,1058,605.09,41.57,152.26,53.43,48.38,0.32116,0.000147,61.7
1695,45.44,907.43,10.319411,45.553729,848,509.05,64.85,405.36,24.6,55.38,0.34599,0.00022,92.6
1696,97.67,905.61,10.348182,46.380477,244,374.07,79.22,876.1,9.49,68.44,0.33609,0.000285,119.81
1697,114.0,914.82,10.202317,46.638957,667,553.04,78.25,742.45,15.47,67.2,0.29341,0.000219,91.77
1698,145.18,909.09,10.293177,47.132626,1127,906.42,74.7,678.42,44.84,68.69,0.18774,9.6e-05,40.29
1699,170.16,913.5,10.223297,47.528157,775,742.72,75.08,608.2,53.06,65.44,0.19303,8.9e-05,37.27
1700,200.75,905.16,10.355396,48.012349,1187,368.83,73.15,516.3,23.76,58.3,0.32751,0.00021,88.38
1701,240.38,910.16,10.276166,48.639738,983,206.28,70.49,462.59,15.94,54.93,0.39368,0.00029,121.79
1702,274.6,915.32,10.194418,49.181413,989,663.76,74.55,624.22,40.02,64.88,0.23037,0.000125,52.35
1703,302.59,911.57,10.253898,49.624592,1017,978.33,78.08,838.78,43.7,74.14,0.16285,8.4e-05,35.44
1704,334.82,914.19,10.212387,50.134846,918,500.19,73.28,578.97,28.53,61.64,0.28673,0.000176,73.79
1705,361.87,916.77,10.171488,50.562981,171,32.21,67.13,344.28,5.69,49.08,0.51498,0.000471,197.87
1706,390.96,920.82,10.107341,51.023497,267,5.36,54.9,253.5,6.8,45.73,0.53698,0.000481,201.97
1707,460.86,889.0,10.611066,52.130161,200,-21.45,43.01,160.69,6.42,42.25,0.57089,0.000515,216.3
1708,1362.07,902.14,10.403104,66.39722,601,-41.52,12.52,46.07,14.36,16.11,0.70392,0.000538,225.89
1709,1393.58,908.99,10.294677,66.895959,940,-5.9,5.85,18.42,37.16,5.37,0.70438,0.000394,165.35
1710,1428.89,910.63,10.268708,67.455027,921,7.11,3.69,8.73,69.15,2.97,0.63845,0.000246,103.3
1711,1456.14,913.79,10.218771,67.886396,987,26.25,6.3,14.33,94.76,8.74,0.59428,0.000229,96.15
1712,1493.64,918.64,10.141862,68.480156,1214,65.05,14.15,36.27,128.55,24.27,0.4698,0.000181,76.01
1713,1522.62,904.43,10.366873,68.938911,807,228.88,38.89,124.76,181.59,49.43,0.31184,0.00012,50.46
1714,1542.46,917.51,10.159738,69.252904,916,337.97,44.68,157.61,195.48,51.34,0.29526,0.000114,47.77
1715,1583.67,910.25,10.27475,69.905275,895,734.93,62.49,310.34,264.25,59.49,0.22807,8.8e-05,36.9
1716,1612.96,915.04,10.198982,70.368999,1050,536.58,67.4,382.51,307.45,60.67,0.22251,8.6e-05,36.0
1717,1653.03,917.68,10.157057,71.003309,1049,408.03,60.4,289.43,372.01,56.49,0.25518,9.8e-05,41.29
1718,1688.18,903.94,10.374551,71.559847,1018,114.32,47.75,205.21,437.79,51.48,0.29781,0.000115,48.18
1719,1716.82,918.21,10.148724,72.0132,1010,-3.02,9.5,26.26,465.66,17.05,0.54052,0.000208,87.45
1720,1738.84,907.58,10.317052,72.361821,759,-11.65,2.72,7.62,462.02,5.12,0.64557,0.000249,104.45
1721,1772.57,912.98,10.231457,72.895799,1177,124.02,42.47,160.7,417.67,49.97,0.30932,0.000119,50.05
1722,1804.01,910.5,10.270802,73.393608,1037,243.05,54.6,229.8,391.43,53.24,0.28226,0.000109,45.67
1723,1837.67,910.19,10.2757,73.926339,999,223.86,59.56,269.84,366.44,54.52,0.27283,0.000105,44.14
1724,1866.42,913.49,10.22337,74.381499,758,131.95,48.98,205.36,345.66,51.61,0.29654,0.000114,47.98
1725,1898.83,905.62,10.348,74.894672,1183,-17.91,2.32,5.61,341.95,4.34,0.65267,0.000251,105.6
1726,1930.79,911.58,10.253693,75.400545,1034,-19.94,2.16,5.26,305.77,4.05,0.65533,0.000252,106.03
1727,1964.37,913.03,10.230782,75.932201,1282,-22.02,1.88,4.23,282.31,3.54,0.65998,0.000254,106.78
1728,2002.93,912.29,10.242392,76.542598,1078,-21.31,3.59,8.21,273.14,6.5,0.63336,0.000244,102.47
1729,2037.62,913.56,10.222404,77.091771,1184,-22.56,3.78,8.67,260.05,6.84,0.63047,0.000243,102.01
1730,2066.05,912.62,10.237149,77.541956,937,-22.77,2.01,4.73,222.77,3.76,0.65797,0.000253,106.46
1731,2095.84,909.67,10.283993,78.013518,998,-24.07,1.86,4.21,188.57,3.48,0.66048,0.000254,106.86
1732,2128.17,905.84,10.344631,78.525323,994,-26.39,1.68,3.94,162.77,3.16,0.66343,0.000256,107.34
1733,2156.64,909.91,10.280116,78.976084,824,-30.89,2.35,6.15,130.28,3.11,0.65594,0.000253,106.13
1734,2186.79,917.08,10.166672,79.453279,1379,-37.75,2.48,5.98,91.62,1.55,0.65865,0.000254,106.57
1735,2226.74,904.4,10.36737,80.085699,1302,-41.59,3.01,6.68,66.28,1.31,0.65347,0.000252,105.73
1736,2253.24,915.53,10.191078,80.505309,464,-54.13,3.23,8.07,21.28,0.0,0.80963,0.000533,223.74
1737,2266.05,900.87,10.423216,80.708115,403,-57.83,3.38,7.88,15.96,0.0,0.84512,0.000622,261.32
1738,2361.79,912.15,10.244672,82.223731,228,-50.66,12.3,34.04,9.45,15.04,0.75066,0.000638,267.8
1739,2376.48,912.36,10.241297,82.456345,207,-34.34,28.52,66.97,9.82,39.0,0.57599,0.000486,203.93
1740,2695.93,917.6,10.158437,87.513448,109,95.8,81.71,688.04,4.03,61.6,0.41866,0.000395,165.94
1741,4254.0,899.0,10.452835,112.179272,1,-268.06,87.09,2767.61,1.75,65.08,0.42074,0.000414,173.76
1742,4259.5,898.0,10.468666,112.266342,2,-151.83,76.2,1939.02,1.75,65.08,0.42074,0.000414,173.76
1743,15.26,943.02,9.755951,45.075875,789,496.7,44.79,164.81,48.83,47.87,0.33947,0.000165,69.31
1744,42.17,935.96,9.867645,45.501913,484,210.75,67.96,440.13,12.37,54.0,0.4247,0.000339,142.46
1745,116.51,940.25,9.799827,46.678696,615,139.01,69.1,401.54,12.57,52.15,0.4401,0.00035,146.98
1746,143.25,944.97,9.725007,47.102092,1078,542.15,74.94,587.91,28.42,62.24,0.28176,0.000173,72.59
1747,175.66,941.15,9.785628,47.615147,803,591.55,74.8,679.34,39.13,66.29,0.22345,0.000122,51.3
1748,205.19,939.43,9.812731,48.082631,1199,347.79,73.2,588.34,17.57,60.43,0.33656,0.000238,100.11
1749,239.15,943.48,9.748654,48.62026,1201,151.78,60.9,382.12,13.53,51.6,0.43812,0.000341,143.25
1750,275.46,948.1,9.675504,49.195046,716,103.15,65.8,395.46,11.13,51.62,0.45483,0.000373,156.68
1751,303.68,944.44,9.733489,49.641842,1027,832.97,73.52,579.13,39.7,64.44,0.23179,0.000126,52.87
1752,338.64,938.52,9.82724,50.195288,901,580.58,73.93,620.57,24.76,63.5,0.28118,0.000179,75.14
1753,354.01,953.53,9.589514,50.438691,416,176.25,74.8,475.57,11.65,54.99,0.42187,0.000342,143.73
1754,397.28,934.26,9.894699,51.123564,250,-4.02,52.2,191.7,6.81,43.48,0.55689,0.000499,209.41
1755,1395.93,929.38,9.971963,66.93326,293,-16.76,26.49,81.27,11.18,39.68,0.55998,0.000459,192.7
1756,1421.15,937.78,9.838899,67.332451,976,-14.91,13.81,37.33,24.26,18.56,0.62658,0.000401,168.26
1757,1454.24,946.02,9.708452,67.85627,1111,12.44,8.07,21.45,47.41,9.73,0.63207,0.000313,131.4
1758,1487.9,947.54,9.684377,68.389276,857,27.0,8.33,17.89,87.51,11.91,0.56449,0.000217,91.33
1759,1520.33,948.03,9.676672,68.902636,1172,81.29,21.0,56.76,136.18,36.78,0.36964,0.000142,59.81
1760,1557.54,938.66,9.824964,69.491607,1053,382.79,54.41,205.33,202.33,53.34,0.27927,0.000108,45.18
1761,1583.91,940.03,9.803318,69.909081,779,584.6,60.01,247.22,244.97,56.22,0.25445,9.8e-05,41.17
1762,1612.31,950.28,9.640946,70.358714,976,601.72,62.17,278.58,289.2,57.45,0.24508,9.4e-05,39.65
1763,1641.81,941.22,9.784382,70.825795,1025,271.04,60.98,339.86,342.87,57.33,0.25108,9.7e-05,40.62
1764,1682.27,936.55,9.858324,71.466221,1080,109.83,48.43,183.6,413.8,50.68,0.30403,0.000117,49.19
1765,1706.27,951.11,9.627906,71.846232,1041,31.8,29.77,104.12,439.06,47.33,0.33149,0.000128,53.63
1766,1745.63,939.59,9.810231,72.469264,1070,-1.5,11.86,28.43,413.49,21.04,0.50637,0.000195,81.93
1767,1771.24,948.52,9.6689,72.874774,734,42.97,22.21,66.88,371.06,39.82,0.35385,0.000136,57.25
1768,1805.13,938.98,9.819845,73.411195,957,268.96,53.42,224.81,347.85,53.24,0.28183,0.000109,45.6
1769,1836.61,942.95,9.757127,73.909602,1001,117.32,50.71,257.74,314.61,53.36,0.28336,0.000109,45.85
1770,1869.78,939.71,9.808428,74.43481,1039,231.13,61.91,318.76,300.0,56.3,0.25934,0.0001,41.96
1771,1902.8,943.94,9.741447,74.957422,1149,-21.96,6.44,32.16,279.93,12.07,0.58411,0.000225,94.51
1772,1934.12,944.07,9.73939,75.453369,1129,-28.61,1.65,4.05,253.06,3.1,0.66403,0.000256,107.44
1773,1967.25,949.92,9.646795,75.977786,1064,-28.3,2.44,5.63,219.2,4.47,0.65174,0.000251,105.45
1774,1993.27,940.91,9.789303,76.389691,937,-29.63,3.98,8.86,224.28,7.12,0.62806,0.000242,101.62
1775,2024.4,946.55,9.700095,76.882457,1183,-30.09,2.41,5.18,214.16,4.38,0.6525,0.000251,105.57
1776,2068.79,940.5,9.79579,77.585239,917,-28.43,2.74,5.76,192.24,4.97,0.64726,0.000249,104.72
1777,2096.93,947.03,9.692412,78.030783,1063,-32.76,1.99,4.52,144.52,3.08,0.66049,0.000254,106.86
1778,2127.57,944.3,9.735705,78.515878,1250,-35.85,1.87,4.41,106.9,1.18,0.66649,0.000257,107.84
1779,2155.42,936.99,9.851429,78.956714,834,-37.82,2.0,4.71,92.5,0.76,0.6661,0.000257,107.77
1780,2196.49,947.54,9.684473,79.606825,1046,-48.41,2.89,6.82,38.89,0.0,0.75009,0.000411,172.68
1781,2227.07,936.42,9.860496,80.091063,898,-52.63,3.26,8.27,24.64,0.0,0.79696,0.000508,213.22
1782,2249.34,931.58,9.937083,80.443548,197,-58.93,3.4,8.0,9.94,0.0,0.89353,0.000751,315.58
1783,2373.96,923.73,10.061263,82.416449,162,-38.83,31.04,77.46,7.45,39.23,0.59082,0.000522,219.41
1784,2715.79,936.55,9.858369,87.827876,118,-35.99,49.35,244.71,3.76,45.0,0.56552,0.000536,225.25
1785,2720.7,956.59,9.54114,87.905569,263,-2.56,58.6,264.34,5.2,45.99,0.54604,0.000504,211.75
1786,4253.0,955.0,9.566301,112.163441,1,-189.62,85.24,1984.42,1.75,65.08,0.42074,0.000414,173.76
1787,13.24,970.61,9.319173,45.043961,865,258.33,59.68,259.73,29.2,48.7,0.39133,0.000238,100.02
1788,32.89,964.88,9.409813,45.355023,252,134.82,72.27,444.95,8.88,53.49,0.4536,0.00039,163.71
1789,96.89,986.84,9.062226,46.368224,302,354.93,78.54,677.47,13.02,63.42,0.34138,0.000269,112.89
1790,113.56,970.16,9.326303,46.632063,775,412.81,77.82,661.92,21.64,63.66,0.29084,0.000191,80.1
1791,139.89,978.32,9.197063,47.048915,1078,1090.55,76.98,686.76,62.35,71.04,0.12895,5.2e-05,21.76
1792,174.62,970.04,9.328201,47.598716,997,1246.83,75.45,653.65,48.1,70.32,0.16398,8e-05,33.79
1793,200.48,977.0,9.21804,48.0081,772,351.04,75.81,652.59,14.26,62.57,0.34037,0.000261,109.47
1794,249.17,979.58,9.177241,48.778896,389,185.83,75.02,658.15,7.8,61.34,0.39456,0.000346,145.52
1795,275.58,989.98,9.01255,49.197018,332,261.58,74.13,646.89,9.12,61.52,0.38319,0.000328,137.63
1796,309.21,970.3,9.324037,49.729351,574,320.63,73.08,656.29,14.33,62.5,0.34103,0.000261,109.51
1797,331.04,971.71,9.301761,50.074954,787,506.48,66.85,478.15,30.01,58.18,0.30933,0.000187,78.41
1798,349.2,976.62,9.224069,50.36253,280,78.29,62.81,338.5,9.14,49.35,0.48813,0.000417,175.25
1799,1369.21,993.3,8.959996,66.510287,365,-56.36,3.9,12.53,11.37,0.44,0.87363,0.000713,299.43
1800,1392.61,980.64,9.160471,66.880724,455,-57.48,2.96,7.01,14.14,0.0,0.86485,0.000664,278.92
1801,1414.59,984.67,9.096618,67.228588,697,-54.16,4.37,12.4,20.89,1.64,0.79286,0.000524,219.92
1802,1459.94,970.13,9.326852,67.946594,750,-17.99,16.15,40.71,25.85,22.6,0.58602,0.000369,154.93
1803,1488.31,978.88,9.188274,68.395768,1024,-2.9,11.37,29.13,68.81,16.3,0.5219,0.000201,84.44
1804,1528.04,973.57,9.272297,69.024683,896,58.59,16.31,39.57,137.63,28.32,0.43884,0.000169,71.0
1805,1557.49,978.19,9.199147,69.490854,1088,103.25,32.46,116.44,189.05,48.26,0.323,0.000124,52.26
1806,1584.57,971.43,9.306174,69.919581,934,362.31,59.1,240.71,236.58,54.45,0.27119,0.000104,43.88
1807,1610.16,983.84,9.109719,70.324686,975,357.15,57.85,243.92,280.75,54.53,0.27068,0.000104,43.8
1808,1643.03,973.74,9.269568,70.845117,1175,366.31,57.81,240.36,338.43,54.47,0.271,0.000104,43.85
1809,1675.38,975.21,9.2463,71.357237,1250,84.86,37.82,120.44,394.96,48.28,0.32318,0.000124,52.29
1810,1714.72,978.03,9.201733,71.980005,1043,-28.45,3.01,7.89,413.32,5.49,0.64258,0.000248,103.97
1811,1742.4,975.4,9.243271,72.418234,941,-19.82,3.55,9.59,376.61,6.5,0.63336,0.000244,102.48
1812,1771.25,972.48,9.289533,72.874895,808,4.49,9.76,23.64,341.19,17.44,0.53704,0.000207,86.89
1813,1803.08,969.08,9.343441,73.378746,1123,128.83,44.08,149.49,307.53,49.61,0.31206,0.00012,50.49
1814,1835.67,976.14,9.231585,73.894792,1125,114.41,44.58,154.17,264.51,49.67,0.31179,0.00012,50.45
1815,1870.18,975.04,9.249076,74.441112,1151,10.12,20.48,82.03,240.48,37.27,0.37246,0.000143,60.26
1816,1899.01,974.92,9.250903,74.897445,1024,-29.15,2.3,7.58,229.61,4.3,0.65326,0.000252,105.69
1817,1937.86,977.95,9.203049,75.512546,957,-33.56,1.6,3.76,200.23,2.97,0.66528,0.000256,107.64
1818,1966.17,981.23,9.150982,75.960619,972,-30.42,2.76,8.05,169.26,5.06,0.64641,0.000249,104.59
1819,2002.85,978.24,9.198387,76.541394,1166,-31.65,10.03,35.65,158.27,18.06,0.53234,0.000205,86.13
1820,2037.55,979.54,9.177862,77.090672,1146,-33.33,3.32,7.15,161.61,5.94,0.63865,0.000246,103.33
1821,2062.23,967.9,9.362077,77.481371,1073,-36.38,2.05,4.59,177.72,3.73,0.65853,0.000254,106.55
1822,2098.71,976.99,9.218125,78.058897,1052,-40.27,2.78,5.85,117.76,3.19,0.65173,0.000251,105.45
1823,2132.75,980.68,9.159768,78.597858,955,-46.22,2.78,6.07,61.96,0.68,0.66848,0.00027,113.48
1824,2162.04,966.67,9.381565,79.061527,1034,-47.16,2.92,6.96,42.58,0.07,0.73633,0.000387,162.39
1825,2181.77,979.76,9.174361,79.373864,677,-57.65,3.16,7.61,12.5,0.0,0.87561,0.000697,292.88
1826,2210.82,963.76,9.427654,79.833662,314,-59.93,2.78,7.03,7.45,0.0,0.92146,0.000815,342.2
1827,2713.08,980.9,9.156315,87.784989,215,123.53,75.64,809.75,5.41,66.16,0.38247,0.000352,147.73
1828,2726.28,982.18,9.136076,87.993947,176,32.51,65.22,260.02,5.97,46.12,0.53891,0.00049,205.96
1829,5.58,999.9,8.855412,44.922615,368,17.65,47.68,178.56,10.08,43.31,0.53509,0.000449,188.44
1830,94.87,1005.63,8.764743,46.336147,416,312.79,74.2,534.46,14.99,58.16,0.37169,0.00028,117.56
1831,116.35,1011.07,8.678662,46.676254,1047,899.04,75.89,644.35,50.03,67.67,0.18252,8.7e-05,36.69
1832,148.91,1005.67,8.764117,47.191753,1048,1493.09,72.62,530.94,62.06,68.3,0.14191,5.7e-05,24.05
1833,177.87,1005.2,8.771662,47.650151,876,618.43,77.28,712.98,21.67,66.89,0.26301,0.000172,72.42
1834,213.28,1011.88,8.66584,48.21074,1072,449.59,75.83,610.44,21.24,62.07,0.30353,0.0002,83.91
1835,242.87,1002.59,8.812923,48.679097,878,488.27,77.95,666.66,21.95,64.36,0.28345,0.000185,77.83
1836,266.23,1015.71,8.605229,49.048931,881,281.02,73.44,519.8,16.11,57.47,0.37059,0.000272,114.19
1837,292.23,1010.28,8.691113,49.460574,632,237.15,72.58,512.31,11.98,56.72,0.40429,0.000326,136.76
1838,332.57,1002.31,8.817398,50.099137,601,114.77,68.41,493.05,10.56,55.13,0.42897,0.000356,149.56
1839,349.0,991.27,8.992045,50.359308,186,83.82,66.77,302.77,9.73,48.15,0.49431,0.000417,175.34
1840,1359.51,1012.87,8.650239,66.356599,356,-53.78,5.78,19.18,12.41,3.85,0.83308,0.000665,279.2
1841,1387.09,1009.83,8.698316,66.793322,1019,-44.64,4.13,9.47,48.55,2.44,0.69528,0.000339,142.46
1842,1423.21,1007.66,8.732703,67.365092,1041,-48.47,2.37,5.52,53.31,0.0,0.70518,0.000323,135.69
1843,1454.59,1001.21,8.834732,67.861956,1269,-49.13,3.31,7.41,38.93,0.55,0.74378,0.000407,171.15
1844,1493.49,1008.57,8.718161,68.477687,1004,-32.71,5.37,13.99,91.31,6.64,0.61306,0.000236,99.19
1845,1522.79,1000.27,8.849626,68.941491,1006,1.64,11.22,26.75,132.65,18.83,0.51811,0.0002,83.83
1846,1551.71,1012.14,8.661698,69.39933,849,-14.01,7.21,16.08,186.67,12.82,0.57743,0.000222,93.43
1847,1582.54,1008.76,8.715247,69.887514,1057,0.84,17.15,74.29,237.53,31.43,0.41966,0.000162,67.9
1848,1617.97,1014.08,8.631037,70.448387,1178,102.51,38.03,132.46,300.11,48.82,0.31862,0.000123,51.55
1849,1650.75,1006.99,8.743225,70.967353,1055,186.21,41.49,139.77,354.61,49.66,0.31071,0.00012,50.27
1850,1684.87,1007.03,8.742621,71.507447,743,-16.8,17.01,52.76,410.24,30.31,0.42922,0.000165,69.45
1851,1710.58,1007.6,8.733518,71.914421,946,-37.01,3.59,8.0,394.93,6.39,0.63469,0.000245,102.69
1852,1747.56,1006.22,8.755396,72.49987,1060,-28.27,4.4,9.89,339.09,7.85,0.62147,0.000239,100.55
1853,1782.28,1003.24,8.802627,73.049499,1158,-18.65,5.15,13.31,291.77,9.29,0.60859,0.000234,98.47
1854,1813.77,1006.12,8.75706,73.548012,1072,3.85,16.54,49.8,246.88,29.58,0.4349,0.000168,70.36
1855,1843.14,1007.72,8.731628,74.013046,953,47.61,38.58,173.26,211.39,49.89,0.3112,0.00012,50.35
1856,1871.69,1013.47,8.64062,74.465014,1248,-44.3,4.17,9.83,177.36,7.37,0.62615,0.000241,101.31
1857,1906.28,1009.08,8.710199,75.012581,1069,-40.65,1.75,3.98,169.19,3.19,0.66353,0.000256,107.36
1858,1929.42,1000.1,8.852338,75.378839,757,-37.07,2.09,4.51,179.41,3.78,0.65804,0.000253,106.47
1859,1960.45,1016.14,8.598415,75.870073,1103,-34.64,2.92,10.14,124.31,3.9,0.64713,0.000249,104.7
1860,1995.46,1004.87,8.776871,76.424434,1098,17.19,31.42,105.83,114.21,45.37,0.33591,0.000129,54.35
1861,2035.29,1013.2,8.644935,77.054891,1164,-39.12,5.87,17.06,105.14,8.14,0.6039,0.000233,97.71
1862,2069.58,1009.68,8.700702,77.5977,1197,-44.7,3.13,6.73,118.71,3.82,0.6465,0.000249,104.6
1863,2098.99,1006.97,8.743566,78.063374,997,-46.93,2.01,4.58,86.39,0.44,0.66738,0.000257,107.98
1864,2127.75,1005.89,8.760702,78.518707,640,-49.81,1.71,3.91,52.31,0.0,0.71657,0.000333,139.76
1865,2155.23,1005.12,8.772891,78.953711,757,-57.42,2.85,6.17,16.55,0.0,0.84695,0.000615,258.24
1866,2198.92,1022.42,8.49893,79.64529,227,-57.18,6.6,20.21,8.59,5.05,0.8512,0.000736,309.02
1867,2208.84,1019.14,8.550857,79.802397,119,-60.04,3.03,9.19,5.68,0.0,0.93243,0.000853,358.33
1868,2723.16,992.19,8.97757,87.944512,122,74.96,69.47,348.24,6.56,49.56,0.50409,0.000454,190.48
1869,2733.7,1004.86,8.776917,88.111408,212,14.89,63.53,315.47,5.12,47.92,0.52938,0.00049,205.6
1870,26.05,1048.98,8.078448,45.246733,610,238.46,65.64,392.51,17.95,52.76,0.39779,0.000279,117.22
1871,53.71,1041.87,8.190996,45.684631,708,209.06,65.26,336.69,14.41,50.42,0.44109,0.000337,141.38
1872,94.93,1035.64,8.289642,46.337208,353,393.29,81.8,927.93,10.21,68.61,0.32994,0.000276,115.88
1873,111.79,1041.41,8.198332,46.603977,696,1125.01,71.49,554.29,37.53,65.49,0.22519,0.000125,52.64
1874,141.62,1043.24,8.169437,47.076227,1080,1238.66,72.13,527.28,69.18,66.73,0.15,5.8e-05,24.27
1875,171.21,1034.64,8.305487,47.544719,995,621.02,72.3,534.73,28.55,60.91,0.29032,0.000178,74.7
1876,209.54,1043.04,8.172561,48.151591,1135,954.37,76.33,749.27,53.36,71.91,0.14532,6.7e-05,27.94
1877,240.03,1043.42,8.166536,48.634212,1054,1061.02,76.26,657.18,59.35,69.65,0.14509,6.1e-05,25.62
1878,268.91,1043.57,8.164172,49.091335,932,603.26,71.61,470.41,46.64,59.32,0.25546,0.000128,53.62
1879,298.98,1038.63,8.242279,49.567504,808,202.44,62.73,347.35,25.23,51.24,0.38276,0.000242,101.81
1880,319.08,1040.66,8.210168,49.88563,291,77.66,61.39,289.0,9.43,47.61,0.50115,0.000426,178.86
1881,1365.43,1035.99,8.284221,66.45045,689,-50.81,3.55,8.79,23.44,0.3,0.79699,0.000514,215.74
1882,1389.9,1040.95,8.205564,66.837781,805,-38.38,3.36,7.71,60.89,1.7,0.6625,0.000272,114.32
1883,1419.89,1041.53,8.196461,67.312592,1151,-38.95,3.53,7.63,94.52,3.47,0.64234,0.000247,103.93
1884,1452.35,1039.13,8.234431,67.82639,1263,-44.74,1.53,3.26,101.05,0.25,0.6733,0.000259,108.94
1885,1486.17,1032.58,8.338129,68.361741,903,-43.8,1.68,3.99,111.19,0.99,0.66966,0.000258,108.35
1886,1516.33,1037.17,8.265411,68.839353,852,-38.76,2.7,7.0,153.06,4.68,0.64876,0.00025,104.97
1887,1546.13,1038.64,8.242143,69.311108,948,-34.33,2.69,6.28,196.69,4.86,0.64833,0.00025,104.9
1888,1578.68,1040.13,8.218597,69.826272,1017,-31.45,2.77,6.32,248.42,5.01,0.6469,0.000249,104.67
1889,1615.87,1043.36,8.167545,70.415085,956,13.73,23.16,103.8,310.43,42.49,0.34236,0.000132,55.39
1890,1653.55,1038.61,8.242648,71.011529,1022,82.02,38.79,159.87,370.33,49.65,0.31249,0.00012,50.56
1891,1679.12,1032.56,8.338376,71.416427,742,-15.66,18.39,55.15,407.18,32.68,0.40986,0.000158,66.31
1892,1703.16,1044.88,8.143401,71.796992,1090,-49.04,4.07,9.42,383.72,7.15,0.62816,0.000242,101.63
1893,1735.41,1036.87,8.270234,72.307611,1176,-40.17,2.07,4.73,334.9,3.73,0.65853,0.000254,106.55
1894,1770.45,1036.69,8.273139,72.862235,1218,-31.54,3.7,8.84,278.76,6.64,0.63235,0.000244,102.31
1895,1807.71,1040.34,8.215258,73.452183,1352,-46.79,5.69,14.22,218.5,10.03,0.60268,0.000232,97.51
1896,1841.34,1045.59,8.132136,73.984512,964,-48.06,4.04,10.38,165.03,7.14,0.62821,0.000242,101.64
1897,1867.56,1043.56,8.16427,74.399614,736,-48.72,2.87,6.72,135.77,4.12,0.64892,0.00025,104.99
1898,1902.41,1041.37,8.198963,74.951376,1035,-46.91,1.65,4.06,114.29,1.06,0.67002,0.000258,108.41
1899,1933.78,1035.81,8.286927,75.447961,933,-38.82,2.18,5.17,124.4,2.48,0.66005,0.000254,106.79
1900,1972.08,1045.3,8.136719,76.054294,809,-0.01,22.57,117.88,75.49,38.28,0.34874,0.000134,56.42
1901,1998.68,1035.29,8.295189,76.475428,1107,21.62,28.32,115.23,61.77,43.4,0.34738,0.000141,59.14
1902,2031.59,1042.8,8.176396,76.996277,914,-46.54,2.5,5.82,56.91,0.0,0.69089,0.000301,126.43
1903,2065.06,1040.46,8.213371,77.526246,870,-45.37,2.29,5.22,79.02,0.61,0.66363,0.000256,107.37
1904,2099.55,1042.43,8.182181,78.07218,1016,-54.88,2.12,4.74,45.09,0.0,0.73768,0.000376,157.84
1905,2126.72,1030.7,8.367917,78.502299,833,-55.81,2.19,5.28,24.82,0.0,0.80958,0.000515,216.22
1906,2157.02,1034.03,8.315217,78.982088,508,-60.84,2.06,3.94,4.76,0.0,0.95296,0.000887,372.62
1907,2184.45,1039.68,8.225683,79.41628,786,-40.95,15.59,44.23,17.56,21.27,0.63396,0.000449,188.62
1908,2208.78,1040.77,8.208457,79.801392,363,-44.09,17.73,51.42,13.44,24.86,0.63183,0.000493,207.0
1909,2744.8,1044.42,8.150711,88.287144,179,1.76,56.94,543.89,5.36,55.91,0.45916,0.000423,177.52
1910,2756.21,1052.99,8.014964,88.467734,160,-0.8,61.97,303.98,4.04,47.35,0.54215,0.000512,214.84
1911,14.68,1072.61,7.70442,45.066685,1182,352.23,60.01,311.55,23.02,50.91,0.38911,0.000252,105.76
1912,53.42,1070.31,7.740883,45.679941,1151,418.39,65.76,388.97,26.83,54.27,0.3502,0.000218,91.69
1913,93.07,1074.06,7.681481,46.307611,475,431.4,75.63,783.29,12.18,67.66,0.31686,0.000254,106.73
1914,116.12,1070.2,7.742614,46.672603,993,801.39,74.1,616.87,44.32,65.76,0.21122,0.000109,45.62
1915,147.14,1075.52,7.658362,47.163717,880,591.7,60.84,345.16,83.5,56.44,0.23461,9e-05,37.96
1916,177.08,1063.75,7.844615,47.637602,997,781.84,73.23,597.01,69.68,66.05,0.161,6.2e-05,26.05
1917,210.24,1071.74,7.718242,48.162544,897,994.21,79.82,833.12,61.52,75.05,0.11663,4.7e-05,19.93
1918,239.8,1079.27,7.598955,48.630637,798,571.59,77.98,718.61,21.81,66.77,0.26428,0.000173,72.67
1919,265.89,1074.09,7.680952,49.043653,790,579.49,74.08,578.18,29.08,62.18,0.27987,0.000171,71.62
1920,291.33,1064.1,7.839103,49.446359,537,256.29,75.03,545.39,14.22,58.12,0.37793,0.00029,121.66
1921,315.47,1054.67,7.988362,49.828525,89,5.91,67.08,310.22,5.06,47.67,0.53215,0.000493,206.91
1922,1363.95,1060.89,7.889976,66.427009,342,-54.21,7.26,23.59,10.28,6.35,0.82574,0.000689,289.58
1923,1386.48,1068.3,7.772701,66.783561,822,-43.54,3.55,9.5,29.59,0.65,0.7733,0.000469,196.86
1924,1420.03,1074.74,7.670719,67.314748,1160,-39.84,1.73,4.04,74.29,0.0,0.67116,0.000259,108.59
1925,1456.47,1073.91,7.683796,67.891606,1043,-41.59,1.54,3.48,132.16,1.69,0.66954,0.000258,108.33
1926,1484.8,1066.05,7.808302,68.340117,1125,-41.87,2.34,5.03,159.16,4.18,0.65455,0.000252,105.9
1927,1516.31,1066.26,7.805011,68.838993,1020,-42.81,2.38,5.11,189.83,4.25,0.65399,0.000252,105.81
1928,1546.42,1075.2,7.663353,69.315698,1328,-43.63,2.02,4.37,235.3,3.62,0.65966,0.000254,106.73
1929,1585.55,1069.69,7.750687,69.935114,1222,-42.42,2.78,6.16,283.21,4.95,0.6477,0.00025,104.79
1930,1620.99,1068.4,7.771112,70.496106,929,-42.56,4.66,15.14,329.74,8.37,0.61714,0.000238,99.85
1931,1647.97,1072.3,7.709342,70.92322,963,-45.44,3.68,9.26,350.07,6.52,0.63366,0.000244,102.52
1932,1673.74,1073.91,7.683812,71.331289,974,-50.64,3.44,8.57,364.91,6.08,0.63781,0.000246,103.2
1933,1704.12,1076.39,7.644623,71.812137,1015,-54.53,2.68,5.89,364.34,4.69,0.65026,0.000251,105.21
1934,1737.29,1071.91,7.715485,72.337333,1214,-47.65,1.63,3.88,315.13,2.93,0.66595,0.000257,107.75
1935,1771.39,1073.96,7.683035,72.877174,1352,-45.66,2.24,5.19,256.17,3.99,0.65631,0.000253,106.19
1936,1805.24,1071.59,7.720529,73.412968,893,-42.79,10.43,46.59,199.64,19.02,0.52419,0.000202,84.81
1937,1837.79,1077.45,7.627838,73.92829,1028,51.04,41.65,173.14,142.63,49.24,0.31232,0.00012,50.53
1938,1874.95,1067.7,7.782079,74.516533,1049,-36.48,7.2,25.16,96.29,10.26,0.58267,0.000224,94.27
1939,1904.89,1074.9,7.668121,74.990578,906,-44.2,2.13,5.18,57.17,0.0,0.69409,0.000301,126.54
1940,1931.24,1066.63,7.799035,75.407637,761,-43.87,3.16,6.65,73.95,1.87,0.65068,0.000251,105.28
1941,1957.98,1065.5,7.816962,75.831106,976,-33.3,4.63,12.43,82.13,4.95,0.62539,0.000241,101.19
1942,2000.34,1069.13,7.759453,76.501556,1122,-6.66,28.19,78.38,22.04,40.13,0.48855,0.000319,134.04
1943,2036.14,1068.39,7.771153,77.068414,669,-53.32,2.65,5.96,28.96,0.0,0.78898,0.000481,202.16
1944,2064.43,1066.9,7.794787,77.516223,865,-50.47,2.56,6.32,34.98,0.0,0.76808,0.00044,184.69
1945,2092.48,1072.13,7.711986,77.96024,674,-56.54,2.87,6.13,22.72,0.0,0.8092,0.000525,220.57
1946,2111.55,1063.02,7.856284,78.262217,292,-59.69,2.65,5.9,9.23,0.0,0.90874,0.000775,325.66
1947,2176.06,1056.73,7.955867,79.283454,183,-52.66,12.02,27.95,7.36,14.25,0.77379,0.000685,287.87
1948,2192.16,1066.01,7.808927,79.538271,352,-41.25,17.26,45.3,13.41,23.89,0.64071,0.0005,210.05
1949,2205.92,1058.02,7.935362,79.756214,273,-41.92,19.12,61.99,13.1,27.53,0.61046,0.00048,201.51
1950,2762.42,1075.24,7.662856,88.566064,412,40.12,63.62,581.38,5.57,57.52,0.44354,0.000407,170.81
1951,14.39,1115.36,7.027615,45.062074,688,401.49,73.46,672.99,16.4,63.74,0.31695,0.000231,96.99
1952,47.72,1098.27,7.298256,45.589816,830,501.88,78.08,924.99,14.37,69.54,0.29512,0.000225,94.68
1953,83.92,1102.99,7.223465,46.162832,425,274.38,74.24,782.82,6.98,66.32,0.36276,0.000324,135.96
1954,108.57,1102.91,7.224672,46.553011,759,389.78,75.67,591.83,15.24,60.74,0.34812,0.000261,109.47
1955,141.44,1102.99,7.223489,47.073381,1101,424.64,69.42,458.81,66.82,58.56,0.21774,8.4e-05,35.23
1956,174.91,1100.47,7.263368,47.60328,1068,1349.46,77.44,683.46,95.76,74.2,0.10634,4.1e-05,17.21
1957,205.64,1097.0,7.318367,48.089801,976,1277.24,78.31,732.93,63.12,74.0,0.10623,4.2e-05,17.71
1958,242.24,1106.17,7.173114,48.669128,818,554.55,79.76,788.22,20.82,69.07,0.25546,0.000169,70.9
1959,275.35,1093.15,7.379231,49.193388,304,55.49,66.62,459.47,7.89,53.41,0.46234,0.000405,170.21
1960,1397.57,1097.75,7.30638,66.959267,818,-53.02,3.54,8.66,23.63,0.27,0.79667,0.000513,215.26
1961,1421.76,1108.33,7.138864,67.342159,765,-46.96,2.1,5.29,61.49,0.0,0.67947,0.000277,116.18
1962,1455.42,1103.48,7.215784,67.875004,1219,-42.85,1.47,3.24,118.08,0.93,0.67224,0.000259,108.77
1963,1490.83,1101.54,7.24638,68.435622,928,-43.86,1.2,2.77,166.19,2.21,0.6724,0.000259,108.79
1964,1517.81,1101.72,7.243613,68.862637,904,-45.37,2.01,4.82,197.28,3.61,0.6598,0.000254,106.75
1965,1551.99,1106.65,7.165527,69.403779,818,-48.2,1.89,4.08,238.24,3.36,0.66207,0.000255,107.12
1966,1579.27,1102.3,7.234465,69.835621,1011,-46.31,2.38,5.27,267.61,4.24,0.65421,0.000252,105.85
1967,1614.22,1102.79,7.226639,70.388916,1434,-49.02,2.78,5.94,280.71,4.9,0.6483,0.00025,104.89
1968,1649.29,1108.53,7.135717,70.944159,1078,-52.39,1.41,3.27,293.23,2.51,0.66983,0.000258,108.38
1969,1678.39,1104.68,7.196745,71.404927,737,-54.91,1.77,3.42,317.7,3.1,0.66461,0.000256,107.53
1970,1707.58,1104.89,7.19337,71.866953,821,-53.66,1.4,3.22,337.6,2.49,0.67008,0.000258,108.42
1971,1738.28,1109.09,7.126976,72.353013,1262,-47.67,1.01,2.31,307.95,1.85,0.67572,0.00026,109.33
1972,1777.9,1107.88,7.145986,72.980238,1093,-41.12,3.21,13.59,238.65,5.93,0.63884,0.000246,103.36
1973,1809.8,1099.88,7.272675,73.485265,1001,59.57,37.26,189.62,183.18,50.55,0.30588,0.000118,49.49
1974,1843.12,1110.09,7.111117,74.012748,1122,315.46,63.16,269.29,125.33,53.71,0.26949,0.000104,43.6
1975,1874.14,1099.59,7.277307,74.503713,1089,61.04,37.14,169.38,72.28,46.05,0.31888,0.000123,51.59
1976,1906.66,1108.9,7.129941,75.01866,963,22.9,32.95,109.88,21.37,41.42,0.47895,0.000315,132.25
1977,1933.2,1099.52,7.278479,75.438667,1065,-12.55,24.42,83.07,29.52,37.97,0.46838,0.000284,119.33
1978,1966.2,1095.99,7.334244,75.961197,1138,-41.01,9.79,32.76,52.19,12.82,0.59086,0.000275,115.43
1979,1995.6,1097.28,7.31389,76.426526,653,-53.92,4.9,12.16,16.98,2.34,0.81228,0.000584,245.12
1980,2031.75,1083.07,7.538857,76.998921,323,-59.3,3.64,7.87,7.34,0.0,0.91192,0.000808,339.39
1981,2073.85,1089.15,7.442645,77.665351,364,-59.62,2.7,5.78,9.84,0.0,0.90321,0.000761,319.65
1982,2093.64,1096.47,7.326702,77.978708,392,-60.52,1.52,4.11,8.94,0.0,0.92499,0.000794,333.44
1983,2178.5,1087.5,7.468696,79.32208,4,-62.82,6.77,18.66,1.75,4.93,0.90558,0.00089,374.0
1984,2772.65,1109.31,7.12343,88.728103,294,-19.22,51.98,429.86,5.08,51.72,0.49725,0.00046,193.27
1985,16.41,1139.66,6.643027,45.09404,879,736.13,61.51,291.17,53.5,54.2,0.27402,0.000125,52.59
1986,42.52,1136.82,6.687972,45.507505,789,643.62,70.22,584.78,29.72,62.89,0.27183,0.000165,69.11
1987,61.58,1148.02,6.51053,45.809171,605,185.15,67.74,479.13,16.49,55.39,0.38668,0.000281,118.07
1988,117.25,1129.72,6.800352,46.690427,1062,426.31,66.0,427.11,33.51,55.98,0.3184,0.000185,77.79
1989,144.18,1141.3,6.617066,47.116859,813,881.36,77.58,696.33,67.23,70.15,0.13209,5.1e-05,21.37
1990,170.13,1135.95,6.701623,47.527612,1043,1079.2,73.33,604.69,73.59,68.56,0.1411,5.4e-05,22.83
1991,200.85,1129.83,6.798548,48.014016,1228,762.8,75.15,701.45,37.5,68.18,0.21131,0.000118,49.41
1992,232.67,1130.56,6.787011,48.517632,980,363.99,75.32,593.09,19.27,60.78,0.32285,0.000219,92.02
1993,1397.58,1130.99,6.78027,66.959344,787,-57.49,1.97,4.48,18.77,0.0,0.8398,0.000577,242.44
1994,1424.31,1137.08,6.683726,67.382487,876,-51.59,1.38,3.07,56.15,0.0,0.70705,0.000311,130.79
1995,1455.51,1132.93,6.749445,67.876505,928,-48.01,1.28,2.85,88.7,0.0,0.67697,0.000261,109.53
1996,1489.83,1132.15,6.761852,68.419706,957,-47.97,1.24,2.58,125.66,0.83,0.67552,0.00026,109.3
1997,1523.79,1130.72,6.784445,68.95737,1030,-47.42,3.35,7.7,174.46,5.91,0.63919,0.000246,103.42
1998,1555.73,1133.08,6.747179,69.462984,826,-38.94,2.95,6.89,210.73,5.29,0.64464,0.000248,104.3
1999,1582.69,1138.79,6.65677,69.889805,954,-34.35,3.89,8.75,207.19,6.93,0.62982,0.000243,101.9
2000,1616.02,1135.03,6.716233,70.417477,934,-51.22,1.65,4.1,228.43,2.95,0.66587,0.000257,107.74
2001,1648.09,1139.74,6.64169,70.925193,930,-52.92,1.0,2.16,241.59,1.79,0.67635,0.000261,109.43
2002,1680.69,1130.47,6.788454,71.441232,776,-54.49,0.58,1.26,278.85,1.05,0.68307,0.000263,110.52
2003,1708.94,1138.07,6.668049,71.888531,1137,-51.08,1.32,3.14,294.66,2.36,0.67112,0.000259,108.58
2004,1746.52,1145.38,6.552465,72.483424,1043,-45.86,0.87,1.97,298.72,1.63,0.67774,0.000261,109.66
2005,1768.67,1133.43,6.741615,72.834142,851,-42.49,3.83,10.13,259.36,6.82,0.63093,0.000243,102.08
2006,1802.12,1135.39,6.710552,73.363595,1172,143.94,50.39,210.16,203.08,51.86,0.2944,0.000113,47.63
2007,1837.85,1138.34,6.663867,73.929246,962,293.12,61.97,299.31,145.57,55.51,0.26132,0.000101,42.28
2008,1876.65,1130.9,6.781691,74.543471,1012,90.88,44.65,164.54,79.69,46.42,0.31745,0.000122,51.36
2009,1901.81,1144.23,6.570661,74.94185,1020,232.16,53.6,204.7,62.13,48.04,0.30648,0.000124,51.89
2010,1932.91,1136.86,6.687301,75.434078,941,338.04,67.19,349.2,32.98,52.59,0.34807,0.000204,85.52
2011,1961.95,1129.6,6.802156,75.893866,961,59.25,41.13,169.78,29.42,44.15,0.43176,0.000262,110.11
2012,1984.0,1120.34,6.948829,76.242997,378,-58.5,2.94,8.38,14.21,0.0,0.86424,0.000663,278.28
2013,2769.67,1123.2,6.90353,88.680878,100,86.52,75.57,1226.6,4.15,66.21,0.39307,0.00037,155.45
2014,2790.43,1149.29,6.490568,89.009507,7,-86.06,68.84,557.04,1.75,55.78,0.48592,0.000478,200.69
2015,17.82,1171.5,6.138925,45.11636,1307,598.22,68.63,380.91,48.76,56.21,0.27337,0.000133,55.86
2016,49.04,1172.6,6.121432,45.610689,728,375.09,60.31,309.87,34.4,51.51,0.35211,0.000203,85.2
2017,76.23,1168.85,6.180786,46.04108,301,134.39,72.15,647.92,6.49,60.56,0.41041,0.00037,155.29
2018,107.79,1161.68,6.294364,46.540646,1254,465.25,64.15,389.87,25.19,54.56,0.35166,0.000223,93.58
2019,139.58,1166.53,6.217621,47.043978,666,587.58,73.92,611.46,32.61,63.57,0.26008,0.000153,64.15
2020,172.61,1166.36,6.220309,47.5669,823,448.61,75.37,609.52,26.78,62.28,0.28724,0.000179,75.24
2021,200.42,1164.22,6.254081,48.007066,643,130.98,62.85,344.81,19.35,50.39,0.40997,0.000278,116.62
2022,219.98,1155.28,6.395616,48.316734,335,205.67,64.31,453.54,12.29,54.44,0.42168,0.000337,141.69
2023,1395.9,1155.76,6.388142,66.932734,483,-59.36,1.98,4.75,12.04,0.0,0.89404,0.000719,302.04
2024,1420.52,1169.22,6.174998,67.322459,761,-57.27,2.41,6.28,15.99,0.0,0.85654,0.00063,264.66
2025,1450.47,1160.97,6.305633,67.796681,1079,-52.5,1.54,3.55,43.75,0.0,0.74913,0.000388,162.92
2026,1488.35,1161.21,6.30174,68.39636,1171,-49.55,1.25,2.68,94.76,0.0,0.67744,0.000261,109.61
2027,1522.57,1166.84,6.212736,68.938053,1223,-43.77,2.11,5.04,134.24,2.76,0.66052,0.000254,106.87
2028,1553.53,1165.06,6.24086,69.42818,1100,-30.82,3.03,6.9,159.49,5.47,0.6428,0.000248,104.0
2029,1587.11,1172.05,6.130168,69.959838,898,-33.65,3.44,7.49,151.8,5.89,0.63739,0.000246,103.13
2030,1609.6,1161.43,6.298353,70.31583,854,-47.55,2.9,6.26,181.59,5.11,0.64632,0.000249,104.57
2031,1640.78,1169.97,6.16314,70.809464,1078,-51.45,1.11,2.44,187.76,1.99,0.6745,0.00026,109.13
2032,1674.54,1164.34,6.252257,71.343928,1259,-53.39,1.6,3.36,222.47,2.82,0.66705,0.000257,107.93
2033,1708.83,1171.37,6.141008,71.886816,1015,-48.64,1.14,2.68,251.16,2.08,0.67371,0.00026,109.0
2034,1740.56,1173.14,6.112896,72.388985,1160,-45.9,1.04,2.33,289.7,1.92,0.6751,0.00026,109.23
2035,1780.01,1171.68,6.135966,73.013553,1346,-24.53,8.55,21.05,261.65,15.15,0.55741,0.000215,90.19
2036,1815.3,1163.84,6.260187,73.572303,983,122.78,43.33,175.25,200.8,50.48,0.3054,0.000118,49.41
2037,1845.3,1166.82,6.213016,74.047239,780,106.74,47.01,159.33,160.13,49.8,0.31091,0.00012,50.3
2038,1870.36,1165.02,6.241542,74.443957,1063,152.42,53.37,198.4,122.11,49.93,0.30011,0.000116,48.56
2039,1911.53,1175.05,6.082686,75.09575,1009,335.96,62.94,270.44,59.72,50.97,0.28861,0.000121,50.69
2040,1935.66,1164.93,6.242841,75.477646,727,171.57,64.46,291.55,22.95,48.95,0.40851,0.000265,111.1
2041,1956.21,1160.07,6.319866,75.802976,467,-17.14,32.2,163.66,10.97,42.59,0.53588,0.000441,185.23
2042,2777.25,1151.25,6.459472,88.800877,4,-126.4,80.0,1182.09,1.75,65.08,0.42074,0.000414,173.76
2043,2790.75,1152.0,6.447598,89.014595,4,-87.07,62.14,556.48,1.75,55.76,0.48609,0.000478,200.76
2044,16.7,1202.62,5.64616,45.098646,898,281.81,72.44,562.7,13.93,58.9,0.37307,0.000288,120.89
2045,44.34,1203.02,5.639891,45.536204,628,269.43,68.74,447.95,11.49,54.65,0.42413,0.000345,144.99
2046,61.16,1188.92,5.863041,45.802489,253,280.53,72.87,619.44,10.01,60.72,0.38361,0.000322,135.29
2047,123.25,1183.97,5.941541,46.78542,267,121.78,71.96,426.82,8.95,52.77,0.4595,0.000394,165.61
2048,139.22,1184.86,5.927438,47.038244,161,131.17,74.23,464.27,8.29,54.13,0.45227,0.000393,165.18
2049,157.9,1179.39,6.014066,47.334044,174,165.59,77.01,603.8,7.92,59.28,0.41106,0.00036,151.24
2050,1439.12,1196.98,5.735587,67.616984,497,-59.13,2.85,7.25,9.37,0.0,0.90485,0.00077,323.34
2051,1459.85,1194.98,5.767223,67.945157,843,-56.87,1.4,3.25,31.58,0.0,0.79477,0.000472,198.19
2052,1487.23,1192.77,5.802096,68.378622,1167,-53.57,1.18,2.75,60.09,0.0,0.69565,0.000289,121.5
2053,1520.84,1205.64,5.598433,68.910693,1018,-48.61,1.66,3.72,89.04,0.0,0.67259,0.000259,108.82
2054,1547.55,1197.5,5.727272,69.333572,944,-38.39,2.63,6.28,106.49,2.46,0.65485,0.000252,105.95
2055,1583.58,1199.03,5.703,69.903932,1196,-33.81,3.91,8.72,105.1,4.65,0.63485,0.000245,102.72
2056,1619.48,1199.92,5.688918,70.472262,1102,-50.19,1.68,3.98,126.47,1.63,0.66859,0.000258,108.18
2057,1650.03,1203.54,5.631614,70.955942,1069,-51.44,0.53,1.17,141.74,0.29,0.68523,0.000264,110.87
2058,1680.37,1204.27,5.620078,71.436246,911,-50.33,0.49,1.17,175.9,0.93,0.6841,0.000264,110.68
2059,1703.43,1197.6,5.725663,71.801288,896,-48.97,0.87,1.92,214.36,1.59,0.67806,0.000261,109.71
2060,1740.7,1202.76,5.643976,72.391264,1007,-45.15,1.83,4.81,264.39,3.32,0.66244,0.000255,107.18
2061,1775.71,1204.97,5.60909,72.945457,949,-13.77,12.36,34.69,261.61,22.01,0.4984,0.000192,80.64
2062,1803.55,1200.09,5.686331,73.386324,837,18.47,22.13,71.93,229.17,39.71,0.35443,0.000137,57.35
2063,1830.89,1196.76,5.73908,73.819122,1103,75.33,36.87,132.65,196.14,48.64,0.32048,0.000123,51.85
2064,1861.95,1200.65,5.677378,74.310834,982,167.14,47.34,151.5,150.75,49.64,0.30943,0.000119,50.06
2065,1895.5,1195.44,5.759851,74.841977,1117,207.22,56.44,196.84,94.92,49.04,0.29911,0.000115,48.4
2066,1933.32,1205.76,5.596534,75.440634,898,54.76,37.99,177.79,35.41,44.67,0.41035,0.000234,98.21
2067,1948.78,1192.52,5.806065,75.685462,418,-19.47,27.04,108.98,12.06,40.68,0.54503,0.000438,184.05
2068,2771.09,1211.7,5.502461,88.703322,57,73.74,80.43,816.52,3.99,65.99,0.39538,0.000373,156.82
2069,12.84,1235.1,5.13202,45.037624,729,350.65,74.05,686.16,11.13,63.62,0.35188,0.000289,121.22
2070,33.05,1239.44,5.063353,45.357588,164,273.74,83.33,1149.82,5.37,67.56,0.37101,0.000341,143.42
2071,1432.17,1225.97,5.276617,67.507,248,-60.28,3.07,8.42,5.0,0.0,0.93775,0.000869,365.03
2072,1457.39,1223.94,5.308698,67.906205,664,-59.57,2.76,5.42,7.71,0.0,0.91996,0.000809,339.9
2073,1481.91,1230.95,5.197732,68.294364,912,-56.62,1.49,3.45,26.88,0.0,0.81068,0.000505,212.14
2074,1509.98,1229.79,5.21603,68.73876,965,-50.97,1.38,3.12,60.1,0.0,0.69312,0.000288,121.04
2075,1554.76,1226.73,5.264605,69.447722,1053,-36.7,2.73,6.46,54.66,0.35,0.69457,0.000312,131.2
2076,1585.63,1232.59,5.171795,69.936361,915,-44.93,3.28,8.35,52.67,1.18,0.69356,0.000321,134.62
2077,1616.34,1230.46,5.205534,70.4226,913,-50.74,1.21,2.83,74.7,0.0,0.67793,0.000261,109.69
2078,1643.61,1239.51,5.062275,70.854319,913,-52.09,0.53,1.14,86.93,0.0,0.68597,0.000264,110.99
2079,1673.11,1230.95,5.197682,71.321331,866,-50.28,0.54,1.12,137.61,0.13,0.68543,0.000264,110.9
2080,1705.67,1234.36,5.143785,71.836728,932,-49.14,0.67,1.49,186.47,1.24,0.68121,0.000262,110.22
2081,1735.84,1228.39,5.238266,72.314417,1025,-41.94,3.4,8.87,239.75,6.07,0.63763,0.000246,103.17
2082,1769.71,1236.24,5.114063,72.850593,1128,8.53,15.63,37.15,241.71,27.64,0.45074,0.000174,72.93
2083,1802.45,1232.28,5.176745,73.36878,919,106.56,39.53,140.93,195.83,49.15,0.31599,0.000122,51.13
2084,1833.24,1230.39,5.206648,73.856288,1022,253.9,53.82,204.12,157.56,52.41,0.28844,0.000111,46.67
2085,1873.12,1224.69,5.296879,74.48766,945,222.46,52.39,171.31,126.28,49.64,0.30227,0.000116,48.91
2086,1906.95,1230.44,5.205864,75.023131,1190,81.11,41.03,195.5,80.8,47.5,0.3095,0.000119,50.08
2087,1933.05,1239.04,5.069728,75.436397,770,-41.39,7.52,17.7,37.81,7.88,0.68016,0.000377,158.5
2088,1951.05,1236.15,5.115414,75.72134,392,-56.83,4.79,11.84,10.07,1.82,0.87051,0.00073,306.62
2089,2773.2,1216.83,5.421355,88.736762,80,78.77,78.35,692.85,4.61,61.68,0.41448,0.000387,162.52
2090,2807.23,1231.19,5.194016,89.275413,151,-39.89,51.17,466.2,3.25,52.79,0.50101,0.00048,201.43
2091,12.53,1265.63,4.64868,45.032617,512,279.03,78.75,825.4,8.06,67.72,0.35245,0.000308,129.32
2092,41.28,1271.79,4.55126,45.487807,164,35.2,72.62,476.77,5.07,53.76,0.47886,0.000443,186.15
2093,1441.94,1271.48,4.556148,67.661686,90,-60.91,2.68,7.84,4.59,0.0,0.94595,0.000883,371.05
2094,1456.17,1262.6,4.696678,67.886904,679,-57.87,2.73,6.98,12.06,0.0,0.88439,0.000711,298.65
2095,1485.32,1261.92,4.707395,68.348417,1039,-54.89,2.35,5.28,24.71,0.0,0.80807,0.000514,216.05
2096,1519.46,1255.23,4.813402,68.888893,843,-49.8,3.56,8.9,24.22,0.36,0.79381,0.000508,213.25
2097,1549.53,1252.95,4.849528,69.364944,664,-46.92,7.92,17.97,15.3,7.52,0.77642,0.000581,243.82
2098,1584.88,1257.85,4.771874,69.924422,738,-55.06,3.08,7.1,20.88,0.0,0.81311,0.000537,225.56
2099,1613.49,1262.37,4.700291,70.377465,915,-55.28,2.15,4.66,25.99,0.0,0.80592,0.000507,212.77
2100,1654.54,1265.91,4.644252,71.027318,1086,-52.18,0.78,1.78,86.61,0.0,0.68305,0.000263,110.51
2101,1686.15,1260.86,4.724283,71.527635,952,-49.86,0.51,1.08,142.28,0.29,0.68537,0.000264,110.89
2102,1716.49,1260.85,4.724342,72.007985,778,-46.31,2.19,5.65,194.73,3.93,0.65693,0.000253,106.29
2103,1741.38,1263.13,4.688305,72.402049,886,-20.94,9.86,25.75,236.85,17.5,0.53698,0.000207,86.88
2104,1771.71,1268.39,4.60498,72.882134,1007,59.29,28.09,77.74,220.04,46.59,0.3369,0.00013,54.51
2105,1804.87,1267.19,4.623969,73.407085,1244,186.08,47.9,171.81,164.83,50.79,0.30194,0.000116,48.85
2106,1840.91,1259.81,4.740799,73.977639,1268,326.8,55.12,209.94,113.91,51.18,0.28563,0.00011,46.21
2107,1873.83,1255.59,4.807612,74.49885,1203,260.21,49.85,172.87,81.14,47.95,0.30317,0.000117,49.05
2108,1900.87,1265.74,4.647018,74.926957,820,97.03,42.66,144.28,49.96,44.42,0.37061,0.000178,74.57
2109,1928.98,1271.05,4.562871,75.371915,847,-32.56,12.53,29.65,26.87,16.16,0.64013,0.000399,167.52
2110,1947.02,1271.46,4.556377,75.65758,341,-57.45,5.91,13.42,8.1,3.64,0.86844,0.000758,318.39
2111,1990.38,1284.73,4.346304,76.344004,517,-55.85,4.25,9.88,11.89,0.95,0.86472,0.000698,293.09
2112,2778.63,1260.18,4.734937,88.822749,38,-8.13,77.09,591.58,2.5,57.41,0.46597,0.000452,189.89
2113,2794.11,1258.46,4.762288,89.067767,46,-50.03,54.21,301.29,2.38,46.84,0.55919,0.000544,228.37
2114,16.28,1290.43,4.256105,45.092079,808,384.22,76.96,687.67,12.42,63.96,0.34042,0.000272,114.06
2115,38.59,1294.91,4.185141,45.445254,346,149.14,74.34,505.88,7.07,55.67,0.44715,0.000398,167.3
2116,1464.67,1290.57,4.253894,68.021518,135,-58.74,6.92,17.44,4.25,5.28,0.88272,0.00083,348.44
2117,1480.34,1284.84,4.344637,68.269477,365,-57.7,5.89,14.53,6.61,3.58,0.8806,0.000791,332.43
2118,1518.54,1291.11,4.245291,68.874345,580,-49.22,9.81,23.53,11.64,10.67,0.77483,0.000629,264.03
2119,1546.7,1296.43,4.161204,69.319997,1192,-36.42,4.96,13.01,34.6,3.38,0.73153,0.000421,176.63
2120,1581.86,1294.44,4.192604,69.87667,1170,-51.38,4.12,10.44,24.51,1.35,0.78367,0.0005,209.94
2121,1612.25,1295.91,4.169417,70.357727,963,-53.0,2.37,5.1,36.58,0.0,0.76499,0.00043,180.74
2122,1640.39,1290.37,4.257019,70.80323,976,-51.61,1.1,2.76,66.55,0.0,0.67922,0.000262,109.9
2123,1679.55,1294.88,4.18574,71.423226,1084,-48.47,0.86,2.1,133.47,0.52,0.68061,0.000262,110.12
2124,1710.23,1290.79,4.250401,71.908884,871,-41.68,4.25,11.39,184.56,7.57,0.62427,0.00024,101.0
2125,1743.84,1293.79,4.202857,72.440948,1108,56.65,34.03,129.36,237.2,48.4,0.3227,0.000124,52.21
2126,1778.35,1299.67,4.109801,72.987355,1004,283.29,61.52,286.1,203.12,55.51,0.26446,0.000102,42.79
2127,1805.73,1302.62,4.063211,73.420749,889,268.55,56.49,212.61,155.83,52.73,0.2853,0.00011,46.16
2128,1837.63,1294.68,4.1888,73.925775,1073,417.47,66.18,326.35,100.14,55.31,0.24968,9.6e-05,40.4
2129,1868.63,1294.64,4.189486,74.416535,1127,167.24,55.51,292.44,47.84,50.06,0.3303,0.000163,68.29
2130,1903.46,1291.52,4.238803,74.967895,867,-17.98,25.39,65.77,13.39,38.22,0.55077,0.00043,180.64
2131,1936.0,1302.27,4.068643,75.482998,676,-19.34,23.68,59.32,13.99,35.18,0.55481,0.000427,179.54
2132,1964.17,1302.83,4.059814,75.929084,864,-43.71,10.18,29.35,25.01,12.11,0.68274,0.000433,182.0
2133,2001.1,1305.85,4.011951,76.513649,1111,-42.71,4.44,10.22,46.41,2.91,0.69791,0.00035,146.91
2134,2028.17,1294.47,4.192157,76.942146,753,-51.59,4.5,10.67,21.58,1.85,0.78863,0.000517,217.32
2135,2057.89,1301.9,4.074523,77.412695,786,-47.66,9.3,30.51,20.65,10.47,0.71171,0.000471,197.86
2136,2091.89,1304.27,4.037094,77.950945,532,-10.56,36.01,122.4,14.37,41.32,0.52317,0.0004,167.85
2137,2122.4,1312.07,3.913525,78.433915,340,-5.34,42.29,157.93,11.5,42.49,0.53284,0.000434,182.12
2138,2779.86,1295.33,4.178606,88.842175,92,14.17,68.13,359.08,4.45,49.42,0.52091,0.000488,204.86
2139,2786.63,1300.12,4.102714,88.949319,75,-3.92,66.11,430.04,3.87,51.78,0.50477,0.000478,200.65
2140,14.3,1319.6,3.794296,45.060604,1050,399.59,73.42,551.89,21.0,59.65,0.32389,0.000214,89.74
2141,36.23,1325.31,3.703869,45.407802,344,117.22,69.51,368.74,8.76,50.67,0.4787,0.000412,173.19
2142,1490.27,1331.9,3.599627,68.426802,444,-57.91,3.86,9.29,11.54,0.26,0.87412,0.000711,298.51
2143,1515.45,1322.5,3.748469,68.825364,916,-36.84,6.43,14.97,34.54,5.88,0.70884,0.000408,171.26
2144,1547.27,1327.33,3.672023,69.329097,1121,5.73,18.99,59.51,79.13,30.49,0.4063,0.000157,65.74
2145,1583.38,1330.93,3.614904,69.900745,1206,-2.73,18.84,78.17,85.54,31.14,0.40287,0.000155,65.18
2146,1618.17,1329.83,3.632426,70.451493,1201,-41.68,2.1,4.76,94.25,0.97,0.66475,0.000256,107.55
2147,1651.63,1321.71,3.760852,70.981207,1296,-45.54,1.03,2.35,113.14,0.0,0.67969,0.000262,109.97
2148,1684.23,1329.82,3.632542,71.497306,1086,-43.64,2.44,6.81,165.98,4.4,0.65263,0.000251,105.59
2149,1712.4,1319.47,3.796324,71.943336,897,-14.71,15.99,48.11,201.13,28.47,0.44431,0.000171,71.89
2150,1739.26,1329.23,3.641931,72.368483,1038,289.68,63.23,347.3,248.37,57.72,0.24789,9.5e-05,40.11
2151,1771.69,1328.21,3.657977,72.881849,1029,455.54,68.14,371.49,221.87,59.72,0.23064,8.9e-05,37.32
2152,1812.47,1335.71,3.539232,73.527399,859,483.41,61.22,280.99,159.67,56.71,0.25235,9.7e-05,40.83
2153,1834.31,1321.86,3.758542,73.873144,874,325.65,57.06,259.25,114.73,52.95,0.27239,0.000105,44.07
2154,1879.14,1321.18,3.769294,74.58297,1131,248.82,54.98,266.92,51.68,49.89,0.31987,0.00015,62.92
2155,1911.88,1327.29,3.672636,75.101292,976,113.42,35.74,109.17,53.95,43.47,0.36689,0.000167,69.98
2156,1941.06,1328.51,3.653263,75.563231,895,99.07,41.02,149.46,56.12,44.89,0.34972,0.000154,64.72
2157,1970.57,1332.88,3.584166,76.030413,834,43.41,34.09,109.36,75.08,43.93,0.33658,0.00013,54.46
2158,1995.62,1334.64,3.556156,76.426928,892,-21.03,6.27,17.17,94.48,8.46,0.59765,0.00023,96.7
2159,2037.19,1326.69,3.682082,77.085055,1175,-16.19,11.32,28.29,71.72,16.23,0.52361,0.000202,84.72
2160,2071.69,1329.99,3.629852,77.63121,1040,118.99,50.62,200.22,63.39,47.15,0.31182,0.000123,51.77
2161,2102.05,1328.15,3.658993,78.111849,962,184.55,58.37,230.02,45.92,47.88,0.35254,0.000178,74.66
2162,2126.46,1332.38,3.592081,78.498175,445,11.36,39.73,170.01,16.76,43.27,0.4895,0.000354,148.5
2163,16.38,1353.53,3.257142,45.093598,1123,364.78,72.53,528.0,22.59,58.63,0.32813,0.000213,89.55
2164,34.52,1364.88,3.077549,45.38077,260,152.84,74.6,534.26,10.02,56.83,0.41776,0.000351,147.3
2165,1470.52,1366.83,3.046685,68.11411,438,-58.21,3.19,7.26,10.37,0.0,0.89265,0.000744,312.46
2166,1491.83,1356.8,3.205478,68.45136,799,-52.28,2.32,5.6,35.56,0.0,0.76904,0.000437,183.75
2167,1518.42,1353.62,3.255781,68.872344,975,-35.02,5.84,13.2,71.1,6.48,0.60868,0.000234,98.48
2168,1552.89,1360.45,3.147616,69.418135,1091,101.81,41.2,156.45,124.83,48.22,0.31491,0.000121,50.95
2169,1583.95,1359.31,3.165754,69.90983,819,103.11,40.97,190.89,134.35,49.87,0.30452,0.000117,49.27
2170,1619.74,1357.71,3.190946,70.476382,769,-39.16,1.1,2.81,141.4,1.36,0.67518,0.00026,109.24
2171,1644.6,1362.32,3.117977,70.869939,885,-43.96,1.45,3.25,163.89,2.65,0.6685,0.000258,108.16
2172,1679.6,1362.16,3.120509,71.424068,1366,-22.28,13.72,47.52,197.46,24.65,0.47624,0.000183,77.05
2173,1714.65,1355.02,3.23367,71.978953,990,222.76,57.66,268.47,234.59,54.47,0.27326,0.000105,44.21
2174,1746.4,1362.93,3.108438,72.481504,889,662.07,69.82,416.43,275.35,62.74,0.20581,7.9e-05,33.3
2175,1770.87,1356.34,3.21276,72.868909,750,680.48,72.08,459.11,240.32,64.38,0.19397,7.5e-05,31.38
2176,1800.31,1355.04,3.233216,73.334999,935,698.09,69.98,415.17,194.26,62.95,0.20381,7.9e-05,32.98
2177,1842.75,1354.66,3.239255,74.006772,1250,409.58,51.75,212.82,135.81,52.83,0.27729,0.000107,44.86
2178,1870.0,1358.43,3.179578,74.43828,1125,456.48,59.47,254.44,115.58,53.72,0.26473,0.000102,42.83
2179,1898.12,1353.2,3.262383,74.883446,988,197.28,49.59,184.62,97.63,48.66,0.3029,0.000117,49.01
2180,1932.86,1359.84,3.157285,75.433433,1020,171.01,43.57,157.68,111.02,48.12,0.31095,0.00012,50.31
2181,1965.47,1363.96,3.092037,75.949544,1045,101.42,47.37,199.97,122.26,49.64,0.30321,0.000117,49.06
2182,2001.9,1360.8,3.142013,76.526263,902,0.63,7.54,26.48,137.94,12.98,0.57016,0.00022,92.25
2183,2032.45,1357.16,3.199772,77.009912,1189,27.92,22.14,60.48,124.8,37.92,0.35996,0.000139,58.24
2184,2066.73,1362.71,3.111878,77.552706,1118,183.85,49.75,207.88,116.5,50.23,0.29584,0.000114,47.87
2185,2097.78,1362.4,3.116732,78.044161,988,192.25,55.68,245.81,75.74,49.82,0.2885,0.000111,46.68
2186,2126.17,1357.12,3.200407,78.493639,731,-23.41,18.71,69.84,25.54,27.82,0.5416,0.000342,143.63
2187,2140.13,1378.1,2.868209,78.714669,289,-47.37,12.52,35.14,10.16,15.51,0.741,0.00062,260.52
2188,2797.0,1362.0,3.123093,89.113539,7,-90.72,61.76,519.85,1.75,54.46,0.49724,0.000489,205.36
2189,7.89,1390.14,2.677539,44.959186,630,733.81,73.31,625.16,41.42,65.46,0.22159,0.000118,49.54
2190,26.37,1386.21,2.739809,45.251801,526,282.27,75.56,695.19,16.09,63.68,0.32126,0.000236,99.03
2191,1428.06,1412.32,2.326435,67.441939,220,-59.13,2.67,7.03,9.67,0.0,0.90459,0.000765,321.27
2192,1461.65,1397.1,2.56746,67.973627,470,-56.83,5.23,10.64,7.81,2.42,0.88245,0.000775,325.39
2193,1489.95,1389.84,2.682433,68.421707,1275,-49.02,2.26,5.36,44.19,0.0,0.73874,0.00038,159.81
2194,1522.74,1389.66,2.685217,68.940726,1160,-36.22,3.19,8.05,98.42,3.11,0.64662,0.000249,104.62
2195,1552.45,1391.65,2.653672,69.411079,753,2.45,21.11,101.76,149.18,38.6,0.35989,0.000139,58.23
2196,1579.38,1389.93,2.680973,69.837402,980,99.91,47.16,202.53,181.41,51.28,0.29955,0.000115,48.47
2197,1611.87,1386.64,2.73302,70.351744,1183,-40.05,4.57,11.12,186.77,8.1,0.61953,0.000239,100.24
2198,1645.66,1391.13,2.661926,70.886637,834,-44.84,1.54,3.59,211.0,2.79,0.66716,0.000257,107.94
2199,1675.59,1390.98,2.664324,71.36059,865,7.06,24.49,88.1,233.67,44.09,0.34279,0.000132,55.46
2200,1713.11,1385.81,2.746093,71.954444,1006,422.65,63.0,312.24,267.76,57.4,0.2482,9.6e-05,40.16
2201,1740.44,1394.19,2.61354,72.387175,946,812.18,64.02,323.17,304.93,60.48,0.21974,8.5e-05,35.55
2202,1781.5,1386.14,2.740945,73.03715,1235,901.45,69.05,394.74,252.16,63.63,0.19599,7.5e-05,31.71
2203,1813.81,1386.58,2.73402,73.548622,1141,787.57,64.21,327.33,210.74,60.46,0.22027,8.5e-05,35.64
2204,1834.14,1396.28,2.580485,73.870517,767,570.98,65.31,337.36,202.58,59.31,0.23186,8.9e-05,37.51
2205,1868.5,1392.06,2.647242,74.414545,1168,404.21,58.04,214.66,172.2,53.82,0.2753,0.000106,44.54
2206,1907.65,1387.57,2.718336,75.034281,1394,133.94,48.79,168.59,158.35,50.32,0.30645,0.000118,49.58
2207,1941.16,1391.87,2.650173,75.564739,843,40.31,29.36,87.7,166.49,46.81,0.33547,0.000129,54.28
2208,1971.66,1393.0,2.632315,76.047562,882,14.09,15.45,41.02,173.72,27.54,0.45158,0.000174,73.06
2209,2002.15,1387.01,2.72714,76.530297,883,32.38,19.94,59.79,180.62,35.74,0.38434,0.000148,62.18
2210,2029.64,1394.83,2.603317,76.965538,999,25.44,14.11,31.95,187.87,25.07,0.47189,0.000182,76.35
2211,2064.38,1394.16,2.613947,77.515458,1072,237.16,55.1,257.76,144.17,53.59,0.27631,0.000106,44.71
2212,2097.57,1396.06,2.583824,78.040906,997,529.38,70.53,443.93,90.65,59.82,0.2128,8.2e-05,34.43
2213,2123.4,1389.98,2.680207,78.449797,872,82.59,43.11,214.97,44.98,46.6,0.36713,0.000187,78.66
2214,2147.37,1408.15,2.392558,78.82919,829,9.92,31.38,116.65,24.25,41.7,0.46834,0.000299,125.78
2215,12.25,1414.42,2.2932,45.028235,443,293.43,72.45,603.22,14.52,60.44,0.35669,0.000272,114.04
2216,1395.43,1429.53,2.054066,66.925388,290,-54.57,5.6,14.74,11.95,3.37,0.84121,0.000678,284.75
2217,1416.89,1428.38,2.0722,67.26511,725,-54.78,1.99,5.34,25.87,0.0,0.80799,0.000508,213.57
2218,1452.26,1421.33,2.183811,67.824968,940,-53.7,3.49,7.48,23.02,0.12,0.80016,0.000518,217.48
2219,1487.37,1427.39,2.087916,68.380813,1125,-47.42,2.0,4.74,48.91,0.0,0.72497,0.000352,147.86
2220,1519.1,1425.36,2.120087,68.883166,1117,-36.87,1.96,4.7,95.28,0.82,0.66634,0.000257,107.81
2221,1551.34,1419.68,2.209965,69.393553,1065,-30.25,2.22,5.06,147.85,3.63,0.65638,0.000253,106.2
2222,1589.51,1421.17,2.186378,69.997733,1290,-34.38,2.66,8.16,212.24,4.87,0.64818,0.00025,104.87
2223,1619.1,1426.8,2.097209,70.466255,936,-44.12,1.74,3.97,253.46,3.14,0.66399,0.000256,107.43
2224,1644.38,1423.38,2.151321,70.866471,937,-40.07,5.31,15.4,263.71,9.47,0.60735,0.000234,98.27
2225,1675.64,1417.47,2.244989,71.361316,1153,115.35,41.84,198.49,274.21,51.25,0.29956,0.000115,48.47
2226,1711.04,1421.58,2.179888,71.921663,1261,528.48,64.15,315.65,312.88,58.25,0.24029,9.3e-05,38.88
2227,1742.45,1429.27,2.058088,72.418994,903,778.31,70.92,386.13,345.91,62.47,0.20599,7.9e-05,33.33
2228,1768.26,1414.93,2.285171,72.82755,1174,864.08,64.81,300.92,302.32,60.05,0.22205,8.6e-05,35.93
2229,1801.77,1426.21,2.106589,73.358015,1082,648.1,61.9,310.46,277.94,58.9,0.23372,9e-05,37.82
2230,1837.07,1419.51,2.212695,73.916933,741,531.39,67.63,356.45,236.03,59.71,0.22954,8.8e-05,37.14
2231,1865.69,1418.4,2.230177,74.369929,707,351.45,59.2,279.21,217.33,55.74,0.26168,0.000101,42.34
2232,1896.59,1424.56,2.13267,74.859173,1291,172.48,47.57,197.13,222.1,51.6,0.29596,0.000114,47.89
2233,1934.48,1419.82,2.207759,75.458927,1023,66.85,28.9,98.7,215.71,47.38,0.33051,0.000127,53.48
2234,1970.05,1422.59,2.163955,76.022062,1068,32.27,14.13,40.88,223.76,25.46,0.46841,0.00018,75.79
2235,2002.58,1421.12,2.187158,76.537044,1087,120.91,40.15,167.63,235.64,50.19,0.30764,0.000119,49.77
2236,2030.12,1429.37,2.056492,76.973107,879,141.99,42.95,212.67,221.34,51.93,0.29387,0.000113,47.55
2237,2056.76,1420.0,2.204955,77.394795,808,201.82,47.08,183.76,172.22,51.33,0.29757,0.000115,48.15
2238,2086.1,1427.01,2.09393,77.859249,949,477.16,63.95,321.58,132.01,56.97,0.24428,9.4e-05,39.52
2239,2123.0,1429.01,2.062221,78.443539,1204,264.32,61.58,287.37,80.06,51.98,0.27202,0.000105,44.01
2240,2161.03,1434.99,1.967567,79.045579,819,53.13,43.91,166.16,33.98,44.18,0.4185,0.000242,101.73
2241,2174.46,1426.27,2.10562,79.258164,214,-50.37,15.15,41.98,6.38,19.9,0.72879,0.000658,276.34
2242,2745.97,1430.38,2.040582,88.305613,29,-67.67,47.36,1126.59,1.86,65.08,0.41998,0.000412,173.11
2243,4.17,1431.97,2.015374,44.900315,141,122.83,72.23,419.71,9.08,52.53,0.46063,0.000394,165.58
2244,1395.03,1449.46,1.738482,66.91893,489,-58.3,3.85,8.8,9.6,0.12,0.89045,0.000754,316.7
2245,1416.86,1461.38,1.549872,67.264525,1013,-48.55,1.81,4.37,37.66,0.0,0.76736,0.000426,179.13
2246,1447.25,1448.92,1.747104,67.745654,1006,-48.69,0.93,2.3,67.37,0.0,0.68102,0.000262,110.19
2247,1479.72,1454.16,1.664079,68.259651,920,-47.32,1.35,3.19,80.93,0.0,0.67606,0.00026,109.38
2248,1515.81,1460.3,1.566885,68.831019,1068,-37.76,1.63,3.65,123.5,1.49,0.66872,0.000258,108.2
2249,1549.24,1451.69,1.703138,69.360331,1081,-31.66,2.41,5.43,161.46,4.39,0.65252,0.000251,105.58
2250,1587.24,1455.75,1.638972,69.961915,1313,-37.46,1.49,3.45,224.76,2.76,0.66732,0.000257,107.97
2251,1621.41,1457.33,1.61398,70.502763,790,-41.29,1.5,3.41,281.76,2.75,0.6675,0.000257,108.0
2252,1647.36,1456.83,1.62182,70.913627,765,-30.38,7.92,22.21,317.06,14.1,0.56658,0.000218,91.67
2253,1677.07,1450.1,1.728356,71.384029,1110,142.8,49.8,174.27,327.0,50.58,0.30428,0.000117,49.23
2254,1710.84,1458.68,1.592552,71.918622,1138,380.4,64.44,320.77,366.76,57.41,0.24879,9.6e-05,40.25
2255,1740.31,1456.27,1.630676,72.385085,842,579.47,65.91,319.77,380.79,58.75,0.23584,9.1e-05,38.16
2256,1776.17,1450.83,1.716892,72.952867,971,694.93,58.47,231.51,339.15,56.43,0.25119,9.7e-05,40.64
2257,1803.91,1458.54,1.594823,73.391923,859,557.3,59.92,240.36,323.32,55.79,0.25809,9.9e-05,41.76
2258,1834.35,1451.04,1.713503,73.873809,1275,473.95,63.71,305.23,288.61,57.51,0.24661,9.5e-05,39.9
2259,1866.08,1450.78,1.717688,74.376167,1199,404.74,63.59,311.16,272.61,57.24,0.24968,9.6e-05,40.4
2260,1907.01,1456.53,1.626668,75.02416,1333,357.62,65.94,342.8,278.6,58.03,0.24455,9.4e-05,39.57
2261,1941.69,1451.11,1.712471,75.57311,1188,169.07,45.65,203.42,270.06,51.79,0.29451,0.000113,47.65
2262,1970.98,1458.31,1.598469,76.036805,1139,52.78,26.2,75.43,285.66,46.46,0.33802,0.00013,54.69
2263,2002.52,1459.83,1.574401,76.536142,1183,58.32,36.62,126.35,283.94,48.3,0.32342,0.000125,52.33
2264,2033.52,1457.77,1.606927,77.026953,803,263.02,59.39,295.27,238.52,55.69,0.26341,0.000101,42.62
2265,2062.44,1451.44,1.707161,77.484679,951,168.63,48.77,215.17,189.61,52.21,0.29133,0.000112,47.14
2266,2096.6,1453.48,1.67484,78.025526,958,430.96,66.39,335.68,142.2,57.6,0.24282,9.4e-05,39.29
2267,2122.24,1463.52,1.515985,78.43137,838,319.15,56.8,214.16,114.16,51.29,0.28499,0.00011,46.11
2268,2153.45,1462.23,1.536368,78.925592,1209,229.94,58.28,250.68,61.82,49.63,0.29502,0.00012,50.19
2269,2184.13,1454.86,1.653098,79.411268,471,-36.05,21.15,71.94,12.87,31.28,0.57903,0.000457,192.11
2270,2737.67,1466.62,1.466785,88.174277,245,63.0,66.4,667.93,6.02,60.75,0.41315,0.000376,157.75
2271,2762.93,1448.59,1.752239,88.574122,204,12.92,67.13,343.71,4.76,48.89,0.52346,0.000487,204.68
2272,1378.07,1494.82,1.020482,66.650533,234,-56.72,4.45,9.79,11.04,1.23,0.86864,0.000714,299.81
2273,1390.56,1482.49,1.215694,66.84815,711,-52.42,3.18,7.78,22.52,0.0,0.80566,0.000524,220.03
2274,1427.72,1487.65,1.133915,67.43642,1172,-43.29,1.38,3.28,74.04,0.0,0.67544,0.00026,109.28
2275,1458.25,1485.06,1.174941,67.919778,1059,-42.34,0.75,1.81,115.11,0.0,0.68271,0.000263,110.46
2276,1487.23,1483.57,1.198554,68.378524,986,-43.46,1.53,3.48,133.23,1.7,0.66976,0.000258,108.36
2277,1523.93,1493.17,1.046466,68.959624,1069,-36.89,1.56,3.54,176.56,2.88,0.66621,0.000257,107.79
2278,1551.84,1479.44,1.263841,69.401393,847,-36.41,1.33,2.93,192.29,2.48,0.6698,0.000258,108.37
2279,1583.39,1490.02,1.09643,69.900856,1166,-39.64,0.79,1.8,247.22,1.53,0.67849,0.000261,109.78
2280,1619.63,1485.68,1.16517,70.474696,1095,-38.36,1.48,3.25,297.75,2.73,0.66761,0.000257,108.02
2281,1653.85,1488.12,1.12652,71.016311,889,-11.36,13.54,47.95,353.74,24.44,0.47777,0.000184,77.3
2282,1678.96,1480.05,1.254239,71.413803,832,120.15,44.65,151.34,375.87,49.61,0.31217,0.00012,50.51
2283,1707.85,1491.7,1.069883,71.871231,1147,275.24,53.38,215.57,415.45,52.96,0.28388,0.000109,45.93
2284,1747.97,1479.7,1.259708,72.506433,1000,532.55,55.84,228.17,407.92,55.19,0.26298,0.000101,42.55
2285,1775.84,1486.23,1.156472,72.947582,995,588.74,58.74,228.21,390.13,55.58,0.25918,0.0001,41.93
2286,1807.27,1489.94,1.097694,73.445099,1131,428.82,53.47,188.77,369.61,53.07,0.28058,0.000108,45.4
2287,1838.4,1492.15,1.062701,73.937977,1265,354.68,50.69,184.45,354.26,52.41,0.28682,0.00011,46.41
2288,1873.57,1483.01,1.207348,74.494761,1122,161.43,39.45,116.88,326.42,48.68,0.31877,0.000123,51.58
2289,1903.68,1488.55,1.119739,74.971378,829,138.43,45.86,157.5,333.96,49.96,0.30918,0.000119,50.02
2290,1935.04,1490.15,1.094423,75.467943,1188,74.71,40.24,155.74,338.49,49.45,0.31414,0.000121,50.83
2291,1965.74,1494.09,1.032049,75.953818,981,80.02,37.78,116.44,346.24,48.1,0.32464,0.000125,52.53
2292,1993.64,1490.75,1.084899,76.39557,898,161.9,47.42,189.29,326.73,51.24,0.29885,0.000115,48.35
2293,2029.61,1486.19,1.157026,76.965014,837,392.82,67.85,358.83,270.75,58.84,0.23804,9.2e-05,38.51
2294,2060.24,1479.63,1.260968,77.449903,897,314.05,61.27,293.82,219.72,55.99,0.26035,0.0001,42.12
2295,2088.18,1491.82,1.067954,77.892221,1113,371.06,54.74,216.81,182.39,53.67,0.27698,0.000107,44.81
2296,2120.3,1488.55,1.119746,78.400658,945,416.8,56.97,242.87,126.8,53.54,0.26953,0.000104,43.61
2297,2158.24,1495.62,1.007749,79.001392,1041,439.8,67.67,373.19,73.59,55.94,0.23819,9.2e-05,38.54
2298,2186.75,1485.68,1.165068,79.452681,991,119.01,60.2,297.38,25.02,48.88,0.40407,0.000256,107.71
2299,2210.44,1496.1,1.00015,79.827676,517,35.35,44.56,224.79,9.51,45.05,0.52358,0.000444,186.56
2300,2733.23,1482.42,1.216765,88.103996,261,157.37,77.74,856.23,6.21,66.79,0.37379,0.000339,142.2
2301,1376.18,1521.11,0.604194,66.620496,348,-60.05,2.16,5.44,9.35,0.0,0.91369,0.000778,326.63
2302,1396.82,1516.2,0.681935,66.947271,1048,-50.64,3.3,7.44,40.86,0.61,0.73698,0.000395,165.86
2303,1426.75,1519.87,0.62381,67.421192,968,-41.64,0.61,1.57,91.5,0.0,0.68428,0.000264,110.71
2304,1458.45,1523.16,0.571703,67.922953,1192,-39.99,0.99,2.41,145.59,1.34,0.6766,0.000261,109.47
2305,1492.09,1509.84,0.782601,68.455501,902,-40.12,1.55,3.57,177.61,2.83,0.66664,0.000257,107.86
2306,1515.88,1524.36,0.552791,68.83211,894,-40.1,1.49,3.31,217.4,2.73,0.6676,0.000257,108.02
2307,1555.52,1512.27,0.744201,69.459691,1126,-40.9,0.94,2.32,237.16,1.78,0.6762,0.00026,109.41
2308,1584.06,1525.93,0.52792,69.911582,1058,-38.24,1.78,4.54,288.85,3.27,0.66272,0.000255,107.23
2309,1619.42,1517.26,0.665173,70.471352,1176,-34.35,1.67,3.93,326.16,3.09,0.66424,0.000256,107.47
2310,1650.96,1521.3,0.601273,70.970639,1160,20.64,23.93,120.19,376.1,44.4,0.33468,0.000129,54.15
2311,1682.53,1519.67,0.627045,71.470457,1183,260.41,58.21,271.35,422.78,54.83,0.26994,0.000104,43.67
2312,1715.88,1521.45,0.598857,71.998361,1004,207.55,54.07,222.39,466.68,52.73,0.2867,0.00011,46.39
2313,1746.1,1513.47,0.725171,72.476797,1059,291.56,60.42,275.09,458.13,55.18,0.26682,0.000103,43.17
2314,1777.14,1518.21,0.650151,72.968149,990,326.05,52.87,214.56,437.38,53.27,0.28068,0.000108,45.41
2315,1811.48,1521.71,0.594658,73.511763,956,492.72,46.65,150.8,418.25,52.17,0.28642,0.00011,46.34
2316,1846.58,1527.74,0.499272,74.06754,995,484.66,53.09,182.9,411.19,53.25,0.27833,0.000107,45.03
2317,1874.05,1514.21,0.713417,74.502401,1039,375.92,57.13,239.15,380.55,54.49,0.27068,0.000104,43.79
2318,1906.56,1517.45,0.662192,75.016939,912,352.85,61.14,252.19,384.7,54.79,0.26877,0.000104,43.49
2319,1938.24,1521.91,0.591489,75.518561,843,82.19,36.73,131.34,393.9,48.64,0.32036,0.000123,51.83
2320,1972.56,1523.82,0.561391,76.061881,733,79.31,34.73,116.94,385.63,48.11,0.32456,0.000125,52.51
2321,1996.73,1527.14,0.508831,76.444491,898,179.54,50.76,192.13,352.52,51.47,0.29684,0.000114,48.03
2322,2021.08,1512.41,0.741907,76.830028,978,271.57,56.51,245.21,303.96,53.98,0.27617,0.000106,44.68
2323,2056.02,1513.25,0.728591,77.383053,1180,367.05,55.56,223.74,246.97,53.88,0.27541,0.000106,44.56
2324,2094.24,1522.17,0.587391,77.988166,1003,436.99,49.0,149.87,192.23,51.75,0.29052,0.000112,47.01
2325,2128.65,1519.35,0.632143,78.532946,1229,523.13,53.21,188.33,139.5,52.91,0.27579,0.000106,44.62
2326,2162.76,1525.21,0.539351,79.072963,822,790.1,70.99,472.52,98.46,62.99,0.18842,7.3e-05,30.49
2327,2188.69,1520.33,0.61664,79.483402,804,689.21,73.28,504.77,57.9,61.63,0.20896,9e-05,37.7
2328,2216.26,1524.87,0.544699,79.919852,986,411.99,69.93,419.11,33.85,55.61,0.32059,0.000186,78.04
2329,2239.07,1533.53,0.407529,80.281022,488,164.32,63.66,406.8,15.77,52.65,0.41424,0.000306,128.66
2330,1370.85,1553.42,0.092753,66.536147,576,-58.96,2.15,5.08,15.24,0.0,0.86604,0.000648,272.34
2331,1396.67,1549.3,0.157906,66.944878,984,-51.31,2.24,5.01,56.79,0.0,0.69472,0.000303,127.35
2332,1425.91,1549.8,0.150066,67.407868,847,-42.57,1.44,3.19,105.7,0.33,0.67398,0.00026,109.05
2333,1454.57,1558.86,0.006529,67.861507,1103,-36.67,1.1,2.6,157.96,2.09,0.67335,0.000259,108.95
2334,1487.45,1546.49,0.202446,68.382103,1179,-36.52,2.1,4.8,205.47,3.82,0.65773,0.000253,106.42
2335,1520.28,1552.0,0.115282,68.901865,851,-36.53,2.42,5.54,258.12,4.37,0.65276,0.000251,105.61
2336,1548.93,1546.73,0.198648,69.355437,1230,-40.87,2.43,5.42,278.82,4.35,0.65301,0.000252,105.65
2337,1588.07,1554.54,0.075059,69.974921,720,-31.06,2.35,6.03,329.94,4.31,0.65318,0.000252,105.68
2338,1612.26,1551.02,0.13076,70.357917,1023,-26.88,1.5,3.24,354.56,2.84,0.66637,0.000257,107.82
2339,1645.67,1555.54,0.059182,70.886903,1219,57.03,29.93,162.0,403.45,49.55,0.31366,0.000121,50.75
2340,1679.08,1554.35,0.077932,71.415799,784,206.38,55.88,349.36,448.69,57.21,0.25293,9.7e-05,40.92
2341,1705.76,1551.11,0.129229,71.838212,840,105.1,40.48,245.76,484.93,52.85,0.28744,0.000111,46.51
2342,1737.86,1547.46,0.187107,72.346282,1019,26.39,12.7,49.46,511.72,23.36,0.48608,0.000187,78.65
2343,1773.64,1549.94,0.147843,72.912811,1269,126.57,32.88,112.47,489.74,48.28,0.32245,0.000124,52.17
2344,1811.87,1550.14,0.144642,73.518,1187,570.43,60.06,259.56,464.96,56.56,0.25215,9.7e-05,40.8
2345,1845.73,1558.02,0.019876,74.054053,824,664.99,54.32,204.36,463.4,55.26,0.26036,0.0001,42.12
2346,1874.8,1549.23,0.159048,74.514206,1023,488.16,56.28,223.08,441.31,54.7,0.26734,0.000103,43.25
2347,1901.01,1553.99,0.083708,74.929182,879,504.45,62.1,286.15,448.23,57.04,0.24959,9.6e-05,40.38
2348,1927.04,1546.94,0.195309,75.341147,937,259.46,59.6,268.49,437.54,54.72,0.27077,0.000104,43.81
2349,1961.65,1548.73,0.167037,75.889073,1190,59.93,27.2,125.74,420.62,48.29,0.32348,0.000125,52.34
2350,2003.71,1557.84,0.022711,76.554959,1005,39.51,23.85,68.23,361.45,42.55,0.34821,0.000134,56.34
2351,2033.42,1546.12,0.208254,77.025373,1257,90.99,25.92,68.24,305.95,46.33,0.33759,0.00013,54.62
2352,2068.16,1547.64,0.184291,77.575311,1215,307.65,49.84,176.95,254.34,51.82,0.2921,0.000113,47.26
2353,2100.33,1551.73,0.11944,78.08455,849,593.31,58.57,235.89,213.07,55.88,0.25685,9.9e-05,41.56
2354,2126.89,1556.84,0.038647,78.505061,891,810.36,56.24,241.3,181.73,57.57,0.24095,9.3e-05,38.99
2355,2154.46,1552.51,0.10708,78.941486,1083,1055.81,67.69,464.7,139.28,66.36,0.17064,6.6e-05,27.61
2356,2187.72,1553.5,0.091478,79.46797,928,770.47,77.68,683.39,101.15,70.43,0.13905,5.4e-05,22.5
2357,2216.43,1556.68,0.041197,79.922501,911,350.59,62.35,326.48,69.91,53.51,0.25666,9.9e-05,41.53
2358,2251.11,1556.86,0.038311,80.471607,631,240.42,70.27,436.16,19.06,54.37,0.37742,0.000258,108.16
2359,2277.57,1568.32,-0.14321,80.89051,340,73.45,61.88,340.18,11.3,49.47,0.47248,0.000386,162.18
2360,1345.51,1594.88,-0.563591,66.135057,262,-59.47,1.86,4.4,11.76,0.0,0.89783,0.000727,305.16
2361,1363.66,1585.87,-0.421005,66.42232,799,-58.06,1.68,3.94,24.83,0.0,0.81591,0.000519,217.89
2362,1391.09,1582.68,-0.37049,66.85654,1157,-50.72,1.78,4.22,62.69,0.0,0.67934,0.000271,114.03
2363,1419.98,1585.89,-0.421353,67.313933,1038,-43.98,1.24,3.0,111.1,0.22,0.67659,0.000261,109.47
2364,1449.05,1587.65,-0.449169,67.774243,846,-34.7,2.2,5.01,160.23,4.0,0.65604,0.000253,106.14
2365,1481.63,1588.11,-0.456491,68.289886,1225,-30.22,0.93,2.05,215.92,1.83,0.67555,0.00026,109.3
2366,1510.93,1580.96,-0.343268,68.753861,1094,-30.26,1.18,2.7,262.89,2.27,0.67159,0.000259,108.66
2367,1542.85,1583.32,-0.380685,69.259078,950,-30.44,1.51,3.91,316.8,2.85,0.66631,0.000257,107.81
2368,1576.58,1577.49,-0.288272,69.793128,1282,-40.44,4.12,9.69,350.11,7.31,0.62661,0.000241,101.38
2369,1618.12,1588.72,-0.466078,70.450723,1221,-30.91,2.7,6.19,409.73,4.9,0.64792,0.00025,104.83
2370,1648.46,1586.69,-0.433911,70.931102,848,-17.81,5.18,13.94,443.41,9.37,0.60788,0.000234,98.35
2371,1678.35,1579.74,-0.323998,71.404271,764,-5.65,12.96,33.73,474.28,23.01,0.48972,0.000189,79.23
2372,1711.33,1580.12,-0.32996,71.926386,958,-4.5,10.4,34.47,520.82,18.81,0.52534,0.000202,85.0
2373,1743.77,1581.25,-0.347833,72.4399,1277,119.95,42.55,170.96,554.97,50.31,0.30677,0.000118,49.63
2374,1778.55,1586.45,-0.430168,72.990505,1358,422.96,62.46,327.63,544.63,57.94,0.24417,9.4e-05,39.51
2375,1810.12,1585.06,-0.408108,73.490281,975,800.84,69.17,421.58,524.07,63.88,0.19569,7.5e-05,31.66
2376,1838.31,1580.66,-0.338504,73.936566,770,685.39,56.61,235.56,504.78,56.5,0.25078,9.7e-05,40.57
2377,1872.28,1585.39,-0.413441,74.474291,1078,522.1,55.49,207.29,504.78,54.37,0.26926,0.000104,43.56
2378,1902.14,1585.01,-0.407359,74.947097,874,416.76,51.52,182.07,502.52,52.75,0.28321,0.000109,45.82
2379,1932.96,1579.4,-0.318633,75.43494,1147,413.11,59.88,246.23,484.3,55.0,0.26627,0.000103,43.08
2380,1969.58,1583.64,-0.385618,76.014643,1318,279.33,53.99,262.22,435.12,54.64,0.27108,0.000104,43.86
2381,2001.37,1582.94,-0.374554,76.517906,761,157.97,45.07,199.29,385.95,51.57,0.29639,0.000114,47.96
2382,2029.18,1586.94,-0.437893,76.958141,998,160.03,40.08,129.23,349.31,49.11,0.31545,0.000122,51.04
2383,2060.68,1583.65,-0.385861,77.456806,1181,243.66,51.76,193.84,302.04,51.97,0.29194,0.000112,47.24
2384,2089.13,1582.77,-0.371896,77.907299,961,404.82,54.61,229.01,261.71,54.33,0.27142,0.000105,43.92
2385,2121.93,1585.01,-0.407377,78.426492,1072,730.99,65.97,324.23,219.17,59.96,0.22475,8.7e-05,36.36
2386,2164.47,1581.72,-0.355251,79.100009,942,872.47,64.21,326.27,163.68,61.01,0.21504,8.3e-05,34.79
2387,2195.49,1585.97,-0.422597,79.591108,883,670.96,72.2,459.25,126.17,62.92,0.19705,7.6e-05,31.88
2388,2230.29,1579.9,-0.32644,80.141958,1026,429.37,71.51,510.55,69.52,60.55,0.20413,7.9e-05,33.03
2389,2257.98,1585.83,-0.420309,80.580371,700,207.32,66.38,338.42,38.36,51.54,0.3438,0.00019,79.62
2390,2283.1,1581.36,-0.349627,80.977931,345,52.47,55.59,291.17,12.88,47.66,0.47756,0.000377,158.41
2391,1343.43,1618.25,-0.933577,66.102039,458,-59.5,1.65,3.95,13.26,0.0,0.88824,0.000696,292.17
2392,1366.08,1618.21,-0.932993,66.460681,835,-53.22,1.71,4.07,50.21,0.0,0.72419,0.000346,145.23
2393,1393.5,1621.52,-0.985364,66.894726,1067,-47.72,1.43,3.34,96.33,0.0,0.67517,0.00026,109.24
2394,1422.8,1618.77,-0.941795,67.358639,888,-39.97,2.13,4.62,140.61,3.08,0.6594,0.000254,106.69
2395,1451.92,1613.68,-0.861223,67.819649,762,-32.0,1.32,2.94,180.16,2.49,0.66959,0.000258,108.34
2396,1485.77,1621.5,-0.985066,68.355456,1151,-29.14,0.58,1.26,239.73,1.23,0.68095,0.000262,110.18
2397,1522.44,1617.49,-0.921606,68.936059,1232,-26.4,0.98,2.2,297.69,1.95,0.67442,0.00026,109.12
2398,1554.62,1610.06,-0.803949,69.445381,973,-26.91,1.84,4.47,348.77,3.44,0.66092,0.000255,106.93
2399,1590.15,1613.85,-0.863904,70.007853,1347,-32.11,3.27,7.62,407.29,5.89,0.63912,0.000246,103.41
2400,1621.14,1621.67,-0.987815,70.498556,726,-32.74,2.43,5.79,457.04,4.43,0.65219,0.000251,105.52
2401,1646.22,1623.4,-1.015183,70.895554,867,-27.41,7.51,18.53,487.66,13.32,0.57338,0.000221,92.77
2402,1671.11,1610.78,-0.815375,71.289673,1126,13.67,15.14,35.17,501.26,26.81,0.45763,0.000176,74.04
2403,1705.3,1612.11,-0.836456,71.830936,1421,77.78,31.68,115.84,546.99,48.06,0.32497,0.000125,52.58
2404,1742.88,1619.07,-0.946583,72.425735,1207,384.29,61.97,316.12,602.68,57.27,0.24975,9.6e-05,40.41
2405,1775.0,1619.12,-0.947379,72.934319,820,614.66,63.53,309.35,600.12,58.63,0.23621,9.1e-05,38.22
2406,1809.87,1615.19,-0.885144,73.486319,913,741.01,62.59,340.03,575.04,60.58,0.22007,8.5e-05,35.61
2407,1838.6,1610.04,-0.803678,73.941175,919,587.0,53.97,232.94,555.09,55.73,0.25806,9.9e-05,41.75
2408,1866.86,1616.94,-0.912843,74.388458,1003,759.93,62.05,338.25,560.56,60.65,0.21929,8.4e-05,35.48
2409,1899.8,1620.82,-0.974222,74.910023,1214,652.15,54.31,221.76,554.38,55.79,0.25662,9.9e-05,41.52
2410,1935.1,1609.59,-0.796423,75.468864,1138,403.68,58.49,252.16,508.76,55.14,0.26534,0.000102,42.93
2411,1969.84,1618.43,-0.936445,76.018819,772,387.36,67.2,323.84,459.73,57.56,0.24753,9.5e-05,40.05
2412,1995.51,1610.89,-0.817091,76.425192,833,338.09,60.69,283.02,420.01,55.78,0.26158,0.000101,42.32
2413,2030.67,1615.46,-0.889422,76.981759,1055,274.73,57.83,254.14,372.77,54.32,0.27356,0.000105,44.26
2414,2062.0,1619.19,-0.94843,77.477739,994,165.95,49.6,186.92,331.66,51.19,0.29921,0.000115,48.41
2415,2098.82,1617.88,-0.927786,78.060741,1249,252.91,42.57,146.82,281.51,50.37,0.30412,0.000117,49.21
2416,2129.37,1614.89,-0.880417,78.54435,834,437.05,56.54,278.26,235.85,56.3,0.25617,9.9e-05,41.45
2417,2157.61,1607.56,-0.764426,78.991347,1014,760.99,62.95,314.26,189.65,59.81,0.22535,8.7e-05,36.46
2418,2191.22,1613.37,-0.856386,79.523375,850,546.64,67.97,355.86,132.72,58.7,0.23073,8.9e-05,37.33
2419,2219.34,1618.64,-0.93977,79.968592,1117,323.23,62.9,309.38,83.2,53.31,0.2619,0.000101,42.37
2420,2246.88,1614.94,-0.881159,80.404655,1029,80.2,49.79,221.6,38.82,46.55,0.38484,0.000211,88.67
2421,2268.84,1604.96,-0.723196,80.75223,372,-44.07,16.55,63.37,10.73,23.21,0.66625,0.000551,231.46
2422,1275.95,1669.06,-1.73794,65.033783,377,-58.06,2.83,7.22,14.22,0.0,0.86571,0.000664,278.69
2423,1300.25,1658.25,-1.566853,65.418582,414,-58.29,3.28,7.82,11.55,0.0,0.88188,0.000717,301.09
2424,1334.18,1647.21,-1.392126,65.955607,943,-57.42,1.97,5.0,30.48,0.0,0.79181,0.000476,199.73
2425,1362.66,1646.99,-1.388499,66.406605,870,-49.12,2.68,6.21,65.37,0.65,0.65926,0.000254,106.67
2426,1399.3,1655.15,-1.517724,66.986532,913,-43.33,1.73,4.19,125.64,1.73,0.6673,0.000257,107.97
2427,1426.55,1649.49,-1.42823,67.418044,958,-36.57,1.9,4.68,165.69,3.48,0.66076,0.000255,106.91
2428,1456.42,1642.26,-1.313651,67.890816,945,-29.63,0.83,2.1,210.32,1.67,0.67698,0.000261,109.53
2429,1486.32,1654.97,-1.514855,68.364115,1019,-27.09,0.55,1.33,266.2,1.2,0.6812,0.000262,110.22
2430,1515.02,1650.64,-1.44635,68.8186,976,-25.52,0.63,1.51,307.77,1.35,0.67981,0.000262,109.99
2431,1552.16,1642.34,-1.315019,69.406427,1045,-23.49,1.1,2.36,360.94,2.17,0.67234,0.000259,108.78
2432,1581.7,1645.51,-1.365151,69.874165,929,-21.68,1.53,3.25,411.28,2.93,0.66548,0.000256,107.67
2433,1616.89,1647.0,-1.388735,70.431196,831,-24.16,2.56,5.89,470.49,4.71,0.64952,0.00025,105.09
2434,1649.85,1654.16,-1.502157,70.953093,875,-22.67,2.37,5.12,527.34,4.37,0.65249,0.000251,105.57
2435,1680.08,1650.44,-1.443188,71.43165,1267,10.15,18.59,58.19,562.17,33.31,0.40435,0.000156,65.42
2436,1713.71,1646.64,-1.383054,71.964041,1162,241.43,53.87,248.27,598.44,53.88,0.27741,0.000107,44.88
2437,1744.84,1655.02,-1.515692,72.456828,872,654.88,63.7,307.78,648.17,58.85,0.23397,9e-05,37.86
2438,1770.0,1644.18,-1.344163,72.855189,748,616.15,60.89,300.32,644.11,58.32,0.23846,9.2e-05,38.58
2439,1804.53,1641.43,-1.300601,73.401791,1116,603.55,67.96,418.52,621.79,62.41,0.20903,8.1e-05,33.82
2440,1836.31,1649.87,-1.434233,73.904851,960,734.47,62.89,296.85,623.64,59.01,0.23157,8.9e-05,37.47
2441,1864.69,1645.65,-1.367374,74.354195,916,686.0,66.16,359.77,598.59,60.9,0.21861,8.4e-05,35.37
2442,1894.22,1654.49,-1.507351,74.821588,1092,659.04,60.53,275.35,555.75,57.73,0.24212,9.3e-05,39.17
2443,1935.65,1640.14,-1.280148,75.477468,1193,514.15,64.27,278.75,499.28,56.85,0.25087,9.7e-05,40.59
2444,1968.54,1646.2,-1.376011,75.998147,912,491.73,64.53,312.27,443.25,57.88,0.2436,9.4e-05,39.41
2445,2000.0,1642.52,-1.317825,76.496235,1033,585.13,64.62,312.14,399.34,58.52,0.23745,9.1e-05,38.42
2446,2032.83,1648.22,-1.408105,77.016051,1087,340.72,62.35,305.31,346.51,56.59,0.2555,9.8e-05,41.34
2447,2065.59,1646.58,-1.382046,77.534552,871,108.15,29.97,136.85,304.8,49.02,0.31699,0.000122,51.29
2448,2093.36,1653.0,-1.483735,77.974219,1144,74.61,29.5,102.76,263.3,47.58,0.32882,0.000127,53.2
2449,2130.45,1643.72,-1.336888,78.561383,978,198.43,41.82,145.63,228.88,49.95,0.30825,0.000119,49.87
2450,2157.54,1644.39,-1.347487,78.990201,1052,381.03,57.6,236.01,184.99,54.41,0.27118,0.000104,43.88
2451,2185.54,1644.33,-1.346504,79.433535,1029,450.99,59.05,246.93,136.29,54.34,0.26533,0.000102,42.93
2452,2214.33,1653.57,-1.492692,79.889266,1050,302.6,62.6,327.83,87.05,53.99,0.25808,9.9e-05,41.76
2453,2248.71,1651.04,-1.452715,80.433543,1110,199.87,60.27,308.96,27.83,49.98,0.38576,0.000238,99.98
2454,2620.56,1666.78,-1.701904,86.320386,78,9.27,69.55,1506.93,3.87,65.67,0.4007,0.000379,159.28
2455,2635.05,1651.11,-1.453725,86.549754,19,-88.83,68.52,1602.37,1.75,65.08,0.42074,0.000414,173.76
2456,1265.22,1686.38,-2.012089,64.864003,679,-55.55,2.53,6.33,21.71,0.0,0.81667,0.000535,224.77
2457,1298.94,1683.18,-1.961423,65.397771,788,-46.26,1.75,4.66,49.78,0.0,0.72464,0.000348,146.14
2458,1323.22,1671.92,-1.783218,65.782185,858,-50.87,2.01,4.75,50.64,0.0,0.71897,0.000341,143.38
2459,1350.78,1684.29,-1.979147,66.21842,1028,-46.8,1.61,3.52,97.35,0.22,0.67256,0.000259,108.82
2460,1383.24,1674.16,-1.818741,66.732327,1078,-44.89,1.9,4.24,123.57,1.9,0.66512,0.000256,107.61
2461,1427.21,1684.68,-1.985286,67.42849,967,-31.53,1.51,3.63,194.1,2.84,0.66647,0.000257,107.83
2462,1452.46,1674.64,-1.826357,67.828221,959,-28.5,0.58,1.49,224.08,1.25,0.68081,0.000262,110.15
2463,1478.81,1685.71,-2.001597,68.245359,874,-25.88,0.7,1.67,273.91,1.47,0.67874,0.000261,109.82
2464,1515.37,1679.07,-1.896378,68.824029,783,-24.39,0.65,1.5,328.9,1.39,0.67942,0.000262,109.93
2465,1545.12,1672.93,-1.799154,69.295118,1041,-21.9,0.97,2.13,372.19,1.96,0.67422,0.00026,109.09
2466,1578.67,1676.48,-1.855463,69.826112,1052,-21.82,1.19,2.49,427.47,2.34,0.67081,0.000258,108.53
2467,1609.18,1671.74,-1.780315,70.309219,819,-19.24,1.55,3.51,472.55,2.98,0.66492,0.000256,107.58
2468,1639.7,1679.66,-1.905716,70.792346,966,-18.44,1.87,4.21,527.24,3.55,0.65984,0.000254,106.76
2469,1678.81,1684.73,-1.986013,71.411489,1112,71.15,34.2,140.95,594.11,48.91,0.31846,0.000123,51.53
2470,1712.44,1680.41,-1.917679,71.943838,1022,599.77,71.3,445.09,638.52,63.32,0.2026,7.8e-05,32.78
2471,1740.19,1683.35,-1.964158,72.383177,733,525.25,61.09,330.85,676.42,58.77,0.23655,9.1e-05,38.27
2472,1768.96,1676.24,-1.851585,72.838613,882,487.67,64.54,330.73,693.67,58.5,0.23907,9.2e-05,38.68
2473,1802.04,1672.22,-1.787919,73.362422,1235,423.71,61.96,298.18,673.41,56.91,0.25182,9.7e-05,40.74
2474,1843.14,1676.71,-1.859064,74.012944,998,608.26,67.77,387.43,629.16,61.34,0.21661,8.3e-05,35.05
2475,1867.87,1685.9,-2.004524,74.404496,958,402.18,54.83,226.43,583.28,54.22,0.27229,0.000105,44.06
2476,1910.32,1674.54,-1.824642,75.076526,1013,771.53,66.48,340.04,517.48,60.8,0.21807,8.4e-05,35.28
2477,1938.13,1674.51,-1.824193,75.51674,898,917.39,63.91,313.24,471.58,60.86,0.21544,8.3e-05,34.86
2478,1961.33,1677.79,-1.876184,75.884015,808,677.57,69.79,390.67,431.51,61.94,0.2113,8.1e-05,34.19
2479,1994.05,1676.4,-1.854199,76.402052,1246,621.14,57.28,239.5,379.77,56.2,0.25403,9.8e-05,41.1
2480,2033.45,1678.07,-1.880617,77.025868,1298,466.53,62.28,282.16,317.07,56.64,0.25317,9.8e-05,40.96
2481,2069.56,1684.65,-1.984716,77.597499,1208,436.48,62.83,302.76,257.38,57.16,0.24977,9.6e-05,40.41
2482,2101.34,1686.22,-2.009578,78.10063,848,207.02,54.39,235.56,211.63,53.19,0.28319,0.000109,45.82
2483,2126.57,1676.97,-1.863207,78.500032,1177,138.2,51.18,203.17,194.44,51.57,0.29671,0.000114,48.01
2484,2158.15,1683.84,-1.971927,78.999845,936,133.66,45.49,192.07,157.09,51.13,0.30008,0.000116,48.55
2485,2185.37,1677.0,-1.863729,79.43083,988,302.52,58.8,241.49,141.46,53.35,0.27643,0.000106,44.73
2486,2223.26,1682.26,-1.946978,80.030648,1142,218.49,57.4,274.92,83.77,51.39,0.27816,0.000107,45.0
2487,2255.83,1680.14,-1.91333,80.5463,685,234.6,67.06,365.99,29.33,52.3,0.36217,0.00022,92.45
2488,2275.85,1690.78,-2.081814,80.863219,359,162.43,71.78,409.5,14.99,52.7,0.41902,0.000316,132.53
2489,2613.21,1677.07,-1.864782,86.203992,85,11.96,68.63,1194.3,3.44,65.66,0.40349,0.000385,161.66
2490,2627.74,1663.59,-1.651425,86.433929,91,-17.45,64.11,643.52,3.69,59.23,0.44272,0.00042,176.57
2491,1213.54,1729.02,-2.687181,64.045837,207,-50.59,12.45,29.95,9.46,15.14,0.74965,0.000637,267.39
2492,1234.52,1725.38,-2.629488,64.37792,224,-59.87,2.48,6.91,8.25,0.0,0.9185,0.000799,335.73
2493,1262.23,1715.41,-2.471719,64.81659,853,-53.52,2.79,6.75,23.99,0.0,0.80516,0.000516,216.79
2494,1291.19,1709.97,-2.38562,65.275081,915,-45.25,1.28,3.03,69.67,0.0,0.67674,0.000261,109.49
2495,1322.02,1707.26,-2.342781,65.763086,998,-44.56,0.91,2.19,103.05,0.0,0.68099,0.000262,110.18
2496,1362.75,1706.1,-2.32434,66.407896,803,-45.09,1.74,3.96,139.86,2.35,0.66591,0.000257,107.74
2497,1386.33,1713.37,-2.43936,66.781302,1027,-38.66,2.04,5.03,176.72,3.71,0.65874,0.000254,106.58
2498,1416.86,1709.33,-2.375504,67.264552,1294,-31.68,1.36,3.48,208.56,2.58,0.66878,0.000258,108.21
2499,1458.21,1711.25,-2.405823,67.919201,981,-25.23,1.14,2.66,265.25,2.24,0.67178,0.000259,108.69
2500,1491.94,1710.0,-2.386018,68.453223,693,-22.71,0.91,2.01,313.63,1.85,0.67523,0.00026,109.25
2501,1514.13,1702.78,-2.271757,68.80447,748,-23.52,1.01,2.4,342.39,2.02,0.67368,0.00026,109.0
2502,1547.01,1708.08,-2.355759,69.325042,1270,-19.8,1.55,3.39,398.96,2.98,0.66498,0.000256,107.59
2503,1581.38,1712.38,-2.423746,69.869031,1267,-17.46,1.77,4.11,457.44,3.38,0.66129,0.000255,106.99
2504,1612.98,1705.09,-2.308325,70.369364,1273,-14.4,1.81,4.07,503.11,3.47,0.66045,0.000254,106.86
2505,1650.18,1710.75,-2.398005,70.958197,1141,-14.21,8.81,35.08,566.17,16.15,0.54849,0.000211,88.74
2506,1679.87,1715.42,-2.471958,71.42824,898,201.36,58.86,306.2,616.6,55.65,0.26467,0.000102,42.82
2507,1709.65,1715.85,-2.478751,71.899727,1023,364.04,54.68,221.28,664.53,53.78,0.27626,0.000106,44.7
2508,1743.56,1709.67,-2.380815,72.436547,1033,255.58,53.37,207.32,711.79,52.53,0.28747,0.000111,46.51
2509,1777.22,1705.08,-2.308223,72.969466,993,283.3,61.99,284.11,725.82,55.44,0.26499,0.000102,42.87
2510,1810.86,1706.32,-2.327887,73.501978,1378,432.19,56.97,225.75,673.96,54.41,0.27042,0.000104,43.75
2511,1847.43,1714.64,-2.45959,74.080858,1084,312.25,55.44,212.44,608.4,53.1,0.2822,0.000109,45.66
2512,1880.06,1710.61,-2.395784,74.597432,1022,601.47,62.38,283.12,553.36,57.61,0.24391,9.4e-05,39.46
2513,1907.9,1705.72,-2.318351,75.038247,958,862.04,61.7,276.78,507.16,59.19,0.22836,8.8e-05,36.95
2514,1937.25,1712.32,-2.422819,75.502831,1071,846.06,61.08,271.29,454.6,58.88,0.23083,8.9e-05,37.35
2515,1969.14,1705.24,-2.310803,76.007773,957,797.83,59.17,253.99,403.29,57.94,0.23847,9.2e-05,38.58
2516,2004.19,1709.87,-2.384083,76.562559,1098,508.94,59.24,267.82,342.35,56.42,0.25411,9.8e-05,41.11
2517,2031.39,1712.49,-2.425494,76.993177,932,467.39,62.07,274.43,295.71,56.37,0.25515,9.8e-05,41.28
2518,2060.79,1716.11,-2.482795,77.458694,873,614.62,64.27,303.2,245.06,58.41,0.23781,9.2e-05,38.48
2519,2092.5,1715.03,-2.465779,77.960568,1002,290.12,58.71,245.73,195.5,54.13,0.27476,0.000106,44.46
2520,2131.23,1713.56,-2.442447,78.57376,1214,171.87,53.92,254.23,141.43,52.9,0.28194,0.000109,45.62
2521,2162.51,1710.41,-2.39254,79.068885,628,181.57,56.97,235.07,111.65,50.96,0.28904,0.000111,46.77
2522,2191.5,1707.37,-2.34441,79.527926,901,242.76,53.7,234.81,105.29,51.09,0.28545,0.00011,46.18
2523,2228.64,1715.73,-2.476768,80.115787,1199,323.9,60.45,279.58,83.92,52.29,0.26972,0.000104,43.64
2524,2256.72,1706.7,-2.333771,80.560408,755,77.75,49.8,214.28,41.17,46.38,0.37968,0.000203,85.14
2525,2283.88,1707.55,-2.34732,80.99039,537,-4.94,40.6,144.26,10.54,41.97,0.54411,0.000452,189.78
2526,2585.49,1721.96,-2.575486,85.765131,304,15.19,53.82,558.76,7.19,56.62,0.44071,0.000392,164.5
2527,2603.75,1712.1,-2.419347,86.054215,317,27.12,57.84,755.6,5.88,63.6,0.39126,0.000357,149.79
2528,1180.39,1757.15,-3.132563,63.521,314,-37.03,16.15,37.59,13.6,21.82,0.65784,0.000511,214.75
2529,1200.4,1749.79,-3.01601,63.837789,764,-28.24,15.9,38.95,25.81,22.05,0.59117,0.000372,156.35
2530,1230.04,1742.22,-2.896143,64.307068,804,-52.23,4.24,10.56,35.49,2.03,0.7414,0.000422,177.28
2531,1268.2,1743.23,-2.912188,64.911166,908,-45.54,2.42,5.99,58.78,0.0,0.68512,0.000291,122.02
2532,1296.89,1743.6,-2.918002,65.365315,1134,-38.92,1.49,3.58,98.72,0.14,0.67353,0.000259,108.97
2533,1334.47,1735.28,-2.786321,65.960329,1324,-44.1,1.75,3.99,148.52,2.76,0.66477,0.000256,107.56
2534,1364.79,1741.47,-2.884285,66.44025,813,-37.98,2.02,5.03,191.74,3.68,0.65898,0.000254,106.62
2535,1389.61,1748.33,-2.992904,66.833128,867,-29.53,1.66,4.05,226.42,3.11,0.66395,0.000256,107.43
2536,1418.94,1745.39,-2.946354,67.297533,1101,-26.9,1.04,2.64,256.61,2.05,0.67345,0.000259,108.96
2537,1451.24,1740.01,-2.861231,67.808798,1105,-23.64,1.0,2.25,288.96,2.0,0.67388,0.00026,109.03
2538,1484.12,1740.54,-2.869553,68.329381,1133,-21.22,0.98,1.97,332.42,1.97,0.67408,0.00026,109.06
2539,1517.61,1737.69,-2.824437,68.859613,1291,-20.04,1.34,2.84,377.34,2.6,0.66834,0.000257,108.13
2540,1552.56,1743.6,-2.918083,69.412862,1179,-17.5,1.61,3.24,434.99,3.08,0.66397,0.000256,107.43
2541,1587.44,1746.12,-2.957852,69.965047,1044,-10.45,4.5,11.74,490.94,8.22,0.61793,0.000238,99.98
2542,1618.94,1746.59,-2.965274,70.463734,1091,-8.64,1.21,2.74,541.12,2.48,0.66932,0.000258,108.29
2543,1646.08,1741.64,-2.886987,70.893354,1160,-10.53,4.67,13.03,581.5,8.54,0.61505,0.000237,99.51
2544,1679.41,1751.38,-3.041163,71.420928,1107,114.69,43.56,185.67,641.83,50.79,0.30312,0.000117,49.04
2545,1708.43,1746.2,-2.959151,71.880378,935,307.26,58.75,259.7,684.72,54.74,0.26987,0.000104,43.66
2546,1741.77,1741.77,-2.889038,72.408256,1270,222.58,50.64,186.71,733.83,51.57,0.29534,0.000114,47.79
2547,1777.83,1739.03,-2.845605,72.97908,1205,186.08,50.68,181.99,724.92,51.15,0.29916,0.000115,48.4
2548,1807.32,1744.84,-2.937659,73.445878,857,307.93,59.7,255.14,672.73,54.58,0.27104,0.000104,43.85
2549,1836.89,1737.88,-2.827443,73.914065,994,226.25,45.13,185.73,621.94,51.56,0.29536,0.000114,47.79
2550,1874.7,1745.88,-2.954112,74.512604,955,399.58,54.38,278.0,554.93,56.03,0.25876,0.0001,41.87
2551,1907.79,1739.53,-2.853611,75.036517,1210,840.04,63.74,337.69,498.24,61.19,0.21424,8.3e-05,34.66
2552,1942.84,1745.43,-2.947041,75.59134,871,793.29,65.69,293.48,436.15,59.3,0.22857,8.8e-05,36.98
2553,1968.26,1735.79,-2.794419,75.993728,856,858.67,61.31,273.11,393.96,59.03,0.22953,8.8e-05,37.14
2554,1994.5,1739.07,-2.8463,76.409222,937,651.88,65.48,328.98,347.67,59.58,0.2287,8.8e-05,37.0
2555,2034.05,1741.04,-2.877534,77.035358,945,561.17,57.61,210.42,278.77,54.76,0.26576,0.000102,43.0
2556,2064.89,1744.69,-2.935267,77.523595,778,542.32,61.87,259.9,224.54,56.38,0.25394,9.8e-05,41.09
2557,2098.57,1743.4,-2.914885,78.056756,946,281.4,61.5,262.55,167.71,54.66,0.27087,0.000104,43.83
2558,2128.28,1748.65,-2.997896,78.526979,1179,79.11,36.03,203.05,115.74,49.3,0.30451,0.000117,49.27
2559,2161.85,1736.85,-2.811128,79.058543,912,253.95,59.98,297.28,74.92,52.03,0.27052,0.000104,43.77
2560,2191.99,1736.69,-2.808648,79.5356,880,176.39,51.91,265.57,54.38,49.46,0.31713,0.000143,60.13
2561,2218.51,1744.42,-2.931035,79.955487,1038,245.01,53.69,242.48,57.67,49.26,0.3087,0.000133,55.88
2562,2261.44,1738.14,-2.83162,80.635101,1125,183.34,58.16,256.66,42.12,48.65,0.35692,0.000188,79.15
2563,2290.82,1748.94,-3.002606,81.100149,695,-7.2,28.77,82.34,18.57,40.12,0.50456,0.000349,146.4
2564,2316.34,1751.79,-3.04761,81.504257,225,-48.8,20.72,60.65,6.83,29.81,0.63564,0.000569,238.93
2565,2339.65,1757.47,-3.137618,81.873191,252,54.5,61.82,550.21,8.98,56.66,0.42772,0.000367,154.06
2566,2580.33,1734.21,-2.769371,85.683445,109,-25.9,48.46,635.3,4.7,58.93,0.43866,0.000409,171.72
2567,1175.91,1780.24,-3.498131,63.450089,584,-52.47,6.63,16.2,17.89,5.4,0.77669,0.000546,229.21
2568,1203.98,1782.3,-3.530673,63.894438,1115,-46.74,4.55,11.51,64.4,3.9,0.63186,0.000246,103.22
2569,1230.15,1772.52,-3.375809,64.308834,884,-45.85,2.75,6.72,84.57,1.66,0.65579,0.000253,106.1
2570,1258.41,1769.2,-3.323289,64.756082,1167,-41.47,1.96,4.97,89.31,0.54,0.66724,0.000257,107.96
2571,1296.15,1780.03,-3.494669,65.353561,1072,-36.28,1.64,3.81,138.82,2.19,0.66684,0.000257,107.89
2572,1325.51,1772.67,-3.3782,65.818412,1224,-38.47,2.63,5.57,167.85,4.7,0.6498,0.00025,105.14
2573,1359.81,1769.56,-3.328968,66.36139,1012,-34.06,2.92,6.37,216.38,5.25,0.64486,0.000248,104.34
2574,1394.52,1783.25,-3.545639,66.910896,944,-23.81,1.92,4.5,278.23,3.6,0.65946,0.000254,106.7
2575,1419.27,1774.86,-3.412836,67.302724,860,-22.25,0.95,2.37,294.82,1.93,0.67448,0.00026,109.13
2576,1454.74,1773.99,-3.399047,67.864266,1424,-22.79,0.8,1.91,336.04,1.66,0.67692,0.000261,109.52
2577,1492.06,1778.96,-3.477815,68.455075,1170,-20.49,0.77,1.63,387.69,1.62,0.67726,0.000261,109.58
2578,1517.58,1777.38,-3.452843,68.859095,932,-17.57,1.87,3.47,418.55,3.52,0.66003,0.000254,106.79
2579,1549.03,1772.97,-3.38301,69.356893,1110,-14.74,1.98,4.07,457.15,3.75,0.65795,0.000253,106.45
2580,1586.38,1773.45,-3.390641,69.948196,899,-2.53,10.24,30.86,512.32,18.45,0.52852,0.000204,85.51
2581,1617.51,1779.62,-3.488221,70.441056,871,-1.39,4.08,9.13,564.8,7.5,0.62418,0.00024,100.99
2582,1649.35,1777.92,-3.461401,70.945161,1049,-2.45,3.41,8.28,612.7,6.34,0.63443,0.000244,102.65
2583,1686.66,1780.44,-3.501264,71.535809,847,7.34,6.24,16.52,673.39,11.39,0.58959,0.000227,95.39
2584,1717.05,1780.9,-3.50852,72.016906,1021,18.08,14.7,39.03,722.44,26.24,0.4622,0.000178,74.78
2585,1744.46,1774.97,-3.414702,72.45077,915,18.37,13.81,38.21,751.68,24.76,0.47466,0.000183,76.8
2586,1772.31,1772.24,-3.371394,72.891746,878,39.04,19.97,50.81,722.23,35.52,0.38604,0.000149,62.46
2587,1804.85,1772.48,-3.375188,73.406901,946,133.6,45.12,161.84,669.29,50.08,0.30833,0.000119,49.89
2588,1839.48,1770.19,-3.3389,73.955107,1195,202.55,44.52,141.21,612.63,49.83,0.30916,0.000119,50.02
2589,1871.81,1772.66,-3.37803,74.466917,928,482.92,61.83,303.19,557.3,57.5,0.24655,9.5e-05,39.89
2590,1898.94,1780.96,-3.509384,74.896376,1172,659.24,59.22,257.21,509.5,57.09,0.24684,9.5e-05,39.94
2591,1929.72,1769.68,-3.330952,75.38369,948,806.24,64.98,302.93,457.42,59.72,0.22531,8.7e-05,36.45
2592,1965.69,1775.01,-3.415295,75.953084,1218,928.6,65.09,322.22,394.8,61.25,0.21245,8.2e-05,34.37
2593,2000.3,1769.91,-3.334452,76.501053,1368,844.6,61.13,268.93,334.13,58.79,0.23153,8.9e-05,37.46
2594,2037.46,1771.28,-3.35624,77.089269,1071,685.83,54.72,191.22,269.09,54.94,0.26243,0.000101,42.46
2595,2066.82,1771.78,-3.364164,77.554151,639,603.34,57.18,208.65,217.71,54.99,0.26337,0.000101,42.61
2596,2091.87,1772.55,-3.376327,77.950698,1004,271.21,57.44,237.8,174.23,53.72,0.27818,0.000107,45.01
2597,2134.5,1779.28,-3.482928,78.625502,1044,55.05,35.33,154.64,101.44,46.79,0.32078,0.000124,51.9
2598,2164.1,1766.97,-3.28799,79.094096,1062,62.11,41.03,198.49,49.74,46.09,0.35838,0.000172,72.31
2599,2191.16,1776.48,-3.438504,79.522537,1041,29.67,36.45,159.44,18.08,43.08,0.48179,0.000337,141.51
2600,2221.11,1777.75,-3.458631,79.996668,947,30.17,26.42,76.02,32.75,40.78,0.45092,0.000264,111.06
2601,2248.29,1767.57,-3.29749,80.426866,1072,132.69,39.79,152.27,68.32,45.77,0.3189,0.000123,51.6
2602,2281.51,1774.84,-3.412596,80.952865,1138,42.43,35.31,158.6,63.26,45.14,0.32915,0.00013,54.76
2603,2317.16,1772.67,-3.378235,81.517186,925,-29.82,16.75,48.28,39.92,24.41,0.52758,0.000286,120.03
2604,2344.48,1781.01,-3.510207,81.94965,915,58.89,52.58,288.1,27.24,48.24,0.4041,0.000251,105.36
2605,1107.51,1826.57,-4.231532,62.367221,404,-57.84,3.66,9.35,11.84,0.0,0.87466,0.000707,296.77
2606,1135.29,1811.15,-3.987435,62.806996,530,-56.16,3.73,8.46,14.89,0.17,0.84896,0.000641,269.14
2607,1164.93,1809.94,-3.968281,63.276341,1016,-52.76,2.71,6.53,32.41,0.0,0.7757,0.000457,191.74
2608,1197.63,1813.17,-4.0194,63.794008,1122,-42.16,2.73,6.32,76.37,1.27,0.65677,0.000253,106.26
2609,1234.91,1807.89,-3.935774,64.384078,1159,-33.31,2.74,6.8,128.86,3.7,0.65029,0.000251,105.21
2610,1264.39,1805.68,-3.900786,64.850835,1042,-31.63,2.33,5.96,152.47,4.04,0.65409,0.000252,105.83
2611,1294.51,1807.23,-3.925342,65.327587,876,-23.84,3.03,7.34,176.07,5.53,0.6421,0.000247,103.89
2612,1325.47,1811.81,-3.997766,65.817776,956,-23.98,3.34,7.71,214.32,6.06,0.6374,0.000246,103.13
2613,1356.3,1799.92,-3.809577,66.305923,1159,-34.02,3.32,7.59,239.28,5.95,0.63856,0.000246,103.32
2614,1386.23,1812.54,-4.0094,66.77969,1116,-28.38,2.36,5.8,294.58,4.34,0.65288,0.000252,105.63
2615,1423.62,1811.17,-3.987751,67.37163,1250,-23.4,1.65,3.68,345.99,3.13,0.6637,0.000256,107.38
2616,1458.59,1806.31,-3.910782,67.925254,1023,-20.5,0.48,1.16,381.66,1.12,0.68176,0.000263,110.31
2617,1486.75,1811.43,-3.991774,68.370965,876,-19.22,0.49,1.09,422.12,1.14,0.68154,0.000263,110.27
2618,1524.24,1809.61,-3.963019,68.964459,814,-14.05,1.92,4.09,465.24,3.66,0.65877,0.000254,106.59
2619,1549.6,1802.87,-3.856234,69.366041,957,-9.27,2.12,5.63,490.04,4.08,0.6549,0.000252,105.96
2620,1584.13,1801.67,-3.837333,69.912555,1010,5.07,4.48,10.52,536.32,8.24,0.61737,0.000238,99.89
2621,1613.64,1808.04,-3.938193,70.379763,826,15.36,4.83,10.56,585.06,8.9,0.61138,0.000236,98.92
2622,1646.19,1806.7,-3.91699,70.895058,788,14.74,8.84,19.79,631.91,15.85,0.55054,0.000212,89.08
2623,1672.76,1806.05,-3.906647,71.315729,906,12.76,5.26,13.21,671.81,9.69,0.60446,0.000233,97.8
2624,1704.55,1811.04,-3.985682,71.818986,1093,16.83,6.35,15.35,725.01,11.58,0.58764,0.000226,95.08
2625,1744.89,1806.94,-3.920815,72.457568,994,36.41,18.8,70.6,744.86,34.27,0.39602,0.000153,64.07
2626,1777.19,1802.46,-3.84974,72.96889,1101,224.66,50.75,264.55,695.85,54.34,0.27419,0.000106,44.36
2627,1808.92,1805.79,-3.902513,73.471289,979,335.15,52.34,202.91,641.44,52.93,0.28318,0.000109,45.82
2628,1838.38,1803.99,-3.874056,73.937611,1226,294.11,49.48,182.71,594.38,51.93,0.29147,0.000112,47.16
2629,1874.8,1809.14,-3.955637,74.514209,1019,424.22,57.55,231.11,531.92,54.54,0.26954,0.000104,43.61
2630,1907.51,1810.77,-3.981386,75.031966,881,716.53,72.28,503.25,478.6,66.19,0.18084,7e-05,29.26
2631,1936.82,1798.87,-3.792942,75.496058,964,625.5,65.66,368.5,440.95,60.79,0.22031,8.5e-05,35.64
2632,1964.68,1810.92,-3.983779,75.937063,999,531.74,60.38,273.49,389.33,56.78,0.25109,9.7e-05,40.63
2633,2000.94,1806.69,-3.916858,76.51114,1261,647.13,63.77,294.01,333.96,58.31,0.23805,9.2e-05,38.52
2634,2030.45,1800.64,-3.821034,76.978252,882,720.89,58.41,218.84,286.38,56.16,0.25278,9.7e-05,40.9
2635,2063.87,1802.03,-3.84304,77.507431,1226,683.93,60.41,281.15,230.02,58.11,0.23895,9.2e-05,38.66
2636,2100.02,1812.09,-4.002269,78.079589,1246,211.25,51.69,191.6,176.53,51.67,0.29479,0.000114,47.7
2637,2124.43,1802.22,-3.845981,78.466164,1025,252.94,55.9,243.36,130.96,52.61,0.28022,0.000108,45.34
2638,2161.69,1808.12,-3.939359,79.055936,1319,254.65,57.84,318.15,83.54,53.16,0.26417,0.000102,42.74
2639,2194.52,1812.22,-4.004361,79.575637,937,-27.55,9.74,37.63,52.17,12.99,0.58906,0.000274,115.11
2640,2224.74,1806.2,-3.909066,80.054055,973,27.5,32.28,120.83,17.25,41.66,0.49969,0.000357,149.8
2641,2257.08,1805.74,-3.901776,80.566102,1190,228.71,52.13,217.76,44.98,47.71,0.35576,0.000181,76.22
2642,2289.41,1805.87,-3.903817,81.077848,1007,258.08,59.23,268.34,79.52,51.24,0.27759,0.000107,44.91
2643,2319.45,1808.21,-3.940888,81.55352,903,112.88,49.99,228.84,70.37,48.43,0.29908,0.000115,48.39
2644,2347.52,1811.53,-3.993387,81.997782,1006,-11.49,24.09,93.18,26.29,37.65,0.47716,0.000299,125.6
2645,2376.76,1808.61,-3.947214,82.460702,575,-46.84,19.22,63.13,6.66,27.43,0.65817,0.000591,248.22
2646,2414.17,1815.49,-4.05607,83.052901,428,54.91,52.96,321.51,13.87,48.8,0.46115,0.000356,149.63
2647,2431.25,1825.21,-4.210016,83.323372,315,143.86,66.84,378.63,15.58,51.51,0.42536,0.000316,132.71
2648,2482.42,1823.26,-4.179107,84.133504,219,76.2,65.43,584.29,7.98,57.98,0.42303,0.00037,155.46
2649,2500.16,1823.08,-4.176273,84.414222,357,95.57,60.73,436.42,14.83,53.18,0.41724,0.000315,132.46
2650,1081.98,1850.94,-4.61728,61.96313,390,-58.75,2.75,7.45,11.88,0.0,0.88556,0.000715,300.21
2651,1105.53,1848.71,-4.581953,62.33585,795,-49.88,2.26,6.1,39.38,0.0,0.75576,0.000412,173.01
2652,1134.4,1835.09,-4.36632,62.792978,907,-47.24,1.04,2.86,49.95,0.0,0.73253,0.000351,147.41
2653,1162.84,1844.6,-4.516903,63.243204,1037,-43.27,1.68,5.0,84.55,0.0,0.67171,0.000259,108.68
2654,1195.37,1840.21,-4.447478,63.758123,913,-39.22,1.89,4.51,106.14,1.16,0.66652,0.000257,107.84
2655,1228.28,1842.68,-4.486479,64.27909,920,-29.6,3.26,7.84,149.74,5.55,0.6398,0.000246,103.52
2656,1257.16,1842.99,-4.491461,64.736427,977,-20.47,2.91,6.86,191.41,5.35,0.64372,0.000248,104.15
2657,1288.94,1835.72,-4.376298,65.23942,1149,-15.11,1.5,3.55,216.35,2.94,0.66528,0.000256,107.64
2658,1335.22,1835.63,-4.374939,65.972153,1112,-16.83,1.52,3.8,257.49,2.96,0.66506,0.000256,107.6
2659,1366.29,1845.33,-4.528448,66.464022,1085,-24.77,3.02,7.38,305.58,5.51,0.64231,0.000247,103.92
2660,1397.68,1842.2,-4.478948,66.960923,1013,-32.35,1.6,3.82,341.87,2.99,0.66514,0.000256,107.62
2661,1427.52,1848.7,-4.581863,67.4334,887,-30.46,1.47,3.64,389.89,2.78,0.66698,0.000257,107.92
2662,1451.06,1835.73,-4.376574,67.805983,860,-22.31,1.52,3.77,410.14,2.92,0.66553,0.000256,107.68
2663,1484.7,1840.14,-4.446403,68.338485,885,-17.0,0.86,2.05,456.1,1.8,0.67551,0.00026,109.29
2664,1514.41,1836.26,-4.384977,68.808963,1157,-14.39,1.75,3.69,486.96,3.35,0.66148,0.000255,107.02
2665,1554.31,1836.54,-4.389384,69.440618,1061,2.49,5.16,12.22,535.86,9.4,0.60711,0.000234,98.23
2666,1582.1,1832.7,-4.328512,69.88041,1029,19.1,5.96,12.69,567.14,10.87,0.59393,0.000229,96.09
2667,1616.08,1838.06,-4.413466,70.418398,1108,18.59,4.86,10.42,619.29,8.97,0.61072,0.000235,98.81
2668,1648.09,1837.36,-4.402381,70.925209,1245,28.16,7.94,18.08,663.82,14.4,0.56289,0.000217,91.07
2669,1682.0,1839.86,-4.441905,71.462,810,37.61,10.46,20.82,715.67,18.73,0.52537,0.000202,85.0
2670,1708.36,1842.98,-4.491353,71.879335,873,27.65,14.65,32.41,756.67,26.0,0.46412,0.000179,75.09
2671,1738.99,1834.0,-4.3491,72.364196,1122,70.7,29.48,97.05,744.21,47.35,0.33069,0.000127,53.51
2672,1769.85,1841.34,-4.465367,72.852775,943,213.07,55.09,226.53,689.59,52.92,0.28519,0.00011,46.14
2673,1799.93,1834.0,-4.349128,73.328969,1064,224.14,52.76,198.65,641.7,52.01,0.29198,0.000112,47.24
2674,1833.11,1842.43,-4.482646,73.854183,1030,245.83,53.8,187.78,581.83,51.77,0.29344,0.000113,47.48
2675,1863.15,1834.68,-4.3599,74.329817,1064,325.9,58.98,241.6,535.31,54.23,0.27343,0.000105,44.24
2676,1899.86,1838.3,-4.417125,74.910876,918,497.99,60.26,282.87,472.44,56.88,0.25088,9.7e-05,40.59
2677,1933.93,1834.08,-4.350358,75.450254,1017,395.8,54.4,245.94,419.76,54.87,0.26752,0.000103,43.28
2678,1965.59,1840.08,-4.445399,75.951557,1084,528.46,55.25,252.21,365.02,56.01,0.2569,9.9e-05,41.57
2679,1999.03,1842.34,-4.481173,76.480967,1012,742.98,63.96,299.35,310.61,59.16,0.23036,8.9e-05,37.27
2680,2032.08,1833.14,-4.335562,77.004084,1223,670.19,62.54,281.86,269.88,58.04,0.23968,9.2e-05,38.78
2681,2067.66,1837.95,-4.411606,77.56739,1180,578.34,62.08,306.76,216.02,58.28,0.2393,9.2e-05,38.72
2682,2096.45,1844.74,-4.519196,78.02322,968,342.83,60.18,298.87,173.44,56.37,0.25707,9.9e-05,41.59
2683,2129.56,1844.41,-4.513926,78.547357,1098,184.16,43.96,182.33,138.58,50.31,0.30085,0.000116,48.68
2684,2156.76,1839.73,-4.439801,78.977943,848,588.17,67.48,429.78,107.92,60.5,0.21119,8.1e-05,34.17
2685,2188.5,1838.73,-4.424087,79.480409,800,168.34,53.5,265.38,56.91,49.51,0.31007,0.000135,56.74
2686,2221.59,1837.76,-4.408634,80.004227,962,-43.46,14.03,77.89,16.55,19.83,0.6541,0.000475,199.44
2687,2256.54,1839.55,-4.436961,80.557495,872,135.27,55.16,314.0,17.09,49.23,0.4345,0.000311,130.77
2688,2283.27,1837.93,-4.411308,80.980751,789,505.9,62.85,344.17,48.27,54.25,0.29105,0.000142,59.85
2689,2311.07,1835.95,-4.379969,81.420719,964,649.45,70.44,502.35,81.39,62.31,0.19126,7.4e-05,30.95
2690,2347.98,1842.92,-4.49029,82.005161,1178,286.06,60.22,338.12,53.22,52.73,0.29311,0.000134,56.47
2691,2384.6,1840.06,-4.444987,82.584906,924,-17.92,23.15,100.41,27.78,36.38,0.47388,0.000293,122.89
2692,2415.72,1843.37,-4.497444,83.077582,1036,104.33,44.99,200.56,50.7,46.5,0.35175,0.000167,70.09
2693,2450.67,1836.81,-4.393549,83.630796,706,94.41,51.04,231.41,22.19,46.25,0.43444,0.000283,119.02
2694,2480.39,1843.23,-4.495224,84.101259,722,164.87,57.98,304.23,21.68,49.29,0.4094,0.000268,112.71
2695,2510.55,1835.29,-4.369496,84.578698,485,154.39,64.95,649.92,10.77,60.96,0.37889,0.000313,131.52
2696,1077.36,1875.14,-5.00041,61.890034,773,-53.41,3.1,7.27,23.64,0.0,0.80272,0.000516,216.87
2697,1103.62,1877.59,-5.039179,62.305644,688,-43.71,1.95,4.86,67.01,0.0,0.66879,0.000258,108.21
2698,1132.21,1869.42,-4.909902,62.758251,1117,-40.94,1.62,3.8,96.48,0.24,0.67194,0.000259,108.72
2699,1166.89,1874.71,-4.993627,63.307331,1098,-28.49,13.39,37.11,135.1,22.69,0.48664,0.000187,78.74
2700,1204.52,1867.15,-4.873949,63.903087,1023,-34.93,1.2,3.19,153.12,2.09,0.67199,0.000259,108.72
2701,1239.04,1871.39,-4.941011,64.449527,828,-23.28,2.72,6.57,197.52,5.0,0.64687,0.000249,104.66
2702,1270.94,1874.58,-4.991581,64.95458,945,-9.08,5.7,14.24,242.66,10.29,0.59952,0.000231,97.0
2703,1299.27,1864.95,-4.839143,65.402979,1041,-10.59,2.64,6.73,267.75,4.97,0.64694,0.000249,104.67
2704,1327.99,1868.25,-4.891349,65.857615,1157,-10.93,1.52,3.39,297.79,2.99,0.6647,0.000256,107.55
2705,1357.74,1873.38,-4.97252,66.328632,709,-16.17,1.11,2.73,333.37,2.25,0.67147,0.000259,108.64
2706,1386.22,1875.8,-5.010939,66.779575,871,-19.76,2.25,5.48,368.31,4.21,0.6539,0.000252,105.8
2707,1416.29,1874.1,-4.983973,67.255583,887,-23.67,2.47,5.66,403.15,4.55,0.65091,0.000251,105.31
2708,1454.32,1869.57,-4.912273,67.857651,1099,-23.83,1.82,4.08,449.46,3.42,0.66108,0.000255,106.96
2709,1483.45,1868.52,-4.895601,68.318741,909,-16.49,1.13,2.32,489.15,2.26,0.67134,0.000259,108.62
2710,1514.58,1875.98,-5.013781,68.811511,1148,-12.67,1.24,2.68,537.42,2.48,0.66927,0.000258,108.29
2711,1545.69,1863.64,-4.818343,69.304002,1194,0.29,4.74,10.82,559.4,8.65,0.61385,0.000236,99.32
2712,1586.02,1868.8,-4.900079,69.94255,1319,20.99,7.72,16.36,615.12,13.92,0.56718,0.000218,91.77
2713,1612.31,1878.28,-5.050101,70.358719,962,32.65,10.08,21.06,659.77,18.07,0.53108,0.000205,85.93
2714,1642.76,1871.85,-4.948386,70.840801,1140,18.5,7.36,15.97,692.58,13.29,0.57269,0.000221,92.66
2715,1678.57,1868.34,-4.892748,71.407669,1109,46.97,10.6,24.88,738.55,19.17,0.5214,0.000201,84.36
2716,1712.15,1875.12,-5.000087,71.939362,989,49.11,11.61,27.12,772.17,20.92,0.50636,0.000195,81.93
2717,1741.25,1870.0,-4.918971,72.400054,1097,52.2,24.82,59.76,729.16,43.95,0.34641,0.000133,56.05
2718,1771.66,1870.42,-4.925731,72.881403,935,191.24,42.23,125.7,676.47,49.2,0.31423,0.000121,50.84
2719,1801.7,1870.5,-4.926944,73.356979,1126,298.37,57.3,206.73,624.69,52.81,0.28468,0.00011,46.06
2720,1837.05,1871.36,-4.940644,73.916654,1188,320.25,57.23,230.3,563.56,53.79,0.27684,0.000107,44.79
2721,1875.8,1869.49,-4.910987,74.529967,1299,329.33,53.27,192.64,497.97,52.52,0.28636,0.00011,46.33
2722,1908.49,1865.29,-4.84452,75.047555,933,349.33,55.28,201.55,444.14,52.98,0.28257,0.000109,45.72
2723,1935.73,1872.13,-4.952808,75.478762,1114,501.72,64.42,330.49,395.08,58.59,0.2382,9.2e-05,38.54
2724,1969.99,1875.12,-5.000123,76.021153,1036,704.13,61.47,267.85,335.86,57.78,0.24107,9.3e-05,39.0
2725,1997.34,1869.52,-4.911397,76.45414,1000,838.27,59.89,263.99,293.59,58.57,0.23322,9e-05,37.73
2726,2033.1,1868.74,-4.899134,77.020257,1219,840.35,62.34,292.33,236.92,59.59,0.22578,8.7e-05,36.53
2727,2063.65,1872.49,-4.958388,77.503867,987,769.04,61.93,321.1,186.25,60.11,0.22307,8.6e-05,36.09
2728,2097.33,1874.73,-4.993875,78.037147,1029,433.69,64.47,370.28,135.52,58.55,0.23421,9e-05,37.89
2729,2125.59,1879.3,-5.066278,78.484497,922,213.85,52.08,221.33,94.65,49.94,0.29201,0.000112,47.25
2730,2158.22,1869.01,-4.903329,79.001096,945,166.85,52.97,298.88,82.66,51.83,0.27536,0.000106,44.55
2731,2188.34,1865.68,-4.850629,79.47789,874,288.01,60.08,279.14,51.43,50.58,0.31451,0.000148,62.07
2732,2212.02,1875.12,-5.000132,79.852715,745,119.65,61.04,336.14,18.44,49.96,0.4197,0.000291,122.17
2733,2250.37,1856.24,-4.701173,80.459917,286,-55.4,12.75,53.38,6.73,16.33,0.75925,0.000681,285.95
2734,2287.51,1866.27,-4.860004,81.04782,872,238.52,62.82,357.05,25.6,51.85,0.37616,0.000237,99.69
2735,2322.36,1870.89,-4.933172,81.599521,1209,554.63,71.61,431.26,67.59,58.52,0.21626,8.3e-05,34.99
2736,2357.25,1872.59,-4.960014,82.151793,1068,642.9,70.6,462.65,82.01,60.89,0.2015,7.8e-05,32.6
2737,2389.54,1867.6,-4.881095,82.662972,826,251.66,64.79,375.67,74.43,54.77,0.24997,9.6e-05,40.44
2738,2417.27,1875.24,-5.001941,83.102001,905,250.29,56.96,270.58,97.65,52.07,0.27596,0.000106,44.65
2739,2451.06,1867.15,-4.873898,83.63704,1227,254.83,50.44,246.29,69.28,49.98,0.28463,0.00011,46.05
2740,2485.84,1868.81,-4.900169,84.187651,1103,385.92,67.71,556.34,52.88,61.13,0.2296,0.000106,44.44
2741,2514.92,1870.41,-4.925577,84.648014,785,189.09,61.65,341.54,22.01,50.8,0.39567,0.000259,108.59
2742,2542.25,1882.73,-5.120553,85.080653,568,213.0,72.1,506.89,15.05,56.5,0.3865,0.000291,122.08
2743,2581.05,1885.86,-5.170077,85.694885,700,289.95,69.77,492.45,19.18,56.7,0.35697,0.000243,101.98
2744,2600.2,1879.3,-5.066324,85.998063,211,276.32,77.14,746.92,9.15,65.16,0.35336,0.000302,126.84
2745,1054.22,1910.7,-5.563299,61.523638,467,-58.14,2.45,6.64,14.14,0.0,0.87095,0.000669,280.88
2746,1075.28,1903.7,-5.452539,61.857001,762,-50.32,2.93,7.1,37.67,0.0,0.75405,0.000419,176.0
2747,1099.45,1903.98,-5.456993,62.239732,678,-41.71,2.83,6.64,75.19,1.4,0.65526,0.000252,106.02
2748,1130.74,1903.79,-5.453974,62.735019,1201,-35.19,1.47,3.64,126.01,1.34,0.67067,0.000258,108.51
2749,1173.66,1899.68,-5.388971,63.41448,1035,-35.79,1.63,4.18,178.91,3.02,0.66488,0.000256,107.57
2750,1206.46,1901.96,-5.424983,63.933672,1167,-32.04,1.95,4.89,206.81,3.61,0.65955,0.000254,106.71
2751,1236.49,1900.59,-5.403258,64.409174,1069,-16.44,5.64,14.78,233.22,10.17,0.60079,0.000231,97.21
2752,1269.51,1904.86,-5.470904,64.931943,1004,24.07,10.32,24.78,276.61,18.53,0.52722,0.000203,85.3
2753,1300.64,1902.6,-5.435067,65.424704,1101,1.4,7.84,17.94,313.93,14.04,0.56652,0.000218,91.66
2754,1332.69,1904.93,-5.47197,65.932104,862,-10.44,1.27,2.76,356.78,2.56,0.66858,0.000258,108.17
2755,1355.75,1898.67,-5.372897,66.297105,812,-13.66,1.03,2.45,368.09,2.12,0.67256,0.000259,108.82
2756,1384.16,1907.24,-5.508564,66.746949,994,-14.52,0.49,1.17,408.67,1.17,0.68113,0.000262,110.2
2757,1420.19,1898.87,-5.376145,67.317365,1007,-15.7,1.45,3.19,438.47,2.84,0.66619,0.000257,107.79
2758,1452.18,1905.59,-5.482456,67.823655,1008,-16.78,1.25,2.71,486.65,2.47,0.66945,0.000258,108.31
2759,1482.35,1900.23,-5.397666,68.301321,1033,-15.57,0.73,1.9,520.85,1.59,0.67738,0.000261,109.6
2760,1510.55,1910.74,-5.564057,68.747809,1089,-12.49,1.03,2.74,571.31,2.14,0.67236,0.000259,108.79
2761,1548.79,1897.61,-5.356147,69.353169,1382,4.15,6.83,14.72,606.07,12.27,0.58189,0.000224,94.15
2762,1584.04,1905.7,-5.484264,69.911163,1005,22.75,9.87,21.71,658.96,17.69,0.53461,0.000206,86.5
2763,1621.38,1907.93,-5.519552,70.50231,963,30.76,16.44,38.3,707.09,29.19,0.43764,0.000169,70.81
2764,1651.65,1901.18,-5.412696,70.981457,1018,21.71,8.81,20.42,737.71,15.88,0.5502,0.000212,89.02
2765,1676.73,1908.35,-5.526121,71.378628,1085,24.97,6.12,13.54,779.07,11.2,0.59087,0.000228,95.6
2766,1705.7,1906.87,-5.502753,71.837178,1073,30.6,6.51,14.02,781.84,11.9,0.58461,0.000225,94.59
2767,1738.0,1906.76,-5.501047,72.348585,1248,39.95,12.65,29.64,727.94,22.68,0.49172,0.000189,79.56
2768,1771.62,1903.27,-5.445684,72.880761,972,123.33,38.03,119.93,669.63,48.52,0.32062,0.000124,51.87
2769,1801.7,1903.66,-5.451951,73.356951,930,203.53,52.24,183.13,617.12,51.31,0.29764,0.000115,48.16
2770,1832.04,1902.73,-5.437124,73.837259,930,304.14,53.21,194.07,564.38,52.4,0.2877,0.000111,46.55
2771,1864.02,1905.06,-5.474082,74.343599,1359,392.79,53.34,195.1,508.45,53.05,0.28133,0.000108,45.52
2772,1899.82,1899.85,-5.391644,74.910312,1081,481.19,57.02,218.9,447.17,54.5,0.26893,0.000104,43.51
2773,1929.55,1905.49,-5.480899,75.380963,825,421.15,50.47,177.5,394.26,52.62,0.28414,0.000109,45.97
2774,1958.6,1902.14,-5.427909,75.840813,1002,603.32,55.11,225.08,344.84,55.57,0.25903,0.0001,41.91
2775,1994.73,1907.17,-5.507471,76.412767,1163,811.81,62.3,271.23,281.2,58.64,0.2331,9e-05,37.71
2776,2026.26,1901.99,-5.425402,76.911984,1024,953.66,65.61,315.58,228.69,61.19,0.21251,8.2e-05,34.38
2777,2063.26,1900.53,-5.402407,77.497774,1036,948.54,65.9,331.8,166.96,61.73,0.20874,8e-05,33.77
2778,2098.69,1910.14,-5.554552,78.058654,1032,775.28,73.98,485.77,103.37,63.57,0.18571,7.2e-05,30.05
2779,2125.61,1910.98,-5.567736,78.484858,883,347.4,70.03,417.7,59.58,56.25,0.24901,0.000104,43.83
2780,2156.22,1901.39,-5.415978,78.969338,1205,-28.32,16.26,56.21,34.15,23.64,0.55167,0.000319,133.85
2781,2188.29,1897.16,-5.349059,79.47704,853,-8.98,27.03,138.08,23.47,42.29,0.46593,0.0003,126.09
2782,2213.48,1898.06,-5.363218,79.875795,279,-51.97,11.15,33.27,9.74,13.12,0.76634,0.000647,271.77
2783,2302.03,1891.59,-5.260849,81.277715,621,119.51,58.05,276.05,18.1,47.82,0.43984,0.000307,129.13
2784,2326.26,1905.56,-5.482061,81.661276,909,162.23,53.29,221.66,35.23,46.96,0.39021,0.000223,93.57
2785,2354.56,1910.52,-5.560515,82.109231,898,253.53,53.31,199.53,70.4,48.37,0.2973,0.000115,48.1
2786,2380.48,1899.51,-5.386263,82.519598,1191,670.8,72.9,709.83,110.96,71.11,0.13808,5.3e-05,22.34
2787,2415.86,1901.38,-5.415829,83.079785,846,808.24,73.56,627.07,139.36,70.4,0.14704,5.7e-05,23.79
2788,2444.54,1900.47,-5.401346,83.533696,906,406.48,60.8,315.89,126.92,56.06,0.25089,9.7e-05,40.59
2789,2473.67,1906.58,-5.498128,83.994948,1148,195.01,56.64,409.08,115.49,57.38,0.24158,9.3e-05,39.09
2790,2503.57,1899.96,-5.393403,84.468184,1084,481.63,68.11,875.02,73.38,72.02,0.13689,5.3e-05,22.15
2791,2533.63,1908.45,-5.527699,84.944108,1060,890.17,76.57,749.33,61.66,71.83,0.12807,5.2e-05,21.84
2792,2570.72,1909.11,-5.538153,85.531362,1172,822.02,76.0,615.98,50.76,66.16,0.19237,9.1e-05,38.3
2793,2603.18,1900.46,-5.401311,86.0452,535,233.27,70.56,449.35,18.77,54.77,0.37615,0.000259,108.59
2794,1046.96,1934.73,-5.943824,61.40873,475,-56.5,2.88,6.92,16.89,0.0,0.84362,0.000607,255.13
2795,1075.16,1934.92,-5.946741,61.855143,1119,-44.02,2.66,6.56,63.55,0.58,0.66425,0.000262,110.0
2796,1106.59,1933.71,-5.927645,62.352736,795,-31.76,1.86,4.88,111.64,1.43,0.66563,0.000256,107.7
2797,1133.08,1939.18,-6.014229,62.77204,1067,-31.06,2.11,4.89,156.03,3.81,0.65726,0.000253,106.34
2798,1166.19,1929.38,-5.859031,63.296196,1413,-35.17,1.41,3.34,199.61,2.64,0.66836,0.000257,108.14
2799,1202.95,1936.45,-5.971016,63.878242,1077,-23.74,5.8,15.64,255.21,10.42,0.59876,0.000231,96.88
2800,1235.21,1938.85,-6.009077,64.388921,818,-3.21,12.43,29.78,287.38,22.01,0.49813,0.000192,80.6
2801,1257.56,1931.94,-5.899556,64.742628,911,16.04,11.69,27.16,299.0,20.84,0.50777,0.000196,82.16
2802,1292.32,1938.96,-6.01082,65.292913,1214,-7.53,4.25,10.72,347.39,7.79,0.62168,0.000239,100.59
2803,1323.17,1930.85,-5.882348,65.781389,923,-11.7,1.34,3.05,375.89,2.67,0.66757,0.000257,108.01
2804,1354.12,1938.95,-6.010628,66.271407,1199,-14.01,0.38,0.94,424.16,1.0,0.68277,0.000263,110.47
2805,1389.07,1935.85,-5.961566,66.824637,1166,-14.2,0.37,0.91,454.55,0.98,0.68295,0.000263,110.5
2806,1422.77,1932.07,-5.901678,67.358174,1037,-13.68,1.53,3.46,484.49,2.99,0.66476,0.000256,107.55
2807,1453.34,1933.42,-5.923097,67.842062,940,-11.58,2.29,5.25,522.17,4.32,0.65272,0.000251,105.61
2808,1483.45,1941.77,-6.055254,68.318812,1264,-5.66,2.39,5.72,569.94,4.55,0.65058,0.000251,105.26
2809,1525.44,1934.13,-5.934348,68.983553,1022,-3.33,3.91,8.98,616.79,7.19,0.62691,0.000242,101.43
2810,1558.34,1935.51,-5.956175,69.504266,1053,9.11,6.77,16.22,663.69,12.26,0.58188,0.000224,94.15
2811,1584.88,1929.35,-5.858543,69.924563,648,43.23,18.45,47.02,689.74,32.9,0.40705,0.000157,65.86
2812,1616.83,1933.65,-5.926719,70.430216,920,73.92,34.3,103.96,733.94,47.62,0.32853,0.000127,53.16
2813,1652.23,1939.08,-6.01259,70.990642,851,20.16,7.58,15.98,783.77,13.66,0.5694,0.000219,92.13
2814,1678.23,1940.6,-6.036657,71.402353,719,23.44,8.54,22.54,812.96,15.51,0.55329,0.000213,89.52
2815,1707.57,1939.56,-6.020232,71.866816,1082,30.63,7.66,16.78,779.52,13.9,0.56714,0.000218,91.76
2816,1748.34,1940.01,-6.027306,72.512162,1167,33.82,12.76,29.66,708.19,22.82,0.49066,0.000189,79.39
2817,1775.35,1931.05,-5.885538,72.939779,668,92.0,42.27,123.56,661.0,48.44,0.32181,0.000124,52.07
2818,1800.97,1937.44,-5.986704,73.3454,945,156.19,49.13,145.99,616.11,49.67,0.31111,0.00012,50.34
2819,1833.21,1932.42,-5.907174,73.855761,1128,220.56,45.16,152.95,559.75,50.37,0.30468,0.000117,49.3
2820,1876.19,1940.0,-6.027269,74.536251,1374,344.44,49.06,199.18,484.47,52.86,0.28355,0.000109,45.88
2821,1908.05,1932.31,-5.905425,75.04059,902,366.24,56.53,206.96,428.84,53.28,0.27997,0.000108,45.3
2822,1937.96,1936.87,-5.97767,75.514085,1105,333.88,48.12,144.55,376.43,50.85,0.2991,0.000115,48.39
2823,1970.16,1934.34,-5.937666,76.02393,1068,513.58,54.63,208.72,320.16,54.37,0.26944,0.000104,43.59
2824,1997.72,1942.4,-6.06516,76.460221,841,601.34,62.95,347.24,271.77,59.87,0.22733,8.8e-05,36.78
2825,2027.49,1932.94,-5.915453,76.931427,992,827.67,64.98,339.53,219.94,61.17,0.21457,8.3e-05,34.72
2826,2058.09,1927.78,-5.833746,77.415888,879,952.28,65.33,321.59,166.92,61.4,0.21107,8.1e-05,34.15
2827,2087.61,1938.66,-6.005949,77.883203,1131,1001.98,69.77,417.3,114.69,63.22,0.18746,7.2e-05,30.33
2828,2126.29,1941.2,-6.046131,78.495567,779,423.13,69.38,448.35,46.98,57.3,0.27252,0.000136,56.96
2829,2146.54,1936.9,-5.978193,78.816061,498,-36.74,25.61,111.45,12.94,40.05,0.54056,0.000426,179.07
2830,2327.8,1928.91,-5.85167,81.685628,373,-28.32,23.78,74.36,14.15,35.82,0.54928,0.000422,177.1
2831,2354.65,1940.88,-6.04107,82.110648,851,50.11,34.09,96.23,42.04,42.05,0.41319,0.000218,91.71
2832,2384.52,1938.18,-5.998432,82.583605,1219,166.24,39.92,110.5,89.27,45.46,0.32625,0.000126,52.79
2833,2418.38,1930.86,-5.882499,83.119566,1276,438.31,62.41,378.59,144.24,59.26,0.23104,8.9e-05,37.38
2834,2449.24,1938.15,-5.997989,83.608136,876,668.79,69.02,460.41,168.92,64.34,0.1944,7.5e-05,31.45
2835,2476.38,1938.35,-6.00108,84.037792,916,722.64,74.12,603.36,154.94,69.66,0.15658,6e-05,25.33
2836,2509.63,1938.4,-6.001841,84.564128,1238,449.89,64.85,823.71,125.87,74.14,0.13487,5.2e-05,21.82
2837,2545.27,1932.19,-5.903518,85.128446,734,560.33,72.0,625.44,95.86,66.69,0.16568,6.4e-05,26.81
2838,2572.36,1939.52,-6.019591,85.557338,804,721.55,75.87,616.97,80.69,66.83,0.15906,6.1e-05,25.74
2839,2603.87,1927.42,-5.828027,86.056118,775,195.38,62.0,438.92,23.21,54.34,0.36343,0.000235,98.6
2840,2625.77,1951.31,-6.206305,86.402844,374,112.42,66.81,479.03,12.33,54.7,0.42089,0.000336,141.3
2841,1028.64,1980.03,-6.6609,61.118615,176,-59.52,2.75,7.44,7.09,0.0,0.92462,0.000823,345.8
2842,1047.03,1960.82,-6.356881,61.409783,837,-53.62,2.5,5.81,25.56,0.0,0.80305,0.000507,212.92
2843,1075.43,1967.82,-6.467623,61.859425,837,-38.09,3.42,8.3,75.38,2.46,0.64568,0.000249,104.47
2844,1102.61,1965.38,-6.429077,62.289676,985,-24.12,2.59,6.32,121.36,3.16,0.6527,0.000251,105.6
2845,1133.33,1971.61,-6.527589,62.77608,1093,-20.02,2.65,5.89,175.9,4.88,0.64787,0.00025,104.82
2846,1173.36,1964.51,-6.415277,63.409758,1189,-19.16,6.8,16.83,238.43,12.13,0.58354,0.000225,94.41
2847,1203.58,1966.86,-6.452357,63.888195,691,10.04,11.32,24.75,286.96,20.1,0.51418,0.000198,83.19
2848,1227.48,1966.52,-6.446976,64.266525,910,13.0,10.98,24.0,320.03,19.53,0.51898,0.0002,83.97
2849,1262.07,1967.77,-6.46685,64.814146,1287,-9.44,2.16,5.45,355.45,4.12,0.65442,0.000252,105.88
2850,1299.95,1968.65,-6.480789,65.413781,866,-13.87,1.46,3.49,395.24,2.87,0.66581,0.000256,107.73
2851,1328.69,1967.49,-6.462328,65.868713,876,-12.27,0.95,2.29,427.26,2.0,0.67367,0.00026,109.0
2852,1358.29,1970.08,-6.503338,66.33739,1071,-12.01,0.79,1.94,467.53,1.72,0.67616,0.00026,109.4
2853,1395.12,1972.17,-6.53653,66.920372,952,-9.39,1.1,2.73,513.43,2.29,0.67103,0.000259,108.57
2854,1417.54,1959.76,-6.339996,67.275261,871,-8.91,1.59,4.48,517.1,3.15,0.66316,0.000255,107.3
2855,1452.51,1967.49,-6.462391,67.829005,1147,2.22,3.71,8.22,565.45,6.86,0.62966,0.000243,101.88
2856,1490.57,1973.03,-6.550042,68.431404,1008,4.68,3.59,8.0,617.24,6.68,0.63128,0.000243,102.14
2857,1519.55,1960.8,-6.356464,68.890265,901,4.6,2.78,5.79,638.8,5.26,0.64396,0.000248,104.19
2858,1551.57,1968.77,-6.482727,69.397235,1149,24.52,15.61,38.51,690.38,27.78,0.44937,0.000173,72.71
2859,1587.89,1960.89,-6.35798,69.972167,1233,76.49,30.1,87.87,731.34,47.07,0.33284,0.000128,53.85
2860,1618.03,1961.32,-6.364683,70.449278,722,35.13,17.76,57.95,770.28,32.09,0.41371,0.000159,66.94
2861,1640.69,1963.36,-6.396964,70.807952,741,21.68,9.15,20.12,800.39,16.42,0.54547,0.00021,88.25
2862,1672.12,1969.74,-6.498077,71.305641,1079,46.59,15.9,35.93,830.81,28.31,0.44452,0.000171,71.92
2863,1714.09,1967.69,-6.465602,71.970075,1227,41.75,13.64,33.04,768.76,24.45,0.4768,0.000184,77.14
2864,1745.09,1974.15,-6.567866,72.460738,936,45.19,14.02,31.33,715.07,25.04,0.47179,0.000182,76.33
2865,1775.58,1965.01,-6.423131,72.943442,978,99.83,34.32,91.65,661.09,47.36,0.33013,0.000127,53.41
2866,1804.92,1973.54,-6.558219,73.407978,1182,223.28,48.97,181.96,610.59,51.41,0.29658,0.000114,47.99
2867,1838.57,1966.28,-6.443229,73.940677,1514,427.78,61.95,278.82,551.17,56.25,0.25665,9.9e-05,41.53
2868,1875.37,1974.71,-6.576755,74.52331,1161,473.96,59.21,248.65,487.73,55.5,0.26152,0.000101,42.31
2869,1909.31,1967.53,-6.462976,75.060607,1171,268.97,51.63,213.11,427.7,52.83,0.28498,0.00011,46.11
2870,1943.02,1970.23,-6.505851,75.594192,1135,327.42,48.78,162.76,369.23,51.45,0.29459,0.000113,47.66
2871,1975.34,1971.95,-6.533005,76.105929,1112,403.78,50.07,187.07,313.35,52.84,0.28274,0.000109,45.75
2872,2009.28,1966.72,-6.450178,76.64315,974,489.08,57.6,221.68,253.31,54.66,0.26764,0.000103,43.3
2873,2037.43,1972.38,-6.539799,77.088791,953,577.0,60.84,255.46,206.23,56.46,0.25279,9.7e-05,40.9
2874,2061.27,1959.54,-6.336585,77.466172,1040,737.8,61.65,268.43,161.83,58.03,0.2387,9.2e-05,38.62
2875,2102.25,1966.81,-6.451592,78.114932,1114,730.98,63.92,357.69,93.95,58.32,0.22139,8.5e-05,35.82
2876,2132.37,1970.28,-6.506633,78.591774,814,445.32,71.1,503.63,47.2,59.42,0.2557,0.000127,53.3
2877,2156.08,1974.98,-6.580999,78.967177,587,32.23,38.08,247.62,14.77,46.07,0.4787,0.000362,152.18
2878,2338.89,1949.65,-6.179942,81.861139,332,-39.89,15.57,43.56,11.72,20.97,0.67931,0.00055,231.09
2879,2350.32,1969.0,-6.48631,82.042089,358,-35.46,16.75,53.52,16.72,23.52,0.61987,0.000448,188.23
2880,2382.86,1970.15,-6.504527,82.557318,836,67.71,28.76,75.26,58.01,42.14,0.36712,0.000157,66.12
2881,2410.15,1967.51,-6.462798,82.989328,979,143.23,37.93,118.46,94.2,45.8,0.32523,0.000125,52.62
2882,2445.14,1966.85,-6.452338,83.543228,1090,410.01,61.77,316.55,146.69,56.98,0.24883,9.6e-05,40.26
2883,2476.45,1973.71,-6.560896,84.038922,953,803.59,68.61,400.48,178.97,63.16,0.20076,7.7e-05,32.48
2884,2507.4,1967.5,-6.462512,84.528912,934,685.36,74.08,584.43,174.3,68.84,0.16315,6.3e-05,26.4
2885,2542.02,1961.2,-6.362804,85.076976,942,187.26,44.42,313.39,138.07,54.95,0.26536,0.000102,42.93
2886,2571.96,1966.93,-6.453614,85.550949,842,392.25,61.13,399.58,100.55,57.75,0.23225,8.9e-05,37.58
2887,2602.81,1958.64,-6.322334,86.03925,1059,733.67,69.97,547.58,49.55,63.08,0.21855,0.000105,44.21
2888,2640.22,1970.48,-6.509796,86.631482,883,329.26,65.85,437.48,30.11,55.52,0.3328,0.000201,84.27
2889,2668.9,1969.24,-6.490063,87.085539,426,128.14,66.44,318.0,15.51,49.25,0.445,0.000331,139.06
2890,2687.03,1967.46,-6.46198,87.372548,190,58.94,67.78,326.09,7.63,48.71,0.50434,0.000444,186.63
2891,75.54,2018.81,-7.274856,46.030218,116,-56.26,20.5,72.09,3.17,29.63,0.66393,0.000636,267.32
2892,96.22,2015.56,-7.22333,46.357589,117,-56.38,15.51,53.87,3.88,20.76,0.73959,0.0007,293.94
2893,1027.01,2002.5,-7.016616,61.092836,251,-58.26,3.08,7.19,11.54,0.0,0.88447,0.000719,302.04
2894,1043.49,1993.35,-6.871801,61.353723,839,-52.96,2.6,5.92,35.81,0.0,0.76492,0.000434,182.27
2895,1073.71,1994.04,-6.882789,61.832194,1011,-33.92,3.46,8.08,83.91,2.92,0.64395,0.000248,104.19
2896,1104.91,2002.31,-7.0136,62.326162,917,-22.1,1.62,3.51,139.44,2.28,0.66597,0.000257,107.75
2897,1140.88,1994.68,-6.892893,62.895499,807,-11.26,3.91,10.62,195.58,7.19,0.62704,0.000242,101.45
2898,1167.74,1996.59,-6.923112,63.32073,977,0.86,7.8,20.74,242.36,14.07,0.56626,0.000218,91.62
2899,1201.74,1996.23,-6.917317,63.859049,1024,4.28,4.98,12.16,300.62,9.12,0.60959,0.000235,98.63
2900,1235.19,2002.22,-7.012228,64.388521,1200,0.45,5.65,13.19,359.25,10.24,0.5998,0.000231,97.04
2901,1269.86,2004.4,-7.046759,64.93738,975,-13.15,2.22,5.15,413.8,4.2,0.65389,0.000252,105.8
2902,1289.84,1992.53,-6.858758,65.253732,790,-13.77,1.7,4.17,418.11,3.3,0.66199,0.000255,107.11
2903,1320.05,1998.27,-6.949665,65.732056,1019,-7.17,1.39,3.38,457.7,2.8,0.66633,0.000257,107.81
2904,1352.58,2005.5,-7.06412,66.246908,1153,-6.79,1.51,3.52,504.41,3.01,0.66446,0.000256,107.51
2905,1385.7,1999.9,-6.975438,66.771247,1261,-7.21,1.14,2.81,538.16,2.37,0.67024,0.000258,108.44
2906,1422.2,1997.51,-6.937572,67.349182,1091,2.78,4.32,9.71,576.23,7.93,0.62017,0.000239,100.34
2907,1451.89,1996.93,-6.92852,67.819064,944,13.91,6.1,13.09,605.14,11.08,0.59218,0.000228,95.81
2908,1488.16,2002.69,-7.019716,68.393292,1215,16.79,4.99,10.83,652.76,9.18,0.60885,0.000235,98.51
2909,1524.16,1996.01,-6.91386,68.963198,1245,28.7,19.68,58.6,687.15,35.25,0.38838,0.00015,62.84
2910,1557.07,2003.45,-7.031653,69.484188,1045,122.06,40.7,113.33,737.64,48.28,0.32253,0.000124,52.18
2911,1589.05,1997.71,-6.940836,69.990578,1309,178.36,44.33,139.59,773.19,49.6,0.31131,0.00012,50.37
2912,1620.27,1992.98,-6.865956,70.484731,1065,101.78,33.84,108.2,810.58,47.96,0.32539,0.000125,52.65
2913,1645.91,2002.09,-7.010151,70.890725,1071,37.53,11.04,27.53,853.74,19.92,0.51513,0.000198,83.35
2914,1682.71,1999.38,-6.967195,71.473201,1313,32.34,8.23,18.06,827.37,14.9,0.55842,0.000215,90.35
2915,1715.83,2002.81,-7.021553,71.997555,1015,36.14,7.82,18.84,770.4,14.28,0.56375,0.000217,91.21
2916,1741.83,2005.67,-7.066815,72.409216,731,56.45,12.06,28.27,725.8,21.77,0.4991,0.000192,80.75
2917,1768.52,1996.57,-6.922818,72.831662,869,44.06,16.43,39.39,677.5,29.31,0.43643,0.000168,70.61
2918,1801.74,2005.33,-7.061436,73.357639,1118,125.3,38.43,122.4,621.91,48.63,0.31978,0.000123,51.74
2919,1842.38,2002.44,-7.015759,74.000993,1167,310.54,53.72,196.15,550.92,52.52,0.2867,0.00011,46.39
2920,1876.34,2004.9,-7.054587,74.538633,899,371.12,58.51,220.14,493.16,53.78,0.2761,0.000106,44.67
2921,1907.14,2002.56,-7.017571,75.026179,917,361.64,60.92,239.54,439.54,54.4,0.27156,0.000105,43.94
2922,1939.57,2000.73,-6.988604,75.539539,1028,335.51,60.61,256.37,383.44,54.82,0.26883,0.000104,43.5
2923,1970.45,2006.7,-7.083194,76.02847,1012,267.1,51.51,179.4,333.89,51.62,0.29425,0.000113,47.61
2924,1999.69,2000.41,-6.983537,76.491284,918,523.72,65.8,362.32,281.9,59.87,0.22853,8.8e-05,36.97
2925,2026.72,2003.88,-7.038496,76.919316,1101,613.52,66.18,401.64,239.53,61.88,0.21266,8.2e-05,34.41
2926,2064.96,1992.66,-6.860942,77.524654,1091,722.12,61.41,299.22,170.23,59.01,0.23177,8.9e-05,37.5
2927,2096.99,1997.79,-6.942007,78.031636,1010,795.44,66.9,372.37,123.63,60.6,0.21108,8.1e-05,34.15
2928,2124.39,2003.04,-7.025194,78.46553,878,821.91,72.28,475.45,85.66,62.74,0.18673,7.2e-05,30.21
2929,2155.96,2002.68,-7.019575,78.965182,1130,568.1,71.71,573.53,43.19,62.57,0.24075,0.000126,52.71
2930,2184.23,2010.71,-7.146618,79.412742,617,98.34,50.71,331.5,14.69,49.49,0.44903,0.00034,143.01
2931,2359.28,1983.24,-6.711748,82.184055,466,-34.8,15.12,49.46,18.7,20.77,0.63001,0.000434,182.2
2932,2384.31,1997.31,-6.934529,82.580259,828,73.41,41.8,131.79,29.25,42.9,0.4425,0.000269,113.04
2933,2420.89,1994.22,-6.885523,83.159307,976,293.33,58.02,263.21,88.61,51.71,0.27577,0.000106,44.62
2934,2447.28,2002.14,-7.010882,83.577197,876,235.79,53.45,267.54,115.87,52.67,0.27621,0.000106,44.69
2935,2473.72,2004.94,-7.055304,83.995656,739,601.12,71.54,480.52,138.42,63.74,0.19519,7.5e-05,31.58
2936,2505.25,1996.08,-6.915041,84.494866,1100,986.77,70.21,416.98,183.12,65.01,0.18511,7.1e-05,29.95
2937,2540.86,1994.74,-6.893838,85.05852,1231,780.07,70.01,617.93,171.44,70.68,0.14952,5.8e-05,24.19
2938,2571.44,2000.41,-6.983615,85.542754,1074,340.09,54.89,336.07,138.91,56.84,0.24904,9.6e-05,40.29
2939,2604.16,1992.87,-6.864247,86.06075,1357,631.17,68.67,445.81,93.37,60.72,0.20556,7.9e-05,33.26
2940,2642.03,1996.28,-6.918213,86.660193,1042,627.51,72.51,480.94,69.54,60.87,0.19892,7.7e-05,32.18
2941,2671.49,2002.27,-7.013056,87.126547,930,493.44,73.18,717.84,37.64,66.91,0.22419,0.000125,52.34
2942,2684.83,1987.13,-6.773321,87.337817,370,-6.49,42.71,192.12,13.3,43.77,0.50923,0.000398,167.35
2943,53.19,2045.93,-7.704134,45.676294,150,99.75,69.47,440.45,5.94,52.96,0.47862,0.000436,183.02
2944,69.57,2043.19,-7.660747,45.935716,129,-1.36,54.65,247.03,5.2,45.39,0.55133,0.000509,213.8
2945,106.88,2045.88,-7.703405,46.526321,67,-16.37,69.89,311.41,2.81,47.45,0.55016,0.000531,222.96
2946,189.96,2045.91,-7.703894,47.841482,113,31.1,75.91,389.75,3.78,50.6,0.51503,0.000488,205.07
2947,202.39,2040.06,-7.611268,48.038391,99,45.59,74.18,399.61,4.67,51.08,0.50442,0.00047,197.56
2948,1026.35,2021.54,-7.318008,61.082376,360,-57.3,5.12,8.81,14.36,2.44,0.83148,0.000635,266.82
2949,1040.78,2034.82,-7.528246,61.310816,920,-49.73,3.88,8.71,40.33,1.59,0.72961,0.000393,165.21
2950,1069.85,2027.1,-7.406018,61.770993,1267,-33.25,2.91,6.81,89.9,2.24,0.65182,0.000251,105.46
2951,1104.13,2026.79,-7.401112,62.313727,779,-22.94,1.14,2.46,149.56,1.89,0.6725,0.000259,108.81
2952,1136.8,2026.38,-7.394752,62.830923,1214,9.62,19.07,50.84,202.98,33.83,0.40015,0.000154,64.74
2953,1168.84,2032.05,-7.484406,63.338192,956,78.39,28.16,67.26,253.59,46.35,0.33847,0.00013,54.76
2954,1197.67,2024.64,-7.367157,63.794587,1016,22.77,12.76,32.04,300.94,22.82,0.49081,0.000189,79.41
2955,1235.87,2031.2,-7.47101,64.399338,936,-10.95,4.78,10.9,362.71,8.64,0.61416,0.000237,99.37
2956,1268.87,2034.7,-7.526447,64.921678,1019,-9.5,3.48,9.11,415.23,6.45,0.63368,0.000244,102.53
2957,1297.62,2032.68,-7.494464,65.376906,995,4.32,9.57,23.38,461.71,17.11,0.53985,0.000208,87.34
2958,1326.68,2031.73,-7.479466,65.836941,932,10.6,10.29,24.11,504.96,18.37,0.5289,0.000204,85.57
2959,1360.14,2034.28,-7.519784,66.366712,983,-7.63,5.1,14.65,549.99,9.33,0.608,0.000234,98.37
2960,1395.15,2035.42,-7.537813,66.920923,951,3.07,5.27,12.5,593.56,9.61,0.60533,0.000233,97.94
2961,1421.55,2031.65,-7.478174,67.338747,1027,4.99,4.04,8.78,621.62,7.46,0.62437,0.000241,101.02
2962,1454.87,2027.54,-7.413037,67.866331,1119,16.62,7.74,17.44,651.81,13.96,0.5669,0.000218,91.72
2963,1484.5,2037.57,-7.571834,68.335445,1127,12.97,5.19,10.92,696.33,9.49,0.6062,0.000234,98.08
2964,1520.43,2030.45,-7.45917,68.904234,1095,12.64,7.91,18.6,726.48,14.25,0.56442,0.000217,91.32
2965,1554.83,2030.7,-7.463003,69.448766,774,76.08,36.1,110.19,767.93,47.85,0.32666,0.000126,52.85
2966,1583.04,2032.02,-7.483978,69.895367,849,156.9,44.45,138.93,804.97,49.43,0.313,0.000121,50.64
2967,1616.51,2030.87,-7.46583,70.425292,1037,179.0,51.4,194.71,847.25,51.55,0.29619,0.000114,47.92
2968,1654.69,2029.68,-7.44697,71.029626,1042,56.32,17.55,46.09,875.56,31.47,0.41842,0.000161,67.7
2969,1686.29,2036.18,-7.549869,71.529866,955,62.32,17.05,45.25,830.11,30.65,0.42497,0.000164,68.76
2970,1712.67,2032.97,-7.49895,71.947597,788,99.83,31.93,88.36,783.62,47.25,0.33104,0.000128,53.56
2971,1744.26,2034.58,-7.52447,72.447704,874,80.68,20.91,51.0,729.9,37.37,0.37056,0.000143,59.96
2972,1774.07,2027.15,-7.406862,72.919627,914,44.86,13.8,31.79,676.21,24.69,0.47472,0.000183,76.81
2973,1810.11,2032.01,-7.48378,73.490167,931,88.61,29.98,97.89,616.32,47.5,0.3292,0.000127,53.26
2974,1841.96,2030.39,-7.458144,73.994282,845,277.15,55.42,206.73,561.52,52.66,0.28614,0.00011,46.3
2975,1869.51,2035.48,-7.538775,74.430497,752,301.35,57.49,245.87,517.34,54.21,0.27396,0.000106,44.33
2976,1899.73,2028.34,-7.425754,74.908915,792,366.86,60.09,230.27,463.1,54.11,0.27368,0.000105,44.28
2977,1933.48,2033.39,-7.505633,75.443122,1204,360.3,63.44,275.99,410.05,55.68,0.26195,0.000101,42.38
2978,1967.16,2035.53,-7.539544,75.976358,751,368.42,53.8,221.43,356.81,53.81,0.27593,0.000106,44.64
2979,1997.48,2032.48,-7.491332,76.456283,873,426.63,65.17,365.11,306.6,59.3,0.23418,9e-05,37.89
2980,2037.08,2034.85,-7.528748,77.083286,1191,408.08,54.68,216.36,246.08,53.91,0.27458,0.000106,44.43
2981,2068.33,2021.59,-7.318888,77.577906,1036,647.45,61.45,286.9,186.78,58.06,0.23988,9.2e-05,38.81
2982,2093.13,2037.84,-7.576078,77.97057,955,657.61,63.68,290.76,165.36,58.26,0.23821,9.2e-05,38.54
2983,2125.23,2029.2,-7.439392,78.47875,982,884.23,64.74,358.79,112.77,60.25,0.20968,8.1e-05,33.93
2984,2166.3,2034.02,-7.515576,79.128908,940,833.86,69.61,455.5,62.43,61.09,0.19956,8e-05,33.63
2985,2194.69,2035.04,-7.531823,79.578399,521,279.67,65.17,434.97,23.6,54.8,0.35723,0.00023,96.55
2986,2214.55,2047.7,-7.732282,79.892722,403,-14.26,34.17,145.79,13.67,42.09,0.52138,0.000405,169.94
2987,2272.12,2052.79,-7.812842,80.804169,92,55.86,56.02,356.56,5.45,49.67,0.51111,0.00047,197.27
2988,2278.87,2049.61,-7.762491,80.91105,62,-45.22,29.08,151.78,4.89,41.7,0.58706,0.000545,228.99
2989,2386.21,2020.5,-7.301562,82.610278,547,6.63,36.62,122.1,17.12,41.55,0.50188,0.000359,150.93
2990,2417.86,2025.99,-7.388563,83.111345,1131,72.59,34.02,106.53,51.2,42.97,0.3793,0.000179,75.08
2991,2451.58,2032.57,-7.492734,83.64515,848,96.26,33.51,106.68,76.77,44.28,0.33341,0.000128,53.94
2992,2479.54,2027.93,-7.419161,84.087914,646,263.45,51.94,237.62,116.01,51.81,0.28234,0.000109,45.68
2993,2506.28,2031.35,-7.473331,84.511103,1016,659.51,68.8,528.59,132.2,65.56,0.18019,6.9e-05,29.15
2994,2535.88,2031.06,-7.468806,84.979777,1282,857.95,75.02,539.53,147.91,68.02,0.16411,6.3e-05,26.55
2995,2578.58,2030.25,-7.456012,85.655725,1148,871.11,74.29,550.39,149.26,68.56,0.16061,6.2e-05,25.99
2996,2610.71,2031.5,-7.475812,86.164327,1069,788.31,73.8,561.36,137.61,67.86,0.16391,6.3e-05,26.52
2997,2640.18,2028.32,-7.425351,86.630868,1162,810.43,75.6,593.03,102.5,67.57,0.15771,6.1e-05,25.52
2998,2671.8,2038.17,-7.581327,87.131545,1146,438.52,70.16,478.41,66.11,59.32,0.21192,8.2e-05,34.29
2999,2700.97,2028.72,-7.431772,87.59328,1012,312.08,70.86,521.87,22.15,58.03,0.33494,0.000219,91.8
3000,2733.7,2035.11,-7.532872,88.111463,516,279.23,73.17,593.4,15.03,60.02,0.35706,0.000269,112.83
3001,2753.36,2048.21,-7.74029,88.4226,228,118.26,68.0,392.01,11.28,51.61,0.45364,0.000371,155.78
3002,59.54,2069.64,-8.079579,45.776921,221,82.71,75.02,498.99,5.14,54.88,0.468,0.000433,181.69
3003,77.28,2059.66,-7.921529,46.057741,387,69.44,70.74,448.1,4.95,52.98,0.48576,0.000451,189.26
3004,97.42,2064.9,-8.004454,46.376498,408,104.11,65.91,379.13,8.35,50.93,0.47951,0.000416,174.92
3005,145.5,2074.25,-8.152443,47.137673,257,41.67,71.92,420.03,4.49,51.77,0.49978,0.000468,196.41
3006,176.0,2066.75,-8.033865,47.620549,616,35.19,63.25,296.18,6.67,47.44,0.52239,0.000469,196.98
3007,194.47,2064.5,-7.9981,47.912876,232,-7.68,52.08,201.19,5.76,43.75,0.562,0.000513,215.64
3008,231.6,2061.57,-7.951814,48.500696,285,16.55,62.67,263.63,5.93,46.13,0.53936,0.000491,206.29
3009,1022.38,2056.58,-7.872768,61.019492,368,-58.27,3.12,7.35,11.15,0.0,0.88712,0.000727,305.47
3010,1038.05,2066.66,-8.0323,61.267597,721,-48.75,4.01,9.01,38.95,1.77,0.73247,0.000401,168.51
3011,1070.03,2063.0,-7.974351,61.773862,1130,-32.12,2.56,6.39,86.11,1.49,0.65744,0.000253,106.37
3012,1103.84,2055.04,-7.848429,62.309216,1111,-23.82,1.25,3.16,140.55,1.69,0.67164,0.000259,108.67
3013,1138.43,2061.01,-7.942873,62.856816,1118,-10.73,12.89,35.96,186.68,22.95,0.49038,0.000189,79.34
3014,1172.73,2058.99,-7.910893,63.399768,850,62.19,30.16,76.66,242.72,46.57,0.337,0.00013,54.52
3015,1199.49,2061.72,-7.954225,63.823343,863,71.54,34.84,89.55,285.43,47.09,0.33273,0.000128,53.83
3016,1224.85,2058.9,-7.909585,64.224835,1078,1.44,15.4,47.08,329.45,27.57,0.45145,0.000174,73.04
3017,1256.76,2066.59,-8.031191,64.730102,1285,-8.29,6.16,14.27,380.4,11.07,0.59272,0.000228,95.9
3018,1296.53,2065.1,-8.007677,65.359642,884,7.68,10.21,24.22,449.07,18.23,0.53021,0.000204,85.79
3019,1323.86,2059.46,-7.918375,65.792272,757,19.24,17.7,43.42,497.88,31.37,0.41995,0.000162,67.95
3020,1357.7,2063.27,-7.978675,66.327949,1016,-2.79,7.31,18.8,555.25,13.17,0.57421,0.000221,92.9
3021,1388.78,2062.93,-7.973335,66.820057,991,11.07,4.9,11.5,607.78,9.01,0.61043,0.000235,98.76
3022,1425.55,2065.47,-8.013512,67.402138,959,11.42,5.38,11.5,664.34,9.82,0.60336,0.000232,97.62
3023,1454.55,2060.22,-7.930369,67.861166,888,8.89,5.07,11.28,697.23,9.27,0.60819,0.000234,98.4
3024,1492.47,2065.07,-8.007133,68.461547,935,10.99,7.11,14.64,743.29,12.79,0.57729,0.000222,93.4
3025,1522.71,2061.03,-7.943162,68.940226,865,17.8,8.14,19.45,769.75,14.7,0.56043,0.000216,90.68
3026,1550.55,2058.87,-7.909113,69.381078,1013,16.33,10.08,31.21,798.67,18.32,0.52922,0.000204,85.63
3027,1587.99,2060.46,-7.934266,69.973753,1055,60.01,33.03,115.75,845.85,47.94,0.32624,0.000126,52.78
3028,1619.91,2059.27,-7.915426,70.478994,885,68.47,29.0,88.68,884.66,47.04,0.33319,0.000128,53.91
3029,1651.55,2057.89,-7.893499,70.979984,869,82.33,22.04,55.5,894.84,39.41,0.35481,0.000137,57.41
3030,1680.07,2067.52,-8.045957,71.431487,937,165.0,42.16,136.71,852.09,49.41,0.31303,0.000121,50.65
3031,1716.84,2059.83,-7.924277,72.013588,1015,200.96,39.89,117.96,786.38,48.99,0.31569,0.000122,51.08
3032,1746.85,2068.43,-8.060429,72.488659,827,161.75,37.16,99.85,739.53,48.08,0.32346,0.000125,52.34
3033,1771.61,2057.93,-7.894107,72.880643,997,64.1,12.03,29.53,692.92,21.82,0.49854,0.000192,80.66
3034,1803.21,2057.42,-7.88615,73.380905,896,52.9,9.23,20.23,639.48,16.77,0.54183,0.000209,87.67
3035,1833.76,2063.71,-7.985711,73.86455,1011,55.31,11.98,39.35,592.11,22.01,0.49695,0.000191,80.41
3036,1864.95,2063.27,-7.978679,74.358289,1056,89.15,22.99,89.7,540.67,42.25,0.34145,0.000132,55.25
3037,1899.27,2056.84,-7.876824,74.90153,1091,147.5,40.26,156.84,480.67,50.0,0.30872,0.000119,49.95
3038,1938.15,2067.74,-8.04952,75.517172,1167,289.71,52.21,200.13,426.78,52.51,0.28707,0.000111,46.45
3039,1966.87,2062.42,-7.965202,75.971761,850,341.09,51.69,197.2,377.49,52.76,0.28433,0.00011,46.0
3040,1997.03,2059.15,-7.913402,76.449296,852,433.63,63.39,337.46,327.51,58.37,0.24089,9.3e-05,38.97
3041,2026.82,2065.07,-8.007167,76.920847,1154,448.16,58.69,245.62,287.25,55.22,0.26406,0.000102,42.72
3042,2062.42,2061.58,-7.951994,77.484475,1032,366.23,51.93,247.14,233.15,54.7,0.26922,0.000104,43.56
3043,2092.35,2065.11,-8.007795,77.958207,851,645.09,63.54,301.9,196.27,58.57,0.23615,9.1e-05,38.21
3044,2127.02,2059.84,-7.924361,78.507167,1116,763.85,62.13,277.25,143.13,57.88,0.23589,9.1e-05,38.17
3045,2155.32,2059.81,-7.923948,78.95505,1004,1001.94,68.63,395.14,104.15,61.97,0.19377,7.5e-05,31.35
3046,2191.38,2060.37,-7.932807,79.525949,913,598.78,71.46,437.99,56.94,58.6,0.23461,0.000102,42.91
3047,2225.81,2069.5,-8.077289,80.07111,942,91.14,44.31,219.13,34.92,46.36,0.39719,0.000228,95.57
3048,2255.31,2065.86,-8.019692,80.53799,641,65.61,43.98,216.37,20.83,45.46,0.44552,0.000294,123.64
3049,2278.56,2065.68,-8.016832,80.906051,299,158.17,72.14,399.51,12.09,52.19,0.44264,0.000356,149.38
3050,2402.21,2042.81,-7.654768,82.863648,407,-39.08,15.32,42.35,12.59,20.55,0.67665,0.000538,225.88
3051,2427.26,2058.06,-7.896142,83.260151,579,-19.24,23.59,66.68,16.22,35.39,0.53637,0.000392,164.83
3052,2453.73,2062.36,-7.964353,83.679161,1033,32.18,23.51,57.73,42.64,36.48,0.43264,0.000227,95.35
3053,2484.21,2058.26,-7.899451,84.161691,1048,98.55,28.78,79.55,75.47,43.28,0.34095,0.000131,55.16
3054,2513.97,2065.47,-8.013564,84.6329,838,168.54,35.8,115.57,80.98,45.28,0.32543,0.000125,52.65
3055,2544.41,2066.31,-8.026827,85.114833,812,267.17,49.62,189.52,88.74,48.93,0.29747,0.000115,48.13
3056,2569.68,2056.47,-7.871087,85.514874,1060,611.6,68.72,462.46,108.69,61.85,0.20141,7.8e-05,32.59
3057,2607.61,2062.43,-7.965432,86.115311,877,742.43,72.98,483.13,106.74,63.4,0.18815,7.2e-05,30.44
3058,2637.77,2064.16,-7.992795,86.592816,990,722.31,72.23,514.02,103.41,64.2,0.1821,7e-05,29.46
3059,2673.57,2067.84,-8.051012,87.159528,852,373.64,63.1,317.19,92.9,54.36,0.25563,9.8e-05,41.36
3060,2705.93,2061.91,-7.957203,87.671764,1027,569.26,70.63,460.55,70.65,59.8,0.20765,8e-05,33.6
3061,2736.36,2062.75,-7.970424,88.153525,1085,414.02,64.75,375.82,48.96,54.76,0.28677,0.000139,58.45
3062,2765.27,2064.06,-7.991201,88.611179,434,173.92,66.37,369.04,17.5,51.46,0.41254,0.000293,122.92
3063,2782.4,2078.41,-8.218441,88.882382,256,30.62,58.06,294.17,10.52,47.51,0.49534,0.000412,172.85
3064,59.18,2085.05,-8.323461,45.771188,188,53.31,70.44,352.1,5.3,49.49,0.51377,0.000473,198.86
3065,74.08,2092.21,-8.436906,46.007101,374,43.79,70.15,356.8,5.26,49.58,0.51338,0.000473,198.86
3066,113.04,2098.03,-8.528994,46.623755,227,43.27,73.14,406.59,4.51,51.31,0.50361,0.000471,197.84
3067,144.7,2091.72,-8.429099,47.125111,308,40.95,63.66,324.14,5.97,48.44,0.51845,0.000472,198.14
3068,166.74,2090.08,-8.403062,47.473917,526,100.68,68.84,359.86,7.33,50.18,0.49297,0.000437,183.51
3069,197.59,2094.69,-8.476089,47.962286,254,36.63,72.18,346.42,4.48,49.13,0.52283,0.000489,205.5
3070,234.93,2101.66,-8.58643,48.553476,302,20.73,60.02,274.86,7.27,46.62,0.52569,0.000466,195.92
3071,345.9,2113.84,-8.779318,50.310263,102,-52.72,9.99,43.05,7.83,11.46,0.79627,0.000699,293.5
3072,353.54,2113.26,-8.770075,50.431231,81,-52.28,15.14,50.36,5.1,20.11,0.73641,0.000681,286.12
3073,482.51,2100.78,-8.572501,52.472927,86,-48.42,23.53,110.48,6.03,36.19,0.60115,0.000546,229.48
3074,490.06,2094.9,-8.479443,52.592363,232,-45.61,22.15,101.74,6.56,33.63,0.60495,0.000544,228.59
3075,526.27,2099.49,-8.552084,53.165616,517,-23.24,31.0,100.6,7.77,40.17,0.57986,0.000509,213.98
3076,548.82,2105.9,-8.653609,53.52258,287,2.88,36.09,136.85,11.5,41.8,0.53872,0.000438,184.13
3077,573.4,2115.21,-8.800892,53.911779,170,-37.26,31.69,92.29,5.97,39.7,0.59714,0.000543,228.21
3078,1020.42,2086.22,-8.342059,60.988495,247,-58.36,4.38,8.79,7.99,0.94,0.89525,0.000783,328.93
3079,1041.34,2090.75,-8.413756,61.319773,624,-55.23,3.39,8.15,23.06,0.0,0.80139,0.000518,217.73
3080,1067.4,2093.06,-8.450337,61.732249,867,-46.16,2.76,6.19,51.83,0.2,0.70524,0.00033,138.44
3081,1105.18,2088.92,-8.384719,62.330387,1295,-36.1,4.88,10.63,114.62,6.72,0.61921,0.000239,100.19
3082,1143.61,2089.35,-8.391567,62.93875,983,-20.75,14.69,37.5,178.59,25.91,0.46575,0.000179,75.36
3083,1171.99,2095.97,-8.496406,63.388023,976,-25.45,5.23,14.87,226.19,9.42,0.6075,0.000234,98.29
3084,1196.73,2092.69,-8.444427,63.77977,926,-22.25,3.39,9.04,269.57,6.21,0.63607,0.000245,102.91
3085,1228.42,2100.01,-8.560354,64.281321,1356,-18.71,1.64,4.08,323.73,3.16,0.66333,0.000256,107.32
3086,1264.55,2099.59,-8.553606,64.853408,1204,-15.3,1.45,3.74,386.8,2.86,0.66598,0.000257,107.75
3087,1298.62,2092.33,-8.438666,65.392778,1132,-6.99,5.21,12.24,446.97,9.43,0.60711,0.000234,98.23
3088,1333.18,2088.54,-8.378746,65.939917,1011,-4.15,10.01,29.64,507.72,18.0,0.53232,0.000205,86.13
3089,1357.8,2098.72,-8.539837,66.329616,855,12.94,14.36,38.94,549.7,25.65,0.46728,0.00018,75.6
3090,1390.98,2094.61,-8.474771,66.854804,1286,31.42,12.84,32.04,608.09,23.02,0.48901,0.000188,79.12
3091,1421.4,2097.9,-8.526928,67.336444,883,18.97,8.09,16.71,660.98,14.53,0.56191,0.000216,90.92
3092,1450.69,2090.41,-8.408275,67.800133,967,8.64,3.69,8.0,712.4,6.87,0.62949,0.000242,101.85
3093,1482.38,2090.61,-8.411446,68.301788,918,6.58,3.77,7.72,762.86,6.99,0.62854,0.000242,101.7
3094,1515.58,2092.82,-8.446481,68.827463,1109,29.34,14.17,32.43,805.23,25.21,0.47062,0.000181,76.14
3095,1555.16,2088.25,-8.374129,69.454051,1139,37.53,12.3,30.6,842.82,22.12,0.4965,0.000191,80.33
3096,1580.59,2097.2,-8.515918,69.85653,864,123.66,44.18,151.57,883.7,49.65,0.31184,0.00012,50.45
3097,1615.66,2090.84,-8.415199,70.411757,1437,55.22,19.97,51.72,917.5,35.66,0.3846,0.000148,62.23
3098,1651.1,2087.14,-8.356609,70.972747,882,128.08,38.99,113.18,909.66,48.32,0.32214,0.000124,52.12
3099,1677.0,2100.97,-8.575535,71.382862,922,157.37,39.27,132.19,872.97,49.19,0.31483,0.000121,50.94
3100,1708.77,2091.64,-8.427859,71.885802,1211,408.42,59.12,249.6,815.09,55.08,0.2657,0.000102,42.99
3101,1748.41,2092.6,-8.443082,72.513382,1000,230.65,44.63,180.96,749.71,51.43,0.29633,0.000114,47.95
3102,1781.96,2100.44,-8.567209,73.044531,951,117.33,24.72,75.39,699.6,44.78,0.33771,0.00013,54.64
3103,1801.99,2087.29,-8.358888,73.361532,1029,130.28,28.79,92.68,658.6,47.61,0.32768,0.000126,53.02
3104,1836.1,2092.64,-8.443702,73.90162,1065,181.08,42.14,156.62,606.88,50.22,0.30645,0.000118,49.58
3105,1874.64,2100.57,-8.569265,74.511629,1286,267.53,47.62,272.33,551.81,54.91,0.2692,0.000104,43.56
3106,1903.37,2086.39,-8.344693,74.96653,1095,174.43,33.66,124.04,495.77,49.02,0.31588,0.000122,51.11
3107,1933.22,2100.46,-8.567448,75.439069,1196,468.6,59.1,266.63,459.84,56.1,0.25713,9.9e-05,41.6
3108,1970.57,2093.31,-8.45422,76.030422,868,549.6,62.98,272.24,396.79,56.86,0.25022,9.6e-05,40.48
3109,1998.55,2091.23,-8.421353,76.473364,985,759.74,70.33,516.88,353.66,66.97,0.17485,6.7e-05,28.29
3110,2037.68,2094.02,-8.46543,77.092748,1150,397.14,56.77,274.92,302.34,55.9,0.25974,0.0001,42.03
3111,2066.85,2100.08,-8.561377,77.554485,720,634.12,58.47,262.22,269.05,57.09,0.24721,9.5e-05,40.0
3112,2090.16,2092.89,-8.447635,77.923499,978,739.59,63.75,299.73,229.39,59.15,0.23049,8.9e-05,37.29
3113,2122.35,2096.65,-8.50707,78.433112,1435,762.4,54.12,221.78,188.93,56.55,0.24924,9.6e-05,40.33
3114,2156.33,2095.26,-8.485114,78.971182,965,963.69,66.91,370.46,143.07,62.56,0.19924,7.7e-05,32.24
3115,2185.92,2089.77,-8.398294,79.439527,1195,750.19,67.52,377.42,101.85,59.5,0.21449,8.3e-05,34.7
3116,2226.73,2092.75,-8.445452,80.085583,869,185.38,47.98,218.53,70.35,48.57,0.29685,0.000114,48.03
3117,2251.51,2101.58,-8.585214,80.477918,761,171.52,55.81,237.12,45.52,48.03,0.3527,0.000179,75.07
3118,2271.72,2087.88,-8.36835,80.797805,609,84.06,59.79,289.51,17.39,48.02,0.44353,0.000316,132.51
3119,2452.47,2086.86,-8.352181,83.659366,493,-43.57,13.9,37.55,13.19,18.02,0.69525,0.000545,229.04
3120,2485.26,2090.98,-8.417414,84.178326,922,-15.81,19.64,50.95,22.51,28.61,0.54399,0.000354,148.58
3121,2516.32,2088.24,-8.373949,84.670135,599,52.99,31.04,80.15,45.4,41.65,0.40687,0.000206,86.72
3122,2540.55,2092.43,-8.440364,85.053718,643,56.45,32.82,96.36,43.18,42.15,0.40901,0.000213,89.56
3123,2570.43,2090.34,-8.407175,85.526746,926,100.91,37.5,105.33,50.38,43.09,0.38016,0.000181,76.07
3124,2600.86,2087.88,-8.368237,86.008516,905,151.33,44.75,165.76,61.73,46.08,0.32413,0.000131,55.22
3125,2630.28,2097.29,-8.517298,86.474196,904,88.23,39.93,124.13,46.74,43.51,0.38721,0.000193,81.18
3126,2661.19,2090.48,-8.409408,86.963481,975,166.22,47.37,204.45,61.58,47.55,0.31283,0.000127,53.42
3127,2698.09,2092.96,-8.448759,87.547743,1044,172.09,47.52,278.63,67.17,50.46,0.28177,0.000109,45.59
3128,2731.54,2096.64,-8.506974,88.077205,1183,118.33,44.05,206.75,47.93,46.69,0.35763,0.000176,73.86
3129,2768.27,2090.62,-8.411746,88.658785,911,381.98,71.05,454.67,37.94,56.84,0.30053,0.000167,69.93
3130,2795.79,2097.96,-8.527816,89.09442,390,119.65,61.87,471.38,14.9,54.59,0.40473,0.000305,128.28
3131,2812.25,2114.72,-8.793128,89.354972,355,-22.44,32.63,99.9,11.67,40.33,0.55095,0.000447,187.62
3132,73.72,2113.48,-8.773569,46.001436,200,-1.2,53.42,229.61,6.34,44.82,0.54832,0.000495,208.07
3133,107.17,2108.87,-8.700586,46.530922,146,43.41,70.88,379.66,5.21,50.39,0.50675,0.000468,196.48
3134,144.34,2124.99,-8.955797,47.11936,545,85.58,68.92,359.52,6.94,50.04,0.49708,0.000444,186.45
3135,172.28,2118.39,-8.851321,47.561714,603,75.75,66.25,359.62,7.84,50.02,0.4913,0.000431,181.05
3136,201.56,2116.12,-8.815339,48.025131,692,136.09,71.03,403.61,9.12,52.05,0.46417,0.000397,166.72
3137,229.27,2118.4,-8.851473,48.463848,409,94.19,64.74,325.57,11.03,49.09,0.47722,0.000392,164.74
3138,343.53,2126.53,-8.980154,50.272703,170,-50.31,20.16,61.24,5.6,28.84,0.65328,0.000599,251.43
3139,355.76,2135.89,-9.128366,50.466313,461,-40.04,17.43,49.04,8.59,24.1,0.67397,0.000583,244.68
3140,385.26,2134.04,-9.099014,50.933379,160,27.41,67.83,251.17,6.64,45.8,0.53713,0.000482,202.65
3141,484.35,2112.27,-8.754392,52.502042,134,2.39,55.66,212.54,8.25,44.33,0.53923,0.000469,197.1
3142,502.86,2117.05,-8.830127,52.79507,380,2.66,50.78,185.75,6.34,43.3,0.5617,0.000507,213.15
3143,530.7,2125.08,-8.95727,53.235742,870,226.49,52.31,313.94,27.6,50.33,0.3831,0.000237,99.53
3144,559.62,2126.72,-8.983149,53.693704,629,179.88,62.14,371.37,16.68,51.55,0.41712,0.000302,126.78
3145,598.66,2143.07,-9.242041,54.311632,111,-52.97,26.77,74.08,3.09,38.82,0.62604,0.000601,252.43
3146,614.35,2141.27,-9.213578,54.560134,62,-57.01,18.51,60.23,2.9,25.9,0.69977,0.000674,283.13
3147,1016.16,2129.8,-9.031885,60.921068,621,-57.43,3.45,8.25,14.95,0.0,0.8523,0.000642,269.83
3148,1046.76,2124.13,-8.942126,61.405474,1084,-53.64,2.82,6.2,26.26,0.0,0.79675,0.000499,209.78
3149,1079.4,2117.05,-8.830116,61.922193,848,-41.97,4.36,10.59,65.25,3.63,0.6324,0.000244,102.32
3150,1102.11,2129.14,-9.021451,62.281836,1036,-24.66,4.71,12.17,108.53,6.3,0.6209,0.000239,100.46
3151,1136.04,2119.53,-8.86929,62.818852,1343,-20.24,2.92,6.6,162.87,5.34,0.64368,0.000248,104.15
3152,1165.31,2133.11,-9.084323,63.282275,1078,-17.51,1.82,4.28,216.89,3.47,0.66049,0.000254,106.87
3153,1198.33,2127.62,-8.997428,63.805095,925,-20.59,4.91,12.29,272.28,8.84,0.61259,0.000236,99.11
3154,1230.91,2132.49,-9.0745,64.320754,998,-10.49,15.94,40.28,329.77,28.15,0.44698,0.000172,72.32
3155,1264.87,2130.34,-9.040439,64.858433,726,-20.6,0.85,2.03,388.34,1.77,0.67593,0.00026,109.36
3156,1292.75,2125.56,-8.964746,65.29975,1025,-19.1,1.9,4.24,436.49,3.59,0.65945,0.000254,106.7
3157,1325.28,2123.98,-8.939775,65.814726,1083,-14.62,2.09,5.57,493.13,3.98,0.65583,0.000253,106.11
3158,1360.73,2123.65,-8.934569,66.37595,897,14.79,15.22,38.87,554.94,27.07,0.45536,0.000175,73.68
3159,1394.07,2133.57,-9.09168,66.903766,1179,21.83,15.25,38.01,614.23,27.15,0.45465,0.000175,73.56
3160,1425.1,2127.76,-8.999656,67.395075,1064,25.1,10.06,21.24,667.87,18.0,0.53188,0.000205,86.06
3161,1457.26,2122.84,-8.921788,67.904193,1137,23.13,11.11,23.53,723.8,19.8,0.51649,0.000199,83.57
3162,1487.58,2124.03,-8.940512,68.384205,988,27.94,13.17,30.11,776.84,23.47,0.48528,0.000187,78.52
3163,1522.6,2122.78,-8.920773,68.938603,1237,90.98,28.28,72.55,836.77,46.63,0.33608,0.000129,54.38
3164,1554.8,2124.45,-8.947157,69.448318,1056,142.0,37.87,123.79,886.95,48.79,0.31823,0.000123,51.49
3165,1585.34,2126.7,-8.982827,69.931803,928,141.86,37.68,122.42,927.8,48.74,0.31862,0.000123,51.55
3166,1613.34,2129.23,-9.022986,70.37512,1166,62.73,15.75,36.47,961.69,28.2,0.44517,0.000171,72.03
3167,1646.42,2119.99,-8.87661,70.898741,1163,44.39,13.64,28.59,934.13,24.31,0.47794,0.000184,77.33
3168,1681.02,2131.85,-9.064393,71.446419,950,54.07,9.45,23.69,884.04,17.26,0.53754,0.000207,86.97
3169,1709.69,2127.19,-8.990673,71.900319,1011,109.6,24.73,80.2,834.39,44.93,0.33685,0.00013,54.5
3170,1738.82,2119.29,-8.865575,72.361525,1059,159.84,33.02,133.55,781.89,49.26,0.31427,0.000121,50.85
3171,1775.9,2127.46,-8.994915,72.948476,1152,269.14,48.73,245.01,728.06,53.96,0.27638,0.000106,44.72
3172,1812.31,2133.78,-9.094995,73.52501,1169,783.01,65.84,376.28,675.27,62.16,0.20815,8e-05,33.68
3173,1840.18,2121.42,-8.89919,73.966178,1202,786.78,71.9,534.28,621.95,67.77,0.16898,6.5e-05,27.34
3174,1873.56,2131.56,-9.059758,74.494602,857,812.6,69.7,468.07,577.45,65.61,0.18346,7.1e-05,29.68
3175,1902.96,2126.91,-8.986235,74.960072,856,601.61,63.46,308.05,528.55,58.49,0.23742,9.1e-05,38.41
3176,1928.19,2132.49,-9.074577,75.359427,895,578.54,61.55,282.75,495.96,57.43,0.24554,9.5e-05,39.73
3177,1962.99,2123.32,-8.929271,75.910336,1126,665.66,66.61,343.74,436.88,60.19,0.22403,8.6e-05,36.25
3178,1996.53,2123.67,-8.934902,76.441349,1015,660.31,61.47,334.35,390.91,59.83,0.22677,8.7e-05,36.69
3179,2029.15,2122.57,-8.91741,76.957775,1083,531.62,61.74,359.42,344.91,59.82,0.22876,8.8e-05,37.01
3180,2066.18,2128.19,-9.006493,77.54401,1108,681.68,65.68,352.54,295.98,60.62,0.22072,8.5e-05,35.71
3181,2097.25,2131.55,-9.059603,78.03576,1042,819.86,66.54,380.51,249.96,62.56,0.20474,7.9e-05,33.13
3182,2127.11,2131.37,-9.056857,78.508506,809,940.94,64.06,307.5,208.5,60.82,0.21538,8.3e-05,34.85
3183,2160.38,2126.06,-8.972725,79.03528,1147,1045.8,66.87,359.8,164.87,63.39,0.19554,7.5e-05,31.64
3184,2193.46,2127.56,-8.996419,79.558975,1056,785.42,72.02,512.04,125.41,65.55,0.17693,6.8e-05,28.63
3185,2218.57,2120.97,-8.892207,79.956452,1118,362.34,63.65,354.16,94.75,55.67,0.24653,9.5e-05,39.89
3186,2254.72,2125.49,-8.963721,80.52879,926,319.4,64.57,401.92,35.16,54.42,0.32791,0.000187,78.69
3187,2271.59,2136.08,-9.131279,80.795841,278,170.08,70.78,449.1,10.89,53.97,0.43549,0.000359,150.78
3188,2514.53,2107.72,-8.682331,84.641795,406,-43.58,15.78,41.71,12.27,21.25,0.67282,0.000539,226.18
3189,2545.9,2110.61,-8.728072,85.138414,429,-37.17,20.6,45.06,11.65,29.36,0.60479,0.000491,206.05
3190,2580.88,2110.95,-8.733491,85.692091,542,-27.86,20.36,45.74,18.07,29.34,0.55918,0.000391,164.29
3191,2605.94,2115.27,-8.801924,86.088802,450,-40.73,17.41,40.21,14.7,24.02,0.63024,0.000478,200.68
3192,2640.32,2116.24,-8.8173,86.633073,491,-39.22,16.99,39.17,13.7,23.25,0.6443,0.0005,209.86
3193,2672.17,2117.13,-8.831368,87.137432,710,-24.76,18.61,44.41,21.27,26.55,0.56577,0.000372,156.37
3194,2699.07,2122.18,-8.91137,87.563134,645,-40.83,12.63,28.94,18.82,15.89,0.67314,0.000462,194.08
3195,2731.26,2118.4,-8.851411,88.072761,471,-42.49,17.16,40.22,11.77,23.47,0.65651,0.000531,223.09
3196,2765.08,2112.43,-8.757025,88.608276,584,102.75,59.04,415.69,15.7,52.54,0.41671,0.000309,129.64
3197,2801.7,2123.28,-8.928704,89.187891,501,-2.65,41.51,258.54,11.04,46.04,0.50504,0.000415,174.31
3198,2827.43,2137.73,-9.157534,89.595238,470,59.44,50.99,320.36,12.73,48.74,0.46928,0.000372,156.18
3199,154.91,2148.3,-9.324852,47.286659,33,-17.18,71.28,328.99,2.9,48.07,0.54409,0.000524,220.14
3200,164.65,2146.85,-9.301864,47.440803,161,23.19,71.0,331.04,4.31,48.49,0.52987,0.000497,208.93
3201,339.69,2163.52,-9.565775,50.211981,209,-53.02,21.95,63.26,3.87,31.78,0.63961,0.000605,254.25
3202,365.67,2162.72,-9.553162,50.623206,109,-52.38,25.76,62.56,3.64,38.05,0.6264,0.000595,250.06
3203,382.68,2144.32,-9.261734,50.892558,212,-34.52,32.6,127.81,7.24,41.03,0.57616,0.000512,214.85
3204,512.43,2155.0,-9.430817,52.946642,292,-26.84,41.47,133.17,5.76,41.21,0.58493,0.000534,224.44
3205,531.43,2156.23,-9.450378,53.247383,771,225.43,62.14,317.48,22.34,50.21,0.39892,0.00026,109.13
3206,555.17,2155.96,-9.44607,53.623119,951,274.49,64.14,381.4,16.9,52.57,0.40561,0.000292,122.63
3207,585.38,2163.22,-9.561034,54.101384,536,163.88,71.78,478.22,13.42,55.07,0.40971,0.00032,134.29
3208,606.48,2173.0,-9.715829,54.435472,304,219.55,72.9,518.95,12.47,56.86,0.40027,0.000319,133.97
3209,661.33,2174.42,-9.738256,55.303849,48,-50.24,34.25,165.9,2.95,42.08,0.59759,0.000575,241.57
3210,1011.94,2160.24,-9.513857,60.854319,1025,-51.77,3.34,7.72,24.4,0.0,0.79699,0.000509,213.73
3211,1038.99,2157.74,-9.474198,61.282498,950,-45.36,1.91,4.24,64.96,0.0,0.66963,0.000258,108.41
3212,1069.98,2152.25,-9.387304,61.773047,1121,-44.82,1.79,4.09,86.16,0.06,0.67067,0.000258,108.51
3213,1099.44,2163.43,-9.564364,62.239531,976,-41.02,2.9,7.13,134.74,4.18,0.64785,0.00025,104.82
3214,1130.89,2158.26,-9.482524,62.737384,1332,-24.53,3.84,9.62,174.68,6.96,0.62944,0.000242,101.84
3215,1172.28,2159.78,-9.506552,63.39271,934,-13.04,1.55,3.8,241.26,3.03,0.66432,0.000256,107.48
3216,1200.86,2156.1,-9.448337,63.845012,678,-7.91,2.61,6.18,286.46,4.9,0.64739,0.000249,104.74
3217,1226.95,2160.22,-9.51357,64.258105,831,-16.55,2.29,5.77,332.34,4.31,0.65294,0.000252,105.64
3218,1265.37,2156.77,-9.458895,64.866304,1153,-21.49,1.4,3.18,396.25,2.7,0.66746,0.000257,107.99
3219,1299.54,2159.28,-9.498599,65.407207,1039,-18.65,2.39,5.24,455.81,4.44,0.65181,0.000251,105.46
3220,1326.33,2158.75,-9.490184,65.831371,746,-20.49,2.25,4.9,501.62,4.18,0.65416,0.000252,105.84
3221,1354.37,2153.52,-9.407372,66.275298,1251,-9.96,4.57,11.38,548.74,8.32,0.61699,0.000238,99.83
3222,1393.7,2163.33,-9.562691,66.897956,1160,6.22,6.96,16.25,619.23,12.56,0.57935,0.000223,93.74
3223,1426.08,2165.87,-9.602958,67.410512,994,24.36,9.14,19.62,676.0,16.41,0.54554,0.00021,88.27
3224,1452.18,2158.74,-9.490129,67.823655,837,39.72,11.84,25.65,719.55,21.19,0.5043,0.000194,81.59
3225,1479.16,2154.08,-9.416312,68.250803,934,58.52,20.88,51.06,765.58,37.17,0.37255,0.000144,60.28
3226,1513.91,2155.28,-9.435292,68.800958,1189,201.82,43.86,193.43,826.32,51.67,0.29494,0.000114,47.72
3227,1551.94,2159.0,-9.494168,69.40306,1162,279.27,50.38,166.64,893.2,51.26,0.29686,0.000114,48.03
3228,1585.24,2160.92,-9.524641,69.930134,1067,112.38,30.25,75.78,951.47,46.89,0.33366,0.000129,53.98
3229,1619.18,2159.59,-9.503595,70.467503,965,52.7,8.6,22.34,990.96,15.81,0.55016,0.000212,89.01
3230,1649.51,2153.59,-9.408506,70.947672,974,42.78,5.2,10.82,949.24,9.72,0.60365,0.000233,97.67
3231,1679.98,2160.5,-9.517907,71.430059,910,52.53,9.86,33.53,904.76,18.29,0.52877,0.000204,85.55
3232,1708.35,2165.21,-9.592469,71.87911,1064,269.42,53.88,301.46,863.02,55.96,0.26132,0.000101,42.28
3233,1741.23,2153.5,-9.407113,72.399746,1324,366.68,54.19,338.71,802.35,57.95,0.24501,9.4e-05,39.64
3234,1773.33,2159.61,-9.503788,72.907769,873,939.32,72.48,511.96,756.33,68.04,0.16501,6.4e-05,26.7
3235,1802.43,2162.49,-9.549378,73.368535,1017,1039.37,71.47,562.02,712.39,70.5,0.14714,5.7e-05,23.81
3236,1844.3,2162.24,-9.54547,74.031369,1436,984.97,65.48,431.44,646.17,65.51,0.18168,7e-05,29.39
3237,1876.14,2154.67,-9.425586,74.535385,662,900.74,65.0,366.25,593.6,62.62,0.20314,7.8e-05,32.87
3238,1903.77,2161.86,-9.539437,74.972898,907,889.19,68.74,434.47,556.58,64.95,0.18693,7.2e-05,30.24
3239,1940.04,2157.31,-9.467496,75.547015,1193,966.41,62.96,296.32,497.56,60.6,0.21657,8.3e-05,35.04
3240,1972.23,2157.1,-9.464038,76.056677,947,865.24,67.93,376.53,445.76,62.74,0.20282,7.8e-05,32.82
3241,2001.58,2156.79,-9.459167,76.521197,950,780.39,65.0,432.12,396.65,64.11,0.19437,7.5e-05,31.45
3242,2030.38,2153.43,-9.406003,76.977251,1030,671.72,61.56,324.94,349.52,59.57,0.22845,8.8e-05,36.96
3243,2059.21,2163.88,-9.571461,77.433546,1240,934.88,75.31,600.66,296.26,71.14,0.14434,5.6e-05,23.35
3244,2100.79,2163.31,-9.562477,78.091821,1207,872.0,65.81,401.41,226.99,63.66,0.1962,7.6e-05,31.74
3245,2134.04,2154.11,-9.416728,78.618281,769,955.34,64.58,295.05,180.64,60.48,0.21761,8.4e-05,35.21
3246,2152.06,2164.36,-9.579107,78.90353,913,974.18,64.76,303.31,144.64,60.33,0.21534,8.3e-05,34.84
3247,2188.37,2159.99,-9.509875,79.478316,1260,622.12,69.25,455.65,96.28,61.13,0.20344,7.8e-05,32.92
3248,2229.18,2158.68,-9.489118,80.124329,1319,157.43,51.54,265.29,56.36,49.41,0.31252,0.000137,57.64
3249,2256.74,2158.44,-9.485251,80.560651,685,222.45,66.14,460.09,30.74,55.61,0.33214,0.000199,83.55
3250,2271.06,2157.07,-9.463605,80.787434,192,69.45,71.08,492.58,6.94,54.64,0.45811,0.000409,171.83
3251,2806.51,2154.45,-9.422206,89.264016,95,151.72,84.24,1132.31,3.41,66.63,0.39335,0.000375,157.68
3252,2830.67,2156.09,-9.448118,89.646601,369,198.02,72.41,607.26,10.78,59.76,0.3879,0.000321,134.62
3253,2846.79,2156.84,-9.46001,89.901808,251,-15.33,41.64,189.82,10.01,43.48,0.53471,0.000449,188.58
3254,336.79,2209.32,-10.290864,50.166035,235,-32.77,29.03,95.8,7.12,39.91,0.587,0.000522,219.41
3255,368.8,2174.32,-9.736683,50.672731,104,-51.08,22.35,66.38,4.32,32.57,0.63297,0.000594,249.53
3256,392.34,2189.49,-9.976814,51.045468,280,-53.31,22.24,74.73,3.67,32.65,0.63582,0.000604,253.68
3257,512.61,2193.41,-10.038925,52.949352,132,-25.82,40.17,108.73,6.59,40.39,0.58634,0.000527,221.43
3258,527.1,2185.5,-9.913746,53.178875,785,25.19,41.67,128.87,18.15,41.97,0.4909,0.000343,143.94
3259,555.35,2194.9,-10.062499,53.625954,953,155.73,56.22,277.94,37.05,48.98,0.36877,0.000206,86.67
3260,582.53,2186.55,-9.930261,54.056269,998,312.32,58.65,356.34,43.03,53.11,0.31701,0.000166,69.54
3261,608.96,2196.88,-10.093793,54.474663,544,323.92,72.87,521.4,15.81,57.81,0.36905,0.000273,114.52
3262,654.45,2192.22,-10.020128,55.194886,726,38.06,49.78,206.6,15.77,44.7,0.48348,0.000358,150.17
3263,680.41,2198.29,-10.116177,55.605811,270,45.11,61.25,322.63,9.65,48.58,0.49184,0.000416,174.75
3264,731.92,2210.02,-10.301872,56.421385,160,-51.17,14.79,43.1,6.76,19.36,0.73095,0.000655,275.13
3265,756.74,2204.89,-10.220629,56.814263,221,-55.26,12.13,54.85,6.0,15.31,0.77412,0.000704,295.68
3266,996.62,2194.24,-10.052134,60.611792,230,-58.59,4.98,13.05,7.38,2.05,0.88929,0.000787,330.71
3267,1011.81,2197.73,-10.107349,60.8522,681,-50.46,3.18,7.47,28.83,0.0,0.78282,0.000478,200.85
3268,1036.75,2187.41,-9.943969,61.247006,781,-43.69,1.67,3.93,65.09,0.0,0.6721,0.000259,108.74
3269,1067.1,2188.53,-9.961634,61.72751,1156,-39.04,1.42,3.33,117.46,0.85,0.67271,0.000259,108.84
3270,1102.39,2195.73,-10.075626,62.286186,1163,-35.29,1.69,3.97,174.65,3.12,0.664,0.000256,107.43
3271,1135.16,2190.76,-9.997026,62.804937,842,-30.27,3.14,7.39,212.71,5.67,0.64098,0.000247,103.71
3272,1161.98,2189.25,-9.97307,63.229545,959,-20.39,3.24,7.6,248.76,5.91,0.63863,0.000246,103.33
3273,1193.86,2188.13,-9.955366,63.734287,1146,-15.05,2.56,5.98,296.13,4.77,0.64876,0.00025,104.97
3274,1234.53,2183.53,-9.882467,64.378051,1150,-14.85,1.62,3.93,357.85,3.15,0.66335,0.000256,107.33
3275,1261.58,2195.17,-10.066749,64.806378,1032,-14.5,1.37,3.1,409.34,2.71,0.66732,0.000257,107.97
3276,1290.12,2191.79,-10.013358,65.258148,879,-16.21,2.15,4.95,454.11,4.04,0.65529,0.000252,106.02
3277,1323.89,2187.34,-9.942869,65.792794,1098,-19.29,1.66,3.63,508.38,3.17,0.66323,0.000255,107.31
3278,1360.05,2188.81,-9.96614,66.365257,1066,-8.68,4.25,10.31,570.29,7.76,0.62193,0.00024,100.63
3279,1390.03,2193.09,-10.033877,66.839836,1053,9.57,4.45,9.65,622.98,8.2,0.6177,0.000238,99.94
3280,1428.19,2198.68,-10.122435,67.443919,1007,28.26,10.07,22.02,690.15,18.06,0.53126,0.000205,85.96
3281,1456.8,2188.59,-9.962676,67.896832,896,72.11,24.01,68.86,735.51,43.07,0.34514,0.000133,55.84
3282,1490.33,2188.16,-9.955873,68.427694,1338,357.89,58.87,291.32,793.19,56.21,0.25805,9.9e-05,41.75
3283,1523.87,2185.14,-9.907985,68.958603,964,401.99,63.55,300.14,850.2,56.83,0.25276,9.7e-05,40.9
3284,1547.95,2195.62,-10.07389,69.339862,845,255.57,51.49,194.95,894.69,52.09,0.29082,0.000112,47.05
3285,1577.53,2191.09,-10.002288,69.808217,1086,210.87,49.56,201.22,944.55,52.01,0.2922,0.000113,47.28
3286,1620.43,2187.62,-9.947284,70.487237,1080,64.59,10.07,31.89,997.87,18.66,0.52536,0.000202,85.0
3287,1653.07,2185.48,-9.913332,71.004037,948,83.51,23.63,80.75,958.24,42.95,0.34224,0.000132,55.37
3288,1675.89,2198.34,-10.117032,71.365251,1006,419.52,63.3,380.18,916.37,59.78,0.23076,8.9e-05,37.34
3289,1711.43,2193.32,-10.037528,71.927831,1044,1092.93,75.85,622.54,859.78,73.01,0.13005,5e-05,21.04
3290,1746.04,2192.05,-10.017403,72.475832,1048,1239.24,75.76,664.48,803.16,75.51,0.11231,4.3e-05,18.17
3291,1772.7,2185.59,-9.91517,72.897894,784,1007.52,71.24,512.14,763.34,68.52,0.16081,6.2e-05,26.02
3292,1810.79,2192.14,-10.018912,73.500855,1180,981.11,68.7,502.04,697.26,67.98,0.16483,6.3e-05,26.67
3293,1841.44,2200.24,-10.14709,73.986088,1221,1388.32,77.79,786.25,642.09,80.85,0.08243,3.2e-05,13.34
3294,1875.38,2186.05,-9.9224,74.523381,1113,1191.02,68.72,496.47,595.69,69.23,0.15346,5.9e-05,24.83
3295,1903.29,2196.21,-10.083215,74.965253,1175,1337.92,63.28,355.84,543.9,65.28,0.17819,6.9e-05,28.83
3296,1940.08,2193.3,-10.037143,75.547685,1359,1233.58,68.18,450.71,486.83,67.91,0.16173,6.2e-05,26.17
3297,1970.77,2185.25,-9.909758,76.033519,828,1101.1,66.6,412.44,440.44,65.64,0.1791,6.9e-05,28.98
3298,1992.48,2193.61,-10.042041,76.377171,845,919.74,57.41,233.28,400.83,58.05,0.23579,9.1e-05,38.15
3299,2024.45,2188.92,-9.967932,76.883244,1235,1007.97,65.91,358.54,347.47,63.09,0.19824,7.6e-05,32.07
3300,2068.67,2187.81,-9.95032,77.58341,905,852.82,73.77,570.81,271.17,69.52,0.15624,6e-05,25.28
3301,2089.98,2200.16,-10.145756,77.920749,877,805.94,69.18,383.72,231.4,62.58,0.20482,7.9e-05,33.14
3302,2123.73,2196.39,-10.086043,78.454947,1414,926.02,65.75,360.73,173.92,62.6,0.20291,7.8e-05,32.83
3303,2158.88,2189.09,-9.970513,79.0115,878,878.95,71.34,423.25,116.72,62.67,0.19357,7.5e-05,31.32
3304,2188.62,2192.81,-10.029401,79.482226,961,358.25,67.15,340.49,65.67,53.87,0.25282,9.7e-05,40.91
3305,2218.27,2188.78,-9.965605,79.95164,949,124.81,54.79,285.24,25.0,48.49,0.40724,0.000259,108.57
3306,2253.47,2184.3,-9.89475,80.508933,404,130.35,59.0,418.67,12.42,52.69,0.43673,0.000348,146.33
3307,2268.71,2178.62,-9.804814,80.750187,124,230.39,75.81,585.72,7.67,59.08,0.41325,0.000364,152.8
3308,2835.8,2177.28,-9.783605,89.727814,96,320.14,82.44,1145.75,5.47,67.89,0.36695,0.000337,141.58
3309,2847.67,2174.7,-9.742775,89.915698,282,161.96,70.65,608.78,9.98,59.52,0.39563,0.000332,139.61
3310,2884.24,2208.9,-10.284155,90.494712,249,72.08,71.71,462.15,5.56,53.52,0.47692,0.000437,183.69
3311,348.52,2222.03,-10.492056,50.351698,466,-28.12,26.12,71.1,8.83,39.14,0.58161,0.0005,210.13
3312,372.63,2232.05,-10.650683,50.733423,364,-46.17,24.5,55.49,4.98,35.82,0.62277,0.000577,242.51
3313,395.65,2222.56,-10.500374,51.097814,773,-48.67,15.83,37.38,6.24,20.88,0.72092,0.000653,274.1
3314,515.23,2207.6,-10.263626,52.990843,141,-40.95,31.78,82.53,6.06,39.33,0.59986,0.000545,228.86
3315,535.57,2215.19,-10.383761,53.31293,491,-37.86,25.93,64.68,7.61,38.67,0.59387,0.000523,219.85
3316,566.38,2221.8,-10.488381,53.800697,1015,187.76,54.44,315.2,23.17,49.91,0.3997,0.000258,108.48
3317,597.09,2220.79,-10.47238,54.286877,745,189.68,57.77,332.59,28.78,50.78,0.37672,0.00023,96.7
3318,630.5,2216.81,-10.409322,54.815656,660,242.18,76.58,590.34,9.92,59.42,0.39547,0.000333,139.73
3319,656.6,2228.17,-10.589177,55.22892,958,357.73,66.02,377.19,30.29,53.59,0.34713,0.000209,87.73
3320,682.94,2215.71,-10.391972,55.645974,828,343.15,70.26,439.72,25.65,55.5,0.34494,0.000218,91.38
3321,723.56,2225.36,-10.54474,56.288952,386,-24.33,34.73,118.71,9.28,40.87,0.56298,0.00048,201.55
3322,744.72,2220.01,-10.460009,56.623899,382,-33.18,21.75,90.98,9.55,32.81,0.58902,0.000499,209.71
3323,820.24,2234.62,-10.691359,57.819547,547,-56.32,4.46,13.64,14.56,1.55,0.83841,0.000638,267.82
3324,849.52,2224.06,-10.524201,58.283026,654,-58.81,3.86,9.26,8.61,0.11,0.89832,0.000776,325.99
3325,885.3,2224.12,-10.525112,58.849386,1148,-50.87,5.35,12.15,26.21,3.52,0.75786,0.000475,199.65
3326,917.17,2223.88,-10.521254,59.353973,575,-53.37,4.48,10.79,21.07,1.79,0.79093,0.000521,219.01
3327,937.87,2221.19,-10.478716,59.68174,401,-59.46,2.7,6.82,10.45,0.0,0.89796,0.000747,313.8
3328,990.5,2216.62,-10.406299,60.514854,317,-57.49,5.45,12.58,6.55,2.78,0.88873,0.0008,335.89
3329,1011.98,2228.0,-10.586566,60.854996,953,-47.18,3.13,7.28,37.14,0.18,0.75299,0.000421,176.8
3330,1040.3,2219.2,-10.447157,61.303325,1056,-40.33,2.82,6.33,82.73,1.71,0.65463,0.000252,105.92
3331,1070.64,2224.1,-10.524743,61.783549,1156,-33.38,3.39,7.55,135.6,5.1,0.63974,0.000246,103.51
3332,1104.04,2229.6,-10.611851,62.312379,1088,-30.66,3.51,7.29,194.55,6.29,0.63555,0.000245,102.83
3333,1137.43,2220.57,-10.468837,62.840926,1130,-26.19,3.58,8.64,245.71,6.47,0.63375,0.000244,102.54
3334,1174.23,2222.32,-10.496572,63.423465,1090,-15.28,3.45,7.71,300.31,6.3,0.63507,0.000245,102.75
3335,1205.88,2219.71,-10.455275,63.924587,1068,-21.96,1.44,3.55,342.25,2.79,0.66675,0.000257,107.88
3336,1232.69,2217.95,-10.427492,64.348943,931,-17.49,2.49,5.95,380.56,4.64,0.65,0.00025,105.17
3337,1267.26,2226.38,-10.560837,64.896229,934,-18.75,1.64,3.81,440.73,3.15,0.66342,0.000256,107.34
3338,1294.05,2219.0,-10.444054,65.320392,742,-19.69,0.79,1.96,477.61,1.67,0.67679,0.000261,109.5
3339,1322.26,2220.04,-10.460528,65.766909,1033,-16.91,1.29,3.2,523.9,2.55,0.66871,0.000258,108.19
3340,1356.24,2221.26,-10.479793,66.304945,1289,1.97,5.18,12.39,580.34,9.44,0.60679,0.000234,98.18
3341,1392.28,2225.97,-10.554326,66.875392,872,16.49,4.2,9.09,642.56,7.81,0.621,0.000239,100.47
3342,1418.33,2222.42,-10.498137,67.287773,836,24.6,8.9,19.23,684.11,15.99,0.5491,0.000212,88.84
3343,1454.18,2223.4,-10.513727,67.855322,1097,125.91,34.86,117.22,744.98,48.45,0.32117,0.000124,51.96
3344,1484.39,2222.93,-10.506246,68.333716,993,447.55,64.52,302.3,795.79,57.22,0.24915,9.6e-05,40.31
3345,1519.1,2219.66,-10.454576,68.883175,984,509.94,57.34,228.14,853.43,55.03,0.26452,0.000102,42.8
3346,1549.27,2226.4,-10.561209,69.360741,1029,527.62,63.71,327.87,907.52,58.68,0.23716,9.1e-05,38.37
3347,1584.52,2222.21,-10.494891,69.918725,1193,578.69,66.15,357.5,966.24,60.08,0.22617,8.7e-05,36.59
3348,1616.57,2214.56,-10.373816,70.426193,1051,333.12,62.43,404.86,997.42,60.05,0.23008,8.9e-05,37.23
3349,1646.62,2227.19,-10.573756,70.901884,1021,463.03,64.66,342.64,951.22,58.75,0.23761,9.2e-05,38.44
3350,1674.9,2228.53,-10.59487,71.349658,976,432.65,67.45,374.62,903.31,59.67,0.23134,8.9e-05,37.43
3351,1707.07,2224.81,-10.536045,71.858865,1147,623.21,70.83,450.22,851.12,63.67,0.19981,7.7e-05,32.33
3352,1738.77,2222.02,-10.491829,72.360719,955,584.01,62.48,450.32,799.08,63.4,0.20229,7.8e-05,32.73
3353,1777.39,2213.59,-10.358462,72.972042,1033,576.68,60.34,282.72,739.14,57.42,0.24567,9.5e-05,39.75
3354,1802.62,2228.71,-10.597811,73.371552,998,1093.61,75.04,618.3,688.87,72.87,0.13096,5e-05,21.19
3355,1838.82,2228.03,-10.586951,73.944615,756,1285.51,71.94,472.63,629.25,69.04,0.15341,5.9e-05,24.82
3356,1869.95,2228.47,-10.593932,74.437449,1288,1155.35,57.79,284.75,578.06,61.5,0.20732,8e-05,33.54
3357,1904.85,2229.31,-10.607321,74.989873,1073,1056.1,59.37,253.45,520.43,59.7,0.22168,8.5e-05,35.87
3358,1932.6,2223.23,-10.510988,75.429281,820,1149.62,58.01,219.48,478.57,59.15,0.22427,8.6e-05,36.29
3359,1965.79,2228.36,-10.592251,75.954603,1124,941.56,63.75,281.54,421.3,59.9,0.22196,8.6e-05,35.91
3360,1996.59,2222.33,-10.49681,76.442321,1161,885.76,65.91,317.14,376.3,60.78,0.2165,8.3e-05,35.03
3361,2037.38,2219.41,-10.450592,77.088087,1167,823.78,64.83,348.64,313.98,61.46,0.21252,8.2e-05,34.38
3362,2066.73,2224.5,-10.531182,77.552699,1090,868.46,63.12,307.71,264.36,60.32,0.22003,8.5e-05,35.6
3363,2099.0,2230.41,-10.624616,78.063534,959,1011.06,64.27,305.9,210.05,61.25,0.21126,8.1e-05,34.18
3364,2127.82,2228.11,-10.588214,78.519763,838,773.69,64.67,327.09,162.75,60.35,0.22125,8.5e-05,35.8
3365,2162.94,2218.22,-10.431651,79.075826,979,575.3,65.96,370.34,102.6,58.07,0.22761,8.8e-05,36.83
3366,2187.73,2227.59,-10.580037,79.468184,775,107.35,47.51,251.69,61.19,48.79,0.30516,0.000125,52.42
3367,2212.05,2222.03,-10.491998,79.853178,666,-33.8,16.7,64.37,18.64,23.91,0.60248,0.000415,174.5
3368,2247.6,2201.61,-10.168815,80.41602,158,8.39,64.49,193.02,5.09,43.54,0.56827,0.000526,220.83
3369,2863.4,2215.97,-10.396033,90.164716,30,-2.04,81.54,1067.66,2.25,65.52,0.41277,0.000402,168.96
3370,2896.72,2220.18,-10.462734,90.692204,150,18.33,69.87,506.8,4.14,54.66,0.47776,0.00045,188.98
3371,376.43,2250.87,-10.948589,50.793529,77,-53.99,21.81,47.61,3.17,30.96,0.65218,0.000625,262.58
3372,396.29,2258.64,-11.071617,51.10798,463,-48.37,16.36,42.33,7.41,21.98,0.7021,0.000621,260.94
3373,412.13,2269.64,-11.245731,51.358685,211,-37.33,26.75,60.38,7.07,38.62,0.59898,0.000534,224.1
3374,453.22,2250.19,-10.937782,52.009192,32,-60.58,19.26,69.25,2.21,27.42,0.69117,0.000674,283.13
3375,526.1,2268.34,-11.225157,53.163023,97,-57.08,12.95,35.82,4.04,15.9,0.78367,0.000739,310.55
3376,561.73,2268.86,-11.233319,53.727044,416,-47.12,14.01,33.2,9.57,17.88,0.72361,0.000613,257.52
3377,597.06,2236.16,-10.715689,54.286406,265,-22.99,42.93,160.81,6.79,42.26,0.56821,0.000509,213.75
3378,629.63,2246.39,-10.877658,54.801953,154,-25.51,60.71,252.45,3.31,45.33,0.5656,0.000541,227.15
3379,656.27,2254.18,-11.000913,55.223646,599,91.2,58.08,228.32,14.72,45.79,0.48036,0.000364,152.88
3380,683.11,2239.62,-10.770524,55.648581,495,122.53,61.77,299.42,14.37,48.51,0.45904,0.000351,147.27
3381,717.49,2276.43,-11.35321,56.192851,415,68.44,58.55,231.67,11.36,45.6,0.50539,0.000413,173.25
3382,762.27,2271.39,-11.273501,56.901759,264,-27.91,28.43,67.48,12.78,39.19,0.55329,0.000438,183.93
3383,792.96,2261.22,-11.112417,57.387623,471,-50.15,8.08,24.27,13.89,7.92,0.78338,0.000605,254.07
3384,821.07,2260.91,-11.1076,57.832573,970,-33.4,6.91,16.85,43.57,7.17,0.66818,0.000347,145.63
3385,849.68,2250.89,-10.948924,58.28557,1030,-44.98,5.69,13.13,36.77,4.63,0.71323,0.0004,168.15
3386,877.23,2259.78,-11.089643,58.721731,1187,-44.21,5.23,12.81,70.58,5.36,0.61855,0.000238,100.08
3387,912.24,2249.36,-10.924719,59.275992,1013,-46.38,2.9,6.83,63.55,0.97,0.66078,0.000261,109.42
3388,945.41,2250.2,-10.938054,59.80101,1207,-45.58,4.36,10.24,37.05,2.34,0.73339,0.00041,172.37
3389,981.15,2253.07,-10.983398,60.366902,1074,-49.22,4.22,9.48,27.73,1.63,0.77037,0.000476,199.87
3390,1009.64,2257.68,-11.056455,60.817881,683,-39.98,4.98,11.56,53.66,4.18,0.66312,0.000302,126.99
3391,1036.98,2256.79,-11.042372,61.250685,1088,-33.4,4.52,10.19,93.37,5.18,0.6266,0.000241,101.38
3392,1072.56,2257.86,-11.059252,61.81396,1060,-30.63,4.38,9.72,151.92,7.55,0.62258,0.00024,100.73
3393,1100.31,2261.07,-11.109997,62.253354,896,-23.09,4.37,10.58,200.07,7.88,0.62123,0.000239,100.51
3394,1132.54,2259.07,-11.078354,62.763512,1298,-17.91,4.02,9.6,253.99,7.28,0.62631,0.000241,101.33
3395,1163.91,2250.3,-10.939597,63.260201,983,-12.07,4.23,9.99,304.36,7.7,0.62258,0.00024,100.73
3396,1199.78,2257.75,-11.057486,63.828039,1306,-5.37,3.56,7.8,367.06,6.56,0.63259,0.000244,102.35
3397,1234.32,2250.0,-10.934744,64.374818,1134,-17.3,3.2,7.89,413.05,5.88,0.63886,0.000246,103.37
3398,1265.01,2256.23,-11.033381,64.860658,1083,-17.98,1.33,3.42,463.66,2.62,0.66812,0.000257,108.1
3399,1299.68,2256.58,-11.039054,65.409576,958,-7.71,7.97,19.23,515.74,14.23,0.56499,0.000218,91.41
3400,1325.02,2250.13,-10.936927,65.810703,1049,2.01,8.16,18.22,549.72,14.59,0.56177,0.000216,90.89
3401,1356.5,2259.5,-11.085268,66.309037,1195,24.53,13.0,30.76,606.49,23.19,0.4877,0.000188,78.91
3402,1386.41,2251.51,-10.958725,66.782542,868,53.08,21.2,58.01,648.49,37.9,0.36678,0.000141,59.34
3403,1422.42,2250.66,-10.945299,67.352628,995,109.62,37.42,131.58,706.69,48.84,0.31835,0.000123,51.51
3404,1452.78,2262.39,-11.130995,67.833293,1127,265.21,53.3,206.16,763.63,52.56,0.28711,0.000111,46.45
3405,1479.63,2253.04,-10.983004,68.258246,886,519.84,60.51,265.82,802.53,56.43,0.25389,9.8e-05,41.08
3406,1510.18,2250.46,-10.94204,68.741871,1148,531.26,59.35,248.72,852.23,55.9,0.25764,9.9e-05,41.69
3407,1545.78,2258.95,-11.076513,69.305428,1259,621.23,61.9,374.49,916.15,60.97,0.21906,8.4e-05,35.44
3408,1578.11,2259.4,-11.083649,69.817322,1071,716.53,72.64,624.28,970.73,70.47,0.15182,5.8e-05,24.56
3409,1608.43,2246.57,-10.880529,70.29725,958,569.9,67.44,422.74,996.54,62.33,0.21012,8.1e-05,34.0
3410,1641.92,2255.52,-11.022199,70.827536,1008,313.15,51.35,202.84,944.7,52.77,0.28472,0.00011,46.07
3411,1683.76,2260.51,-11.101225,71.489916,1196,402.11,57.49,293.27,871.95,56.58,0.25457,9.8e-05,41.19
3412,1715.34,2260.75,-11.105056,71.989767,1007,734.76,69.33,485.71,818.95,65.69,0.18401,7.1e-05,29.77
3413,1744.02,2248.36,-10.908869,72.443884,828,592.67,69.43,468.82,777.63,64.11,0.19713,7.6e-05,31.89
3414,1770.21,2249.65,-10.929243,72.858505,1040,805.72,68.17,518.99,732.91,67.36,0.17151,6.6e-05,27.75
3415,1799.17,2258.62,-11.071348,73.316889,1004,1091.18,75.52,600.2,680.03,72.21,0.13525,5.2e-05,21.88
3416,1833.58,2252.32,-10.971618,73.861737,1019,1164.21,69.29,391.58,624.98,65.34,0.18026,6.9e-05,29.17
3417,1871.51,2261.18,-11.111749,74.462095,884,1125.76,69.39,462.87,556.93,67.59,0.1654,6.4e-05,26.76
3418,1902.69,2258.76,-11.073444,74.955722,942,1172.75,64.51,329.17,506.13,63.19,0.1951,7.5e-05,31.57
3419,1939.34,2250.98,-10.950291,75.535997,894,1130.33,57.11,258.64,450.6,60.4,0.21554,8.3e-05,34.87
3420,1965.64,2264.0,-11.156448,75.952252,1014,1197.49,68.53,444.37,399.53,67.43,0.16546,6.4e-05,26.77
3421,1999.1,2258.69,-11.072393,76.482053,1105,1034.34,58.87,286.0,348.07,60.7,0.21481,8.3e-05,34.75
3422,2025.27,2246.56,-10.880373,76.896264,941,936.32,63.31,282.64,312.97,59.91,0.22201,8.6e-05,35.92
3423,2055.97,2259.57,-11.086355,77.382233,1118,1012.94,67.27,342.81,254.76,62.57,0.20185,7.8e-05,32.66
3424,2093.0,2258.71,-11.072755,77.968471,1057,1034.27,66.2,357.97,197.14,63.25,0.19671,7.6e-05,31.83
3425,2130.57,2253.8,-10.994929,78.563321,814,607.16,64.72,331.56,145.21,58.81,0.232,8.9e-05,37.54
3426,2155.37,2252.89,-10.980597,78.955834,972,294.85,57.29,284.74,106.7,53.28,0.26838,0.000103,43.42
3427,2186.59,2255.41,-11.020485,79.450127,1052,180.42,58.07,296.46,55.34,50.62,0.30544,0.000136,57.15
3428,2213.88,2251.39,-10.956867,79.882227,547,47.91,51.86,249.25,15.75,46.28,0.46997,0.000348,146.04
3429,2915.54,2242.6,-10.817665,90.990188,35,-8.04,77.81,691.93,2.6,60.96,0.43532,0.000422,177.08
3430,387.54,2295.49,-11.654939,50.969475,129,-51.87,13.59,36.95,6.6,17.14,0.75264,0.000677,284.18
3431,400.7,2285.39,-11.495133,51.177749,551,-43.29,10.67,27.69,11.63,12.27,0.75981,0.000617,258.97
3432,433.06,2291.36,-11.589636,51.690041,289,-51.19,17.59,41.77,4.72,23.85,0.705,0.000657,275.87
3433,452.92,2293.99,-11.631257,52.00453,132,-55.85,11.43,29.07,4.78,13.19,0.80344,0.000748,314.04
3434,518.76,2297.62,-11.688626,53.046708,86,-58.08,15.21,37.71,3.04,19.65,0.75634,0.000727,305.24
3435,532.33,2283.26,-11.461358,53.261662,653,-46.05,12.62,27.5,9.49,15.37,0.74724,0.000634,266.37
3436,559.58,2286.48,-11.51231,53.69293,639,-36.46,15.62,39.13,14.69,21.05,0.65678,0.000498,209.18
3437,583.45,2280.45,-11.416939,54.070884,231,-47.11,19.21,43.89,6.38,26.71,0.66677,0.000602,252.83
3438,612.82,2296.3,-11.667752,54.535906,131,-55.63,18.09,51.78,3.3,24.94,0.70563,0.000675,283.43
3439,645.2,2273.18,-11.301801,55.048481,336,-2.58,44.3,136.22,7.93,41.58,0.56581,0.000496,208.14
3440,694.98,2291.57,-11.592924,55.836539,331,14.54,51.08,186.51,10.49,43.59,0.52986,0.00044,185.01
3441,718.47,2297.06,-11.679847,56.208347,859,109.06,39.5,114.49,42.4,43.12,0.40232,0.000212,88.92
3442,746.4,2284.72,-11.484401,56.650613,887,5.96,27.93,80.25,31.83,40.72,0.45453,0.000269,113.04
3443,779.41,2285.05,-11.489677,57.173113,935,-23.26,11.69,34.27,40.68,15.62,0.60154,0.000323,135.66
3444,813.53,2288.98,-11.551844,57.713245,1130,20.11,24.92,76.36,73.56,40.75,0.35128,0.000135,56.84
3445,845.3,2292.67,-11.610279,58.216254,1076,42.36,22.38,75.51,104.09,38.03,0.35572,0.000137,57.55
3446,878.06,2289.94,-11.5671,58.734886,830,-10.83,10.85,28.83,114.45,17.4,0.52546,0.000202,85.02
3447,910.1,2283.95,-11.472206,59.242005,1323,-39.68,5.26,13.17,116.58,7.49,0.61294,0.000236,99.17
3448,942.23,2285.38,-11.494963,59.750796,911,-24.86,3.3,7.81,94.35,3.19,0.64454,0.000248,104.28
3449,970.47,2283.11,-11.459048,60.197779,1005,-30.36,2.72,6.54,79.8,1.5,0.65551,0.000253,106.06
3450,1004.44,2283.61,-11.466855,60.735494,948,-29.63,4.41,10.0,87.09,4.74,0.62861,0.000242,101.71
3451,1043.93,2283.61,-11.466902,61.360781,945,-14.84,2.31,5.32,128.49,3.04,0.65568,0.000253,106.09
3452,1068.83,2294.75,-11.643178,61.754962,986,-11.14,2.16,4.88,174.43,4.1,0.65472,0.000252,105.93
3453,1104.34,2291.17,-11.586561,62.317148,1112,-3.59,3.01,7.54,224.37,5.65,0.64065,0.000247,103.66
3454,1139.47,2295.09,-11.648646,62.873226,1046,1.72,1.92,4.34,283.34,3.78,0.65738,0.000253,106.36
3455,1168.64,2281.12,-11.427414,63.334942,1024,1.19,0.95,2.39,324.44,2.1,0.67251,0.000259,108.81
3456,1203.22,2288.93,-11.551173,63.882431,981,1.49,0.87,2.11,386.39,1.95,0.6738,0.00026,109.02
3457,1236.99,2289.25,-11.556119,64.417053,1170,1.36,2.95,8.23,443.91,5.61,0.64091,0.000247,103.7
3458,1264.79,2288.0,-11.536469,64.857219,810,-9.76,3.07,8.08,489.94,5.72,0.64011,0.000247,103.57
3459,1290.14,2283.23,-11.460832,65.258403,863,-15.68,0.99,2.83,525.79,2.06,0.67318,0.000259,108.92
3460,1321.35,2289.35,-11.557761,65.752529,1189,1.96,7.05,18.6,577.71,12.77,0.57763,0.000223,93.46
3461,1361.79,2291.06,-11.584769,66.392731,948,41.79,17.76,39.63,639.97,31.49,0.41858,0.000161,67.72
3462,1387.16,2282.22,-11.444865,66.794452,819,113.84,35.5,97.67,672.06,47.67,0.32746,0.000126,52.98
3463,1414.98,2283.54,-11.46586,67.234854,1151,227.43,50.36,198.48,716.97,52.02,0.29181,0.000112,47.21
3464,1449.6,2292.95,-11.61469,67.782863,1239,250.46,58.77,259.83,778.85,54.35,0.2737,0.000105,44.28
3465,1491.08,2286.1,-11.506238,68.439498,1238,418.7,59.17,253.53,841.07,55.29,0.26396,0.000102,42.71
3466,1521.59,2287.88,-11.534444,68.922611,886,405.68,60.45,262.94,892.06,55.54,0.26233,0.000101,42.44
3467,1548.18,2293.64,-11.625696,69.343551,1031,566.07,62.32,319.57,939.19,58.65,0.23678,9.1e-05,38.31
3468,1587.58,2285.79,-11.501332,69.967249,918,1003.11,75.78,609.26,995.21,71.92,0.13832,5.3e-05,22.38
3469,1616.31,2280.17,-11.412433,70.422021,989,772.62,71.27,596.28,977.87,69.87,0.15504,6e-05,25.09
3470,1647.79,2284.99,-11.488733,70.920388,1051,1007.8,78.6,662.93,922.29,73.85,0.12581,4.8e-05,20.36
3471,1673.59,2291.27,-11.588192,71.328799,860,1311.03,78.71,755.72,875.8,79.23,0.0888,3.4e-05,14.37
3472,1704.31,2292.89,-11.613845,71.815182,856,1360.75,76.22,664.72,822.71,76.36,0.10549,4.1e-05,17.07
3473,1738.9,2278.95,-11.393132,72.362838,974,1086.27,73.9,599.93,770.3,72.17,0.13559,5.2e-05,21.94
3474,1767.93,2290.73,-11.579626,72.822318,1119,1317.9,73.46,513.07,715.9,70.7,0.14202,5.5e-05,22.98
3475,1807.23,2286.03,-11.505277,73.444474,1213,1119.69,69.79,492.89,652.28,68.61,0.1586,6.1e-05,25.66
3476,1843.13,2281.69,-11.43644,74.012887,1033,1010.02,75.48,613.69,594.88,72.13,0.13689,5.3e-05,22.15
3477,1876.82,2290.74,-11.579753,74.546173,1027,1144.68,68.35,467.29,533.99,67.88,0.16318,6.3e-05,26.4
3478,1909.43,2283.78,-11.469515,75.062393,878,1381.82,72.05,484.56,482.61,70.13,0.14486,5.6e-05,23.44
3479,1934.89,2288.79,-11.548922,75.465507,1089,1085.37,65.35,450.19,437.38,66.86,0.17092,6.6e-05,27.65
3480,1968.23,2293.85,-11.629069,75.993323,1063,1229.69,60.11,267.94,378.66,61.42,0.20679,8e-05,33.46
3481,1999.09,2290.63,-11.578053,76.481886,885,1255.82,60.77,284.27,328.55,62.18,0.20102,7.7e-05,32.52
3482,2028.21,2284.73,-11.48462,76.942858,962,1164.52,59.31,248.01,284.43,60.26,0.21603,8.3e-05,34.95
3483,2056.17,2287.87,-11.53426,77.385449,713,1131.65,68.37,354.92,237.05,63.82,0.19131,7.4e-05,30.95
3484,2087.02,2286.15,-11.507166,77.873784,929,950.77,63.1,313.2,187.35,61.09,0.2133,8.2e-05,34.51
3485,2123.38,2284.13,-11.475182,78.449517,1205,529.24,61.43,294.43,129.86,56.28,0.24808,9.6e-05,40.14
3486,2163.8,2288.61,-11.545996,79.089429,1378,206.25,50.75,251.7,64.75,49.64,0.28761,0.000111,46.72
3487,2191.82,2293.94,-11.630389,79.532938,609,132.74,63.02,284.48,20.07,48.3,0.42278,0.000281,118.18
3488,2203.32,2276.8,-11.359084,79.715005,400,102.5,59.99,343.81,14.72,49.95,0.44484,0.000337,141.58
3489,2956.0,2291.48,-11.591423,91.630664,21,-10.25,82.89,1752.66,2.27,65.46,0.41325,0.000403,169.1
3490,394.86,2334.94,-12.279505,51.085271,84,-54.43,21.88,53.34,3.51,31.28,0.64674,0.000616,258.79
3491,407.28,2303.62,-11.783681,51.28192,398,-40.9,15.13,46.41,10.6,20.29,0.69376,0.000575,241.68
3492,444.84,2337.79,-12.324591,51.876494,104,-56.04,18.23,53.26,3.39,25.23,0.70235,0.000671,281.65
3493,446.82,2309.13,-11.870925,51.907827,38,-59.26,19.23,45.08,2.29,26.52,0.69883,0.000681,285.86
3494,507.26,2324.31,-12.11129,52.864706,108,-55.55,17.24,36.05,3.75,22.99,0.72016,0.000683,286.9
3495,524.63,2323.75,-12.102421,53.139655,815,-38.34,9.22,23.2,22.89,10.26,0.70638,0.000458,192.23
3496,548.18,2316.26,-11.983841,53.51246,670,-34.1,15.78,37.35,12.68,21.17,0.67031,0.000532,223.32
3497,593.52,2326.13,-12.140097,54.230251,528,-50.14,15.37,37.05,6.0,20.08,0.73004,0.000664,278.84
3498,620.44,2336.14,-12.298482,54.656516,79,-52.73,26.81,74.34,3.55,38.85,0.62244,0.000593,248.88
3499,675.75,2321.3,-12.063523,55.532079,316,-33.5,18.1,54.12,10.63,25.51,0.64613,0.000536,224.94
3500,693.85,2319.28,-12.031616,55.818577,766,44.57,27.51,75.48,34.23,40.93,0.44512,0.000257,107.91
3501,718.53,2323.34,-12.095883,56.209337,688,133.6,44.15,142.61,72.95,45.64,0.3211,0.000124,51.95
3502,747.66,2318.76,-12.02338,56.670539,915,142.03,46.43,155.47,90.07,46.91,0.31545,0.000122,51.04
3503,779.02,2316.28,-11.984043,57.166925,1224,65.08,38.43,128.72,93.82,45.6,0.32796,0.000126,53.06
3504,812.83,2325.05,-12.122998,57.702134,1343,317.04,55.15,216.36,126.37,51.89,0.2835,0.000109,45.87
3505,851.39,2322.88,-12.088605,58.312638,999,271.82,57.29,256.59,155.79,54.31,0.27325,0.000105,44.21
3506,881.54,2317.17,-11.998215,58.789972,970,59.62,31.71,121.25,160.34,48.13,0.32474,0.000125,52.54
3507,913.65,2323.54,-12.09909,59.298298,1235,-23.89,11.42,30.76,174.28,20.24,0.51359,0.000198,83.1
3508,946.03,2314.18,-11.950913,59.810866,988,-21.99,4.77,10.34,140.61,7.79,0.61708,0.000238,99.84
3509,977.17,2317.6,-12.005044,60.303927,1019,-21.73,2.53,5.93,139.42,3.86,0.65166,0.000251,105.44
3510,1006.0,2316.25,-11.983675,60.760303,1084,-19.84,3.65,8.09,141.64,5.91,0.634,0.000244,102.58
3511,1035.11,2315.86,-11.977476,61.221069,1175,-16.98,3.5,7.87,161.05,6.38,0.63441,0.000244,102.65
3512,1075.47,2321.43,-12.065694,61.859971,994,-10.37,1.75,4.08,213.32,3.4,0.661,0.000255,106.95
3513,1110.4,2320.77,-12.055197,62.412979,915,-0.19,4.97,11.89,259.55,9.06,0.6102,0.000235,98.73
3514,1139.06,2326.59,-12.147375,62.866734,796,4.81,3.77,8.11,307.06,6.98,0.62859,0.000242,101.7
3515,1166.66,2316.43,-11.986515,63.303736,942,6.07,3.86,9.34,341.65,7.19,0.62675,0.000241,101.41
3516,1195.75,2315.15,-11.966206,63.764224,872,7.37,8.17,20.39,387.67,14.71,0.56054,0.000216,90.69
3517,1226.9,2321.11,-12.060478,64.257384,1103,79.92,42.2,137.12,442.49,48.83,0.31892,0.000123,51.6
3518,1267.66,2317.33,-12.00068,64.902526,918,34.07,27.25,102.64,508.21,47.3,0.33173,0.000128,53.67
3519,1296.89,2321.63,-12.068723,65.365336,1139,20.22,19.65,67.84,559.55,35.46,0.38675,0.000149,62.57
3520,1331.58,2314.8,-11.960734,65.914435,916,0.38,14.41,41.66,613.4,25.74,0.46674,0.00018,75.52
3521,1361.51,2317.07,-11.996546,66.388376,854,55.74,21.0,53.28,662.57,37.43,0.37054,0.000143,59.95
3522,1391.95,2322.45,-12.08172,66.870282,1121,84.76,26.4,78.08,713.18,46.78,0.33498,0.000129,54.2
3523,1420.11,2317.69,-12.00647,67.316096,891,307.48,56.78,242.53,751.89,54.14,0.27443,0.000106,44.4
3524,1457.47,2321.71,-12.070055,67.907426,1128,205.93,50.86,165.58,813.02,50.71,0.30226,0.000116,48.9
3525,1491.12,2317.13,-11.997621,68.440133,1010,304.21,51.84,165.26,862.5,51.38,0.29552,0.000114,47.81
3526,1518.81,2325.19,-12.125207,68.878514,949,289.7,57.99,230.98,912.43,53.6,0.27876,0.000107,45.1
3527,1550.72,2323.86,-12.104136,69.383684,941,582.15,68.95,411.88,962.63,62.03,0.21208,8.2e-05,34.31
3528,1583.48,2313.94,-11.947077,69.902379,1205,673.11,67.18,495.48,998.96,65.61,0.18546,7.1e-05,30.01
3529,1617.85,2315.35,-11.969369,70.446408,1117,782.21,69.49,496.68,963.79,66.41,0.17837,6.9e-05,28.86
3530,1643.92,2320.36,-12.048686,70.859122,791,833.82,71.07,532.86,917.3,68.05,0.16644,6.4e-05,26.93
3531,1676.39,2321.77,-12.071002,71.37318,991,1105.76,76.26,657.75,860.83,74.35,0.12136,4.7e-05,19.63
3532,1707.22,2320.26,-12.047024,71.861212,944,1427.28,69.94,445.14,808.13,69.05,0.15138,5.8e-05,24.49
3533,1740.62,2315.2,-11.966989,72.39003,1407,1571.73,74.42,525.71,752.44,72.9,0.12436,4.8e-05,20.12
3534,1778.26,2319.68,-12.037838,72.985817,877,1431.65,67.16,399.49,686.31,67.47,0.16191,6.2e-05,26.2
3535,1805.38,2315.03,-11.964273,73.415271,888,1093.1,68.68,426.38,641.71,66.08,0.1762,6.8e-05,28.51
3536,1839.81,2314.24,-11.95177,73.960321,1246,816.54,67.21,367.9,583.75,62.09,0.20812,8e-05,33.67
3537,1867.97,2323.45,-12.097543,74.406027,1008,1033.8,65.94,360.76,532.05,63.34,0.19606,7.6e-05,31.72
3538,1904.85,2318.57,-12.020378,74.989887,1040,860.67,53.2,231.59,472.37,57.58,0.24014,9.3e-05,38.85
3539,1929.13,2326.53,-12.146355,75.374365,891,991.14,55.4,196.89,427.75,57.25,0.24053,9.3e-05,38.92
3540,1963.08,2323.31,-12.095366,75.911844,1217,1186.21,56.66,255.5,373.21,60.68,0.21272,8.2e-05,34.42
3541,2000.41,2316.02,-11.98005,76.502805,768,1385.25,63.23,292.38,314.64,63.36,0.19081,7.4e-05,30.87
3542,2028.75,2320.17,-12.045692,76.951442,859,1376.44,70.13,368.46,264.88,65.99,0.17275,6.7e-05,27.95
3543,2060.22,2314.66,-11.958407,77.449579,1136,1072.92,70.84,437.11,214.16,66.32,0.17484,6.7e-05,28.29
3544,2096.64,2316.22,-11.983073,78.026224,1057,623.34,66.58,366.99,153.25,60.53,0.22119,8.5e-05,35.79
3545,2128.59,2314.0,-11.947945,78.531935,919,497.37,65.79,337.22,103.17,56.38,0.24127,9.3e-05,39.04
3546,2160.54,2322.24,-12.078452,79.037781,1106,188.41,48.25,189.2,47.65,46.54,0.35843,0.000177,74.29
3547,2186.11,2324.65,-12.116675,79.442519,371,109.69,67.82,365.9,10.98,50.62,0.46424,0.000382,160.43
3548,2972.95,2304.6,-11.799185,91.898999,20,-5.77,83.6,1709.97,2.16,65.49,0.41367,0.000404,169.61
3549,2993.43,2330.14,-12.203554,92.223195,7,-73.53,75.62,1176.34,1.85,65.08,0.42005,0.000412,173.17
3550,38.45,2355.85,-12.610523,45.442998,20,-62.51,8.94,24.92,1.82,8.75,0.8684,0.000853,358.2
3551,101.71,2370.19,-12.837492,46.444423,123,-45.41,32.73,112.29,4.87,40.3,0.59975,0.000557,234.03
3552,187.1,2372.77,-12.878385,47.796327,348,323.95,76.21,550.95,14.06,58.78,0.37248,0.000287,120.34
3553,207.08,2365.42,-12.761959,48.112615,291,155.09,73.23,472.98,9.79,54.67,0.43727,0.000369,154.91
3554,388.15,2341.68,-12.386164,50.979034,239,-49.42,8.35,22.36,9.39,8.1,0.81594,0.000694,291.45
3555,398.96,2356.27,-12.617211,51.150262,745,-41.77,8.37,21.55,20.21,8.65,0.72984,0.000485,203.74
3556,425.51,2354.03,-12.58166,51.570509,783,-41.51,14.27,36.91,16.41,18.78,0.66475,0.000484,203.36
3557,456.86,2360.61,-12.685916,52.066887,307,-47.13,14.47,34.93,10.19,18.72,0.71123,0.000595,249.89
3558,508.76,2355.37,-12.602876,52.888391,744,-22.55,14.68,35.83,19.4,19.68,0.63451,0.000429,180.26
3559,533.4,2349.63,-12.512002,53.278493,884,-20.57,9.34,22.0,34.24,11.04,0.66264,0.000382,160.62
3560,557.54,2357.0,-12.628704,53.660753,646,-48.71,12.53,31.72,12.3,15.48,0.72525,0.00058,243.64
3561,599.71,2361.39,-12.698296,54.328345,464,-38.47,19.5,47.38,11.44,27.59,0.62188,0.000507,212.82
3562,624.06,2354.3,-12.586064,54.713763,541,-26.35,29.14,71.37,9.55,39.2,0.57598,0.000488,205.07
3563,661.55,2348.67,-12.496862,55.307348,819,-34.66,10.44,31.92,21.43,12.54,0.69013,0.000453,190.45
3564,687.83,2353.76,-12.57745,55.723394,987,8.5,17.33,43.53,58.38,26.28,0.45617,0.000195,81.72
3565,718.87,2348.05,-12.487023,56.21475,737,86.83,37.44,110.45,97.55,45.27,0.33117,0.000128,53.58
3566,744.34,2346.46,-12.461858,56.617914,675,120.48,46.13,171.58,130.66,49.14,0.30893,0.000119,49.98
3567,775.02,2350.48,-12.525515,57.103595,1141,271.56,43.83,147.08,151.61,50.25,0.30326,0.000117,49.07
3568,817.87,2355.49,-12.60487,57.781977,984,583.08,62.28,266.73,177.99,56.9,0.24942,9.6e-05,40.36
3569,848.31,2352.2,-12.552733,58.263895,867,604.44,60.77,238.81,198.44,56.06,0.25533,9.8e-05,41.31
3570,875.73,2355.1,-12.598689,58.69788,1044,375.36,58.71,267.61,220.73,55.49,0.26315,0.000101,42.58
3571,904.38,2356.03,-12.613331,59.151459,1060,31.69,26.85,76.68,230.11,46.36,0.33917,0.000131,54.88
3572,939.8,2348.24,-12.490069,59.712195,1111,-27.7,4.15,9.59,200.92,7.45,0.62515,0.000241,101.15
3573,974.05,2349.17,-12.504839,60.25445,1033,-13.97,2.91,6.54,194.73,5.38,0.6433,0.000248,104.08
3574,1002.03,2353.64,-12.575607,60.697472,1004,-12.35,1.38,3.16,204.76,2.74,0.66698,0.000257,107.91
3575,1041.22,2348.52,-12.494411,61.317777,1222,-13.67,3.02,7.14,216.17,5.58,0.64147,0.000247,103.79
3576,1071.74,2352.69,-12.560503,61.800999,914,-13.93,1.57,4.12,249.98,3.07,0.66398,0.000256,107.43
3577,1101.56,2346.55,-12.463236,62.273062,897,-8.47,2.89,7.07,276.4,5.39,0.64301,0.000248,104.04
3578,1138.03,2354.69,-12.592102,62.850361,998,72.34,27.44,102.33,333.73,47.55,0.3291,0.000127,53.25
3579,1167.15,2350.13,-12.519964,63.311429,864,102.77,36.85,100.04,370.6,47.68,0.32758,0.000126,53.0
3580,1196.83,2348.1,-12.487787,63.781322,1205,124.82,36.67,118.9,413.59,48.5,0.32079,0.000124,51.9
3581,1232.09,2356.23,-12.616534,64.33955,1084,208.29,43.34,132.04,474.84,49.54,0.31129,0.00012,50.37
3582,1257.48,2343.93,-12.421773,64.741392,1016,180.21,60.41,258.77,506.62,53.83,0.27877,0.000107,45.1
3583,1289.75,2354.17,-12.583918,65.252303,1021,299.34,57.31,236.61,565.7,53.87,0.27658,0.000107,44.75
3584,1328.58,2348.58,-12.495428,65.86709,1216,256.58,58.39,244.14,626.32,53.84,0.27748,0.000107,44.9
3585,1358.91,2347.6,-12.479842,66.347159,1092,327.42,57.3,242.18,676.4,54.26,0.27317,0.000105,44.2
3586,1391.65,2357.53,-12.637087,66.865473,1091,291.88,51.27,211.71,736.18,52.94,0.28378,0.000109,45.91
3587,1423.51,2348.28,-12.490717,67.369847,971,185.75,38.32,126.49,782.71,49.19,0.3144,0.000121,50.87
3588,1456.71,2351.61,-12.543451,67.895487,1223,339.66,53.14,199.71,836.72,52.84,0.28375,0.000109,45.91
3589,1492.44,2355.55,-12.605743,68.46105,1301,243.81,56.87,220.3,894.76,52.91,0.28477,0.00011,46.07
3590,1524.21,2355.61,-12.606759,68.964066,815,281.35,62.61,286.54,944.01,55.51,0.26448,0.000102,42.79
3591,1549.79,2356.16,-12.615396,69.369013,792,428.62,68.14,420.93,984.48,61.28,0.21973,8.5e-05,35.55
3592,1578.18,2345.42,-12.445377,69.818411,1112,247.19,37.1,123.82,1008.6,49.52,0.31083,0.00012,50.29
3593,1615.1,2352.73,-12.561074,70.402847,1071,419.4,55.62,204.06,959.99,53.55,0.27711,0.000107,44.83
3594,1645.83,2345.38,-12.444782,70.88936,854,600.85,60.35,304.74,907.88,58.37,0.23832,9.2e-05,38.56
3595,1679.11,2350.39,-12.524101,71.416233,1064,1066.1,66.97,371.69,849.03,63.96,0.19129,7.4e-05,30.95
3596,1716.69,2354.01,-12.581335,72.011121,1276,1279.1,71.63,507.93,783.1,70.25,0.14551,5.6e-05,23.54
3597,1746.28,2354.05,-12.58197,72.479553,862,1057.48,60.63,343.7,731.67,62.91,0.19879,7.7e-05,32.16
3598,1768.58,2351.33,-12.538995,72.832598,844,1108.59,69.62,366.14,693.58,64.05,0.19,7.3e-05,30.74
3599,1800.37,2347.47,-12.477851,73.335964,1278,1079.56,62.93,293.25,639.54,61.27,0.21006,8.1e-05,33.99
3600,1836.24,2351.67,-12.544368,73.903805,1259,1040.49,62.91,291.55,576.37,60.94,0.213,8.2e-05,34.46
3601,1875.88,2345.86,-12.452449,74.531275,851,947.0,65.93,337.23,509.92,61.91,0.20748,8e-05,33.57
3602,1899.04,2352.17,-12.552245,74.897946,812,984.28,56.89,210.96,467.91,57.7,0.23733,9.1e-05,38.4
3603,1939.62,2354.32,-12.586352,75.540351,1216,1182.23,56.42,238.77,397.65,60.06,0.21722,8.4e-05,35.15
3604,1976.31,2357.82,-12.641747,76.12124,1165,1617.43,76.09,571.3,333.66,74.83,0.11162,4.3e-05,18.06
3605,2004.05,2345.38,-12.44479,76.560316,1089,1529.97,69.83,445.7,292.95,69.78,0.14513,5.6e-05,23.48
3606,2036.12,2350.08,-12.519198,77.068062,960,1207.23,72.6,516.16,237.39,70.04,0.14786,5.7e-05,23.92
3607,2067.17,2347.02,-12.470679,77.559561,913,964.77,68.04,446.22,188.18,65.89,0.17933,6.9e-05,29.01
3608,2093.71,2350.25,-12.521946,77.979743,1083,736.84,70.93,445.77,142.6,63.63,0.19492,7.5e-05,31.54
3609,2126.27,2345.9,-12.452965,78.49521,1190,379.73,63.68,375.14,89.65,56.31,0.24032,9.3e-05,38.88
3610,2155.65,2354.27,-12.585509,78.960401,852,388.59,73.17,564.93,37.11,60.75,0.27275,0.000153,64.06
3611,2181.41,2341.87,-12.389272,79.368226,294,138.75,69.59,392.6,11.01,51.76,0.45382,0.000373,156.73
3612,3006.12,2348.12,-12.48818,92.424144,41,7.38,79.36,1331.94,2.72,65.6,0.40881,0.000395,165.94
3613,3014.2,2356.94,-12.627759,92.552092,49,-27.67,71.52,1205.93,2.36,65.34,0.41393,0.000403,169.11
3614,34.5,2402.17,-13.343783,45.380466,238,187.17,71.67,486.86,14.63,55.59,0.39709,0.000302,126.64
3615,50.54,2392.76,-13.194897,45.634419,469,138.28,60.18,355.42,16.99,50.71,0.42276,0.000304,127.54
3616,75.4,2385.53,-13.0804,46.027934,697,96.25,52.41,286.56,18.91,48.07,0.43277,0.000296,124.49
3617,105.25,2385.22,-13.075449,46.500563,706,194.33,62.09,368.38,19.51,51.67,0.3973,0.000268,112.55
3618,137.99,2393.29,-13.203167,47.018776,728,369.07,68.71,395.25,19.8,53.84,0.37473,0.000251,105.36
3619,167.06,2387.8,-13.116328,47.478985,571,343.93,70.15,446.49,18.87,55.44,0.36822,0.000252,106.03
3620,208.07,2383.48,-13.047965,48.128227,641,316.73,69.41,375.3,20.05,52.79,0.38275,0.000255,107.01
3621,383.76,2400.5,-13.317376,50.909643,38,-61.02,3.67,11.07,3.56,0.0,0.9418,0.000896,376.51
3622,408.7,2384.86,-13.069773,51.304449,698,-52.73,7.84,17.74,8.35,7.02,0.83419,0.000725,304.31
3623,436.52,2383.74,-13.052032,51.74491,1130,-48.83,6.93,15.67,23.05,6.13,0.74396,0.000481,202.14
3624,466.68,2381.86,-13.022251,52.222258,738,-50.15,9.09,21.51,20.33,9.78,0.71921,0.000477,200.54
3625,497.03,2387.87,-13.117414,52.70282,870,-35.82,14.06,31.13,21.72,18.51,0.63555,0.000416,174.9
3626,531.35,2387.84,-13.116916,53.246151,1206,-33.6,8.16,19.0,57.32,9.92,0.6004,0.00026,109.22
3627,566.19,2377.51,-12.95343,53.797628,903,-39.27,8.57,17.53,36.88,9.59,0.66767,0.000374,157.22
3628,597.33,2385.32,-13.077024,54.290642,847,-32.49,13.74,31.59,43.66,18.98,0.56312,0.000292,122.6
3629,625.36,2380.4,-12.999236,54.734365,760,-24.31,27.23,69.79,20.76,39.65,0.49681,0.000329,137.97
3630,650.45,2381.12,-13.010598,55.131499,970,-30.95,22.04,57.03,16.95,32.43,0.54065,0.000389,163.27
3631,681.34,2386.43,-13.094612,55.620554,1113,31.69,23.37,64.33,51.48,36.86,0.40269,0.000189,79.42
3632,714.04,2378.59,-12.970559,56.138259,1178,61.71,27.48,71.23,106.6,44.11,0.34313,0.000132,55.52
3633,748.55,2378.17,-12.96391,56.684512,1119,192.33,38.73,112.67,163.75,48.75,0.31775,0.000122,51.41
3634,786.25,2376.41,-12.936045,57.281415,941,406.8,55.68,218.7,198.94,53.98,0.27404,0.000106,44.34
3635,812.89,2382.07,-13.025676,57.703192,675,336.88,59.16,247.36,218.76,54.51,0.27114,0.000104,43.87
3636,845.35,2382.04,-13.025111,58.216957,938,392.19,58.72,261.75,240.34,55.4,0.26357,0.000102,42.64
3637,878.71,2388.86,-13.133098,58.745135,969,122.21,34.24,111.66,277.55,48.22,0.32299,0.000124,52.26
3638,914.48,2386.7,-13.098917,59.311412,1162,11.85,22.8,57.21,277.52,40.24,0.35684,0.000137,57.74
3639,948.36,2379.12,-12.978959,59.847736,1186,-20.85,8.68,23.18,250.68,15.46,0.5546,0.000214,89.73
3640,981.59,2387.66,-13.114096,60.373807,1092,-12.79,3.88,10.67,262.02,7.14,0.62757,0.000242,101.54
3641,1014.75,2376.97,-12.944813,60.898785,977,-5.79,5.37,14.23,248.55,9.77,0.60406,0.000233,97.73
3642,1038.05,2387.25,-13.107635,61.267606,1027,19.95,15.34,36.46,276.69,27.22,0.45404,0.000175,73.46
3643,1073.03,2384.75,-13.068025,61.821462,1172,16.29,15.2,37.02,298.11,26.99,0.45606,0.000176,73.79
3644,1107.36,2377.41,-12.951865,62.364896,1273,39.19,24.45,62.76,322.82,43.35,0.34775,0.000134,56.26
3645,1141.2,2385.25,-13.075937,62.900539,976,115.1,34.42,93.54,373.34,47.53,0.32853,0.000127,53.15
3646,1170.13,2382.74,-13.036203,63.358656,778,141.82,36.7,104.23,408.2,48.1,0.32365,0.000125,52.37
3647,1195.68,2383.15,-13.042697,63.763143,978,128.1,41.64,139.54,444.32,49.25,0.31485,0.000121,50.94
3648,1230.0,2386.32,-13.092966,64.306373,1266,232.29,48.44,159.13,497.32,50.67,0.30217,0.000116,48.89
3649,1266.76,2380.84,-13.006085,64.888393,1034,243.56,41.53,139.49,548.45,50.05,0.30677,0.000118,49.63
3650,1302.92,2378.18,-12.963952,65.460816,942,257.75,56.62,231.45,603.35,53.4,0.28081,0.000108,45.43
3651,1327.54,2387.22,-13.107081,65.850618,985,456.52,60.6,279.57,649.14,56.48,0.25452,9.8e-05,41.18
3652,1355.82,2386.74,-13.099608,66.298298,1118,783.91,63.41,311.11,694.29,59.86,0.22466,8.7e-05,36.35
3653,1387.6,2382.87,-13.038226,66.801368,781,583.31,63.28,298.67,743.49,58.03,0.24107,9.3e-05,39.0
3654,1417.55,2383.87,-13.054169,67.275477,904,405.86,58.12,244.39,793.55,54.88,0.26726,0.000103,43.24
3655,1446.05,2385.3,-13.076798,67.726609,1144,386.96,54.7,210.08,841.62,53.54,0.2777,0.000107,44.93
3656,1478.18,2388.12,-13.121393,68.235345,1006,405.93,57.73,244.36,896.54,54.88,0.26726,0.000103,43.24
3657,1510.62,2387.9,-13.11784,68.748852,989,375.23,57.93,218.72,948.89,53.76,0.2762,0.000106,44.69
3658,1544.1,2382.69,-13.035392,69.278972,913,249.9,46.41,149.72,996.81,50.45,0.30354,0.000117,49.11
3659,1584.42,2377.86,-12.958901,69.917234,1265,302.21,52.91,227.58,1008.51,53.57,0.27881,0.000107,45.11
3660,1616.62,2385.08,-13.073235,70.426895,920,684.15,72.03,489.54,952.61,65.48,0.18623,7.2e-05,30.13
3661,1646.31,2380.29,-12.997374,70.897038,1205,638.56,63.44,295.85,901.52,58.31,0.23815,9.2e-05,38.53
3662,1681.36,2376.53,-12.937854,71.451794,940,794.03,64.47,305.9,840.97,59.74,0.22534,8.7e-05,36.46
3663,1707.7,2388.45,-13.126667,71.868827,719,914.6,60.8,254.96,793.38,58.78,0.23053,8.9e-05,37.3
3664,1738.94,2384.52,-13.064448,72.363402,969,1069.82,57.13,240.88,739.44,59.35,0.224,8.6e-05,36.24
3665,1775.05,2379.91,-12.991494,72.935029,846,1015.31,55.77,220.01,677.09,58.24,0.23293,9e-05,37.69
3666,1807.08,2382.32,-13.029569,73.4422,1025,1211.04,59.51,255.23,620.91,60.84,0.21119,8.1e-05,34.17
3667,1841.51,2379.25,-12.980972,73.987262,967,1323.55,65.42,322.63,561.31,64.0,0.18723,7.2e-05,30.29
3668,1865.48,2388.28,-13.123934,74.366725,1040,1355.67,67.74,355.18,518.29,65.38,0.17725,6.8e-05,28.68
3669,1898.16,2378.68,-12.971893,74.884083,1191,1249.58,62.96,328.5,462.76,63.7,0.19042,7.3e-05,30.81
3670,1928.09,2388.22,-13.122957,75.35782,1018,1793.83,71.15,526.02,409.11,74.45,0.1117,4.3e-05,18.07
3671,1963.05,2384.6,-13.065585,75.911304,1010,1650.05,71.47,464.85,348.71,71.29,0.13365,5.1e-05,21.62
3672,2001.28,2383.67,-13.050916,76.51659,941,1272.09,72.56,540.12,282.54,71.34,0.13846,5.3e-05,22.4
3673,2031.13,2378.56,-12.96997,76.988996,877,1073.28,71.6,498.66,232.32,68.5,0.16003,6.2e-05,25.89
3674,2062.69,2376.77,-12.941702,77.488633,1029,781.02,68.4,390.6,179.06,62.65,0.20468,7.9e-05,33.12
3675,2097.7,2388.33,-13.124668,78.042921,1073,592.01,68.83,388.84,115.37,59.41,0.22073,8.5e-05,35.71
3676,2124.33,2381.02,-13.009048,78.464437,926,515.1,71.7,515.79,75.28,61.58,0.19691,7.6e-05,31.86
3677,2153.89,2383.07,-13.041404,78.932418,843,106.75,51.79,224.32,28.52,46.37,0.41506,0.000254,106.83
3678,2171.27,2368.85,-12.816322,79.207628,233,-34.55,29.14,112.66,8.41,40.55,0.57217,0.000496,208.47
3679,3018.9,2366.76,-12.783313,92.626464,51,131.25,84.54,1659.81,3.16,66.48,0.39658,0.00038,159.7
3680,15.67,2416.45,-13.569876,45.082296,816,300.4,70.94,444.86,20.85,55.17,0.36153,0.000239,100.32
3681,46.48,2420.98,-13.641617,45.570135,915,695.25,63.05,337.69,46.02,55.23,0.28646,0.000144,60.59
3682,80.83,2409.1,-13.453574,46.113948,959,709.44,63.36,318.57,45.1,54.61,0.29341,0.000149,62.77
3683,113.58,2414.27,-13.53536,46.632387,913,493.44,66.07,361.89,28.26,53.9,0.34799,0.000214,89.8
3684,144.73,2415.97,-13.562207,47.125588,750,294.5,70.54,388.16,17.95,52.99,0.39492,0.000277,116.37
3685,177.49,2406.11,-13.406183,47.644061,711,250.88,67.11,349.75,20.31,51.44,0.39416,0.000262,109.93
3686,198.97,2399.15,-13.296041,47.984156,407,188.9,64.93,332.0,18.2,50.29,0.4174,0.000291,122.23
3687,346.53,2432.1,-13.81769,50.320276,58,-61.43,2.39,5.66,3.06,0.0,0.96263,0.000925,388.35
3688,378.31,2417.95,-13.593645,50.823305,307,-57.95,3.95,9.5,8.66,0.28,0.8963,0.000774,324.93
3689,399.48,2416.79,-13.575306,51.158411,878,-56.29,2.63,5.67,17.33,0.0,0.8433,0.000601,252.32
3690,432.99,2422.05,-13.658534,51.688969,1240,-48.35,6.34,14.42,55.78,6.57,0.63518,0.000281,118.11
3691,462.1,2411.97,-13.499018,52.149727,1032,-43.01,5.8,12.72,65.64,6.1,0.61062,0.000235,98.8
3692,488.68,2422.66,-13.668229,52.570544,1108,-44.61,5.42,12.69,77.79,5.99,0.6151,0.000237,99.52
3693,521.66,2414.9,-13.5453,53.092613,984,-40.63,6.48,13.67,78.84,7.86,0.59886,0.000231,96.89
3694,562.51,2408.35,-13.441618,53.739451,1135,-39.97,6.31,13.7,89.67,8.06,0.60019,0.000231,97.11
3695,589.5,2414.1,-13.532723,54.166635,690,-21.22,19.32,53.29,90.77,31.16,0.40459,0.000156,65.46
3696,620.41,2413.18,-13.518169,54.656049,1226,74.72,44.56,154.81,56.41,44.93,0.34905,0.000153,64.33
3697,658.47,2417.01,-13.578819,55.258494,1232,126.12,44.09,139.9,41.18,44.08,0.39758,0.000212,89.14
3698,688.32,2419.03,-13.610734,55.731139,719,74.07,34.06,91.68,75.31,43.53,0.33932,0.000131,54.9
3699,713.28,2420.53,-13.634547,56.126281,1077,116.57,37.58,109.42,114.9,46.21,0.3278,0.000126,53.04
3700,743.21,2408.66,-13.446487,56.60003,1260,188.96,38.97,105.18,158.99,48.46,0.32006,0.000123,51.78
3701,780.57,2407.66,-13.4308,57.191543,1178,165.38,48.79,170.88,222.8,50.62,0.30363,0.000117,49.13
3702,813.62,2409.58,-13.461173,57.714652,883,127.45,50.67,177.05,263.58,50.57,0.30459,0.000117,49.28
3703,839.33,2412.97,-13.514733,58.121672,986,151.44,42.71,151.94,285.03,49.85,0.3098,0.000119,50.12
3704,876.45,2415.59,-13.556208,58.709343,1013,65.24,22.54,53.6,317.78,40.06,0.35487,0.000137,57.42
3705,911.9,2417.45,-13.585673,59.270616,992,0.66,12.03,29.59,330.19,21.37,0.50348,0.000194,81.46
3706,940.81,2418.03,-13.594923,59.728313,815,8.56,16.89,40.64,319.76,29.86,0.43252,0.000167,69.98
3707,967.62,2414.37,-13.536947,60.152723,1036,-0.36,13.37,32.99,309.02,23.71,0.4838,0.000186,78.28
3708,1003.37,2417.96,-13.59384,60.718669,1341,48.42,21.51,50.73,316.8,38.14,0.36511,0.000141,59.07
3709,1044.44,2412.13,-13.501436,61.368741,885,71.5,27.77,63.4,321.39,46.17,0.34004,0.000131,55.02
3710,1067.96,2423.72,-13.684923,61.741077,1014,42.89,15.65,37.37,354.97,27.93,0.44777,0.000172,72.45
3711,1102.41,2415.83,-13.56009,62.286582,1419,54.41,17.01,38.42,371.48,30.29,0.42812,0.000165,69.27
3712,1138.34,2410.97,-13.483195,62.855396,895,91.25,16.46,36.0,402.5,29.56,0.43349,0.000167,70.14
3713,1171.96,2413.22,-13.518783,63.387509,868,86.08,31.58,80.27,445.97,46.86,0.33429,0.000129,54.09
3714,1205.22,2414.77,-13.543287,63.914073,918,263.09,46.68,146.32,491.19,50.43,0.30353,0.000117,49.11
3715,1233.23,2420.3,-13.630794,64.357519,947,345.75,40.01,114.15,535.7,49.86,0.30659,0.000118,49.6
3716,1259.46,2419.71,-13.621533,64.772772,1027,184.3,40.38,121.07,572.43,48.99,0.31599,0.000122,51.13
3717,1289.67,2407.12,-13.422206,65.25098,1092,151.16,43.49,130.03,605.59,49.07,0.31586,0.000122,51.11
3718,1327.18,2418.94,-13.609279,65.844928,1012,331.79,52.52,211.59,673.03,53.21,0.28108,0.000108,45.48
3719,1363.49,2419.22,-13.613704,66.419688,921,721.04,66.93,350.17,729.72,60.8,0.21878,8.4e-05,35.4
3720,1392.39,2410.96,-13.482973,66.877117,1134,944.93,65.79,356.15,769.62,62.57,0.20285,7.8e-05,32.82
3721,1428.28,2419.41,-13.616746,67.445439,1138,750.2,61.2,289.52,833.22,58.86,0.23243,9e-05,37.61
3722,1460.2,2415.98,-13.562413,67.950636,829,551.24,56.39,226.78,882.82,55.27,0.26209,0.000101,42.4
3723,1490.96,2417.66,-13.5891,68.437579,899,479.07,54.37,192.67,934.31,53.56,0.27608,0.000106,44.67
3724,1524.27,2417.17,-13.581203,68.965018,914,331.92,53.68,185.6,989.03,52.29,0.28808,0.000111,46.61
3725,1552.34,2408.09,-13.437525,69.409405,950,327.36,56.81,221.97,1028.26,53.55,0.27858,0.000107,45.07
3726,1580.28,2415.1,-13.548462,69.851751,1102,413.63,52.05,187.05,1012.28,52.91,0.28207,0.000109,45.64
3727,1609.89,2415.69,-13.557899,70.320499,1118,595.01,64.15,319.88,960.44,58.86,0.23479,9e-05,37.99
3728,1651.47,2412.51,-13.50745,70.978701,1082,835.74,65.77,353.98,888.05,61.73,0.2104,8.1e-05,34.04
3729,1683.1,2408.24,-13.439854,71.479447,989,813.15,59.43,261.85,833.35,58.32,0.23543,9.1e-05,38.09
3730,1713.02,2413.84,-13.528577,71.95304,849,949.9,56.0,204.91,780.44,57.25,0.24117,9.3e-05,39.02
3731,1740.35,2421.13,-13.64395,72.38576,1087,1032.65,60.61,246.17,731.99,59.28,0.22507,8.7e-05,36.42
3732,1770.13,2409.57,-13.460888,72.857139,1203,1105.31,57.06,219.57,681.36,58.85,0.22714,8.7e-05,36.75
3733,1806.84,2411.69,-13.494481,73.438327,1151,1225.06,66.52,354.28,617.05,64.44,0.18561,7.2e-05,30.03
3734,1840.71,2415.9,-13.561203,73.974466,948,1425.14,72.2,487.55,557.34,70.54,0.1416,5.5e-05,22.91
3735,1877.81,2414.51,-13.539159,74.561785,954,1659.1,70.88,476.02,492.91,71.75,0.13057,5e-05,21.13
3736,1907.9,2416.96,-13.577959,75.038282,1084,1608.37,65.01,365.02,440.13,67.47,0.15941,6.1e-05,25.79
3737,1943.53,2413.45,-13.522406,75.602334,860,1622.49,75.76,624.73,378.63,76.76,0.09973,3.8e-05,16.14
3738,1972.15,2414.9,-13.545317,76.055354,955,1392.16,73.74,578.99,328.59,73.54,0.12267,4.7e-05,19.85
3739,2002.03,2411.44,-13.4906,76.528366,803,1336.16,72.56,550.19,277.2,72.14,0.13241,5.1e-05,21.42
3740,2029.67,2408.31,-13.441,76.965915,890,1053.23,72.13,455.01,229.53,66.81,0.17173,6.6e-05,27.79
3741,2064.97,2408.81,-13.448917,77.52478,1210,666.89,68.38,392.29,167.96,61.92,0.21158,8.2e-05,34.23
3742,2091.03,2420.35,-13.631551,77.9373,845,362.45,60.49,309.72,121.78,55.3,0.25591,9.9e-05,41.41
3743,2128.27,2411.98,-13.499151,78.526909,1014,101.02,41.04,162.15,58.21,45.45,0.33952,0.000145,60.97
3744,2151.56,2418.18,-13.59729,78.895536,656,-11.72,29.37,103.03,17.85,40.79,0.50381,0.000354,148.83
3745,3043.28,2436.13,-13.881452,93.012371,61,93.96,81.07,1162.86,3.6,66.24,0.39631,0.000377,158.32
3746,16.73,2446.73,-14.049171,45.099223,1093,551.35,64.22,323.68,46.06,53.74,0.3001,0.000151,63.45
3747,51.82,2444.19,-14.008963,45.654593,641,269.83,65.05,337.14,23.19,51.25,0.38724,0.00025,105.08
3748,74.64,2434.76,-13.859743,46.015951,458,219.33,69.51,393.98,15.8,52.58,0.41368,0.000306,128.4
3749,96.88,2429.77,-13.780763,46.368002,275,122.81,70.23,412.37,11.79,52.39,0.4436,0.000359,150.68
3750,289.8,2464.12,-14.324546,49.422155,233,-52.89,6.63,21.85,13.06,5.38,0.81358,0.00064,268.8
3751,305.43,2456.5,-14.203849,49.669612,385,-56.23,4.9,13.49,10.27,2.07,0.86652,0.000724,303.95
3752,337.23,2453.85,-14.161958,50.17292,773,-52.17,4.21,10.41,17.92,1.2,0.81587,0.000573,240.6
3753,368.16,2442.7,-13.985376,50.662614,654,-56.29,4.5,9.47,11.86,1.35,0.86119,0.000695,292.08
3754,401.81,2443.07,-13.991309,51.195293,922,-44.31,9.98,21.77,37.21,12.05,0.6446,0.00036,151.23
3755,434.54,2452.92,-14.147306,51.713431,675,-40.02,9.61,21.66,84.21,13.56,0.55061,0.000212,89.09
3756,461.37,2450.59,-14.110413,52.138171,899,-47.92,2.09,5.31,119.89,2.08,0.66255,0.000255,107.2
3757,493.53,2453.48,-14.156032,52.647424,923,-33.38,8.09,16.83,131.19,13.0,0.5687,0.000219,92.01
3758,525.61,2440.68,-13.953456,53.155263,992,-36.48,8.78,20.6,121.12,13.8,0.55888,0.000215,90.42
3759,556.66,2448.0,-14.069361,53.64672,1198,-1.01,23.02,71.91,154.13,40.89,0.35316,0.000136,57.14
3760,586.87,2440.34,-13.948089,54.125053,984,69.02,39.97,147.58,127.32,47.78,0.31947,0.000123,51.69
3761,619.79,2449.47,-14.092584,54.646155,1272,238.65,43.85,139.48,105.54,47.7,0.31171,0.00012,50.43
3762,653.93,2451.96,-14.132003,55.186599,1232,129.44,32.12,93.03,97.57,44.95,0.333,0.000128,53.88
3763,684.85,2445.61,-14.031519,55.676176,724,125.82,30.83,87.32,103.66,45.0,0.33429,0.000129,54.09
3764,713.73,2452.48,-14.140199,56.133385,715,102.52,43.01,136.46,145.79,48.44,0.31855,0.000123,51.54
3765,748.57,2443.98,-14.005693,56.684888,1390,243.25,54.55,199.83,187.92,52.18,0.29035,0.000112,46.98
3766,784.65,2439.55,-13.935577,57.256019,1098,79.3,43.46,137.26,242.8,48.83,0.31892,0.000123,51.6
3767,813.6,2448.65,-14.079689,57.714441,1194,146.14,38.05,121.21,295.79,48.73,0.31864,0.000123,51.55
3768,849.07,2441.83,-13.971592,58.275896,1223,91.99,25.46,59.65,335.83,45.28,0.34145,0.000132,55.24
3769,875.74,2450.71,-14.112236,58.698105,863,61.11,26.18,66.27,371.36,46.2,0.33998,0.000131,55.01
3770,905.15,2448.39,-14.075533,59.163783,1162,4.24,14.79,31.82,383.31,26.04,0.46418,0.000179,75.1
3771,942.14,2445.52,-14.030012,59.749302,1046,31.64,11.67,26.13,367.11,20.87,0.50717,0.000195,82.06
3772,975.76,2452.56,-14.141564,60.281535,1118,22.59,11.82,24.91,375.54,21.01,0.50615,0.000195,81.89
3773,1004.75,2453.07,-14.149569,60.74049,816,25.29,11.21,25.22,377.91,20.04,0.5144,0.000198,83.23
3774,1031.26,2440.6,-13.952123,61.16018,1008,28.42,11.48,27.67,363.24,20.59,0.50961,0.000196,82.45
3775,1068.7,2453.51,-14.15654,61.752902,975,48.54,12.9,29.19,403.67,23.13,0.48773,0.000188,78.91
3776,1103.4,2448.31,-14.074305,62.302125,1105,65.03,17.42,35.08,421.1,30.94,0.42273,0.000163,68.4
3777,1139.06,2438.08,-13.912361,62.866674,885,81.39,17.31,36.95,440.06,30.92,0.42247,0.000163,68.35
3778,1165.33,2444.55,-14.01468,63.282617,823,62.99,22.09,52.24,477.76,39.24,0.35696,0.000138,57.76
3779,1192.52,2442.95,-13.989454,63.712988,1008,181.24,39.25,117.04,508.12,48.82,0.31733,0.000122,51.34
3780,1224.2,2452.02,-14.133031,64.214616,1102,230.21,46.29,164.46,559.11,50.84,0.30087,0.000116,48.68
3781,1262.13,2454.11,-14.166117,64.815102,1154,157.02,27.17,77.56,611.91,47.26,0.32999,0.000127,53.39
3782,1291.36,2438.77,-13.923172,65.277799,1045,87.06,33.6,87.59,637.35,47.13,0.33217,0.000128,53.74
3783,1318.68,2450.92,-14.115604,65.710244,1050,116.96,38.95,124.03,688.89,48.63,0.31991,0.000123,51.76
3784,1351.58,2443.68,-14.000923,66.231073,928,543.05,59.66,263.72,731.37,56.52,0.25288,9.7e-05,40.92
3785,1388.38,2448.13,-14.071353,66.81375,1129,934.88,69.95,443.14,791.58,65.57,0.18195,7e-05,29.44
3786,1422.11,2448.49,-14.077105,67.347724,1104,1264.4,68.8,488.4,844.37,69.46,0.15095,5.8e-05,24.42
3787,1460.07,2448.42,-14.075934,67.948604,1245,916.85,69.12,406.47,904.47,64.15,0.1921,7.4e-05,31.08
3788,1493.39,2447.06,-14.054395,68.476143,1009,545.16,59.56,230.44,957.0,55.35,0.26154,0.000101,42.32
3789,1525.01,2445.16,-14.024396,68.976649,847,474.04,57.66,215.04,1006.99,54.32,0.27044,0.000104,43.76
3790,1555.39,2445.2,-14.024949,69.457614,1187,336.2,53.97,186.98,1042.52,52.37,0.28741,0.000111,46.5
3791,1591.59,2451.52,-14.125094,70.0307,936,431.48,58.63,244.72,991.28,55.07,0.26543,0.000102,42.95
3792,1622.35,2445.68,-14.032621,70.517626,1091,705.84,57.29,234.87,937.47,56.62,0.24958,9.6e-05,40.38
3793,1647.25,2440.49,-13.95051,70.911947,754,737.86,56.53,217.96,893.9,56.25,0.25187,9.7e-05,40.75
3794,1674.83,2440.67,-13.95333,71.348539,898,766.29,49.73,172.87,845.63,54.85,0.26186,0.000101,42.37
3795,1706.86,2447.67,-14.064106,71.855522,1181,846.41,57.19,238.54,789.57,57.73,0.23927,9.2e-05,38.71
3796,1740.47,2451.19,-14.119921,72.387614,1033,919.4,66.77,323.76,730.75,61.24,0.21266,8.2e-05,34.41
3797,1778.76,2442.32,-13.979398,72.993799,1119,907.71,67.73,356.25,663.77,62.31,0.20521,7.9e-05,33.2
3798,1804.68,2453.84,-14.161874,73.404087,927,852.24,58.68,274.69,618.49,59.04,0.22955,8.8e-05,37.14
3799,1830.5,2440.85,-13.956214,73.812967,936,1054.5,67.69,385.85,573.23,64.38,0.18852,7.3e-05,30.5
3800,1865.63,2443.74,-14.001878,74.369043,1157,1171.19,70.69,457.24,511.78,67.71,0.16397,6.3e-05,26.53
3801,1897.04,2454.62,-14.174189,74.8663,1187,1138.31,73.98,547.52,456.93,70.67,0.14465,5.6e-05,23.4
3802,1929.07,2444.13,-14.008121,75.373431,1140,1335.97,74.63,513.28,400.77,70.83,0.14091,5.4e-05,22.8
3803,1964.09,2447.88,-14.067417,75.927696,1140,1282.94,68.82,436.92,339.51,67.76,0.16203,6.2e-05,26.22
3804,1997.63,2442.81,-13.987239,76.458762,1163,1001.36,69.67,404.71,280.89,64.67,0.18723,7.2e-05,30.29
3805,2035.34,2438.15,-13.913368,77.055696,1311,940.07,60.94,292.53,215.31,60.28,0.21925,8.4e-05,35.47
3806,2065.01,2451.67,-14.127459,77.525441,984,702.88,65.51,343.6,163.11,60.45,0.22162,8.5e-05,35.86
3807,2099.07,2441.28,-13.962988,78.064656,959,380.38,54.16,227.88,103.72,51.73,0.27801,0.000107,44.98
3808,2131.57,2448.35,-14.074963,78.579083,919,252.37,62.07,292.77,47.59,50.65,0.32494,0.00016,67.4
3809,2151.44,2447.46,-14.060772,78.893654,432,-32.31,23.36,67.96,13.42,34.85,0.55854,0.000436,183.07
3810,3051.18,2451.27,-14.121077,93.13745,284,179.5,79.32,1133.43,5.43,66.91,0.37748,0.000347,145.75
3811,12.86,2473.72,-14.476444,45.037918,653,112.16,61.31,287.78,16.36,48.11,0.44919,0.000328,137.58
3812,39.71,2462.45,-14.298113,45.462984,313,67.84,61.26,279.15,12.2,47.31,0.4849,0.000389,163.25
3813,116.84,2480.1,-14.577554,46.683937,49,-60.18,20.04,92.37,2.19,29.52,0.67208,0.000656,275.41
3814,124.33,2494.25,-14.80153,46.802615,12,-62.65,11.35,53.79,1.81,13.76,0.82077,0.000806,338.61
3815,214.05,2487.9,-14.700959,48.222912,282,-39.93,12.99,38.16,11.74,16.51,0.71979,0.000583,244.75
3816,242.6,2486.23,-14.67457,48.674849,812,-33.98,8.42,23.59,19.04,8.8,0.7361,0.000503,211.05
3817,275.86,2479.14,-14.56227,49.201376,732,-40.63,6.53,18.16,24.45,5.67,0.74342,0.000474,199.27
3818,305.96,2480.98,-14.591478,49.677948,706,-43.05,2.88,6.67,47.66,0.24,0.71817,0.000354,148.83
3819,333.3,2480.73,-14.587424,50.110824,1020,-39.49,4.33,9.62,56.24,3.16,0.66415,0.000292,122.7
3820,369.39,2472.21,-14.452553,50.682175,1087,-46.22,2.29,5.52,42.61,0.0,0.74379,0.00039,163.98
3821,400.42,2472.5,-14.457267,51.173322,1050,-39.41,6.76,17.18,74.31,8.24,0.59407,0.000229,96.12
3822,431.66,2479.03,-14.560524,51.667884,1027,-38.83,8.26,18.65,114.29,12.57,0.56779,0.000219,91.87
3823,467.62,2482.33,-14.612902,52.237167,1090,-39.59,6.33,12.92,161.09,11.09,0.5932,0.000229,95.98
3824,501.96,2478.22,-14.547723,52.780835,905,-33.0,10.55,22.87,174.61,18.46,0.52902,0.000204,85.59
3825,529.97,2474.39,-14.487183,53.224223,902,7.43,24.68,65.87,177.8,43.62,0.34838,0.000134,56.37
3826,558.41,2484.35,-14.64488,53.674482,1040,165.23,40.86,120.86,208.09,48.85,0.31739,0.000122,51.35
3827,587.28,2475.86,-14.510466,54.131467,1061,284.62,42.28,125.69,174.17,49.84,0.3077,0.000119,49.79
3828,618.57,2482.9,-14.621782,54.626938,1065,239.34,43.03,123.14,160.07,49.44,0.31157,0.00012,50.41
3829,658.96,2483.85,-14.636883,55.266323,1131,176.28,39.78,119.22,153.62,48.69,0.31742,0.000122,51.36
3830,691.91,2475.13,-14.498853,55.787927,1025,197.8,38.26,118.64,154.25,48.85,0.31601,0.000122,51.13
3831,725.47,2478.61,-14.553954,56.319154,1119,106.66,47.61,186.17,193.05,50.75,0.30354,0.000117,49.11
3832,755.61,2481.48,-14.599438,56.796388,832,30.68,27.99,76.45,234.15,46.35,0.33929,0.000131,54.9
3833,777.47,2473.77,-14.477262,57.142441,845,77.11,34.92,84.87,257.28,46.96,0.33365,0.000129,53.98
3834,809.08,2479.99,-14.575843,57.642792,1154,98.95,26.65,62.51,310.64,46.32,0.33835,0.00013,54.74
3835,844.24,2482.61,-14.617268,58.199519,1143,63.99,21.44,50.07,367.63,38.1,0.3651,0.000141,59.07
3836,876.84,2477.96,-14.543663,58.71546,1058,22.73,15.89,42.76,411.07,28.38,0.44442,0.000171,71.9
3837,917.87,2480.86,-14.589624,59.365027,1225,20.34,10.8,23.23,434.88,19.26,0.52117,0.000201,84.32
3838,949.98,2477.19,-14.531433,59.873331,1044,32.83,11.03,26.01,420.49,19.81,0.51613,0.000199,83.51
3839,984.58,2484.85,-14.652658,60.421092,806,50.67,14.36,30.2,432.04,25.6,0.46702,0.00018,75.56
3840,1014.92,2482.32,-14.612665,60.901429,1016,48.35,20.5,43.87,430.62,36.22,0.38035,0.000147,61.54
3841,1041.44,2473.37,-14.471045,61.321376,1013,65.63,13.92,30.56,423.01,24.99,0.47184,0.000182,76.34
3842,1072.0,2484.77,-14.651495,61.80517,1201,84.7,10.51,21.15,457.18,19.14,0.52088,0.000201,84.28
3843,1110.07,2478.92,-14.558884,62.407853,1216,88.82,15.74,35.39,473.76,28.33,0.44364,0.000171,71.78
3844,1139.16,2472.54,-14.457864,62.868237,1095,88.51,21.22,49.58,489.52,37.89,0.36633,0.000141,59.27
3845,1168.89,2479.88,-14.57407,63.339003,1262,117.54,23.74,59.78,529.98,42.62,0.34534,0.000133,55.87
3846,1197.83,2479.66,-14.57055,63.797057,852,158.98,36.45,104.8,561.45,48.24,0.32228,0.000124,52.14
3847,1227.2,2478.91,-14.558719,64.262079,798,169.81,51.83,171.33,595.51,50.66,0.30321,0.000117,49.06
3848,1262.83,2483.12,-14.62538,64.826125,975,150.47,33.93,89.87,645.68,47.65,0.32703,0.000126,52.91
3849,1300.0,2478.66,-14.554768,65.414593,1183,56.13,21.7,56.22,690.48,38.69,0.36054,0.000139,58.33
3850,1334.05,2483.89,-14.637577,65.953536,1061,116.56,35.47,103.13,743.68,47.88,0.32576,0.000125,52.71
3851,1360.02,2474.25,-14.48494,66.364748,1080,320.71,58.59,247.85,771.8,54.41,0.27212,0.000105,44.03
3852,1390.81,2478.13,-14.546304,66.852255,859,505.07,68.01,347.37,821.12,59.21,0.23361,9e-05,37.8
3853,1421.32,2480.28,-14.580395,67.33523,1009,1074.05,71.48,504.94,869.15,68.72,0.1585,6.1e-05,25.65
3854,1453.1,2483.18,-14.626219,67.838351,1261,1204.53,72.67,526.85,920.4,70.4,0.14553,5.6e-05,23.55
3855,1494.37,2481.33,-14.597006,68.491621,1040,866.86,62.4,279.87,983.19,59.33,0.22725,8.8e-05,36.77
3856,1519.7,2473.71,-14.476413,68.892653,924,598.4,52.88,199.71,1017.77,54.63,0.2661,0.000103,43.05
3857,1547.11,2483.83,-14.636585,69.326493,1011,624.79,59.77,247.07,1055.79,56.49,0.2518,9.7e-05,40.74
3858,1576.22,2473.56,-14.47405,69.787418,954,447.47,54.88,202.41,1018.94,53.69,0.27562,0.000106,44.59
3859,1612.04,2480.28,-14.580418,70.354509,1145,556.29,58.97,239.49,956.83,55.75,0.25839,0.0001,41.81
3860,1647.08,2478.58,-14.553522,70.909106,1024,759.63,57.79,216.67,895.5,56.35,0.25076,9.7e-05,40.57
3861,1672.76,2468.83,-14.399042,71.31574,850,855.34,58.24,240.06,849.8,57.84,0.23829,9.2e-05,38.55
3862,1703.71,2480.83,-14.589005,71.805679,1111,1116.27,56.6,254.32,796.77,60.15,0.21755,8.4e-05,35.2
3863,1742.29,2482.11,-14.609273,72.416381,1155,1064.65,65.67,335.56,729.6,62.67,0.20037,7.7e-05,32.42
3864,1772.75,2474.79,-14.493424,72.898616,1060,747.32,66.83,352.84,675.59,61.08,0.21639,8.3e-05,35.01
3865,1804.93,2485.43,-14.661916,73.408086,789,562.2,65.97,347.41,620.77,59.61,0.22984,8.9e-05,37.19
3866,1833.17,2472.34,-14.454727,73.855128,1063,603.73,61.62,361.56,569.81,60.4,0.22349,8.6e-05,36.16
3867,1865.16,2483.12,-14.625377,74.361655,1310,604.06,60.89,343.58,515.71,59.76,0.22809,8.8e-05,36.9
3868,1901.71,2484.93,-14.654005,74.940263,1047,938.7,73.56,464.94,452.43,66.37,0.17639,6.8e-05,28.54
3869,1935.95,2476.77,-14.524757,75.482235,1103,1140.93,68.51,372.42,391.35,64.5,0.18642,7.2e-05,30.16
3870,1964.43,2482.75,-14.619411,75.933147,760,1042.5,70.69,429.71,343.31,65.84,0.17854,6.9e-05,28.89
3871,1994.22,2474.9,-14.495149,76.404817,1123,1148.11,64.9,314.09,289.81,62.49,0.20042,7.7e-05,32.43
3872,2030.46,2476.88,-14.526548,76.978497,1218,848.97,65.86,363.57,228.27,62.16,0.20714,8e-05,33.51
3873,2060.75,2475.8,-14.509397,77.457966,733,712.43,53.32,198.74,175.68,55.39,0.25865,0.0001,41.85
3874,2096.44,2474.26,-14.485016,78.022978,1161,572.78,60.19,259.2,115.61,54.7,0.25562,9.8e-05,41.36
3875,2125.53,2475.91,-14.511204,78.483456,965,366.06,55.63,219.92,69.73,49.84,0.28406,0.000109,45.96
3876,2158.52,2480.29,-14.580547,79.005855,821,79.84,50.31,228.24,20.55,45.97,0.44182,0.000293,122.94
3877,2292.14,2481.57,-14.600816,81.121157,7,-64.02,27.59,73.58,1.85,38.68,0.63641,0.000625,262.37
3878,3060.35,2470.72,-14.429054,93.282686,212,229.87,81.52,1236.01,5.51,67.27,0.37324,0.000343,143.9
3879,3068.48,2481.88,-14.605682,93.411409,99,42.45,75.56,807.88,4.29,65.49,0.39624,0.000372,156.3
3880,102.64,2493.15,-14.784099,46.459161,47,-58.46,21.54,51.53,2.28,30.58,0.66214,0.000645,270.9
3881,129.0,2513.5,-15.106276,46.876493,2,-67.33,10.92,46.93,1.75,12.79,0.83034,0.000816,342.93
3882,181.02,2524.61,-15.282095,47.699975,467,-41.03,13.76,46.42,11.61,18.06,0.70654,0.000574,240.92
3883,206.14,2507.87,-15.017126,48.09769,959,-31.4,8.68,23.58,27.61,9.64,0.69672,0.000431,180.98
3884,238.57,2513.39,-15.104565,48.611019,934,-27.39,1.62,4.3,62.06,0.0,0.68173,0.000275,115.55
3885,268.29,2509.97,-15.05037,49.081617,1018,-27.65,2.81,6.38,70.31,1.23,0.65501,0.000252,105.98
3886,302.82,2507.05,-15.004213,49.628286,1115,-34.63,2.38,4.94,87.69,1.21,0.66059,0.000254,106.88
3887,342.82,2510.9,-15.065052,50.261498,1278,-33.98,4.89,11.27,106.89,6.43,0.61947,0.000239,100.23
3888,375.37,2507.58,-15.012532,50.776746,1243,-32.41,6.56,14.76,102.68,9.14,0.59428,0.000229,96.15
3889,404.89,2510.73,-15.062365,51.244082,1169,-30.78,6.04,14.72,129.21,9.46,0.59905,0.000231,96.92
3890,431.32,2517.33,-15.166921,51.66249,898,-38.45,5.97,13.7,166.9,10.51,0.59814,0.00023,96.78
3891,458.57,2512.01,-15.082664,52.093861,1178,-33.23,10.38,25.03,188.23,18.25,0.53079,0.000204,85.88
3892,495.99,2510.94,-15.065714,52.68627,1077,16.55,19.56,47.64,225.79,34.58,0.39403,0.000152,63.75
3893,526.79,2506.58,-14.996727,53.173947,962,105.24,29.92,80.77,230.2,47.01,0.33279,0.000128,53.84
3894,558.22,2516.13,-15.147855,53.671513,1076,153.8,36.27,89.71,255.03,47.67,0.32684,0.000126,52.88
3895,593.1,2508.99,-15.034877,54.223617,888,203.12,34.36,97.28,218.86,48.28,0.32124,0.000124,51.98
3896,617.08,2517.54,-15.170269,54.603347,734,242.3,33.82,94.28,218.51,48.44,0.31932,0.000123,51.67
3897,647.85,2509.35,-15.040639,55.090351,1119,270.39,45.23,148.78,197.33,50.56,0.30237,0.000116,48.92
3898,685.12,2512.1,-15.084041,55.680446,1247,259.54,54.24,231.65,210.4,53.42,0.28063,0.000108,45.4
3899,714.15,2517.74,-15.173344,56.140047,1165,83.35,30.36,84.6,238.25,47.0,0.33326,0.000128,53.92
3900,746.89,2508.88,-15.033066,56.658284,1084,67.01,35.48,88.1,257.26,47.01,0.33345,0.000128,53.95
3901,786.48,2508.92,-15.033743,57.285012,1113,99.26,23.73,53.48,306.38,42.25,0.34847,0.000134,56.38
3902,822.08,2509.18,-15.03788,57.848602,930,61.58,21.91,49.94,356.4,38.86,0.35918,0.000138,58.11
3903,854.37,2514.31,-15.119089,58.359815,737,34.21,16.11,37.17,408.93,28.62,0.44222,0.00017,71.55
3904,879.34,2508.54,-15.027814,58.755171,846,17.52,13.13,29.52,442.58,23.31,0.48682,0.000188,78.77
3905,906.88,2508.81,-15.03198,59.191141,932,39.34,14.06,29.53,478.55,25.0,0.47224,0.000182,76.41
3906,941.1,2514.39,-15.120393,59.732811,1062,37.52,14.05,30.23,486.79,24.99,0.47232,0.000182,76.42
3907,968.11,2505.17,-14.974472,60.160483,809,63.08,18.59,48.87,467.73,33.34,0.40315,0.000155,65.23
3908,1004.77,2513.83,-15.111454,60.740732,1272,117.06,35.83,100.5,484.09,47.79,0.32645,0.000126,52.82
3909,1041.52,2512.78,-15.09494,61.322555,1018,105.0,32.98,91.38,490.51,47.39,0.32983,0.000127,53.37
3910,1070.84,2517.99,-15.177358,61.786813,901,104.57,26.49,60.64,511.65,46.3,0.33845,0.00013,54.76
3911,1100.27,2515.23,-15.133713,62.252585,1330,89.81,20.69,48.33,524.38,36.97,0.37356,0.000144,60.44
3912,1135.8,2511.81,-15.079561,62.81512,1045,145.09,22.16,51.44,545.57,39.9,0.35103,0.000135,56.79
3913,1167.51,2513.37,-15.104274,63.317087,1012,172.19,31.38,74.54,576.45,47.26,0.32976,0.000127,53.35
3914,1204.3,2510.16,-15.053331,63.899581,1144,213.41,43.73,131.97,609.69,49.57,0.31096,0.00012,50.31
3915,1235.81,2508.52,-15.027475,64.398451,1074,282.17,33.13,83.39,643.46,48.33,0.31953,0.000123,51.7
3916,1263.48,2510.28,-15.055346,64.836406,647,170.22,28.41,72.84,679.17,47.18,0.33038,0.000127,53.45
3917,1292.91,2508.67,-15.029786,65.302269,1037,100.63,33.37,75.22,714.67,46.79,0.33465,0.000129,54.15
3918,1326.81,2515.97,-15.145438,65.839018,1066,63.58,25.53,63.64,767.99,45.35,0.3421,0.000132,55.35
3919,1356.15,2516.82,-15.158908,66.3034,1026,158.15,35.53,107.64,809.12,48.33,0.32156,0.000124,52.03
3920,1388.21,2506.46,-14.994828,66.810953,1078,428.91,56.87,245.63,843.99,55.09,0.26535,0.000102,42.93
3921,1421.04,2512.42,-15.089189,67.330719,970,654.08,76.05,617.77,897.72,69.81,0.1571,6.1e-05,25.42
3922,1458.96,2516.65,-15.156209,67.931094,821,1139.87,75.06,544.51,957.99,70.58,0.14525,5.6e-05,23.5
3923,1481.78,2502.82,-14.937212,68.292373,909,1270.42,71.73,433.14,980.76,67.54,0.16369,6.3e-05,26.48
3924,1519.62,2516.79,-15.158435,68.891331,989,856.94,58.25,255.44,1050.62,58.4,0.23419,9e-05,37.89
3925,1543.66,2512.03,-15.082932,69.271914,866,825.99,54.23,200.61,1069.32,56.24,0.25054,9.7e-05,40.54
3926,1577.85,2510.69,-15.061754,69.813166,1431,769.95,63.33,312.16,1020.63,59.8,0.2253,8.7e-05,36.45
3927,1615.97,2509.94,-15.049967,70.416606,1124,697.85,59.5,248.78,954.1,57.06,0.24647,9.5e-05,39.88
3928,1647.75,2513.86,-15.111928,70.919862,1084,885.59,63.24,325.55,899.64,61.07,0.21438,8.3e-05,34.69
3929,1678.99,2505.4,-14.977967,71.414311,1210,993.22,66.49,340.91,843.67,62.36,0.20359,7.8e-05,32.94
3930,1712.11,2513.14,-15.100523,71.938686,1018,1319.07,68.09,405.71,787.8,66.91,0.16729,6.4e-05,27.07
3931,1739.44,2514.64,-15.124342,72.371275,1031,1107.07,69.06,437.13,740.83,66.55,0.17274,6.7e-05,27.95
3932,1778.3,2507.47,-15.010798,72.986583,1060,677.27,65.42,375.27,671.69,61.39,0.21523,8.3e-05,34.82
3933,1810.95,2510.62,-15.060715,73.50344,754,222.52,29.1,109.01,616.09,48.82,0.31665,0.000122,51.23
3934,1838.13,2505.66,-14.982227,73.933739,789,231.05,26.41,69.65,567.77,47.49,0.32695,0.000126,52.9
3935,1865.36,2520.05,-15.210017,74.364736,1000,238.42,39.34,122.43,526.02,49.41,0.31182,0.00012,50.45
3936,1898.23,2511.4,-15.072998,74.885138,1033,657.5,62.86,321.24,466.52,59.34,0.23034,8.9e-05,37.27
3937,1939.86,2507.55,-15.012153,75.544098,918,1000.4,64.54,318.55,394.19,61.62,0.20875,8e-05,33.78
3938,1971.82,2508.5,-15.027171,76.050056,795,1016.3,72.8,567.54,340.72,70.54,0.14721,5.7e-05,23.82
3939,2005.23,2505.88,-14.985693,76.579068,1206,1076.37,69.43,413.68,283.81,65.51,0.18034,6.9e-05,29.18
3940,2038.33,2517.45,-15.168882,77.103042,926,781.35,61.2,292.19,237.46,59.17,0.22969,8.8e-05,37.16
3941,2065.56,2503.21,-14.943343,77.534084,1260,744.22,54.57,215.45,184.22,56.2,0.25211,9.7e-05,40.79
3942,2101.77,2513.51,-15.106498,78.107417,1216,684.42,57.62,238.17,130.98,55.41,0.25238,9.7e-05,40.83
3943,2130.54,2509.33,-15.040188,78.562751,1091,493.17,62.77,290.76,80.78,53.72,0.25558,9.8e-05,41.35
3944,2154.48,2513.66,-15.108843,78.941839,879,405.35,66.87,332.34,41.93,52.85,0.32046,0.00017,71.22
3945,2174.87,2517.45,-15.16884,79.264597,458,50.9,57.24,289.55,11.5,47.53,0.4881,0.000397,166.83
3946,3068.1,2520.86,-15.222747,93.405241,168,159.31,76.92,839.97,5.81,66.79,0.37636,0.000344,144.28
3947,3074.6,2528.48,-15.343407,93.508196,142,96.18,73.42,507.32,5.87,55.3,0.45926,0.000419,175.85
3948,3102.74,2519.53,-15.201679,93.953652,19,-69.5,53.37,396.15,1.79,50.09,0.53496,0.000526,220.78
3949,46.75,2552.0,-15.715769,45.574395,4,-65.45,16.32,64.8,1.75,22.36,0.74089,0.000729,305.99
3950,133.52,2557.83,-15.808134,46.947994,151,-54.32,16.45,35.16,4.2,21.69,0.72878,0.000686,287.94
3951,150.59,2547.57,-15.645574,47.21832,417,-54.7,9.85,29.07,6.55,10.66,0.81366,0.000732,307.51
3952,180.29,2548.58,-15.661664,47.688408,1075,-24.21,4.92,13.73,37.21,3.54,0.72135,0.000403,169.24
3953,212.95,2544.36,-15.594835,48.205494,1147,-16.3,1.39,3.37,72.15,0.0,0.67351,0.000259,108.97
3954,241.52,2540.89,-15.539918,48.657733,870,-22.18,2.38,5.53,104.93,2.06,0.65764,0.000253,106.4
3955,272.36,2539.64,-15.520111,49.145947,760,-25.5,2.31,4.81,121.69,2.65,0.65742,0.000253,106.37
3956,300.01,2538.79,-15.506621,49.583716,1131,-28.87,1.45,3.46,136.73,1.83,0.66937,0.000258,108.3
3957,337.98,2545.0,-15.604977,50.184805,1267,-30.36,2.18,5.07,165.26,4.0,0.65596,0.000253,106.13
3958,368.98,2548.62,-15.662301,50.675583,1195,-22.51,5.46,12.88,171.89,9.77,0.60449,0.000233,97.8
3959,402.9,2549.86,-15.681887,51.212649,920,-35.76,5.17,12.46,186.95,9.17,0.60997,0.000235,98.69
3960,427.31,2543.27,-15.577604,51.598969,745,-34.35,5.14,12.33,197.38,9.13,0.61032,0.000235,98.75
3961,466.96,2546.46,-15.627996,52.226728,1047,-12.42,13.99,31.37,245.11,24.59,0.47663,0.000184,77.12
3962,493.82,2538.53,-15.502482,52.651919,863,14.65,15.09,33.1,262.45,26.66,0.45886,0.000177,74.24
3963,526.9,2538.89,-15.508186,53.175603,978,89.0,24.66,62.92,285.4,44.05,0.34342,0.000132,55.56
3964,559.41,2547.28,-15.641071,53.690227,849,161.43,30.64,73.22,303.71,47.14,0.33089,0.000127,53.54
3965,589.33,2538.72,-15.505488,54.163894,1011,175.45,40.09,117.61,269.33,48.8,0.31758,0.000122,51.38
3966,627.66,2539.14,-15.51221,54.770784,882,238.75,42.11,121.95,251.99,49.39,0.31194,0.00012,50.47
3967,654.79,2546.02,-15.621167,55.200267,1030,267.89,53.04,195.5,261.2,52.2,0.28981,0.000112,46.89
3968,685.17,2550.13,-15.68622,55.681171,1109,83.04,36.06,111.69,274.66,47.95,0.32575,0.000125,52.71
3969,716.42,2548.68,-15.663289,56.175983,838,68.55,20.96,48.69,288.97,37.29,0.37144,0.000143,60.1
3970,752.19,2536.46,-15.469692,56.742258,1022,91.94,23.81,55.21,301.04,42.39,0.34824,0.000134,56.34
3971,781.77,2541.97,-15.556966,57.210471,963,95.73,28.59,66.68,340.89,46.45,0.3374,0.00013,54.59
3972,812.58,2541.18,-15.544501,57.698203,1036,76.38,25.05,55.56,377.82,44.34,0.34511,0.000133,55.84
3973,842.19,2540.72,-15.537221,58.167038,1092,53.04,19.61,44.69,417.14,34.81,0.39153,0.000151,63.35
3974,876.73,2543.92,-15.58793,58.71376,1236,39.28,13.5,32.24,469.74,24.16,0.4792,0.000185,77.53
3975,910.8,2539.73,-15.521497,59.253148,1064,85.33,26.19,73.43,515.52,46.62,0.33624,0.00013,54.4
3976,943.97,2546.0,-15.620738,59.778298,1041,175.18,42.45,131.2,541.03,49.28,0.31385,0.000121,50.78
3977,975.54,2539.79,-15.522402,60.277995,1133,90.65,40.83,119.27,528.16,48.27,0.32311,0.000124,52.28
3978,1008.2,2546.86,-15.634474,60.795102,1080,68.05,27.32,79.74,542.09,46.72,0.33572,0.000129,54.32
3979,1039.77,2539.82,-15.522877,61.294907,786,189.22,40.93,108.94,536.43,48.59,0.31901,0.000123,51.61
3980,1064.23,2549.34,-15.673582,61.682168,725,147.19,31.02,75.31,561.57,47.11,0.33133,0.000128,53.61
3981,1099.31,2550.47,-15.691503,62.237434,1006,156.14,18.07,42.43,581.29,32.89,0.40508,0.000156,65.54
3982,1130.51,2539.83,-15.523069,62.731416,911,175.94,22.67,51.81,585.08,40.98,0.34697,0.000134,56.14
3983,1167.43,2541.39,-15.54773,63.31588,973,161.83,28.61,74.96,618.02,47.2,0.33038,0.000127,53.45
3984,1193.96,2546.86,-15.6344,63.735837,1151,166.23,35.33,96.23,650.97,47.98,0.32416,0.000125,52.45
3985,1232.13,2544.77,-15.601294,64.340116,1255,255.93,32.18,83.23,687.41,48.14,0.32143,0.000124,52.01
3986,1269.31,2536.83,-15.475634,64.928751,1239,214.6,33.02,85.63,719.64,47.94,0.32368,0.000125,52.37
3987,1302.57,2547.57,-15.645665,65.455329,962,136.0,29.47,74.44,773.7,47.0,0.33237,0.000128,53.78
3988,1328.0,2547.11,-15.638393,65.857887,890,106.63,32.65,90.45,805.34,47.37,0.32997,0.000127,53.39
3989,1362.82,2546.89,-15.634844,66.409002,912,93.08,31.61,83.84,850.99,47.04,0.33279,0.000128,53.84
3990,1389.44,2536.78,-15.474799,66.830553,831,258.6,43.31,137.33,876.54,50.08,0.30631,0.000118,49.56
3991,1419.53,2540.41,-15.532277,67.306807,794,400.2,59.69,285.25,922.83,56.29,0.2568,9.9e-05,41.55
3992,1449.25,2537.57,-15.487321,67.777318,913,797.35,72.47,494.0,963.03,66.42,0.17808,6.9e-05,28.81
3993,1488.06,2536.51,-15.470621,68.391763,1090,1033.04,75.64,626.43,1019.65,72.74,0.13263,5.1e-05,21.46
3994,1516.9,2546.4,-15.62705,68.848255,1066,1198.98,63.4,323.94,1071.81,63.19,0.19474,7.5e-05,31.51
3995,1557.66,2545.65,-15.615177,69.493547,1217,1237.65,71.45,452.09,1063.44,67.99,0.16115,6.2e-05,26.07
3996,1589.91,2548.54,-15.661029,70.00408,948,1208.13,57.22,256.18,1008.58,60.85,0.21115,8.1e-05,34.16
3997,1615.25,2542.58,-15.566614,70.405207,1003,965.25,60.29,254.98,963.13,59.13,0.22721,8.8e-05,36.76
3998,1642.32,2545.49,-15.612657,70.833859,826,1109.43,65.77,345.88,917.26,63.34,0.19497,7.5e-05,31.54
3999,1676.07,2542.26,-15.561596,71.368196,1125,1267.95,68.67,432.93,858.21,67.52,0.16389,6.3e-05,26.52
4000,1707.91,2544.76,-15.601207,71.872212,1023,1093.65,70.05,461.03,804.35,67.31,0.16779,6.5e-05,27.15
4001,1748.5,2544.31,-15.594024,72.51472,1198,489.88,62.95,367.12,734.82,59.8,0.22952,8.8e-05,37.14
4002,1776.05,2534.22,-15.434339,72.950898,745,315.03,46.86,206.93,683.89,52.93,0.28348,0.000109,45.87
4003,1802.93,2543.44,-15.580206,73.37645,1053,144.27,22.88,61.63,641.9,41.45,0.34578,0.000133,55.95
4004,1833.21,2538.55,-15.502764,73.855768,1121,156.14,26.13,69.72,588.47,46.98,0.33224,0.000128,53.75
4005,1869.85,2549.72,-15.679724,74.435814,1163,227.86,39.32,106.75,532.62,48.78,0.31689,0.000122,51.27
4006,1908.6,2537.72,-15.489667,75.049272,1272,522.38,56.88,255.63,461.71,56.09,0.2564,9.9e-05,41.48
4007,1942.84,2537.31,-15.48329,75.591392,997,880.94,67.23,359.9,405.1,62.26,0.206,7.9e-05,33.33
4008,1975.07,2537.19,-15.481378,76.101563,1092,853.73,70.26,410.02,352.53,63.84,0.19521,7.5e-05,31.58
4009,1998.26,2551.61,-15.709579,76.468667,982,711.27,67.33,346.85,321.78,60.62,0.22025,8.5e-05,35.64
4010,2023.06,2537.4,-15.484685,76.861306,923,906.83,65.76,343.58,273.63,61.86,0.20845,8e-05,33.73
4011,2062.39,2543.34,-15.578636,77.483936,927,695.49,59.02,231.98,209.84,56.45,0.25103,9.7e-05,40.62
4012,2088.08,2538.42,-15.500751,77.890627,962,685.29,57.24,227.08,164.53,56.2,0.25301,9.7e-05,40.94
4013,2127.08,2548.37,-15.658224,78.507972,1093,665.9,55.46,194.22,108.68,52.74,0.26713,0.000103,43.22
4014,2160.13,2541.93,-15.556426,79.031251,751,516.57,64.51,323.75,54.28,53.87,0.27797,0.000126,52.78
4015,2187.78,2546.48,-15.62833,79.468959,644,303.63,70.64,487.93,18.91,56.63,0.35907,0.000246,103.29
4016,2422.42,2563.55,-15.898607,83.183649,233,-50.84,12.74,38.4,8.43,15.88,0.75056,0.000651,273.36
4017,2447.47,2558.01,-15.810856,83.580105,156,-1.45,52.93,182.48,7.91,43.22,0.55141,0.000483,202.92
4018,2466.2,2563.72,-15.901377,83.876694,370,-10.56,34.25,100.73,13.86,40.53,0.53361,0.000412,173.18
4019,2503.85,2563.63,-15.899856,84.472709,269,-40.12,22.96,49.33,9.06,33.27,0.59921,0.000513,215.48
4020,2533.64,2565.3,-15.92627,84.944323,310,-42.74,15.84,36.0,11.04,21.1,0.68325,0.000561,235.82
4021,3064.23,2555.95,-15.778281,93.344063,39,137.09,82.7,1455.08,3.17,66.52,0.39608,0.00038,159.47
4022,3078.83,2549.42,-15.674939,93.575156,297,104.67,71.56,498.98,6.29,55.08,0.45813,0.000414,174.02
4023,3118.5,2545.0,-15.604952,94.203198,2,-113.04,57.81,414.28,1.75,50.73,0.52964,0.000521,218.74
4024,81.23,2581.55,-16.183502,46.120252,165,-53.77,13.96,35.75,4.6,17.61,0.76341,0.000713,299.4
4025,123.44,2579.75,-16.155047,46.788457,123,-58.05,7.95,21.34,5.05,7.15,0.85853,0.000795,333.88
4026,146.63,2575.02,-16.080168,47.155623,940,-44.28,8.07,18.13,16.54,7.84,0.76397,0.000555,232.99
4027,174.32,2580.51,-16.167144,47.593956,990,-20.44,2.69,7.08,51.84,0.29,0.70382,0.000329,138.14
4028,209.22,2576.18,-16.098617,48.146522,1003,-11.87,4.49,10.07,104.39,5.76,0.6242,0.00024,100.99
4029,242.46,2576.87,-16.109552,48.67262,1137,-21.22,2.81,6.48,148.14,4.75,0.64635,0.000249,104.58
4030,270.21,2571.68,-16.027307,49.111908,1053,-19.9,3.71,8.53,172.49,6.72,0.63137,0.000243,102.15
4031,301.38,2570.58,-16.009865,49.605403,913,-22.48,2.7,6.02,188.98,4.95,0.64729,0.000249,104.73
4032,328.91,2573.92,-16.062711,50.041194,922,-23.02,1.96,4.44,211.57,3.67,0.65881,0.000254,106.59
4033,371.34,2582.37,-16.196552,50.71296,787,-29.88,2.34,6.65,230.91,4.32,0.65304,0.000252,105.66
4034,395.44,2573.01,-16.048372,51.094486,831,-34.75,3.12,8.41,221.38,5.64,0.64132,0.000247,103.76
4035,438.0,2568.05,-15.969922,51.768221,1090,-19.59,10.68,24.29,244.01,18.82,0.52568,0.000203,85.05
4036,468.55,2578.33,-16.132527,52.251971,974,-1.81,17.9,46.44,289.91,31.66,0.41795,0.000161,67.62
4037,500.56,2571.65,-16.026909,52.758641,1069,10.29,8.19,18.22,315.51,14.69,0.56069,0.000216,90.72
4038,533.66,2568.88,-15.983073,53.2826,1016,74.05,30.92,82.8,338.64,46.87,0.33443,0.000129,54.11
4039,565.49,2577.51,-16.119566,53.786484,1032,117.78,42.01,120.89,347.8,48.52,0.32073,0.000124,51.89
4040,595.33,2569.76,-15.997003,54.258948,1016,83.23,32.99,86.38,316.92,47.06,0.33278,0.000128,53.84
4041,626.05,2573.09,-16.049605,54.745229,1154,94.54,35.36,129.64,311.16,48.67,0.31995,0.000123,51.77
4042,657.13,2578.51,-16.135425,55.237306,877,59.49,24.58,66.8,318.11,43.85,0.34472,0.000133,55.77
4043,687.03,2581.46,-16.182141,55.710695,888,57.2,29.35,68.85,329.0,46.26,0.33954,0.000131,54.94
4044,726.57,2568.84,-15.982385,56.336543,889,65.25,23.63,57.99,328.32,42.01,0.34997,0.000135,56.62
4045,755.3,2573.12,-16.050048,56.791498,1082,81.57,27.93,64.97,357.65,46.29,0.33889,0.000131,54.83
4046,784.32,2573.69,-16.059221,57.250858,967,57.76,22.17,52.65,386.65,39.35,0.35696,0.000138,57.75
4047,811.25,2574.21,-16.067306,57.677129,919,58.31,18.87,41.54,417.27,33.51,0.40191,0.000155,65.03
4048,840.77,2577.03,-16.112074,58.144467,1045,28.36,16.57,43.92,456.76,29.59,0.43438,0.000167,70.28
4049,870.91,2577.24,-16.115298,58.62164,936,71.57,27.73,81.08,496.24,46.79,0.33509,0.000129,54.22
4050,906.38,2573.83,-16.061358,59.183213,1329,234.96,43.67,136.71,542.0,49.89,0.30814,0.000119,49.86
4051,945.09,2575.02,-16.080142,59.795939,1214,228.03,38.41,115.5,586.46,49.09,0.31447,0.000121,50.88
4052,979.93,2577.9,-16.125754,60.34758,899,276.11,41.96,134.17,594.84,50.09,0.30595,0.000118,49.5
4053,1008.43,2576.1,-16.097299,60.798769,978,207.22,44.87,145.74,593.07,50.02,0.3076,0.000118,49.77
4054,1040.96,2574.15,-16.066452,61.3137,1180,162.17,30.55,84.07,596.05,47.53,0.32781,0.000126,53.04
4055,1077.95,2571.84,-16.029927,61.899332,836,128.16,21.66,49.47,605.69,38.89,0.35775,0.000138,57.88
4056,1109.62,2578.61,-16.137078,62.400634,788,123.08,20.94,47.25,633.69,37.58,0.36816,0.000142,59.57
4057,1140.79,2568.13,-15.971173,62.894121,1149,155.02,21.72,49.77,637.59,39.18,0.35496,0.000137,57.43
4058,1173.49,2579.78,-16.155577,63.411841,961,171.01,22.66,49.36,681.52,40.83,0.34807,0.000134,56.32
4059,1207.46,2573.58,-16.057394,63.949506,956,168.46,43.05,129.29,702.82,49.17,0.31484,0.000121,50.94
4060,1238.3,2574.26,-16.068164,64.437747,916,263.94,26.4,69.72,734.85,47.72,0.3246,0.000125,52.52
4061,1264.54,2579.63,-16.153232,64.853143,1031,243.85,23.86,55.61,770.44,43.54,0.33709,0.00013,54.54
4062,1290.6,2572.47,-16.039894,65.265813,1042,207.99,33.02,81.94,790.6,47.77,0.32516,0.000125,52.61
4063,1328.1,2578.49,-16.135133,65.859417,1010,140.76,30.39,72.73,843.57,46.98,0.33249,0.000128,53.8
4064,1357.07,2578.49,-16.135211,66.318074,998,74.46,30.8,77.29,879.98,46.68,0.33594,0.000129,54.35
4065,1387.63,2572.12,-16.034252,66.801823,1130,104.97,25.85,66.97,912.66,46.27,0.33717,0.00013,54.55
4066,1418.42,2569.39,-15.991127,67.289269,1067,248.09,43.64,133.12,951.53,49.85,0.30822,0.000119,49.87
4067,1451.41,2568.56,-15.977854,67.811472,1160,391.31,61.01,293.13,996.94,56.51,0.25532,9.8e-05,41.31
4068,1485.78,2571.66,-16.026997,68.3557,1242,880.58,68.86,431.17,1049.35,64.77,0.18829,7.3e-05,30.46
4069,1521.89,2582.89,-16.204711,68.927324,1123,821.49,69.96,428.69,1108.49,64.28,0.19261,7.4e-05,31.16
4070,1547.61,2575.37,-16.08574,69.33451,1016,1126.77,72.8,537.43,1089.6,70.24,0.14768,5.7e-05,23.89
4071,1578.66,2579.82,-16.15614,69.825962,1055,1125.9,72.96,491.37,1038.37,68.6,0.15859,6.1e-05,25.66
4072,1613.87,2581.37,-16.180694,70.383397,1201,1246.17,67.26,347.89,978.92,64.36,0.18586,7.2e-05,30.07
4073,1646.65,2572.07,-16.033556,70.902436,936,1049.84,70.58,434.87,919.33,66.08,0.17681,6.8e-05,28.61
4074,1674.48,2575.58,-16.088992,71.342941,947,886.13,67.96,417.21,873.47,64.32,0.19138,7.4e-05,30.96
4075,1712.15,2571.54,-16.025114,71.939329,1062,542.01,65.58,364.71,807.92,60.08,0.22672,8.7e-05,36.68
4076,1742.14,2581.32,-16.179985,72.414099,1095,170.89,39.35,127.85,762.29,49.13,0.31508,0.000121,50.98
4077,1776.3,2569.16,-15.987502,72.954824,1233,141.43,24.66,61.48,698.93,44.37,0.34006,0.000131,55.02
4078,1812.45,2580.54,-16.167534,73.527096,1319,204.57,19.56,45.24,645.28,35.8,0.38089,0.000147,61.63
4079,1843.55,2572.84,-16.045724,74.019511,920,193.31,30.31,75.45,589.52,47.44,0.328,0.000126,53.07
4080,1874.63,2578.15,-16.12974,74.511526,917,254.31,33.92,83.29,541.62,48.14,0.32151,0.000124,52.02
4081,1908.72,2576.0,-16.095752,75.051198,1189,259.21,45.53,156.25,483.55,50.75,0.3011,0.000116,48.72
4082,1935.28,2566.71,-15.948665,75.47162,939,457.4,55.09,236.02,434.69,54.94,0.26599,0.000102,43.04
4083,1966.1,2575.65,-16.090177,75.959621,1267,427.04,53.93,214.8,387.12,53.98,0.27371,0.000105,44.29
4084,2006.85,2576.59,-16.105092,76.604718,930,651.88,65.64,329.54,319.79,59.6,0.22856,8.8e-05,36.98
4085,2037.48,2567.35,-15.958716,77.089657,901,676.76,69.58,400.14,264.18,62.27,0.20896,8e-05,33.81
4086,2065.44,2572.21,-16.035661,77.532167,837,736.2,55.37,217.88,222.98,56.23,0.25201,9.7e-05,40.77
4087,2097.77,2573.14,-16.050415,78.044053,1233,612.54,57.2,230.31,174.86,55.82,0.25702,9.9e-05,41.59
4088,2127.91,2583.11,-16.20831,78.521185,1040,731.79,56.06,215.81,138.33,55.28,0.25446,9.8e-05,41.17
4089,2158.03,2570.19,-16.003684,78.99806,1044,777.24,59.63,245.62,81.86,54.13,0.24836,9.6e-05,40.18
4090,2185.47,2578.56,-16.136166,79.432419,994,618.17,69.72,434.16,43.24,57.99,0.27402,0.000143,59.96
4091,2205.76,2578.22,-16.130852,79.753674,396,17.44,52.37,270.55,10.6,46.59,0.50299,0.000417,175.22
4092,2414.6,2580.24,-16.16278,83.059826,537,-53.17,6.55,15.96,11.38,4.97,0.83042,0.000678,284.55
4093,2440.41,2572.98,-16.047974,83.468384,645,20.34,40.21,112.29,23.1,41.57,0.47266,0.000306,128.37
4094,2479.46,2578.97,-16.142672,84.086561,949,2.54,16.65,38.36,37.19,23.99,0.53883,0.000301,126.44
4095,2514.51,2579.28,-16.147703,84.641399,785,13.3,19.65,47.44,36.58,29.33,0.49496,0.000278,116.94
4096,2548.64,2582.33,-16.195883,85.181718,858,-4.82,17.4,46.54,35.02,25.38,0.53361,0.000305,128.25
4097,2573.3,2579.59,-16.152605,85.572173,544,-40.26,11.05,29.74,16.96,13.24,0.71102,0.000511,214.66
4098,2596.8,2590.75,-16.329259,85.944215,501,-43.24,11.59,30.91,15.36,14.07,0.71528,0.000534,224.31
4099,3073.6,2560.3,-15.847166,93.492387,160,153.14,74.21,850.9,7.92,66.84,0.3625,0.000318,133.37
4100,3084.25,2574.13,-16.066055,93.660987,308,84.37,66.36,524.61,7.46,55.9,0.44373,0.000392,164.75
4101,58.55,2611.95,-16.664785,45.761205,169,-54.9,15.63,46.47,4.07,20.72,0.73859,0.000696,292.52
4102,77.92,2603.09,-16.524541,46.067858,580,-53.77,8.69,23.51,8.54,8.65,0.81745,0.000707,297.07
4103,122.4,2593.06,-16.365843,46.772086,205,-58.54,4.54,15.73,7.07,1.41,0.89789,0.0008,335.94
4104,147.78,2606.44,-16.577614,47.173773,713,-44.64,10.02,23.52,12.83,11.09,0.76176,0.000602,252.96
4105,173.15,2614.71,-16.708588,47.575466,992,-8.96,7.33,18.04,53.46,8.5,0.62444,0.000286,119.91
4106,207.2,2603.55,-16.531788,48.114501,1116,1.72,5.19,11.9,111.51,7.41,0.61148,0.000236,98.94
4107,245.1,2614.54,-16.705917,48.714503,1312,-18.48,5.08,11.42,178.36,9.11,0.6102,0.000235,98.73
4108,277.52,2608.17,-16.604996,49.227715,1082,-10.52,3.74,8.53,226.88,6.85,0.63012,0.000243,101.95
4109,306.34,2603.29,-16.52776,49.68398,1078,-7.83,4.26,9.78,245.65,7.77,0.62187,0.00024,100.62
4110,342.04,2601.65,-16.501804,50.249137,1226,-15.3,2.57,6.12,262.48,4.79,0.64859,0.00025,104.94
4111,369.96,2611.13,-16.651881,50.691057,767,-21.31,6.04,15.56,280.77,10.82,0.59513,0.000229,96.29
4112,395.43,2605.86,-16.568364,51.094406,813,29.49,30.24,86.73,277.24,46.7,0.33651,0.00013,54.45
4113,428.5,2600.98,-16.491215,51.617794,1458,88.56,33.09,91.4,287.01,47.27,0.33101,0.000128,53.56
4114,466.08,2605.54,-16.563306,52.212764,861,133.99,40.17,107.15,325.45,48.15,0.32339,0.000125,52.32
4115,494.37,2609.54,-16.626718,52.660644,948,76.0,37.41,111.14,360.63,47.89,0.32639,0.000126,52.81
4116,524.98,2601.56,-16.500429,53.145265,1342,47.76,25.65,65.85,382.26,45.51,0.34223,0.000132,55.37
4117,558.26,2614.06,-16.698289,53.672037,1378,50.45,21.55,51.9,410.83,38.26,0.36411,0.00014,58.91
4118,595.49,2604.23,-16.542657,54.261493,1313,60.79,24.4,60.67,374.99,43.36,0.34692,0.000134,56.13
4119,628.12,2613.86,-16.694997,54.778102,1022,76.44,25.09,61.0,381.6,44.61,0.34342,0.000132,55.56
4120,654.75,2607.34,-16.591907,55.199597,1008,65.1,35.26,92.55,368.45,47.15,0.33235,0.000128,53.77
4121,687.27,2610.38,-16.639911,55.714482,868,44.85,25.11,63.57,378.81,44.51,0.3449,0.000133,55.8
4122,714.11,2598.11,-16.445666,56.139286,928,91.02,26.92,62.66,368.58,46.28,0.33885,0.000131,54.82
4123,743.83,2605.24,-16.558647,56.609838,1135,69.78,19.76,42.98,398.63,35.12,0.38879,0.00015,62.91
4124,775.05,2609.71,-16.629389,57.104094,1062,56.06,16.23,33.6,430.43,28.84,0.44,0.00017,71.19
4125,810.11,2604.22,-16.542488,57.659133,871,54.14,19.84,46.88,456.37,35.28,0.38776,0.000149,62.74
4126,842.05,2609.18,-16.620958,58.164697,1015,58.61,24.07,68.46,498.73,43.06,0.34602,0.000133,55.99
4127,876.46,2604.24,-16.542835,58.709579,1002,222.48,46.51,144.42,534.84,50.08,0.30689,0.000118,49.65
4128,912.47,2609.39,-16.624374,59.279565,1223,239.79,35.35,99.56,588.17,48.61,0.31804,0.000123,51.46
4129,949.51,2607.68,-16.597202,59.866028,1232,354.9,44.0,134.47,635.08,50.64,0.30039,0.000116,48.6
4130,978.49,2607.3,-16.59117,60.324743,819,467.48,43.49,126.38,646.28,51.14,0.29477,0.000114,47.69
4131,1006.23,2612.55,-16.674406,60.763873,1174,509.78,37.36,104.13,656.56,50.64,0.29791,0.000115,48.2
4132,1040.1,2607.29,-16.591141,61.30017,1041,279.63,47.18,163.04,653.14,51.13,0.29783,0.000115,48.19
4133,1069.19,2601.77,-16.503606,61.760645,981,132.84,26.6,64.07,652.77,46.61,0.33549,0.000129,54.28
4134,1098.55,2606.09,-16.572022,62.225359,1067,140.8,25.82,60.21,673.25,46.24,0.33659,0.00013,54.46
4135,1131.75,2601.16,-16.493996,62.751017,959,145.83,21.81,49.08,684.34,39.25,0.35463,0.000137,57.38
4136,1163.18,2607.86,-16.600127,63.248596,1091,148.24,32.73,72.22,717.09,47.01,0.33211,0.000128,53.73
4137,1198.42,2606.68,-16.581439,63.806389,1258,189.16,34.62,86.66,744.0,47.8,0.32519,0.000125,52.61
4138,1232.67,2607.8,-16.599187,64.348639,1082,209.15,41.3,105.94,777.15,48.62,0.31844,0.000123,51.52
4139,1262.26,2612.73,-16.677226,64.817028,733,269.16,26.07,67.25,813.78,47.67,0.32492,0.000125,52.57
4140,1291.66,2609.43,-16.624939,65.282549,1247,263.98,32.69,88.98,840.88,48.4,0.31927,0.000123,51.66
4141,1325.29,2610.03,-16.634415,65.814913,1198,213.43,35.43,103.29,880.15,48.56,0.31886,0.000123,51.59
4142,1364.0,2608.81,-16.61512,66.427765,1003,167.37,32.35,86.49,925.49,47.65,0.32677,0.000126,52.87
4143,1395.53,2609.57,-16.627111,66.926979,843,79.73,30.31,75.98,966.26,46.67,0.33593,0.000129,54.35
4144,1422.0,2601.67,-16.50216,67.345987,1151,98.34,27.16,78.14,991.94,46.87,0.33401,0.000129,54.04
4145,1457.12,2602.44,-16.514324,67.901983,1062,192.9,36.77,144.75,1040.49,49.88,0.30888,0.000119,49.98
4146,1485.61,2603.48,-16.530676,68.352877,856,359.55,57.55,263.39,1081.26,55.23,0.26534,0.000102,42.93
4147,1511.92,2614.72,-16.708726,68.769411,1005,350.43,55.59,242.56,1128.85,54.43,0.27151,0.000105,43.93
4148,1545.67,2610.95,-16.648931,69.303765,1061,546.71,68.18,393.57,1107.17,61.13,0.21904,8.4e-05,35.44
4149,1586.86,2610.94,-16.64888,69.955898,1122,869.98,69.78,404.96,1037.58,63.77,0.19544,7.5e-05,31.62
4150,1620.15,2613.4,-16.687832,70.482797,765,1107.37,70.97,422.28,982.85,66.03,0.17632,6.8e-05,28.53
4151,1646.07,2607.92,-16.601032,70.893184,1008,852.14,70.52,430.63,936.66,64.56,0.1902,7.3e-05,30.77
4152,1681.76,2604.47,-16.54641,71.458161,1336,376.29,54.13,281.85,875.26,56.0,0.25932,0.0001,41.96
4153,1715.56,2609.4,-16.624443,71.993315,1182,154.16,31.63,88.37,821.92,47.62,0.32719,0.000126,52.94
4154,1746.89,2608.85,-16.615744,72.489309,808,147.84,24.34,59.05,769.9,43.79,0.34138,0.000132,55.23
4155,1781.27,2602.67,-16.517954,73.033617,1088,181.63,17.96,41.38,709.63,32.86,0.40494,0.000156,65.52
4156,1814.99,2613.21,-16.684704,73.567394,756,214.62,15.6,34.42,659.15,28.93,0.43634,0.000168,70.6
4157,1842.12,2603.89,-16.537293,73.996859,807,214.66,28.59,70.69,609.09,47.42,0.32781,0.000126,53.04
4158,1869.28,2609.8,-16.630822,74.4268,977,244.9,33.33,87.82,566.44,48.23,0.32093,0.000124,51.92
4159,1901.93,2607.29,-16.591124,74.943632,1232,248.72,32.98,79.43,510.83,47.96,0.32298,0.000124,52.26
4160,1937.52,2604.79,-16.551544,75.507058,974,222.79,31.48,84.24,450.75,47.95,0.32348,0.000125,52.34
4161,1963.44,2611.5,-16.657772,75.917544,931,232.4,29.45,75.16,413.41,47.7,0.32531,0.000125,52.63
4162,1996.93,2605.98,-16.570294,76.447676,1274,363.97,40.46,134.08,356.68,50.69,0.29987,0.000116,48.52
4163,2030.77,2603.55,-16.531873,76.983385,1096,586.93,64.47,326.91,302.59,59.05,0.23351,9e-05,37.78
4164,2062.46,2600.83,-16.488742,77.485062,1090,689.38,63.94,293.8,252.7,58.59,0.23532,9.1e-05,38.07
4165,2097.28,2609.1,-16.619686,78.036253,990,645.76,64.37,308.69,205.29,58.82,0.23434,9e-05,37.91
4166,2129.58,2613.53,-16.689815,78.54755,826,679.27,61.35,263.33,154.04,57.29,0.2442,9.4e-05,39.51
4167,2158.03,2610.24,-16.637732,78.998063,1282,766.61,60.63,254.54,104.45,55.38,0.24483,9.4e-05,39.61
4168,2192.44,2611.13,-16.651898,79.542807,987,632.57,71.15,473.83,46.47,59.63,0.2531,0.000127,53.24
4169,2212.94,2609.2,-16.621252,79.867305,386,66.82,59.28,321.46,11.24,48.76,0.47907,0.000392,164.65
4170,2416.35,2608.32,-16.607363,83.087505,995,-48.31,5.26,13.14,24.63,3.35,0.76452,0.000487,204.57
4171,2448.79,2601.96,-16.506622,83.601091,1274,-31.48,5.59,15.69,61.43,5.73,0.62449,0.000254,106.88
4172,2482.99,2607.74,-16.598192,84.142466,974,7.86,13.68,31.34,86.43,21.07,0.48624,0.000187,78.67
4173,2511.04,2607.02,-16.586757,84.58658,836,62.01,17.96,41.27,84.93,28.79,0.42072,0.000162,68.07
4174,2537.98,2608.6,-16.611815,85.012922,764,85.03,23.02,52.92,83.83,37.68,0.35873,0.000138,58.04
4175,2567.82,2608.62,-16.612085,85.485419,997,51.44,26.74,81.42,66.91,42.64,0.34457,0.000133,55.75
4176,2606.49,2615.24,-16.716948,86.097579,1096,39.97,26.5,74.47,44.74,41.33,0.41162,0.000211,88.45
4177,2632.72,2606.94,-16.585483,86.51282,560,10.7,41.0,166.81,15.35,43.08,0.50075,0.000374,157.07
4178,2668.24,2615.87,-16.726898,87.075122,532,110.47,63.9,347.32,13.32,50.07,0.4531,0.000354,148.84
4179,2707.93,2621.06,-16.809128,87.703403,403,75.92,60.81,284.6,12.08,47.56,0.48348,0.000389,163.2
4180,2735.56,2624.51,-16.863744,88.14089,414,148.1,67.34,337.64,12.41,49.95,0.45959,0.000367,154.03
4181,2775.75,2624.98,-16.871085,88.777192,321,3.5,51.04,169.12,11.32,42.94,0.53,0.000433,181.84
4182,2798.95,2622.31,-16.828795,89.144458,277,-26.56,34.36,84.13,9.92,39.66,0.56924,0.000479,201.13
4183,2829.58,2624.94,-16.870532,89.629255,229,-46.31,18.56,52.95,6.71,25.97,0.67091,0.000602,252.78
4184,3094.28,2592.91,-16.36342,93.819815,290,80.02,70.84,565.54,6.05,57.25,0.44186,0.000401,168.61
4185,3105.08,2610.39,-16.640185,93.990705,168,75.01,76.19,591.28,4.72,58.07,0.44397,0.000414,173.73
4186,146.66,2643.6,-17.165879,47.156107,794,-28.85,13.78,34.17,19.95,18.12,0.64463,0.00043,180.54
4187,177.36,2643.49,-17.164132,47.642089,879,15.55,5.12,12.96,70.67,5.61,0.61522,0.000237,99.54
4188,202.76,2633.34,-17.003534,48.044259,769,13.62,6.41,13.06,108.83,9.42,0.59267,0.000228,95.89
4189,229.74,2640.71,-17.120189,48.471251,949,4.87,7.7,18.74,157.55,13.86,0.56801,0.000219,91.9
4190,276.11,2640.48,-17.116421,49.205412,1058,-6.25,7.7,16.8,236.92,13.71,0.56951,0.000219,92.15
4191,306.67,2639.82,-17.106118,49.689164,764,-6.92,3.4,7.69,288.53,6.28,0.63512,0.000245,102.76
4192,328.65,2636.54,-17.054119,50.037168,889,-6.66,1.46,3.75,311.37,2.92,0.66515,0.000256,107.62
4193,359.05,2637.64,-17.071463,50.518466,1007,-6.77,5.9,12.92,326.84,10.6,0.59682,0.00023,96.56
4194,400.38,2637.46,-17.068692,51.17269,1353,80.11,33.71,101.23,333.33,47.56,0.32887,0.000127,53.21
4195,433.96,2640.08,-17.110172,51.704334,1227,209.67,43.02,125.38,353.86,49.31,0.31304,0.000121,50.65
4196,464.73,2634.37,-17.019818,52.191449,994,113.4,38.25,105.87,367.27,47.96,0.32521,0.000125,52.62
4197,495.32,2643.63,-17.166355,52.675691,1123,74.6,32.53,81.76,409.41,46.84,0.33468,0.000129,54.15
4198,527.13,2642.65,-17.150872,53.179263,1194,70.36,26.16,62.24,441.76,46.12,0.34045,0.000131,55.08
4199,561.01,2645.02,-17.188305,53.715602,869,49.17,19.54,47.94,460.35,34.79,0.39179,0.000151,63.39
4200,590.8,2642.24,-17.144396,54.187168,998,54.5,20.76,46.97,441.34,36.81,0.37557,0.000145,60.77
4201,620.75,2642.49,-17.148309,54.661408,1117,54.46,22.21,56.37,432.79,39.54,0.35597,0.000137,57.6
4202,660.76,2643.33,-17.161548,55.29472,1126,73.67,31.29,83.22,431.64,46.88,0.33435,0.000129,54.1
4203,689.21,2639.92,-17.107616,55.745235,928,56.34,22.05,52.11,430.29,39.13,0.3576,0.000138,57.86
4204,718.05,2632.92,-16.996794,56.201722,949,58.72,16.44,44.06,428.99,29.58,0.43384,0.000167,70.19
4205,750.86,2642.95,-17.155634,56.721133,1322,65.06,11.95,24.5,464.24,21.51,0.50113,0.000193,81.08
4206,786.09,2637.07,-17.06252,57.278796,949,58.35,15.04,34.01,481.48,26.91,0.45595,0.000176,73.77
4207,810.88,2634.94,-17.028858,57.671242,897,39.66,17.17,40.51,500.94,30.54,0.42641,0.000164,68.99
4208,840.98,2642.31,-17.145471,58.147889,1221,110.67,33.83,97.85,542.24,47.66,0.32763,0.000126,53.01
4209,874.72,2639.84,-17.106327,58.681892,1190,271.14,42.5,126.92,576.86,49.79,0.30831,0.000119,49.88
4210,905.25,2636.97,-17.060948,59.165297,942,365.33,41.38,126.4,610.64,50.43,0.30186,0.000116,48.84
4211,941.48,2640.3,-17.113614,59.738789,1211,451.02,38.86,111.6,661.78,50.5,0.29995,0.000116,48.53
4212,977.63,2644.15,-17.174648,60.311134,1108,570.32,40.53,112.28,706.8,51.35,0.29149,0.000112,47.16
4213,1009.84,2643.13,-17.158518,60.821037,914,591.93,40.85,129.59,710.29,52.11,0.28532,0.00011,46.16
4214,1044.33,2636.61,-17.055153,61.366994,1059,387.24,50.91,174.81,704.95,52.29,0.28719,0.000111,46.47
4215,1074.06,2639.64,-17.103209,61.837706,1044,227.65,39.97,121.53,719.39,49.3,0.31283,0.000121,50.62
4216,1104.34,2641.66,-17.135236,62.317149,955,244.77,39.36,118.82,735.79,49.33,0.31236,0.00012,50.54
4217,1133.26,2632.03,-16.982751,62.774835,1132,161.38,39.47,120.18,735.73,48.8,0.31785,0.000122,51.43
4218,1164.68,2643.88,-17.170282,63.272355,1193,190.59,28.33,69.74,775.59,47.22,0.32978,0.000127,53.36
4219,1202.12,2641.99,-17.140393,63.865033,1348,209.9,30.05,72.1,801.18,47.43,0.32777,0.000126,53.03
4220,1236.9,2636.14,-17.047839,64.415556,754,200.19,41.39,116.78,822.74,48.95,0.31606,0.000122,51.14
4221,1263.63,2641.6,-17.13421,64.838808,848,272.61,28.66,70.71,856.43,47.82,0.32371,0.000125,52.37
4222,1294.71,2642.53,-17.148988,65.330772,952,275.29,34.9,83.83,889.66,48.3,0.31989,0.000123,51.76
4223,1328.86,2641.81,-17.137517,65.871395,802,297.2,36.27,96.77,926.0,48.91,0.31477,0.000121,50.93
4224,1355.5,2635.41,-17.036284,66.293112,854,262.54,26.69,67.34,948.51,47.63,0.32536,0.000125,52.64
4225,1387.49,2637.32,-17.066446,66.799591,1020,166.25,23.07,55.83,989.8,41.7,0.34522,0.000133,55.86
4226,1419.86,2636.27,-17.049868,67.312089,851,94.83,23.65,58.42,1029.31,42.27,0.34764,0.000134,56.25
4227,1449.16,2636.63,-17.055578,67.775908,1147,62.34,17.47,43.36,1067.85,31.29,0.41984,0.000162,67.93
4228,1481.41,2637.3,-17.066089,68.286489,1091,101.16,28.44,76.68,1111.78,46.84,0.33422,0.000129,54.07
4229,1514.25,2645.27,-17.192258,68.80632,948,142.65,37.44,114.31,1157.15,48.46,0.3208,0.000124,51.9
4230,1554.09,2637.94,-17.076311,69.43703,1305,359.73,58.8,241.14,1105.93,54.45,0.27125,0.000104,43.89
4231,1585.39,2645.38,-17.194124,69.932528,808,423.74,63.77,298.66,1057.73,56.93,0.25169,9.7e-05,40.72
4232,1609.94,2636.25,-17.049497,70.321288,754,737.99,69.54,411.33,1011.94,63.09,0.20223,7.8e-05,32.72
4233,1648.3,2638.61,-17.086875,70.928433,1233,362.71,58.11,261.45,949.84,55.19,0.26563,0.000102,42.98
4234,1681.08,2643.91,-17.170748,71.447434,1076,115.72,32.79,95.28,898.58,47.6,0.32799,0.000126,53.07
4235,1709.67,2641.82,-17.137716,71.900081,992,109.13,27.15,72.06,849.87,46.73,0.33494,0.000129,54.19
4236,1747.67,2637.82,-17.074434,72.501596,905,142.03,13.74,31.38,784.31,25.24,0.46824,0.00018,75.76
4237,1771.47,2633.85,-17.011487,72.878393,843,178.15,16.06,37.94,742.43,29.57,0.43179,0.000166,69.86
4238,1797.52,2637.93,-17.076112,73.290859,1017,212.61,17.63,40.02,701.01,32.47,0.40747,0.000157,65.93
4239,1831.86,2636.56,-17.054387,73.834426,941,235.85,20.34,51.2,643.35,37.51,0.36668,0.000141,59.33
4240,1863.96,2639.36,-17.098759,74.342619,1023,270.09,36.4,100.27,592.55,48.85,0.3157,0.000122,51.08
4241,1903.75,2640.86,-17.122521,74.972567,1328,292.67,33.04,82.15,529.83,48.36,0.31913,0.000123,51.63
4242,1937.32,2641.29,-17.129245,75.504026,1093,254.5,29.21,78.58,477.57,47.97,0.32281,0.000124,52.23
4243,1972.94,2640.51,-17.116895,76.067842,1124,274.49,38.89,106.08,422.38,49.08,0.3138,0.000121,50.77
4244,2005.04,2640.86,-17.12253,76.575989,1139,332.93,48.97,155.73,373.2,51.24,0.29612,0.000114,47.91
4245,2038.14,2641.37,-17.13055,77.099965,1022,420.31,51.83,176.86,319.6,52.59,0.28437,0.00011,46.01
4246,2067.3,2630.91,-16.965066,77.561608,1055,593.17,59.32,262.05,266.13,56.8,0.24999,9.6e-05,40.45
4247,2097.13,2638.61,-17.086938,78.033853,721,658.45,61.49,277.05,218.71,57.79,0.24171,9.3e-05,39.11
4248,2122.62,2638.31,-17.082103,78.437519,738,531.49,58.77,238.3,175.55,55.54,0.26037,0.0001,42.13
4249,2156.55,2647.35,-17.225247,78.974581,1041,574.77,58.07,257.33,125.04,55.07,0.25518,9.8e-05,41.29
4250,2186.44,2638.99,-17.092876,79.447709,925,853.69,68.65,397.06,72.13,59.59,0.20528,7.9e-05,33.21
4251,2218.47,2637.65,-17.071693,79.954877,663,269.51,67.29,479.96,23.29,56.3,0.34623,0.000223,93.86
4252,2236.39,2652.22,-17.30237,80.23846,244,17.59,51.63,285.31,10.08,47.09,0.50224,0.000421,176.87
4253,2397.74,2649.72,-17.262834,82.7929,326,-44.27,18.03,91.98,10.8,26.67,0.63454,0.000524,220.12
4254,2416.45,2639.48,-17.100668,83.089126,687,-31.62,10.92,45.83,31.98,14.31,0.64048,0.000379,159.04
4255,2442.01,2640.7,-17.119933,83.493768,1123,1.44,17.56,64.47,76.1,28.15,0.42464,0.000164,68.7
4256,2476.05,2637.28,-17.065811,84.032622,1264,30.59,23.25,83.63,125.48,40.63,0.34939,0.000135,56.53
4257,2514.91,2634.13,-17.015991,84.647714,829,16.55,14.22,40.56,132.17,24.37,0.4709,0.000181,76.19
4258,2541.76,2641.23,-17.128381,85.072769,953,53.5,26.41,80.09,132.44,45.52,0.3389,0.000131,54.83
4259,2577.77,2634.64,-17.024021,85.642842,955,106.59,30.38,82.19,92.79,44.2,0.33808,0.00013,54.7
4260,2608.98,2645.23,-17.191624,86.137004,917,121.81,48.16,157.38,64.81,45.72,0.31913,0.000123,51.79
4261,2643.14,2633.26,-17.002176,86.67772,1074,354.21,64.3,338.59,48.56,53.01,0.30224,0.000147,61.92
4262,2671.08,2643.17,-17.159082,87.120158,958,427.28,65.23,389.61,51.68,55.46,0.2741,0.000128,53.91
4263,2700.6,2637.32,-17.066532,87.58738,895,412.87,66.75,365.62,41.4,54.06,0.31234,0.000166,69.85
4264,2739.9,2643.78,-17.168688,88.209558,843,157.93,46.22,201.22,45.08,46.64,0.36526,0.000186,78.16
4265,2768.86,2639.54,-17.101637,88.668133,770,-0.1,24.98,86.3,33.81,39.3,0.45028,0.000261,109.65
4266,2798.98,2640.14,-17.111092,89.144857,598,-53.51,8.0,22.23,15.47,7.77,0.77295,0.000576,241.77
4267,2824.42,2637.76,-17.073457,89.547661,457,-49.35,9.5,22.65,10.83,10.08,0.78641,0.000649,272.63
4268,3098.49,2642.43,-17.147297,93.886343,101,23.15,68.75,814.56,4.71,65.61,0.39429,0.000367,154.31
4269,3109.74,2648.24,-17.239356,94.06458,328,87.22,59.1,403.3,9.28,51.71,0.46686,0.000398,167.14
4270,3145.69,2645.0,-17.188019,94.633631,515,-20.83,41.12,122.47,7.54,40.95,0.5745,0.000507,212.97
4271,52.83,2684.83,-17.81865,45.6707,6,-63.55,8.32,33.31,1.75,8.01,0.8759,0.000861,361.75
4272,100.45,2686.28,-17.84159,46.424565,170,-40.4,22.01,63.67,8.04,32.16,0.60597,0.00053,222.43
4273,121.16,2680.56,-17.751068,46.752418,443,-33.8,14.5,40.64,14.68,19.27,0.67283,0.00051,214.34
4274,151.51,2670.84,-17.597058,47.232888,841,4.27,11.72,30.0,38.39,15.61,0.60824,0.000335,140.82
4275,176.86,2676.2,-17.681919,47.634167,830,30.33,7.11,16.09,82.83,9.65,0.58284,0.000225,94.3
4276,206.13,2666.3,-17.525243,48.097577,988,27.64,6.69,13.78,127.38,10.84,0.58535,0.000225,94.71
4277,242.76,2663.57,-17.481966,48.677401,1002,-2.62,6.12,14.77,188.71,11.06,0.59269,0.000228,95.9
4278,273.16,2671.39,-17.605753,49.158634,836,-3.82,5.7,12.69,243.51,10.29,0.59954,0.000231,97.0
4279,302.56,2668.5,-17.560026,49.624142,910,-4.36,6.37,13.45,292.48,11.41,0.58963,0.000227,95.4
4280,337.15,2665.62,-17.514487,50.171715,845,-0.1,4.26,9.85,349.2,7.83,0.6212,0.000239,100.51
4281,371.11,2662.12,-17.459123,50.709281,805,-10.08,5.5,13.37,370.02,9.93,0.60277,0.000232,97.53
4282,396.12,2675.86,-17.676521,51.105227,1079,6.15,13.54,37.16,398.11,24.17,0.47971,0.000185,77.61
4283,431.51,2673.55,-17.640092,51.665453,967,60.29,30.52,81.69,407.81,46.74,0.33571,0.000129,54.32
4284,463.11,2666.01,-17.520583,52.165748,954,70.94,23.18,55.83,415.37,41.23,0.35169,0.000135,56.9
4285,502.96,2674.75,-17.658965,52.796598,698,55.35,19.53,42.42,461.98,34.61,0.39309,0.000151,63.6
4286,529.61,2669.36,-17.573617,53.218595,639,71.95,17.67,39.69,480.89,31.56,0.4175,0.000161,67.55
4287,567.21,2670.33,-17.588997,53.813785,762,42.81,16.54,37.74,499.32,29.42,0.43553,0.000168,70.47
4288,592.91,2673.57,-17.640367,54.220662,733,51.54,14.59,32.65,494.05,26.07,0.46306,0.000178,74.92
4289,629.01,2677.73,-17.70626,54.7921,669,64.75,19.74,50.47,492.69,35.31,0.38728,0.000149,62.66
4290,649.03,2667.4,-17.54269,55.109142,849,58.33,23.54,59.04,473.43,41.86,0.35046,0.000135,56.7
4291,685.15,2671.6,-17.609138,55.680846,788,52.26,17.64,45.3,484.33,31.56,0.41775,0.000161,67.59
4292,715.12,2662.5,-17.46515,56.155313,822,63.99,17.83,39.86,477.86,31.77,0.4159,0.00016,67.29
4293,747.79,2673.09,-17.632775,56.672522,847,61.38,9.98,23.52,511.66,18.19,0.52947,0.000204,85.67
4294,782.64,2671.36,-17.605398,57.224299,1053,48.68,15.27,34.71,532.01,27.25,0.45332,0.000175,73.35
4295,815.57,2668.11,-17.553963,57.745546,888,72.5,20.26,57.64,554.29,36.48,0.37778,0.000146,61.12
4296,845.64,2671.47,-17.607173,58.221568,737,234.4,49.76,181.06,588.07,51.46,0.29605,0.000114,47.9
4297,876.5,2671.9,-17.613842,58.710201,751,332.34,50.95,173.75,621.25,51.87,0.29127,0.000112,47.13
4298,907.44,2666.37,-17.52642,59.199963,904,341.59,38.16,107.55,649.81,49.6,0.30868,0.000119,49.94
4299,941.79,2668.72,-17.56363,59.743784,947,454.71,51.12,170.44,695.33,52.6,0.28374,0.000109,45.91
4300,977.72,2674.18,-17.650076,60.312534,838,557.53,41.34,119.6,747.94,51.52,0.29039,0.000112,46.98
4301,1005.67,2669.91,-17.582344,60.755027,599,683.66,45.37,158.67,756.66,53.77,0.27125,0.000104,43.89
4302,1036.6,2665.87,-17.518458,61.244656,1000,507.57,56.78,220.37,753.97,54.74,0.26674,0.000103,43.16
4303,1074.18,2668.82,-17.565091,61.839588,791,400.55,32.19,89.29,769.37,49.36,0.30958,0.000119,50.09
4304,1099.7,2668.58,-17.561414,62.243563,563,329.0,36.25,97.82,778.99,49.17,0.31224,0.00012,50.52
4305,1127.59,2666.07,-17.521633,62.685099,811,267.37,39.06,123.39,788.65,49.64,0.30954,0.000119,50.08
4306,1160.03,2672.0,-17.615429,63.198749,823,237.76,38.68,107.76,817.78,48.89,0.31591,0.000122,51.11
4307,1191.76,2674.13,-17.649154,63.701004,900,181.89,35.6,96.9,843.3,48.12,0.32285,0.000124,52.24
4308,1229.94,2663.78,-17.485317,64.305415,998,200.36,41.47,116.01,858.07,48.92,0.31627,0.000122,51.17
4309,1265.69,2672.11,-17.617257,64.871355,894,295.56,27.46,75.01,902.9,48.13,0.3209,0.000124,51.92
4310,1300.82,2664.94,-17.503681,65.427496,753,290.35,33.01,83.46,927.4,48.39,0.31893,0.000123,51.6
4311,1333.92,2662.73,-17.468788,65.95149,619,305.84,30.77,74.22,959.85,48.17,0.3204,0.000123,51.84
4312,1353.11,2671.46,-17.606978,66.255429,748,263.27,19.29,48.28,993.12,35.87,0.37928,0.000146,61.37
4313,1386.35,2668.66,-17.562682,66.781633,1088,198.93,18.62,42.5,1027.95,34.1,0.39456,0.000152,63.84
4314,1422.97,2664.54,-17.49742,67.361235,1022,154.74,18.99,44.47,1067.43,34.48,0.39233,0.000151,63.48
4315,1456.96,2669.89,-17.582063,67.899415,953,108.28,19.07,48.19,1116.93,34.43,0.3936,0.000152,63.68
4316,1492.26,2668.38,-17.558224,68.458304,854,66.57,24.88,64.6,1161.2,44.32,0.34382,0.000132,55.63
4317,1524.02,2668.58,-17.5613,68.96098,693,53.42,17.43,47.82,1171.6,31.32,0.41973,0.000162,67.91
4318,1551.78,2673.04,-17.632006,69.400453,1012,68.02,25.77,80.12,1129.15,46.35,0.33639,0.00013,54.43
4319,1586.91,2666.82,-17.533478,69.956599,749,208.15,55.42,294.2,1067.54,55.28,0.26739,0.000103,43.26
4320,1614.29,2668.66,-17.562578,70.390027,880,108.77,32.77,138.74,1023.12,49.09,0.31643,0.000122,51.2
4321,1649.73,2670.51,-17.591845,70.951059,1052,87.62,24.78,66.93,964.82,44.38,0.342,0.000132,55.33
4322,1680.28,2674.43,-17.65393,71.434781,677,118.83,22.55,58.37,915.77,40.6,0.34966,0.000135,56.57
4323,1706.28,2670.98,-17.599339,71.846323,600,166.31,22.08,55.25,870.65,40.05,0.34869,0.000134,56.42
4324,1738.5,2663.53,-17.481382,72.356416,1155,128.72,29.03,77.32,813.16,47.05,0.33208,0.000128,53.73
4325,1777.7,2671.69,-17.610599,72.977036,1056,140.32,20.86,53.66,753.75,37.8,0.36611,0.000141,59.23
4326,1814.13,2666.28,-17.524864,73.553704,1092,213.3,21.43,45.6,691.17,38.97,0.35567,0.000137,57.55
4327,1843.94,2668.88,-17.566147,74.025682,626,277.49,29.22,70.68,645.28,47.85,0.32338,0.000125,52.32
4328,1869.69,2663.18,-17.475912,74.433323,785,264.89,40.74,113.73,600.3,49.29,0.31235,0.00012,50.54
4329,1905.85,2672.09,-17.616895,75.005796,899,351.85,36.66,95.91,551.45,49.26,0.31116,0.00012,50.35
4330,1938.8,2672.44,-17.62246,75.527319,874,304.89,35.56,90.14,499.95,48.73,0.31605,0.000122,51.14
4331,1968.38,2668.97,-17.567464,75.995723,838,290.69,33.29,85.74,449.57,48.47,0.31828,0.000123,51.5
4332,2006.17,2676.34,-17.684225,76.593978,687,478.29,49.85,166.79,389.8,52.64,0.28309,0.000109,45.8
4333,2026.47,2665.45,-17.51176,76.915235,768,451.52,54.22,203.23,350.22,53.74,0.27514,0.000106,44.52
4334,2069.24,2661.8,-17.45401,77.592456,1105,532.33,51.08,170.57,276.86,53.15,0.27837,0.000107,45.04
4335,2097.24,2672.64,-17.625552,78.035715,648,507.46,51.71,197.31,237.37,53.92,0.27291,0.000105,44.16
4336,2124.94,2664.59,-17.498137,78.474232,1013,450.85,53.87,185.35,187.62,53.11,0.27997,0.000108,45.3
4337,2164.28,2674.05,-17.647947,79.09703,971,694.21,61.51,282.84,136.83,57.32,0.23956,9.2e-05,38.76
4338,2198.41,2667.01,-17.536496,79.637202,962,914.17,69.07,411.31,79.38,60.83,0.19729,7.6e-05,31.92
4339,2226.29,2665.48,-17.512244,80.078571,627,485.66,73.16,521.01,35.84,59.81,0.28165,0.00016,67.09
4340,2247.83,2675.21,-17.666309,80.419712,290,28.93,49.46,270.17,11.13,46.68,0.49837,0.000409,171.68
4341,2323.29,2686.46,-17.844342,81.614179,217,-52.99,14.26,43.42,6.5,18.48,0.7411,0.000668,280.36
4342,2367.14,2680.28,-17.746616,82.308387,219,-55.0,5.81,26.92,12.71,4.18,0.82764,0.000656,275.56
4343,2384.65,2669.9,-17.582238,82.585567,539,49.56,36.5,217.68,20.75,45.39,0.44661,0.000295,124.04
4344,2415.19,2665.64,-17.514764,83.069084,723,227.05,65.49,325.49,51.12,51.78,0.30697,0.000145,60.83
4345,2454.08,2670.4,-17.590196,83.684726,810,116.61,50.28,167.98,112.07,48.16,0.31183,0.00012,50.45
4346,2485.0,2665.38,-17.510712,84.174295,765,200.36,59.72,259.0,158.67,53.98,0.27733,0.000107,44.87
4347,2511.52,2663.93,-17.487697,84.594182,860,179.95,52.63,238.78,169.44,53.12,0.28417,0.000109,45.98
4348,2546.06,2669.76,-17.58,85.140892,1006,123.67,50.35,208.3,117.45,49.87,0.29982,0.000115,48.51
4349,2576.32,2664.59,-17.498254,85.619913,987,-0.58,12.73,42.36,76.04,19.35,0.49785,0.000192,80.55
4350,2615.54,2667.7,-17.547401,86.240778,818,-7.29,23.33,91.54,26.99,36.4,0.47773,0.000297,124.87
4351,2645.99,2668.21,-17.555562,86.722831,894,203.72,61.6,310.96,23.28,49.87,0.39941,0.000258,108.29
4352,2673.55,2672.62,-17.625295,87.159274,552,349.89,65.16,393.01,25.75,53.9,0.35734,0.000225,94.57
4353,2698.9,2664.99,-17.504457,87.560458,818,312.73,64.58,404.81,51.44,55.2,0.27854,0.000131,54.96
4354,2729.96,2666.4,-17.526865,88.052279,975,138.61,44.53,254.09,69.9,49.48,0.29047,0.000112,47.0
4355,2768.51,2666.54,-17.52901,88.662484,986,-18.0,13.71,51.23,61.3,20.51,0.49629,0.000203,85.11
4356,2802.57,2668.32,-17.557182,89.201677,719,-51.97,7.01,15.44,15.55,5.9,0.78975,0.000587,246.57
4357,2827.08,2672.54,-17.624027,89.589718,152,-59.03,8.35,24.31,4.1,7.87,0.85904,0.00081,340.04
4358,2858.3,2673.05,-17.632117,90.084026,99,-51.46,39.87,161.87,2.7,41.92,0.60085,0.000581,243.98
4359,3105.23,2658.68,-17.404641,93.993115,135,116.21,69.84,1153.26,6.58,66.53,0.37426,0.000337,141.36
4360,3124.89,2670.16,-17.586317,94.304379,635,-3.09,34.43,203.61,14.31,44.24,0.49813,0.000381,160.03
4361,3150.07,2673.53,-17.639787,94.702938,729,-23.94,14.17,35.36,22.63,18.96,0.62839,0.000408,171.43
4362,3164.28,2684.93,-17.820234,94.927861,120,-43.55,24.01,65.53,7.74,35.5,0.60032,0.000528,221.67
4363,53.0,2696.0,-17.99543,45.673339,7,-63.58,6.8,36.99,1.75,5.63,0.89873,0.000884,371.17
4364,88.15,2696.16,-17.998041,46.229871,97,-43.12,19.16,60.9,7.53,27.3,0.65282,0.000576,242.05
4365,107.71,2694.9,-17.977948,46.539391,211,-16.14,6.26,17.91,26.8,5.5,0.73691,0.000459,192.99
4366,139.47,2691.36,-17.922003,47.042168,561,3.63,9.29,22.91,45.23,11.64,0.62209,0.000316,132.88
4367,176.45,2694.88,-17.977647,47.627651,292,34.26,8.88,19.4,95.33,13.28,0.55474,0.000214,89.76
4368,207.04,2690.68,-17.911239,48.111866,569,13.22,7.13,15.92,140.72,12.12,0.57815,0.000223,93.54
4369,241.5,2688.79,-17.881257,48.657542,736,-6.97,6.98,16.93,196.85,12.52,0.57992,0.000223,93.83
4370,269.1,2692.52,-17.9404,49.094441,334,7.05,9.72,21.24,244.78,17.3,0.53816,0.000207,87.07
4371,300.03,2691.62,-17.926098,49.583996,585,-0.37,8.35,18.49,296.73,14.89,0.55916,0.000215,90.47
4372,336.79,2688.84,-17.882016,50.166069,756,5.83,6.42,13.52,358.68,11.56,0.58808,0.000227,95.15
4373,367.01,2688.01,-17.868883,50.644492,629,16.23,9.78,21.12,406.28,17.46,0.53662,0.000207,86.82
4374,409.85,2692.39,-17.93829,51.322664,407,-7.28,2.89,7.72,430.56,5.43,0.64268,0.000248,103.98
4375,438.99,2693.85,-17.961451,51.783903,328,37.86,14.15,33.27,445.54,25.27,0.46998,0.000181,76.04
4376,466.73,2689.86,-17.898216,52.223056,533,47.96,12.91,29.04,455.92,23.14,0.48767,0.000188,78.9
4377,491.23,2688.23,-17.872435,52.611015,572,51.88,18.31,39.77,472.04,32.48,0.41038,0.000158,66.4
4378,527.57,2690.32,-17.905458,53.186209,502,52.99,10.78,23.66,508.44,19.46,0.51878,0.0002,83.94
4379,554.98,2687.99,-17.868673,53.62014,726,40.06,18.07,36.16,528.64,31.88,0.41553,0.00016,67.23
4380,594.95,2691.52,-17.924516,54.252923,413,35.31,13.14,35.52,524.18,23.65,0.48351,0.000186,78.23
4381,615.2,2686.83,-17.850224,54.57354,476,108.31,31.35,84.47,510.73,47.17,0.33152,0.000128,53.64
4382,653.74,2691.95,-17.931256,55.183633,503,51.23,14.39,33.21,516.37,25.76,0.46566,0.000179,75.34
4383,686.89,2690.88,-17.914334,55.708442,620,40.3,11.88,29.75,518.22,21.41,0.50243,0.000194,81.29
4384,720.21,2687.5,-17.860878,56.235859,685,59.43,12.39,29.22,522.4,22.37,0.49397,0.00019,79.92
4385,747.92,2693.45,-17.955082,56.674653,339,51.51,16.97,37.6,545.44,30.18,0.42911,0.000165,69.43
4386,775.57,2692.15,-17.934499,57.112296,463,44.24,11.0,26.63,560.13,19.87,0.51545,0.000199,83.4
4387,814.04,2690.62,-17.910273,57.721397,670,108.28,34.05,110.93,587.12,48.1,0.32417,0.000125,52.45
4388,854.62,2690.2,-17.903636,58.363813,610,391.78,52.44,209.57,623.92,53.55,0.27752,0.000107,44.9
4389,882.24,2693.61,-17.957624,58.801093,286,298.12,41.2,106.76,657.18,49.27,0.31195,0.00012,50.47
4390,906.67,2689.24,-17.888366,59.187707,620,316.31,33.03,83.48,678.47,48.57,0.3171,0.000122,51.3
4391,940.82,2690.61,-17.910027,59.728413,598,489.63,50.89,179.55,720.87,53.17,0.27888,0.000107,45.12
4392,971.8,2692.2,-17.935285,60.21886,478,526.75,49.83,166.25,761.62,52.96,0.27991,0.000108,45.29
4393,1009.46,2689.36,-17.890274,60.815104,590,589.8,56.37,210.98,790.54,54.97,0.26369,0.000102,42.66
4394,1036.76,2690.95,-17.915533,61.247151,491,401.27,55.56,235.66,797.56,54.54,0.26989,0.000104,43.67
4395,1066.14,2689.41,-17.89117,61.712413,676,410.49,41.9,118.89,802.19,50.48,0.30077,0.000116,48.66
4396,1101.56,2690.25,-17.904474,62.273125,605,273.05,35.48,90.88,816.6,48.53,0.3181,0.000123,51.47
4397,1135.31,2688.95,-17.883878,62.807421,711,273.48,28.33,65.9,830.91,47.65,0.32499,0.000125,52.58
4398,1170.17,2692.71,-17.943305,63.359167,458,243.9,37.85,113.89,858.01,49.15,0.31378,0.000121,50.77
4399,1207.38,2690.81,-17.91328,63.948276,518,228.63,43.87,122.82,881.41,49.36,0.31239,0.00012,50.54
4400,1237.05,2687.56,-17.86178,64.417998,728,177.87,47.04,128.59,900.36,49.21,0.31437,0.000121,50.86
4401,1265.27,2693.91,-17.962274,64.864814,318,291.51,34.55,92.71,934.79,48.73,0.31628,0.000122,51.17
4402,1292.42,2687.54,-17.861538,65.294561,684,283.97,21.05,52.42,951.18,39.06,0.3536,0.000136,57.21
4403,1323.96,2687.58,-17.862094,65.793814,819,290.47,18.76,44.75,983.31,35.04,0.38533,0.000148,62.34
4404,1364.37,2689.24,-17.888359,66.433598,655,230.87,17.09,39.06,1029.53,31.68,0.41361,0.000159,66.92
4405,1399.27,2690.35,-17.905909,66.98614,533,206.19,19.03,44.68,1071.16,34.9,0.38797,0.000149,62.77
4406,1427.65,2689.87,-17.89837,67.43534,603,186.83,15.27,33.42,1104.59,28.16,0.44322,0.000171,71.71
4407,1462.18,2690.26,-17.904576,67.981979,544,157.47,14.99,37.71,1147.98,27.65,0.44798,0.000173,72.48
4408,1488.93,2690.7,-17.911598,68.405515,501,134.05,14.52,35.83,1182.67,26.63,0.45679,0.000176,73.91
4409,1518.83,2690.37,-17.906373,68.878863,542,92.28,25.08,61.07,1192.1,44.71,0.34229,0.000132,55.38
4410,1549.4,2694.13,-17.965875,69.362756,338,111.58,22.39,54.7,1144.83,40.17,0.35173,0.000135,56.91
4411,1582.19,2689.6,-17.89416,69.881923,718,72.58,15.99,38.91,1087.56,28.75,0.44043,0.00017,71.26
4412,1623.02,2688.62,-17.878613,70.528226,686,65.21,13.78,34.06,1018.75,24.87,0.47277,0.000182,76.49
4413,1654.1,2693.17,-17.950617,71.02034,384,123.44,22.45,50.92,969.55,40.22,0.35174,0.000135,56.91
4414,1683.05,2693.05,-17.948757,71.478569,386,153.61,21.3,47.63,921.74,38.41,0.36111,0.000139,58.43
4415,1715.39,2689.54,-17.893192,71.99055,620,195.67,10.71,22.58,866.58,20.3,0.50892,0.000196,82.34
4416,1746.2,2689.04,-17.885221,72.478274,599,211.76,22.36,55.79,816.11,40.85,0.34433,0.000133,55.71
4417,1770.98,2692.37,-17.93789,72.870652,364,157.15,40.58,110.81,778.46,48.44,0.32074,0.000124,51.89
4418,1805.45,2690.16,-17.90303,73.416371,661,190.66,19.83,46.97,722.04,36.2,0.37788,0.000146,61.14
4419,1840.36,2689.78,-17.896959,73.968919,577,289.88,25.77,57.35,667.05,47.09,0.32695,0.000126,52.9
4420,1868.45,2689.3,-17.88933,74.413666,537,258.03,36.89,92.27,623.41,48.48,0.31877,0.000123,51.57
4421,1894.58,2688.94,-17.883722,74.827369,640,300.34,36.75,98.24,581.8,48.98,0.31415,0.000121,50.83
4422,1933.61,2692.79,-17.944675,75.445201,495,299.97,34.84,84.17,519.42,48.48,0.31806,0.000123,51.46
4423,1969.79,2691.25,-17.920271,76.018037,511,259.14,30.04,88.81,458.2,48.36,0.31966,0.000123,51.72
4424,1994.38,2687.95,-17.868053,76.407212,543,450.29,42.64,141.34,415.59,51.55,0.2919,0.000112,47.23
4425,2033.16,2690.08,-17.901632,77.021132,573,446.98,56.92,236.72,352.65,54.9,0.2665,0.000103,43.12
4426,2061.77,2687.11,-17.854752,77.474068,791,455.16,56.25,220.7,304.36,54.39,0.27021,0.000104,43.72
4427,2092.77,2691.56,-17.925175,77.964908,450,468.26,59.97,248.34,258.75,55.45,0.26199,0.000101,42.39
4428,2125.68,2689.44,-17.891503,78.48593,687,441.12,57.13,228.46,207.98,54.56,0.26911,0.000104,43.54
4429,2161.31,2692.96,-17.947301,79.049933,498,569.67,61.75,278.45,157.81,57.22,0.24725,9.5e-05,40.0
4430,2195.08,2691.8,-17.928953,79.584559,462,788.44,56.18,236.02,104.92,54.9,0.24818,9.6e-05,40.15
4431,2224.2,2688.17,-17.871522,80.045594,647,887.72,69.58,496.98,57.2,62.69,0.20017,8.7e-05,36.48
4432,2252.56,2692.4,-17.938408,80.49451,422,119.63,49.84,365.89,20.28,51.1,0.39927,0.000265,111.38
4433,2303.03,2695.32,-17.984721,81.293502,136,-53.74,10.58,33.31,7.35,12.06,0.79437,0.000704,295.58
4434,2328.86,2694.39,-17.969938,81.702442,331,-34.85,18.1,43.69,19.27,25.52,0.58403,0.000396,166.47
4435,2355.86,2692.42,-17.938748,82.129894,348,-55.77,7.31,39.79,14.67,7.2,0.78426,0.000595,249.89
4436,2385.26,2690.62,-17.910305,82.595364,533,78.77,50.41,224.19,47.86,47.03,0.35576,0.000175,73.54
4437,2415.24,2687.59,-17.862311,83.06988,734,188.44,54.95,238.86,78.42,49.67,0.29041,0.000112,46.99
4438,2443.36,2689.08,-17.885948,83.515033,593,50.75,40.65,124.78,114.71,46.29,0.3282,0.000126,53.1
4439,2477.77,2688.91,-17.883266,84.059771,670,98.28,51.83,196.13,163.65,51.05,0.30139,0.000116,48.76
4440,2513.12,2688.87,-17.882489,84.619455,753,274.66,69.11,393.4,166.33,59.24,0.23689,9.1e-05,38.33
4441,2548.35,2692.12,-17.933935,85.177202,528,201.76,62.51,258.52,104.68,51.62,0.28192,0.000109,45.61
4442,2577.44,2691.52,-17.924469,85.637685,398,2.5,27.75,95.58,54.23,42.24,0.37797,0.000171,71.82
4443,2598.54,2686.13,-17.839217,85.971708,551,-46.11,6.65,17.45,23.01,5.75,0.74755,0.000484,203.2
4444,2675.88,2685.9,-17.835568,87.196128,102,28.44,71.19,463.59,4.71,53.23,0.48596,0.000453,190.19
4445,2701.07,2688.04,-17.869355,87.594881,525,317.29,69.9,452.43,17.51,55.4,0.37772,0.000268,112.52
4446,2734.77,2690.31,-17.90539,88.12839,733,499.64,66.03,355.61,62.23,55.23,0.24746,0.0001,41.83
4447,2769.17,2688.81,-17.881657,88.672979,573,174.14,50.17,257.17,56.46,49.24,0.31328,0.000137,57.7
4448,2791.14,2689.73,-17.896186,89.020702,383,-39.57,16.39,64.01,18.58,23.35,0.60802,0.00042,176.37
4449,2820.02,2685.54,-17.829813,89.477895,65,-60.17,7.32,18.58,2.61,5.89,0.88961,0.000861,361.82
4450,3100.93,2694.71,-17.974974,93.925088,89,166.97,77.61,1166.11,4.05,66.77,0.38782,0.000366,153.65
4451,3129.23,2691.18,-17.9191,94.373048,297,26.46,43.71,238.56,16.12,45.77,0.47219,0.000346,145.46
4452,3150.33,2694.28,-17.968256,94.707029,261,-17.48,7.26,18.06,31.66,7.35,0.70416,0.000418,175.44
4453,3167.64,2695.5,-17.987514,94.981177,70,-39.64,25.89,70.25,7.42,38.79,0.5938,0.000525,220.65
