cell_id,state_id,state_name,province_id,province_name
0,22,Sultanate of Kanchasuyu,7,Fionlaqtia County
1,22,Sultanate of Kanchasuyu,7,Fionlaqtia County
2,22,Sultanate of Kanchasuyu,7,Fionlaqtia County
3,22,Sultanate of Kanchasuyu,7,Fionlaqtia County
4,22,Sultanate of Kanchasuyu,7,Fionlaqtia County
5,22,Sultanate of Kanchasuyu,25,Lorkaia County
6,22,Sultanate of Kanchasuyu,25,Lorkaia County
7,22,Sultanate of Kanchasuyu,25,Lorkaia County
8,22,Sultanate of Kanchasuyu,25,Lorkaia County
9,22,Sultanate of Kanchasuyu,25,Lorkaia County
10,22,Sultanate of Kanchasuyu,16,Melia Margrave
11,22,Sultanate of Kanchasuyu,16,Melia Margrave
12,22,Sultanate of Kanchasuyu,16,Melia Margrave
13,22,Sultanate of Kanchasuyu,16,Melia Margrave
14,22,Sultanate of Kanchasuyu,16,Melia Margrave
15,22,Sultanate of Kanchasuyu,16,Melia Margrave
16,22,Sultanate of Kanchasuyu,106,Orcan Territory
17,22,Sultanate of Kanchasuyu,106,Orcan Territory
18,22,Sultanate of Kanchasuyu,106,Orcan Territory
19,22,Sultanate of Kanchasuyu,106,Orcan Territory
20,28,Emirate of Riagan,123,Bren Territory
21,28,Emirate of Riagan,123,Bren Territory
22,28,Emirate of Riagan,123,Bren Territory
23,28,Emirate of Riagan,123,Bren Territory
24,28,Emirate of Riagan,123,Bren Territory
25,28,Emirate of Riagan,123,Bren Territory
26,28,Emirate of Riagan,84,Kievan County
27,28,Emirate of Riagan,86,Rorinmia County
28,28,Emirate of Riagan,86,Rorinmia County
29,28,Emirate of Riagan,86,Rorinmia County
30,28,Emirate of Riagan,86,Rorinmia County
31,28,Emirate of Riagan,88,Orinlaqta County
32,28,Emirate of Riagan,88,Orinlaqta County
33,28,Emirate of Riagan,124,Orin Territory
34,28,Emirate of Riagan,124,Orin Territory
35,28,Emirate of Riagan,0,
36,28,Emirate of Riagan,0,
37,26,Raamkoda,131,Kiiraud Istekoda
38,26,Raamkoda,131,Kiiraud Istekoda
39,26,Raamkoda,131,Kiiraud Istekoda
40,26,Raamkoda,131,Kiiraud Istekoda
41,26,Raamkoda,131,Kiiraud Istekoda
42,26,Raamkoda,131,Kiiraud Istekoda
43,26,Raamkoda,131,Kiiraud Istekoda
44,26,Raamkoda,131,Kiiraud Istekoda
45,26,Raamkoda,131,Kiiraud Istekoda
46,26,Raamkoda,131,Kiiraud Istekoda
47,23,Xilhuan Altepetl,0,
48,23,Xilhuan Altepetl,0,
49,23,Xilhuan Altepetl,0,
50,0,Neutrals,0,
51,0,Neutrals,0,
52,22,Sultanate of Kanchasuyu,7,Fionlaqtia County
53,22,Sultanate of Kanchasuyu,7,Fionlaqtia County
54,22,Sultanate of Kanchasuyu,7,Fionlaqtia County
55,22,Sultanate of Kanchasuyu,7,Fionlaqtia County
56,22,Sultanate of Kanchasuyu,7,Fionlaqtia County
57,22,Sultanate of Kanchasuyu,7,Fionlaqtia County
58,22,Sultanate of Kanchasuyu,25,Lorkaia County
59,22,Sultanate of Kanchasuyu,25,Lorkaia County
60,22,Sultanate of Kanchasuyu,25,Lorkaia County
61,22,Sultanate of Kanchasuyu,25,Lorkaia County
62,22,Sultanate of Kanchasuyu,16,Melia Margrave
63,22,Sultanate of Kanchasuyu,16,Melia Margrave
64,22,Sultanate of Kanchasuyu,16,Melia Margrave
65,22,Sultanate of Kanchasuyu,16,Melia Margrave
66,22,Sultanate of Kanchasuyu,16,Melia Margrave
67,22,Sultanate of Kanchasuyu,16,Melia Margrave
68,22,Sultanate of Kanchasuyu,16,Melia Margrave
69,22,Sultanate of Kanchasuyu,106,Orcan Territory
70,22,Sultanate of Kanchasuyu,106,Orcan Territory
71,28,Emirate of Riagan,82,Dorinsia County
72,28,Emirate of Riagan,123,Bren Territory
73,28,Emirate of Riagan,123,Bren Territory
74,28,Emirate of Riagan,123,Bren Territory
75,28,Emirate of Riagan,123,Bren Territory
76,28,Emirate of Riagan,123,Bren Territory
77,28,Emirate of Riagan,84,Kievan County
78,28,Emirate of Riagan,84,Kievan County
79,28,Emirate of Riagan,84,Kievan County
80,28,Emirate of Riagan,86,Rorinmia County
81,28,Emirate of Riagan,86,Rorinmia County
82,28,Emirate of Riagan,88,Orinlaqta County
83,28,Emirate of Riagan,88,Orinlaqta County
84,28,Emirate of Riagan,88,Orinlaqta County
85,28,Emirate of Riagan,124,Orin Territory
86,28,Emirate of Riagan,124,Orin Territory
87,28,Emirate of Riagan,124,Orin Territory
88,26,Raamkoda,131,Kiiraud Istekoda
89,26,Raamkoda,131,Kiiraud Istekoda
90,26,Raamkoda,131,Kiiraud Istekoda
91,26,Raamkoda,131,Kiiraud Istekoda
92,26,Raamkoda,131,Kiiraud Istekoda
93,26,Raamkoda,131,Kiiraud Istekoda
94,26,Raamkoda,131,Kiiraud Istekoda
95,26,Raamkoda,131,Kiiraud Istekoda
96,26,Raamkoda,131,Kiiraud Istekoda
97,26,Raamkoda,131,Kiiraud Istekoda
98,26,Raamkoda,131,Kiiraud Istekoda
99,23,Xilhuan Altepetl,139,Kiviraud Province
100,23,Xilhuan Altepetl,0,
101,23,Xilhuan Altepetl,0,
102,23,Xilhuan Altepetl,0,
103,23,Xilhuan Altepetl,0,
104,0,Neutrals,0,
105,0,Neutrals,0,
106,0,Neutrals,0,
107,0,Neutrals,0,
108,22,Sultanate of Kanchasuyu,7,Fionlaqtia County
109,22,Sultanate of Kanchasuyu,7,Fionlaqtia County
110,22,Sultanate of Kanchasuyu,7,Fionlaqtia County
111,22,Sultanate of Kanchasuyu,15,Fionkancha County
112,22,Sultanate of Kanchasuyu,15,Fionkancha County
113,22,Sultanate of Kanchasuyu,7,Fionlaqtia County
114,22,Sultanate of Kanchasuyu,25,Lorkaia County
115,22,Sultanate of Kanchasuyu,25,Lorkaia County
116,22,Sultanate of Kanchasuyu,25,Lorkaia County
117,22,Sultanate of Kanchasuyu,16,Melia Margrave
118,22,Sultanate of Kanchasuyu,16,Melia Margrave
119,22,Sultanate of Kanchasuyu,16,Melia Margrave
120,22,Sultanate of Kanchasuyu,16,Melia Margrave
121,22,Sultanate of Kanchasuyu,16,Melia Margrave
122,22,Sultanate of Kanchasuyu,16,Melia Margrave
123,22,Sultanate of Kanchasuyu,16,Melia Margrave
124,22,Sultanate of Kanchasuyu,16,Melia Margrave
125,22,Sultanate of Kanchasuyu,16,Melia Margrave
126,28,Emirate of Riagan,82,Dorinsia County
127,28,Emirate of Riagan,82,Dorinsia County
128,28,Emirate of Riagan,82,Dorinsia County
129,28,Emirate of Riagan,80,Dodanma County
130,28,Emirate of Riagan,80,Dodanma County
131,28,Emirate of Riagan,123,Bren Territory
132,28,Emirate of Riagan,84,Kievan County
133,28,Emirate of Riagan,84,Kievan County
134,28,Emirate of Riagan,84,Kievan County
135,28,Emirate of Riagan,84,Kievan County
136,28,Emirate of Riagan,84,Kievan County
137,28,Emirate of Riagan,84,Kievan County
138,28,Emirate of Riagan,84,Kievan County
139,28,Emirate of Riagan,84,Kievan County
140,28,Emirate of Riagan,84,Kievan County
141,28,Emirate of Riagan,124,Orin Territory
142,28,Emirate of Riagan,124,Orin Territory
143,28,Emirate of Riagan,124,Orin Territory
144,26,Raamkoda,131,Kiiraud Istekoda
145,26,Raamkoda,132,Tammekaar Istekoda
146,26,Raamkoda,132,Tammekaar Istekoda
147,26,Raamkoda,131,Kiiraud Istekoda
148,26,Raamkoda,131,Kiiraud Istekoda
149,26,Raamkoda,131,Kiiraud Istekoda
150,26,Raamkoda,131,Kiiraud Istekoda
151,26,Raamkoda,131,Kiiraud Istekoda
152,26,Raamkoda,131,Kiiraud Istekoda
153,26,Raamkoda,131,Kiiraud Istekoda
154,26,Raamkoda,131,Kiiraud Istekoda
155,23,Xilhuan Altepetl,139,Kiviraud Province
156,23,Xilhuan Altepetl,0,
157,23,Xilhuan Altepetl,0,
158,23,Xilhuan Altepetl,0,
159,0,Neutrals,0,
160,0,Neutrals,0,
161,0,Neutrals,0,
162,0,Neutrals,0,
163,0,Neutrals,0,
164,0,Neutrals,0,
165,0,Neutrals,0,
166,0,Neutrals,0,
167,0,Neutrals,0,
168,0,Neutrals,0,
169,22,Sultanate of Kanchasuyu,7,Fionlaqtia County
170,22,Sultanate of Kanchasuyu,7,Fionlaqtia County
171,22,Sultanate of Kanchasuyu,15,Fionkancha County
172,22,Sultanate of Kanchasuyu,15,Fionkancha County
173,22,Sultanate of Kanchasuyu,15,Fionkancha County
174,22,Sultanate of Kanchasuyu,15,Fionkancha County
175,22,Sultanate of Kanchasuyu,8,Tuarkalanco County
176,22,Sultanate of Kanchasuyu,25,Lorkaia County
177,22,Sultanate of Kanchasuyu,25,Lorkaia County
178,22,Sultanate of Kanchasuyu,16,Melia Margrave
179,22,Sultanate of Kanchasuyu,16,Melia Margrave
180,22,Sultanate of Kanchasuyu,16,Melia Margrave
181,22,Sultanate of Kanchasuyu,16,Melia Margrave
182,22,Sultanate of Kanchasuyu,16,Melia Margrave
183,22,Sultanate of Kanchasuyu,16,Melia Margrave
184,22,Sultanate of Kanchasuyu,16,Melia Margrave
185,22,Sultanate of Kanchasuyu,16,Melia Margrave
186,28,Emirate of Riagan,82,Dorinsia County
187,28,Emirate of Riagan,82,Dorinsia County
188,28,Emirate of Riagan,82,Dorinsia County
189,28,Emirate of Riagan,80,Dodanma County
190,28,Emirate of Riagan,80,Dodanma County
191,28,Emirate of Riagan,80,Dodanma County
192,28,Emirate of Riagan,80,Dodanma County
193,28,Emirate of Riagan,80,Dodanma County
194,28,Emirate of Riagan,84,Kievan County
195,28,Emirate of Riagan,84,Kievan County
196,28,Emirate of Riagan,84,Kievan County
197,28,Emirate of Riagan,84,Kievan County
198,28,Emirate of Riagan,84,Kievan County
199,28,Emirate of Riagan,84,Kievan County
200,28,Emirate of Riagan,84,Kievan County
201,28,Emirate of Riagan,84,Kievan County
202,28,Emirate of Riagan,84,Kievan County
203,28,Emirate of Riagan,124,Orin Territory
204,28,Emirate of Riagan,124,Orin Territory
205,26,Raamkoda,132,Tammekaar Istekoda
206,26,Raamkoda,132,Tammekaar Istekoda
207,26,Raamkoda,132,Tammekaar Istekoda
208,26,Raamkoda,132,Tammekaar Istekoda
209,26,Raamkoda,132,Tammekaar Istekoda
210,26,Raamkoda,131,Kiiraud Istekoda
211,26,Raamkoda,131,Kiiraud Istekoda
212,26,Raamkoda,63,Rammskord Istekoda
213,26,Raamkoda,63,Rammskord Istekoda
214,26,Raamkoda,63,Rammskord Istekoda
215,26,Raamkoda,63,Rammskord Istekoda
216,26,Raamkoda,131,Kiiraud Istekoda
217,26,Raamkoda,131,Kiiraud Istekoda
218,23,Xilhuan Altepetl,0,
219,23,Xilhuan Altepetl,0,
220,23,Xilhuan Altepetl,0,
221,0,Neutrals,0,
222,0,Neutrals,0,
223,0,Neutrals,0,
224,0,Neutrals,0,
225,0,Neutrals,0,
226,0,Neutrals,0,
227,0,Neutrals,0,
228,23,Xilhuan Altepetl,0,
229,0,Neutrals,0,
230,22,Sultanate of Kanchasuyu,110,Tiernanpun Territory
231,22,Sultanate of Kanchasuyu,15,Fionkancha County
232,22,Sultanate of Kanchasuyu,15,Fionkancha County
233,22,Sultanate of Kanchasuyu,15,Fionkancha County
234,22,Sultanate of Kanchasuyu,15,Fionkancha County
235,22,Sultanate of Kanchasuyu,15,Fionkancha County
236,22,Sultanate of Kanchasuyu,15,Fionkancha County
237,22,Sultanate of Kanchasuyu,8,Tuarkalanco County
238,22,Sultanate of Kanchasuyu,8,Tuarkalanco County
239,22,Sultanate of Kanchasuyu,16,Melia Margrave
240,22,Sultanate of Kanchasuyu,16,Melia Margrave
241,22,Sultanate of Kanchasuyu,16,Melia Margrave
242,22,Sultanate of Kanchasuyu,16,Melia Margrave
243,22,Sultanate of Kanchasuyu,16,Melia Margrave
244,22,Sultanate of Kanchasuyu,16,Melia Margrave
245,22,Sultanate of Kanchasuyu,16,Melia Margrave
246,22,Sultanate of Kanchasuyu,18,Fioncorin County
247,22,Sultanate of Kanchasuyu,18,Fioncorin County
248,28,Emirate of Riagan,82,Dorinsia County
249,28,Emirate of Riagan,82,Dorinsia County
250,28,Emirate of Riagan,80,Dodanma County
251,28,Emirate of Riagan,80,Dodanma County
252,28,Emirate of Riagan,80,Dodanma County
253,28,Emirate of Riagan,80,Dodanma County
254,28,Emirate of Riagan,80,Dodanma County
255,28,Emirate of Riagan,84,Kievan County
256,28,Emirate of Riagan,84,Kievan County
257,28,Emirate of Riagan,84,Kievan County
258,28,Emirate of Riagan,84,Kievan County
259,28,Emirate of Riagan,84,Kievan County
260,28,Emirate of Riagan,84,Kievan County
261,28,Emirate of Riagan,84,Kievan County
262,28,Emirate of Riagan,84,Kievan County
263,28,Emirate of Riagan,84,Kievan County
264,28,Emirate of Riagan,124,Orin Territory
265,26,Raamkoda,132,Tammekaar Istekoda
266,26,Raamkoda,132,Tammekaar Istekoda
267,26,Raamkoda,132,Tammekaar Istekoda
268,26,Raamkoda,132,Tammekaar Istekoda
269,26,Raamkoda,132,Tammekaar Istekoda
270,26,Raamkoda,63,Rammskord Istekoda
271,26,Raamkoda,63,Rammskord Istekoda
272,26,Raamkoda,63,Rammskord Istekoda
273,26,Raamkoda,63,Rammskord Istekoda
274,26,Raamkoda,63,Rammskord Istekoda
275,26,Raamkoda,63,Rammskord Istekoda
276,26,Raamkoda,63,Rammskord Istekoda
277,26,Raamkoda,118,Vaskmurd Istekoda
278,26,Raamkoda,118,Vaskmurd Istekoda
279,23,Xilhuan Altepetl,38,Mosyan Earldom
280,23,Xilhuan Altepetl,0,
281,23,Xilhuan Altepetl,0,
282,23,Xilhuan Altepetl,0,
283,0,Neutrals,0,
284,0,Neutrals,0,
285,0,Neutrals,0,
286,0,Neutrals,0,
287,0,Neutrals,0,
288,0,Neutrals,0,
289,0,Neutrals,0,
290,0,Neutrals,0,
291,0,Neutrals,0,
292,0,Neutrals,0,
293,22,Sultanate of Kanchasuyu,110,Tiernanpun Territory
294,22,Sultanate of Kanchasuyu,15,Fionkancha County
295,22,Sultanate of Kanchasuyu,15,Fionkancha County
296,22,Sultanate of Kanchasuyu,15,Fionkancha County
297,22,Sultanate of Kanchasuyu,15,Fionkancha County
298,22,Sultanate of Kanchasuyu,15,Fionkancha County
299,22,Sultanate of Kanchasuyu,15,Fionkancha County
300,22,Sultanate of Kanchasuyu,8,Tuarkalanco County
301,22,Sultanate of Kanchasuyu,8,Tuarkalanco County
302,22,Sultanate of Kanchasuyu,8,Tuarkalanco County
303,22,Sultanate of Kanchasuyu,16,Melia Margrave
304,22,Sultanate of Kanchasuyu,16,Melia Margrave
305,22,Sultanate of Kanchasuyu,16,Melia Margrave
306,22,Sultanate of Kanchasuyu,16,Melia Margrave
307,22,Sultanate of Kanchasuyu,16,Melia Margrave
308,22,Sultanate of Kanchasuyu,16,Melia Margrave
309,22,Sultanate of Kanchasuyu,16,Melia Margrave
310,22,Sultanate of Kanchasuyu,18,Fioncorin County
311,28,Emirate of Riagan,82,Dorinsia County
312,28,Emirate of Riagan,82,Dorinsia County
313,28,Emirate of Riagan,82,Dorinsia County
314,28,Emirate of Riagan,80,Dodanma County
315,28,Emirate of Riagan,80,Dodanma County
316,28,Emirate of Riagan,80,Dodanma County
317,28,Emirate of Riagan,80,Dodanma County
318,28,Emirate of Riagan,80,Dodanma County
319,28,Emirate of Riagan,84,Kievan County
320,28,Emirate of Riagan,84,Kievan County
321,28,Emirate of Riagan,84,Kievan County
322,28,Emirate of Riagan,84,Kievan County
323,28,Emirate of Riagan,84,Kievan County
324,28,Emirate of Riagan,89,Levelinium County
325,28,Emirate of Riagan,89,Levelinium County
326,28,Emirate of Riagan,92,Melaqtia County
327,26,Raamkoda,132,Tammekaar Istekoda
328,26,Raamkoda,132,Tammekaar Istekoda
329,26,Raamkoda,132,Tammekaar Istekoda
330,26,Raamkoda,132,Tammekaar Istekoda
331,26,Raamkoda,132,Tammekaar Istekoda
332,26,Raamkoda,132,Tammekaar Istekoda
333,26,Raamkoda,132,Tammekaar Istekoda
334,26,Raamkoda,63,Rammskord Istekoda
335,26,Raamkoda,63,Rammskord Istekoda
336,26,Raamkoda,63,Rammskord Istekoda
337,26,Raamkoda,63,Rammskord Istekoda
338,26,Raamkoda,63,Rammskord Istekoda
339,26,Raamkoda,63,Rammskord Istekoda
340,26,Raamkoda,118,Vaskmurd Istekoda
341,26,Raamkoda,118,Vaskmurd Istekoda
342,23,Xilhuan Altepetl,38,Mosyan Earldom
343,23,Xilhuan Altepetl,0,
344,23,Xilhuan Altepetl,0,
345,23,Xilhuan Altepetl,0,
346,0,Neutrals,0,
347,0,Neutrals,0,
348,0,Neutrals,0,
349,0,Neutrals,0,
350,0,Neutrals,0,
351,0,Neutrals,0,
352,0,Neutrals,0,
353,0,Neutrals,0,
354,0,Neutrals,0,
355,22,Sultanate of Kanchasuyu,110,Tiernanpun Territory
356,22,Sultanate of Kanchasuyu,15,Fionkancha County
357,22,Sultanate of Kanchasuyu,15,Fionkancha County
358,22,Sultanate of Kanchasuyu,15,Fionkancha County
359,22,Sultanate of Kanchasuyu,15,Fionkancha County
360,22,Sultanate of Kanchasuyu,15,Fionkancha County
361,22,Sultanate of Kanchasuyu,15,Fionkancha County
362,22,Sultanate of Kanchasuyu,8,Tuarkalanco County
363,22,Sultanate of Kanchasuyu,8,Tuarkalanco County
364,22,Sultanate of Kanchasuyu,8,Tuarkalanco County
365,22,Sultanate of Kanchasuyu,16,Melia Margrave
366,22,Sultanate of Kanchasuyu,8,Tuarkalanco County
367,22,Sultanate of Kanchasuyu,16,Melia Margrave
368,22,Sultanate of Kanchasuyu,16,Melia Margrave
369,22,Sultanate of Kanchasuyu,16,Melia Margrave
370,22,Sultanate of Kanchasuyu,16,Melia Margrave
371,22,Sultanate of Kanchasuyu,18,Fioncorin County
372,22,Sultanate of Kanchasuyu,18,Fioncorin County
373,28,Emirate of Riagan,82,Dorinsia County
374,28,Emirate of Riagan,82,Dorinsia County
375,28,Emirate of Riagan,82,Dorinsia County
376,28,Emirate of Riagan,80,Dodanma County
377,28,Emirate of Riagan,80,Dodanma County
378,28,Emirate of Riagan,80,Dodanma County
379,28,Emirate of Riagan,80,Dodanma County
380,28,Emirate of Riagan,90,Nialaqtia County
381,28,Emirate of Riagan,90,Nialaqtia County
382,28,Emirate of Riagan,84,Kievan County
383,28,Emirate of Riagan,84,Kievan County
384,28,Emirate of Riagan,84,Kievan County
385,28,Emirate of Riagan,84,Kievan County
386,28,Emirate of Riagan,84,Kievan County
387,28,Emirate of Riagan,89,Levelinium County
388,28,Emirate of Riagan,92,Melaqtia County
389,28,Emirate of Riagan,92,Melaqtia County
390,26,Raamkoda,132,Tammekaar Istekoda
391,26,Raamkoda,132,Tammekaar Istekoda
392,26,Raamkoda,132,Tammekaar Istekoda
393,26,Raamkoda,132,Tammekaar Istekoda
394,26,Raamkoda,132,Tammekaar Istekoda
395,26,Raamkoda,63,Rammskord Istekoda
396,26,Raamkoda,63,Rammskord Istekoda
397,26,Raamkoda,63,Rammskord Istekoda
398,26,Raamkoda,63,Rammskord Istekoda
399,26,Raamkoda,63,Rammskord Istekoda
400,26,Raamkoda,63,Rammskord Istekoda
401,26,Raamkoda,63,Rammskord Istekoda
402,26,Raamkoda,118,Vaskmurd Istekoda
403,26,Raamkoda,118,Vaskmurd Istekoda
404,26,Raamkoda,118,Vaskmurd Istekoda
405,23,Xilhuan Altepetl,38,Mosyan Earldom
406,23,Xilhuan Altepetl,0,
407,23,Xilhuan Altepetl,0,
408,23,Xilhuan Altepetl,0,
409,0,Neutrals,0,
410,0,Neutrals,0,
411,0,Neutrals,0,
412,0,Neutrals,0,
413,0,Neutrals,0,
414,0,Neutrals,0,
415,0,Neutrals,0,
416,0,Neutrals,0,
417,0,Neutrals,0,
418,0,Neutrals,0,
419,0,Neutrals,0,
420,0,Neutrals,0,
421,0,Neutrals,0,
422,0,Neutrals,0,
423,0,Neutrals,0,
424,0,Neutrals,0,
425,0,Neutrals,0,
426,0,Neutrals,0,
427,22,Sultanate of Kanchasuyu,110,Tiernanpun Territory
428,22,Sultanate of Kanchasuyu,15,Fionkancha County
429,22,Sultanate of Kanchasuyu,15,Fionkancha County
430,22,Sultanate of Kanchasuyu,15,Fionkancha County
431,22,Sultanate of Kanchasuyu,15,Fionkancha County
432,22,Sultanate of Kanchasuyu,8,Tuarkalanco County
433,22,Sultanate of Kanchasuyu,8,Tuarkalanco County
434,22,Sultanate of Kanchasuyu,8,Tuarkalanco County
435,22,Sultanate of Kanchasuyu,8,Tuarkalanco County
436,22,Sultanate of Kanchasuyu,8,Tuarkalanco County
437,22,Sultanate of Kanchasuyu,8,Tuarkalanco County
438,22,Sultanate of Kanchasuyu,8,Tuarkalanco County
439,22,Sultanate of Kanchasuyu,8,Tuarkalanco County
440,22,Sultanate of Kanchasuyu,8,Tuarkalanco County
441,22,Sultanate of Kanchasuyu,16,Melia Margrave
442,22,Sultanate of Kanchasuyu,16,Melia Margrave
443,22,Sultanate of Kanchasuyu,18,Fioncorin County
444,22,Sultanate of Kanchasuyu,18,Fioncorin County
445,22,Sultanate of Kanchasuyu,18,Fioncorin County
446,28,Emirate of Riagan,82,Dorinsia County
447,28,Emirate of Riagan,82,Dorinsia County
448,28,Emirate of Riagan,82,Dorinsia County
449,28,Emirate of Riagan,82,Dorinsia County
450,28,Emirate of Riagan,80,Dodanma County
451,28,Emirate of Riagan,90,Nialaqtia County
452,28,Emirate of Riagan,90,Nialaqtia County
453,28,Emirate of Riagan,90,Nialaqtia County
454,28,Emirate of Riagan,84,Kievan County
455,28,Emirate of Riagan,84,Kievan County
456,28,Emirate of Riagan,84,Kievan County
457,28,Emirate of Riagan,91,Nialpania County
458,28,Emirate of Riagan,89,Levelinium County
459,28,Emirate of Riagan,89,Levelinium County
460,28,Emirate of Riagan,89,Levelinium County
461,28,Emirate of Riagan,92,Melaqtia County
462,28,Emirate of Riagan,92,Melaqtia County
463,26,Raamkoda,132,Tammekaar Istekoda
464,26,Raamkoda,132,Tammekaar Istekoda
465,26,Raamkoda,132,Tammekaar Istekoda
466,26,Raamkoda,132,Tammekaar Istekoda
467,26,Raamkoda,63,Rammskord Istekoda
468,26,Raamkoda,63,Rammskord Istekoda
469,26,Raamkoda,63,Rammskord Istekoda
470,26,Raamkoda,63,Rammskord Istekoda
471,26,Raamkoda,63,Rammskord Istekoda
472,26,Raamkoda,63,Rammskord Istekoda
473,26,Raamkoda,118,Vaskmurd Istekoda
474,26,Raamkoda,118,Vaskmurd Istekoda
475,26,Raamkoda,118,Vaskmurd Istekoda
476,26,Raamkoda,118,Vaskmurd Istekoda
477,26,Raamkoda,118,Vaskmurd Istekoda
478,23,Xilhuan Altepetl,38,Mosyan Earldom
479,23,Xilhuan Altepetl,0,
480,23,Xilhuan Altepetl,0,
481,23,Xilhuan Altepetl,38,Mosyan Earldom
482,23,Xilhuan Altepetl,38,Mosyan Earldom
483,23,Xilhuan Altepetl,38,Mosyan Earldom
484,23,Xilhuan Altepetl,38,Mosyan Earldom
485,0,Neutrals,0,
486,0,Neutrals,0,
487,0,Neutrals,0,
488,0,Neutrals,0,
489,0,Neutrals,0,
490,0,Neutrals,0,
491,0,Neutrals,0,
492,0,Neutrals,0,
493,0,Neutrals,0,
494,0,Neutrals,0,
495,0,Neutrals,0,
496,0,Neutrals,0,
497,0,Neutrals,0,
498,23,Xilhuan Altepetl,0,
499,0,Neutrals,0,
500,0,Neutrals,0,
501,0,Neutrals,0,
502,22,Sultanate of Kanchasuyu,110,Tiernanpun Territory
503,22,Sultanate of Kanchasuyu,110,Tiernanpun Territory
504,22,Sultanate of Kanchasuyu,8,Tuarkalanco County
505,22,Sultanate of Kanchasuyu,8,Tuarkalanco County
506,22,Sultanate of Kanchasuyu,8,Tuarkalanco County
507,22,Sultanate of Kanchasuyu,8,Tuarkalanco County
508,22,Sultanate of Kanchasuyu,8,Tuarkalanco County
509,22,Sultanate of Kanchasuyu,8,Tuarkalanco County
510,22,Sultanate of Kanchasuyu,8,Tuarkalanco County
511,22,Sultanate of Kanchasuyu,8,Tuarkalanco County
512,22,Sultanate of Kanchasuyu,8,Tuarkalanco County
513,22,Sultanate of Kanchasuyu,8,Tuarkalanco County
514,22,Sultanate of Kanchasuyu,8,Tuarkalanco County
515,22,Sultanate of Kanchasuyu,8,Tuarkalanco County
516,22,Sultanate of Kanchasuyu,8,Tuarkalanco County
517,22,Sultanate of Kanchasuyu,8,Tuarkalanco County
518,22,Sultanate of Kanchasuyu,16,Melia Margrave
519,22,Sultanate of Kanchasuyu,16,Melia Margrave
520,22,Sultanate of Kanchasuyu,18,Fioncorin County
521,22,Sultanate of Kanchasuyu,18,Fioncorin County
522,22,Sultanate of Kanchasuyu,18,Fioncorin County
523,22,Sultanate of Kanchasuyu,18,Fioncorin County
524,28,Emirate of Riagan,82,Dorinsia County
525,28,Emirate of Riagan,82,Dorinsia County
526,28,Emirate of Riagan,90,Nialaqtia County
527,28,Emirate of Riagan,90,Nialaqtia County
528,28,Emirate of Riagan,90,Nialaqtia County
529,28,Emirate of Riagan,90,Nialaqtia County
530,28,Emirate of Riagan,90,Nialaqtia County
531,28,Emirate of Riagan,90,Nialaqtia County
532,28,Emirate of Riagan,91,Nialpania County
533,28,Emirate of Riagan,91,Nialpania County
534,28,Emirate of Riagan,89,Levelinium County
535,28,Emirate of Riagan,89,Levelinium County
536,28,Emirate of Riagan,89,Levelinium County
537,28,Emirate of Riagan,89,Levelinium County
538,28,Emirate of Riagan,92,Melaqtia County
539,28,Emirate of Riagan,92,Melaqtia County
540,26,Raamkoda,132,Tammekaar Istekoda
541,26,Raamkoda,132,Tammekaar Istekoda
542,26,Raamkoda,132,Tammekaar Istekoda
543,26,Raamkoda,132,Tammekaar Istekoda
544,26,Raamkoda,63,Rammskord Istekoda
545,26,Raamkoda,63,Rammskord Istekoda
546,26,Raamkoda,63,Rammskord Istekoda
547,26,Raamkoda,63,Rammskord Istekoda
548,26,Raamkoda,63,Rammskord Istekoda
549,26,Raamkoda,118,Vaskmurd Istekoda
550,26,Raamkoda,118,Vaskmurd Istekoda
551,26,Raamkoda,118,Vaskmurd Istekoda
552,26,Raamkoda,118,Vaskmurd Istekoda
553,26,Raamkoda,118,Vaskmurd Istekoda
554,26,Raamkoda,118,Vaskmurd Istekoda
555,23,Xilhuan Altepetl,38,Mosyan Earldom
556,23,Xilhuan Altepetl,0,
557,23,Xilhuan Altepetl,38,Mosyan Earldom
558,23,Xilhuan Altepetl,38,Mosyan Earldom
559,23,Xilhuan Altepetl,38,Mosyan Earldom
560,23,Xilhuan Altepetl,38,Mosyan Earldom
561,23,Xilhuan Altepetl,38,Mosyan Earldom
562,23,Xilhuan Altepetl,38,Mosyan Earldom
563,23,Xilhuan Altepetl,38,Mosyan Earldom
564,23,Xilhuan Altepetl,38,Mosyan Earldom
565,23,Xilhuan Altepetl,38,Mosyan Earldom
566,23,Xilhuan Altepetl,38,Mosyan Earldom
567,23,Xilhuan Altepetl,38,Mosyan Earldom
568,23,Xilhuan Altepetl,38,Mosyan Earldom
569,0,Neutrals,0,
570,0,Neutrals,0,
571,0,Neutrals,0,
572,0,Neutrals,0,
573,0,Neutrals,0,
574,0,Neutrals,0,
575,0,Neutrals,0,
576,0,Neutrals,0,
577,0,Neutrals,0,
578,0,Neutrals,0,
579,22,Sultanate of Kanchasuyu,110,Tiernanpun Territory
580,22,Sultanate of Kanchasuyu,110,Tiernanpun Territory
581,22,Sultanate of Kanchasuyu,110,Tiernanpun Territory
582,22,Sultanate of Kanchasuyu,8,Tuarkalanco County
583,22,Sultanate of Kanchasuyu,8,Tuarkalanco County
584,22,Sultanate of Kanchasuyu,8,Tuarkalanco County
585,22,Sultanate of Kanchasuyu,8,Tuarkalanco County
586,22,Sultanate of Kanchasuyu,8,Tuarkalanco County
587,22,Sultanate of Kanchasuyu,8,Tuarkalanco County
588,22,Sultanate of Kanchasuyu,8,Tuarkalanco County
589,22,Sultanate of Kanchasuyu,8,Tuarkalanco County
590,22,Sultanate of Kanchasuyu,8,Tuarkalanco County
591,22,Sultanate of Kanchasuyu,8,Tuarkalanco County
592,22,Sultanate of Kanchasuyu,8,Tuarkalanco County
593,22,Sultanate of Kanchasuyu,8,Tuarkalanco County
594,22,Sultanate of Kanchasuyu,8,Tuarkalanco County
595,22,Sultanate of Kanchasuyu,8,Tuarkalanco County
596,22,Sultanate of Kanchasuyu,16,Melia Margrave
597,22,Sultanate of Kanchasuyu,18,Fioncorin County
598,22,Sultanate of Kanchasuyu,18,Fioncorin County
599,22,Sultanate of Kanchasuyu,18,Fioncorin County
600,22,Sultanate of Kanchasuyu,18,Fioncorin County
601,28,Emirate of Riagan,82,Dorinsia County
602,28,Emirate of Riagan,90,Nialaqtia County
603,28,Emirate of Riagan,90,Nialaqtia County
604,28,Emirate of Riagan,90,Nialaqtia County
605,28,Emirate of Riagan,90,Nialaqtia County
606,28,Emirate of Riagan,90,Nialaqtia County
607,28,Emirate of Riagan,90,Nialaqtia County
608,28,Emirate of Riagan,90,Nialaqtia County
609,28,Emirate of Riagan,90,Nialaqtia County
610,28,Emirate of Riagan,91,Nialpania County
611,28,Emirate of Riagan,89,Levelinium County
612,28,Emirate of Riagan,89,Levelinium County
613,28,Emirate of Riagan,89,Levelinium County
614,28,Emirate of Riagan,89,Levelinium County
615,28,Emirate of Riagan,92,Melaqtia County
616,28,Emirate of Riagan,92,Melaqtia County
617,26,Raamkoda,132,Tammekaar Istekoda
618,26,Raamkoda,132,Tammekaar Istekoda
619,26,Raamkoda,132,Tammekaar Istekoda
620,26,Raamkoda,132,Tammekaar Istekoda
621,26,Raamkoda,63,Rammskord Istekoda
622,26,Raamkoda,63,Rammskord Istekoda
623,26,Raamkoda,63,Rammskord Istekoda
624,26,Raamkoda,63,Rammskord Istekoda
625,26,Raamkoda,63,Rammskord Istekoda
626,26,Raamkoda,63,Rammskord Istekoda
627,26,Raamkoda,118,Vaskmurd Istekoda
628,26,Raamkoda,118,Vaskmurd Istekoda
629,26,Raamkoda,118,Vaskmurd Istekoda
630,26,Raamkoda,118,Vaskmurd Istekoda
631,26,Raamkoda,118,Vaskmurd Istekoda
632,26,Raamkoda,118,Vaskmurd Istekoda
633,23,Xilhuan Altepetl,38,Mosyan Earldom
634,23,Xilhuan Altepetl,38,Mosyan Earldom
635,23,Xilhuan Altepetl,38,Mosyan Earldom
636,23,Xilhuan Altepetl,38,Mosyan Earldom
637,23,Xilhuan Altepetl,38,Mosyan Earldom
638,23,Xilhuan Altepetl,38,Mosyan Earldom
639,23,Xilhuan Altepetl,38,Mosyan Earldom
640,23,Xilhuan Altepetl,38,Mosyan Earldom
641,23,Xilhuan Altepetl,42,Auiatlan County
642,23,Xilhuan Altepetl,42,Auiatlan County
643,23,Xilhuan Altepetl,42,Auiatlan County
644,23,Xilhuan Altepetl,42,Auiatlan County
645,23,Xilhuan Altepetl,42,Auiatlan County
646,23,Xilhuan Altepetl,42,Auiatlan County
647,0,Neutrals,0,
648,0,Neutrals,0,
649,0,Neutrals,0,
650,0,Neutrals,0,
651,0,Neutrals,0,
652,0,Neutrals,0,
653,23,Xilhuan Altepetl,0,
654,0,Neutrals,0,
655,0,Neutrals,0,
656,0,Neutrals,0,
657,22,Sultanate of Kanchasuyu,110,Tiernanpun Territory
658,22,Sultanate of Kanchasuyu,110,Tiernanpun Territory
659,22,Sultanate of Kanchasuyu,22,Ruyuyuionia County
660,22,Sultanate of Kanchasuyu,22,Ruyuyuionia County
661,22,Sultanate of Kanchasuyu,22,Ruyuyuionia County
662,22,Sultanate of Kanchasuyu,22,Ruyuyuionia County
663,22,Sultanate of Kanchasuyu,22,Ruyuyuionia County
664,22,Sultanate of Kanchasuyu,8,Tuarkalanco County
665,22,Sultanate of Kanchasuyu,8,Tuarkalanco County
666,22,Sultanate of Kanchasuyu,8,Tuarkalanco County
667,0,Neutrals,0,
668,22,Sultanate of Kanchasuyu,8,Tuarkalanco County
669,22,Sultanate of Kanchasuyu,8,Tuarkalanco County
670,22,Sultanate of Kanchasuyu,8,Tuarkalanco County
671,22,Sultanate of Kanchasuyu,8,Tuarkalanco County
672,22,Sultanate of Kanchasuyu,8,Tuarkalanco County
673,22,Sultanate of Kanchasuyu,8,Tuarkalanco County
674,22,Sultanate of Kanchasuyu,8,Tuarkalanco County
675,22,Sultanate of Kanchasuyu,18,Fioncorin County
676,22,Sultanate of Kanchasuyu,18,Fioncorin County
677,22,Sultanate of Kanchasuyu,18,Fioncorin County
678,22,Sultanate of Kanchasuyu,18,Fioncorin County
679,28,Emirate of Riagan,82,Dorinsia County
680,28,Emirate of Riagan,90,Nialaqtia County
681,28,Emirate of Riagan,90,Nialaqtia County
682,28,Emirate of Riagan,85,Melaqta County
683,28,Emirate of Riagan,85,Melaqta County
684,28,Emirate of Riagan,90,Nialaqtia County
685,28,Emirate of Riagan,90,Nialaqtia County
686,28,Emirate of Riagan,85,Melaqta County
687,28,Emirate of Riagan,90,Nialaqtia County
688,28,Emirate of Riagan,90,Nialaqtia County
689,28,Emirate of Riagan,91,Nialpania County
690,28,Emirate of Riagan,91,Nialpania County
691,28,Emirate of Riagan,83,Bevanconania County
692,28,Emirate of Riagan,83,Bevanconania County
693,28,Emirate of Riagan,89,Levelinium County
694,28,Emirate of Riagan,83,Bevanconania County
695,28,Emirate of Riagan,92,Melaqtia County
696,28,Emirate of Riagan,92,Melaqtia County
697,28,Emirate of Riagan,92,Melaqtia County
698,26,Raamkoda,132,Tammekaar Istekoda
699,26,Raamkoda,132,Tammekaar Istekoda
700,26,Raamkoda,132,Tammekaar Istekoda
701,26,Raamkoda,63,Rammskord Istekoda
702,26,Raamkoda,63,Rammskord Istekoda
703,26,Raamkoda,63,Rammskord Istekoda
704,26,Raamkoda,63,Rammskord Istekoda
705,26,Raamkoda,63,Rammskord Istekoda
706,26,Raamkoda,63,Rammskord Istekoda
707,26,Raamkoda,118,Vaskmurd Istekoda
708,26,Raamkoda,118,Vaskmurd Istekoda
709,26,Raamkoda,118,Vaskmurd Istekoda
710,26,Raamkoda,118,Vaskmurd Istekoda
711,26,Raamkoda,118,Vaskmurd Istekoda
712,26,Raamkoda,118,Vaskmurd Istekoda
713,26,Raamkoda,118,Vaskmurd Istekoda
714,23,Xilhuan Altepetl,42,Auiatlan County
715,23,Xilhuan Altepetl,38,Mosyan Earldom
716,23,Xilhuan Altepetl,42,Auiatlan County
717,23,Xilhuan Altepetl,38,Mosyan Earldom
718,23,Xilhuan Altepetl,38,Mosyan Earldom
719,23,Xilhuan Altepetl,42,Auiatlan County
720,23,Xilhuan Altepetl,42,Auiatlan County
721,23,Xilhuan Altepetl,42,Auiatlan County
722,23,Xilhuan Altepetl,42,Auiatlan County
723,23,Xilhuan Altepetl,42,Auiatlan County
724,23,Xilhuan Altepetl,42,Auiatlan County
725,23,Xilhuan Altepetl,42,Auiatlan County
726,23,Xilhuan Altepetl,42,Auiatlan County
727,0,Neutrals,0,
728,0,Neutrals,0,
729,0,Neutrals,0,
730,0,Neutrals,0,
731,0,Neutrals,0,
732,0,Neutrals,0,
733,0,Neutrals,0,
734,0,Neutrals,0,
735,0,Neutrals,0,
736,0,Neutrals,0,
737,0,Neutrals,0,
738,0,Neutrals,0,
739,0,Neutrals,0,
740,0,Neutrals,0,
741,0,Neutrals,0,
742,0,Neutrals,0,
743,22,Sultanate of Kanchasuyu,110,Tiernanpun Territory
744,22,Sultanate of Kanchasuyu,22,Ruyuyuionia County
745,22,Sultanate of Kanchasuyu,22,Ruyuyuionia County
746,22,Sultanate of Kanchasuyu,22,Ruyuyuionia County
747,22,Sultanate of Kanchasuyu,22,Ruyuyuionia County
748,22,Sultanate of Kanchasuyu,22,Ruyuyuionia County
749,22,Sultanate of Kanchasuyu,22,Ruyuyuionia County
750,22,Sultanate of Kanchasuyu,8,Tuarkalanco County
751,22,Sultanate of Kanchasuyu,8,Tuarkalanco County
752,0,Neutrals,0,
753,22,Sultanate of Kanchasuyu,8,Tuarkalanco County
754,22,Sultanate of Kanchasuyu,8,Tuarkalanco County
755,22,Sultanate of Kanchasuyu,8,Tuarkalanco County
756,22,Sultanate of Kanchasuyu,8,Tuarkalanco County
757,22,Sultanate of Kanchasuyu,8,Tuarkalanco County
758,22,Sultanate of Kanchasuyu,8,Tuarkalanco County
759,22,Sultanate of Kanchasuyu,8,Tuarkalanco County
760,22,Sultanate of Kanchasuyu,18,Fioncorin County
761,22,Sultanate of Kanchasuyu,18,Fioncorin County
762,22,Sultanate of Kanchasuyu,18,Fioncorin County
763,28,Emirate of Riagan,85,Melaqta County
764,28,Emirate of Riagan,85,Melaqta County
765,28,Emirate of Riagan,85,Melaqta County
766,28,Emirate of Riagan,85,Melaqta County
767,28,Emirate of Riagan,85,Melaqta County
768,0,Neutrals,0,
769,28,Emirate of Riagan,85,Melaqta County
770,28,Emirate of Riagan,90,Nialaqtia County
771,28,Emirate of Riagan,85,Melaqta County
772,28,Emirate of Riagan,91,Nialpania County
773,28,Emirate of Riagan,91,Nialpania County
774,28,Emirate of Riagan,91,Nialpania County
775,28,Emirate of Riagan,83,Bevanconania County
776,28,Emirate of Riagan,83,Bevanconania County
777,28,Emirate of Riagan,83,Bevanconania County
778,28,Emirate of Riagan,83,Bevanconania County
779,28,Emirate of Riagan,83,Bevanconania County
780,28,Emirate of Riagan,92,Melaqtia County
781,28,Emirate of Riagan,92,Melaqtia County
782,26,Raamkoda,132,Tammekaar Istekoda
783,26,Raamkoda,132,Tammekaar Istekoda
784,26,Raamkoda,132,Tammekaar Istekoda
785,26,Raamkoda,63,Rammskord Istekoda
786,26,Raamkoda,63,Rammskord Istekoda
787,26,Raamkoda,63,Rammskord Istekoda
788,26,Raamkoda,63,Rammskord Istekoda
789,26,Raamkoda,63,Rammskord Istekoda
790,26,Raamkoda,63,Rammskord Istekoda
791,26,Raamkoda,118,Vaskmurd Istekoda
792,26,Raamkoda,118,Vaskmurd Istekoda
793,26,Raamkoda,118,Vaskmurd Istekoda
794,26,Raamkoda,118,Vaskmurd Istekoda
795,26,Raamkoda,118,Vaskmurd Istekoda
796,26,Raamkoda,118,Vaskmurd Istekoda
797,26,Raamkoda,118,Vaskmurd Istekoda
798,23,Xilhuan Altepetl,42,Auiatlan County
799,23,Xilhuan Altepetl,42,Auiatlan County
800,23,Xilhuan Altepetl,42,Auiatlan County
801,23,Xilhuan Altepetl,42,Auiatlan County
802,23,Xilhuan Altepetl,42,Auiatlan County
803,23,Xilhuan Altepetl,42,Auiatlan County
804,23,Xilhuan Altepetl,42,Auiatlan County
805,23,Xilhuan Altepetl,42,Auiatlan County
806,23,Xilhuan Altepetl,42,Auiatlan County
807,23,Xilhuan Altepetl,42,Auiatlan County
808,23,Xilhuan Altepetl,42,Auiatlan County
809,23,Xilhuan Altepetl,42,Auiatlan County
810,23,Xilhuan Altepetl,42,Auiatlan County
811,23,Xilhuan Altepetl,42,Auiatlan County
812,23,Xilhuan Altepetl,42,Auiatlan County
813,0,Neutrals,0,
814,0,Neutrals,0,
815,0,Neutrals,0,
816,0,Neutrals,0,
817,0,Neutrals,0,
818,0,Neutrals,0,
819,0,Neutrals,0,
820,23,Xilhuan Altepetl,0,
821,0,Neutrals,0,
822,0,Neutrals,0,
823,0,Neutrals,0,
824,22,Sultanate of Kanchasuyu,110,Tiernanpun Territory
825,22,Sultanate of Kanchasuyu,110,Tiernanpun Territory
826,22,Sultanate of Kanchasuyu,22,Ruyuyuionia County
827,22,Sultanate of Kanchasuyu,22,Ruyuyuionia County
828,22,Sultanate of Kanchasuyu,22,Ruyuyuionia County
829,22,Sultanate of Kanchasuyu,22,Ruyuyuionia County
830,22,Sultanate of Kanchasuyu,22,Ruyuyuionia County
831,22,Sultanate of Kanchasuyu,22,Ruyuyuionia County
832,22,Sultanate of Kanchasuyu,22,Ruyuyuionia County
833,22,Sultanate of Kanchasuyu,8,Tuarkalanco County
834,22,Sultanate of Kanchasuyu,8,Tuarkalanco County
835,22,Sultanate of Kanchasuyu,8,Tuarkalanco County
836,22,Sultanate of Kanchasuyu,8,Tuarkalanco County
837,22,Sultanate of Kanchasuyu,8,Tuarkalanco County
838,22,Sultanate of Kanchasuyu,8,Tuarkalanco County
839,22,Sultanate of Kanchasuyu,8,Tuarkalanco County
840,22,Sultanate of Kanchasuyu,8,Tuarkalanco County
841,22,Sultanate of Kanchasuyu,8,Tuarkalanco County
842,22,Sultanate of Kanchasuyu,8,Tuarkalanco County
843,22,Sultanate of Kanchasuyu,8,Tuarkalanco County
844,22,Sultanate of Kanchasuyu,8,Tuarkalanco County
845,28,Emirate of Riagan,87,Brenpunia County
846,28,Emirate of Riagan,87,Brenpunia County
847,28,Emirate of Riagan,85,Melaqta County
848,28,Emirate of Riagan,85,Melaqta County
849,28,Emirate of Riagan,85,Melaqta County
850,28,Emirate of Riagan,85,Melaqta County
851,28,Emirate of Riagan,85,Melaqta County
852,28,Emirate of Riagan,85,Melaqta County
853,0,Neutrals,0,
854,28,Emirate of Riagan,91,Nialpania County
855,28,Emirate of Riagan,91,Nialpania County
856,28,Emirate of Riagan,85,Melaqta County
857,28,Emirate of Riagan,91,Nialpania County
858,28,Emirate of Riagan,91,Nialpania County
859,28,Emirate of Riagan,83,Bevanconania County
860,28,Emirate of Riagan,83,Bevanconania County
861,28,Emirate of Riagan,83,Bevanconania County
862,28,Emirate of Riagan,83,Bevanconania County
863,28,Emirate of Riagan,83,Bevanconania County
864,28,Emirate of Riagan,83,Bevanconania County
865,28,Emirate of Riagan,92,Melaqtia County
866,26,Raamkoda,132,Tammekaar Istekoda
867,26,Raamkoda,132,Tammekaar Istekoda
868,26,Raamkoda,64,Kalijurik Istekoda
869,26,Raamkoda,64,Kalijurik Istekoda
870,26,Raamkoda,64,Kalijurik Istekoda
871,26,Raamkoda,64,Kalijurik Istekoda
872,26,Raamkoda,63,Rammskord Istekoda
873,26,Raamkoda,63,Rammskord Istekoda
874,26,Raamkoda,63,Rammskord Istekoda
875,26,Raamkoda,118,Vaskmurd Istekoda
876,26,Raamkoda,118,Vaskmurd Istekoda
877,26,Raamkoda,118,Vaskmurd Istekoda
878,26,Raamkoda,118,Vaskmurd Istekoda
879,26,Raamkoda,118,Vaskmurd Istekoda
880,26,Raamkoda,118,Vaskmurd Istekoda
881,26,Raamkoda,118,Vaskmurd Istekoda
882,23,Xilhuan Altepetl,42,Auiatlan County
883,23,Xilhuan Altepetl,42,Auiatlan County
884,23,Xilhuan Altepetl,42,Auiatlan County
885,23,Xilhuan Altepetl,42,Auiatlan County
886,23,Xilhuan Altepetl,42,Auiatlan County
887,23,Xilhuan Altepetl,42,Auiatlan County
888,23,Xilhuan Altepetl,42,Auiatlan County
889,23,Xilhuan Altepetl,42,Auiatlan County
890,23,Xilhuan Altepetl,42,Auiatlan County
891,23,Xilhuan Altepetl,42,Auiatlan County
892,23,Xilhuan Altepetl,42,Auiatlan County
893,23,Xilhuan Altepetl,42,Auiatlan County
894,23,Xilhuan Altepetl,42,Auiatlan County
895,23,Xilhuan Altepetl,42,Auiatlan County
896,23,Xilhuan Altepetl,114,Velarionia Land
897,23,Xilhuan Altepetl,114,Velarionia Land
898,23,Xilhuan Altepetl,114,Velarionia Land
899,23,Xilhuan Altepetl,114,Velarionia Land
900,23,Xilhuan Altepetl,114,Velarionia Land
901,0,Neutrals,0,
902,0,Neutrals,0,
903,0,Neutrals,0,
904,0,Neutrals,0,
905,0,Neutrals,0,
906,0,Neutrals,0,
907,0,Neutrals,0,
908,0,Neutrals,0,
909,22,Sultanate of Kanchasuyu,110,Tiernanpun Territory
910,22,Sultanate of Kanchasuyu,22,Ruyuyuionia County
911,22,Sultanate of Kanchasuyu,22,Ruyuyuionia County
912,22,Sultanate of Kanchasuyu,22,Ruyuyuionia County
913,22,Sultanate of Kanchasuyu,22,Ruyuyuionia County
914,22,Sultanate of Kanchasuyu,22,Ruyuyuionia County
915,22,Sultanate of Kanchasuyu,22,Ruyuyuionia County
916,22,Sultanate of Kanchasuyu,22,Ruyuyuionia County
917,22,Sultanate of Kanchasuyu,22,Ruyuyuionia County
918,22,Sultanate of Kanchasuyu,22,Ruyuyuionia County
919,22,Sultanate of Kanchasuyu,8,Tuarkalanco County
920,22,Sultanate of Kanchasuyu,8,Tuarkalanco County
921,22,Sultanate of Kanchasuyu,8,Tuarkalanco County
922,22,Sultanate of Kanchasuyu,8,Tuarkalanco County
923,22,Sultanate of Kanchasuyu,8,Tuarkalanco County
924,22,Sultanate of Kanchasuyu,8,Tuarkalanco County
925,22,Sultanate of Kanchasuyu,8,Tuarkalanco County
926,22,Sultanate of Kanchasuyu,8,Tuarkalanco County
927,22,Sultanate of Kanchasuyu,8,Tuarkalanco County
928,22,Sultanate of Kanchasuyu,8,Tuarkalanco County
929,22,Sultanate of Kanchasuyu,8,Tuarkalanco County
930,28,Emirate of Riagan,87,Brenpunia County
931,28,Emirate of Riagan,87,Brenpunia County
932,28,Emirate of Riagan,87,Brenpunia County
933,28,Emirate of Riagan,85,Melaqta County
934,28,Emirate of Riagan,85,Melaqta County
935,28,Emirate of Riagan,85,Melaqta County
936,28,Emirate of Riagan,85,Melaqta County
937,29,Beylik of Lugrancanta,94,Orpanmalan County
938,29,Beylik of Lugrancanta,94,Orpanmalan County
939,29,Beylik of Lugrancanta,94,Orpanmalan County
940,29,Beylik of Lugrancanta,93,Florum County
941,29,Beylik of Lugrancanta,93,Florum County
942,29,Beylik of Lugrancanta,93,Florum County
943,29,Beylik of Lugrancanta,93,Florum County
944,29,Beylik of Lugrancanta,93,Florum County
945,28,Emirate of Riagan,83,Bevanconania County
946,28,Emirate of Riagan,83,Bevanconania County
947,28,Emirate of Riagan,83,Bevanconania County
948,28,Emirate of Riagan,83,Bevanconania County
949,28,Emirate of Riagan,0,
950,28,Emirate of Riagan,138,Victrum County
951,26,Raamkoda,64,Kalijurik Istekoda
952,26,Raamkoda,64,Kalijurik Istekoda
953,26,Raamkoda,64,Kalijurik Istekoda
954,26,Raamkoda,64,Kalijurik Istekoda
955,23,Xilhuan Altepetl,38,Mosyan Earldom
956,23,Xilhuan Altepetl,38,Mosyan Earldom
957,23,Xilhuan Altepetl,38,Mosyan Earldom
958,23,Xilhuan Altepetl,38,Mosyan Earldom
959,26,Raamkoda,118,Vaskmurd Istekoda
960,26,Raamkoda,118,Vaskmurd Istekoda
961,26,Raamkoda,118,Vaskmurd Istekoda
962,26,Raamkoda,118,Vaskmurd Istekoda
963,26,Raamkoda,118,Vaskmurd Istekoda
964,26,Raamkoda,118,Vaskmurd Istekoda
965,26,Raamkoda,118,Vaskmurd Istekoda
966,23,Xilhuan Altepetl,111,Cannarixus Territory
967,23,Xilhuan Altepetl,111,Cannarixus Territory
968,23,Xilhuan Altepetl,42,Auiatlan County
969,23,Xilhuan Altepetl,42,Auiatlan County
970,23,Xilhuan Altepetl,42,Auiatlan County
971,23,Xilhuan Altepetl,42,Auiatlan County
972,23,Xilhuan Altepetl,42,Auiatlan County
973,23,Xilhuan Altepetl,42,Auiatlan County
974,23,Xilhuan Altepetl,42,Auiatlan County
975,23,Xilhuan Altepetl,42,Auiatlan County
976,23,Xilhuan Altepetl,42,Auiatlan County
977,23,Xilhuan Altepetl,42,Auiatlan County
978,23,Xilhuan Altepetl,42,Auiatlan County
979,23,Xilhuan Altepetl,42,Auiatlan County
980,23,Xilhuan Altepetl,114,Velarionia Land
981,23,Xilhuan Altepetl,114,Velarionia Land
982,23,Xilhuan Altepetl,114,Velarionia Land
983,0,Neutrals,0,
984,0,Neutrals,0,
985,0,Neutrals,0,
986,0,Neutrals,0,
987,0,Neutrals,0,
988,22,Sultanate of Kanchasuyu,110,Tiernanpun Territory
989,22,Sultanate of Kanchasuyu,110,Tiernanpun Territory
990,22,Sultanate of Kanchasuyu,110,Tiernanpun Territory
991,22,Sultanate of Kanchasuyu,22,Ruyuyuionia County
992,22,Sultanate of Kanchasuyu,22,Ruyuyuionia County
993,22,Sultanate of Kanchasuyu,22,Ruyuyuionia County
994,22,Sultanate of Kanchasuyu,22,Ruyuyuionia County
995,22,Sultanate of Kanchasuyu,22,Ruyuyuionia County
996,22,Sultanate of Kanchasuyu,22,Ruyuyuionia County
997,22,Sultanate of Kanchasuyu,22,Ruyuyuionia County
998,22,Sultanate of Kanchasuyu,22,Ruyuyuionia County
999,22,Sultanate of Kanchasuyu,22,Ruyuyuionia County
1000,22,Sultanate of Kanchasuyu,8,Tuarkalanco County
1001,22,Sultanate of Kanchasuyu,8,Tuarkalanco County
1002,22,Sultanate of Kanchasuyu,8,Tuarkalanco County
1003,22,Sultanate of Kanchasuyu,8,Tuarkalanco County
1004,22,Sultanate of Kanchasuyu,8,Tuarkalanco County
1005,22,Sultanate of Kanchasuyu,8,Tuarkalanco County
1006,22,Sultanate of Kanchasuyu,8,Tuarkalanco County
1007,22,Sultanate of Kanchasuyu,8,Tuarkalanco County
1008,22,Sultanate of Kanchasuyu,8,Tuarkalanco County
1009,22,Sultanate of Kanchasuyu,8,Tuarkalanco County
1010,22,Sultanate of Kanchasuyu,8,Tuarkalanco County
1011,22,Sultanate of Kanchasuyu,8,Tuarkalanco County
1012,22,Sultanate of Kanchasuyu,107,Fionsuyu Territory
1013,22,Sultanate of Kanchasuyu,8,Tuarkalanco County
1014,28,Emirate of Riagan,87,Brenpunia County
1015,28,Emirate of Riagan,87,Brenpunia County
1016,28,Emirate of Riagan,87,Brenpunia County
1017,28,Emirate of Riagan,85,Melaqta County
1018,28,Emirate of Riagan,85,Melaqta County
1019,29,Beylik of Lugrancanta,94,Orpanmalan County
1020,0,Neutrals,0,
1021,29,Beylik of Lugrancanta,93,Florum County
1022,29,Beylik of Lugrancanta,93,Florum County
1023,29,Beylik of Lugrancanta,93,Florum County
1024,29,Beylik of Lugrancanta,93,Florum County
1025,29,Beylik of Lugrancanta,93,Florum County
1026,29,Beylik of Lugrancanta,93,Florum County
1027,29,Beylik of Lugrancanta,93,Florum County
1028,29,Beylik of Lugrancanta,93,Florum County
1029,29,Beylik of Lugrancanta,93,Florum County
1030,29,Beylik of Lugrancanta,93,Florum County
1031,29,Beylik of Lugrancanta,93,Florum County
1032,29,Beylik of Lugrancanta,93,Florum County
1033,29,Beylik of Lugrancanta,93,Florum County
1034,29,Beylik of Lugrancanta,93,Florum County
1035,28,Emirate of Riagan,0,
1036,28,Emirate of Riagan,138,Victrum County
1037,26,Raamkoda,64,Kalijurik Istekoda
1038,26,Raamkoda,64,Kalijurik Istekoda
1039,26,Raamkoda,64,Kalijurik Istekoda
1040,26,Raamkoda,64,Kalijurik Istekoda
1041,26,Raamkoda,64,Kalijurik Istekoda
1042,23,Xilhuan Altepetl,0,
1043,23,Xilhuan Altepetl,0,
1044,23,Xilhuan Altepetl,0,
1045,23,Xilhuan Altepetl,0,
1046,23,Xilhuan Altepetl,38,Mosyan Earldom
1047,26,Raamkoda,118,Vaskmurd Istekoda
1048,26,Raamkoda,118,Vaskmurd Istekoda
1049,26,Raamkoda,118,Vaskmurd Istekoda
1050,26,Raamkoda,118,Vaskmurd Istekoda
1051,26,Raamkoda,118,Vaskmurd Istekoda
1052,26,Raamkoda,118,Vaskmurd Istekoda
1053,23,Xilhuan Altepetl,111,Cannarixus Territory
1054,23,Xilhuan Altepetl,111,Cannarixus Territory
1055,23,Xilhuan Altepetl,111,Cannarixus Territory
1056,23,Xilhuan Altepetl,111,Cannarixus Territory
1057,23,Xilhuan Altepetl,42,Auiatlan County
1058,23,Xilhuan Altepetl,42,Auiatlan County
1059,23,Xilhuan Altepetl,42,Auiatlan County
1060,23,Xilhuan Altepetl,42,Auiatlan County
1061,23,Xilhuan Altepetl,42,Auiatlan County
1062,23,Xilhuan Altepetl,42,Auiatlan County
1063,23,Xilhuan Altepetl,42,Auiatlan County
1064,23,Xilhuan Altepetl,42,Auiatlan County
1065,23,Xilhuan Altepetl,41,Wesvariontia County
1066,23,Xilhuan Altepetl,114,Velarionia Land
1067,23,Xilhuan Altepetl,114,Velarionia Land
1068,23,Xilhuan Altepetl,114,Velarionia Land
1069,23,Xilhuan Altepetl,114,Velarionia Land
1070,23,Xilhuan Altepetl,114,Velarionia Land
1071,23,Xilhuan Altepetl,114,Velarionia Land
1072,23,Xilhuan Altepetl,114,Velarionia Land
1073,23,Xilhuan Altepetl,114,Velarionia Land
1074,0,Neutrals,0,
1075,0,Neutrals,0,
1076,0,Neutrals,0,
1077,22,Sultanate of Kanchasuyu,110,Tiernanpun Territory
1078,22,Sultanate of Kanchasuyu,110,Tiernanpun Territory
1079,0,Neutrals,0,
1080,0,Neutrals,0,
1081,0,Neutrals,0,
1082,0,Neutrals,0,
1083,0,Neutrals,0,
1084,0,Neutrals,0,
1085,0,Neutrals,0,
1086,22,Sultanate of Kanchasuyu,22,Ruyuyuionia County
1087,22,Sultanate of Kanchasuyu,22,Ruyuyuionia County
1088,22,Sultanate of Kanchasuyu,22,Ruyuyuionia County
1089,22,Sultanate of Kanchasuyu,22,Ruyuyuionia County
1090,22,Sultanate of Kanchasuyu,22,Ruyuyuionia County
1091,22,Sultanate of Kanchasuyu,22,Ruyuyuionia County
1092,22,Sultanate of Kanchasuyu,22,Ruyuyuionia County
1093,22,Sultanate of Kanchasuyu,5,Markia Margrave
1094,22,Sultanate of Kanchasuyu,5,Markia Margrave
1095,22,Sultanate of Kanchasuyu,4,Ornanlpansu County
1096,22,Sultanate of Kanchasuyu,4,Ornanlpansu County
1097,22,Sultanate of Kanchasuyu,4,Ornanlpansu County
1098,0,Neutrals,0,
1099,0,Neutrals,0,
1100,0,Neutrals,0,
1101,0,Neutrals,0,
1102,0,Neutrals,0,
1103,0,Neutrals,0,
1104,28,Emirate of Riagan,81,Sonanmayu County
1105,28,Emirate of Riagan,81,Sonanmayu County
1106,28,Emirate of Riagan,81,Sonanmayu County
1107,28,Emirate of Riagan,81,Sonanmayu County
1108,28,Emirate of Riagan,87,Brenpunia County
1109,28,Emirate of Riagan,87,Brenpunia County
1110,28,Emirate of Riagan,87,Brenpunia County
1111,29,Beylik of Lugrancanta,94,Orpanmalan County
1112,29,Beylik of Lugrancanta,94,Orpanmalan County
1113,29,Beylik of Lugrancanta,94,Orpanmalan County
1114,0,Neutrals,0,
1115,0,Neutrals,0,
1116,29,Beylik of Lugrancanta,93,Florum County
1117,0,Neutrals,0,
1118,0,Neutrals,0,
1119,0,Neutrals,0,
1120,0,Neutrals,0,
1121,0,Neutrals,0,
1122,29,Beylik of Lugrancanta,93,Florum County
1123,29,Beylik of Lugrancanta,93,Florum County
1124,29,Beylik of Lugrancanta,93,Florum County
1125,29,Beylik of Lugrancanta,93,Florum County
1126,29,Beylik of Lugrancanta,126,Tralinia Territory
1127,29,Beylik of Lugrancanta,93,Florum County
1128,29,Beylik of Lugrancanta,126,Tralinia Territory
1129,26,Raamkoda,64,Kalijurik Istekoda
1130,26,Raamkoda,64,Kalijurik Istekoda
1131,26,Raamkoda,64,Kalijurik Istekoda
1132,26,Raamkoda,64,Kalijurik Istekoda
1133,23,Xilhuan Altepetl,38,Mosyan Earldom
1134,23,Xilhuan Altepetl,0,
1135,23,Xilhuan Altepetl,0,
1136,23,Xilhuan Altepetl,0,
1137,23,Xilhuan Altepetl,0,
1138,23,Xilhuan Altepetl,0,
1139,23,Xilhuan Altepetl,38,Mosyan Earldom
1140,26,Raamkoda,118,Vaskmurd Istekoda
1141,26,Raamkoda,118,Vaskmurd Istekoda
1142,26,Raamkoda,118,Vaskmurd Istekoda
1143,26,Raamkoda,118,Vaskmurd Istekoda
1144,23,Xilhuan Altepetl,47,Buratesa County
1145,23,Xilhuan Altepetl,111,Cannarixus Territory
1146,23,Xilhuan Altepetl,111,Cannarixus Territory
1147,23,Xilhuan Altepetl,111,Cannarixus Territory
1148,23,Xilhuan Altepetl,42,Auiatlan County
1149,23,Xilhuan Altepetl,42,Auiatlan County
1150,23,Xilhuan Altepetl,42,Auiatlan County
1151,23,Xilhuan Altepetl,42,Auiatlan County
1152,23,Xilhuan Altepetl,42,Auiatlan County
1153,23,Xilhuan Altepetl,42,Auiatlan County
1154,23,Xilhuan Altepetl,42,Auiatlan County
1155,23,Xilhuan Altepetl,42,Auiatlan County
1156,23,Xilhuan Altepetl,42,Auiatlan County
1157,23,Xilhuan Altepetl,41,Wesvariontia County
1158,23,Xilhuan Altepetl,41,Wesvariontia County
1159,23,Xilhuan Altepetl,41,Wesvariontia County
1160,23,Xilhuan Altepetl,41,Wesvariontia County
1161,23,Xilhuan Altepetl,41,Wesvariontia County
1162,23,Xilhuan Altepetl,114,Velarionia Land
1163,23,Xilhuan Altepetl,41,Wesvariontia County
1164,0,Neutrals,0,
1165,0,Neutrals,0,
1166,0,Neutrals,0,
1167,0,Neutrals,0,
1168,0,Neutrals,0,
1169,0,Neutrals,0,
1170,0,Neutrals,0,
1171,0,Neutrals,0,
1172,0,Neutrals,0,
1173,22,Sultanate of Kanchasuyu,22,Ruyuyuionia County
1174,22,Sultanate of Kanchasuyu,22,Ruyuyuionia County
1175,22,Sultanate of Kanchasuyu,10,Saium County
1176,22,Sultanate of Kanchasuyu,22,Ruyuyuionia County
1177,22,Sultanate of Kanchasuyu,10,Saium County
1178,22,Sultanate of Kanchasuyu,22,Ruyuyuionia County
1179,22,Sultanate of Kanchasuyu,22,Ruyuyuionia County
1180,22,Sultanate of Kanchasuyu,22,Ruyuyuionia County
1181,22,Sultanate of Kanchasuyu,22,Ruyuyuionia County
1182,22,Sultanate of Kanchasuyu,22,Ruyuyuionia County
1183,22,Sultanate of Kanchasuyu,22,Ruyuyuionia County
1184,22,Sultanate of Kanchasuyu,5,Markia Margrave
1185,22,Sultanate of Kanchasuyu,5,Markia Margrave
1186,22,Sultanate of Kanchasuyu,11,Qocha County
1187,22,Sultanate of Kanchasuyu,4,Ornanlpansu County
1188,22,Sultanate of Kanchasuyu,4,Ornanlpansu County
1189,22,Sultanate of Kanchasuyu,4,Ornanlpansu County
1190,22,Sultanate of Kanchasuyu,4,Ornanlpansu County
1191,22,Sultanate of Kanchasuyu,4,Ornanlpansu County
1192,22,Sultanate of Kanchasuyu,4,Ornanlpansu County
1193,22,Sultanate of Kanchasuyu,12,Beranlaqia County
1194,22,Sultanate of Kanchasuyu,12,Beranlaqia County
1195,0,Neutrals,0,
1196,28,Emirate of Riagan,81,Sonanmayu County
1197,22,Sultanate of Kanchasuyu,26,Sornumia County
1198,28,Emirate of Riagan,81,Sonanmayu County
1199,28,Emirate of Riagan,81,Sonanmayu County
1200,28,Emirate of Riagan,87,Brenpunia County
1201,28,Emirate of Riagan,87,Brenpunia County
1202,28,Emirate of Riagan,87,Brenpunia County
1203,28,Emirate of Riagan,87,Brenpunia County
1204,29,Beylik of Lugrancanta,95,Nialmayu Earldom
1205,29,Beylik of Lugrancanta,95,Nialmayu Earldom
1206,29,Beylik of Lugrancanta,95,Nialmayu Earldom
1207,29,Beylik of Lugrancanta,95,Nialmayu Earldom
1208,29,Beylik of Lugrancanta,95,Nialmayu Earldom
1209,0,Neutrals,0,
1210,0,Neutrals,0,
1211,0,Neutrals,0,
1212,0,Neutrals,0,
1213,0,Neutrals,0,
1214,0,Neutrals,0,
1215,0,Neutrals,0,
1216,0,Neutrals,0,
1217,0,Neutrals,0,
1218,0,Neutrals,0,
1219,0,Neutrals,0,
1220,0,Neutrals,0,
1221,0,Neutrals,0,
1222,0,Neutrals,0,
1223,0,Neutrals,0,
1224,29,Beylik of Lugrancanta,126,Tralinia Territory
1225,29,Beylik of Lugrancanta,126,Tralinia Territory
1226,29,Beylik of Lugrancanta,126,Tralinia Territory
1227,26,Raamkoda,64,Kalijurik Istekoda
1228,26,Raamkoda,64,Kalijurik Istekoda
1229,26,Raamkoda,64,Kalijurik Istekoda
1230,26,Raamkoda,64,Kalijurik Istekoda
1231,23,Xilhuan Altepetl,38,Mosyan Earldom
1232,23,Xilhuan Altepetl,38,Mosyan Earldom
1233,23,Xilhuan Altepetl,0,
1234,23,Xilhuan Altepetl,0,
1235,23,Xilhuan Altepetl,0,
1236,23,Xilhuan Altepetl,0,
1237,23,Xilhuan Altepetl,0,
1238,23,Xilhuan Altepetl,0,
1239,23,Xilhuan Altepetl,47,Buratesa County
1240,26,Raamkoda,118,Vaskmurd Istekoda
1241,23,Xilhuan Altepetl,47,Buratesa County
1242,23,Xilhuan Altepetl,47,Buratesa County
1243,23,Xilhuan Altepetl,111,Cannarixus Territory
1244,23,Xilhuan Altepetl,111,Cannarixus Territory
1245,23,Xilhuan Altepetl,111,Cannarixus Territory
1246,23,Xilhuan Altepetl,42,Auiatlan County
1247,23,Xilhuan Altepetl,112,Xelaqocaqoria Territory
1248,23,Xilhuan Altepetl,42,Auiatlan County
1249,23,Xilhuan Altepetl,42,Auiatlan County
1250,23,Xilhuan Altepetl,42,Auiatlan County
1251,23,Xilhuan Altepetl,42,Auiatlan County
1252,23,Xilhuan Altepetl,41,Wesvariontia County
1253,23,Xilhuan Altepetl,41,Wesvariontia County
1254,23,Xilhuan Altepetl,41,Wesvariontia County
1255,23,Xilhuan Altepetl,41,Wesvariontia County
1256,23,Xilhuan Altepetl,41,Wesvariontia County
1257,23,Xilhuan Altepetl,41,Wesvariontia County
1258,23,Xilhuan Altepetl,41,Wesvariontia County
1259,23,Xilhuan Altepetl,41,Wesvariontia County
1260,23,Xilhuan Altepetl,41,Wesvariontia County
1261,23,Xilhuan Altepetl,114,Velarionia Land
1262,23,Xilhuan Altepetl,114,Velarionia Land
1263,0,Neutrals,0,
1264,0,Neutrals,0,
1265,0,Neutrals,0,
1266,0,Neutrals,0,
1267,0,Neutrals,0,
1268,0,Neutrals,0,
1269,0,Neutrals,0,
1270,0,Neutrals,0,
1271,0,Neutrals,0,
1272,0,Neutrals,0,
1273,22,Sultanate of Kanchasuyu,10,Saium County
1274,22,Sultanate of Kanchasuyu,10,Saium County
1275,22,Sultanate of Kanchasuyu,10,Saium County
1276,22,Sultanate of Kanchasuyu,10,Saium County
1277,22,Sultanate of Kanchasuyu,10,Saium County
1278,22,Sultanate of Kanchasuyu,2,Laqtia County
1279,22,Sultanate of Kanchasuyu,10,Saium County
1280,22,Sultanate of Kanchasuyu,2,Laqtia County
1281,22,Sultanate of Kanchasuyu,2,Laqtia County
1282,22,Sultanate of Kanchasuyu,2,Laqtia County
1283,22,Sultanate of Kanchasuyu,2,Laqtia County
1284,22,Sultanate of Kanchasuyu,5,Markia Margrave
1285,22,Sultanate of Kanchasuyu,5,Markia Margrave
1286,22,Sultanate of Kanchasuyu,5,Markia Margrave
1287,22,Sultanate of Kanchasuyu,11,Qocha County
1288,22,Sultanate of Kanchasuyu,11,Qocha County
1289,22,Sultanate of Kanchasuyu,11,Qocha County
1290,22,Sultanate of Kanchasuyu,4,Ornanlpansu County
1291,22,Sultanate of Kanchasuyu,4,Ornanlpansu County
1292,22,Sultanate of Kanchasuyu,12,Beranlaqia County
1293,22,Sultanate of Kanchasuyu,26,Sornumia County
1294,22,Sultanate of Kanchasuyu,26,Sornumia County
1295,0,Neutrals,0,
1296,0,Neutrals,0,
1297,0,Neutrals,0,
1298,0,Neutrals,0,
1299,0,Neutrals,0,
1300,0,Neutrals,0,
1301,28,Emirate of Riagan,87,Brenpunia County
1302,28,Emirate of Riagan,87,Brenpunia County
1303,28,Emirate of Riagan,87,Brenpunia County
1304,28,Emirate of Riagan,87,Brenpunia County
1305,29,Beylik of Lugrancanta,95,Nialmayu Earldom
1306,29,Beylik of Lugrancanta,95,Nialmayu Earldom
1307,0,Neutrals,0,
1308,0,Neutrals,0,
1309,0,Neutrals,0,
1310,0,Neutrals,0,
1311,0,Neutrals,0,
1312,0,Neutrals,0,
1313,0,Neutrals,0,
1314,0,Neutrals,0,
1315,0,Neutrals,0,
1316,0,Neutrals,0,
1317,0,Neutrals,0,
1318,29,Beylik of Lugrancanta,126,Tralinia Territory
1319,29,Beylik of Lugrancanta,126,Tralinia Territory
1320,29,Beylik of Lugrancanta,126,Tralinia Territory
1321,29,Beylik of Lugrancanta,126,Tralinia Territory
1322,29,Beylik of Lugrancanta,126,Tralinia Territory
1323,26,Raamkoda,64,Kalijurik Istekoda
1324,26,Raamkoda,64,Kalijurik Istekoda
1325,26,Raamkoda,64,Kalijurik Istekoda
1326,23,Xilhuan Altepetl,38,Mosyan Earldom
1327,23,Xilhuan Altepetl,38,Mosyan Earldom
1328,23,Xilhuan Altepetl,0,
1329,23,Xilhuan Altepetl,0,
1330,23,Xilhuan Altepetl,0,
1331,23,Xilhuan Altepetl,0,
1332,23,Xilhuan Altepetl,47,Buratesa County
1333,23,Xilhuan Altepetl,47,Buratesa County
1334,23,Xilhuan Altepetl,47,Buratesa County
1335,23,Xilhuan Altepetl,47,Buratesa County
1336,23,Xilhuan Altepetl,47,Buratesa County
1337,23,Xilhuan Altepetl,47,Buratesa County
1338,23,Xilhuan Altepetl,111,Cannarixus Territory
1339,23,Xilhuan Altepetl,47,Buratesa County
1340,23,Xilhuan Altepetl,48,Hueca County
1341,23,Xilhuan Altepetl,42,Auiatlan County
1342,23,Xilhuan Altepetl,42,Auiatlan County
1343,23,Xilhuan Altepetl,42,Auiatlan County
1344,23,Xilhuan Altepetl,42,Auiatlan County
1345,23,Xilhuan Altepetl,41,Wesvariontia County
1346,23,Xilhuan Altepetl,41,Wesvariontia County
1347,23,Xilhuan Altepetl,41,Wesvariontia County
1348,23,Xilhuan Altepetl,41,Wesvariontia County
1349,23,Xilhuan Altepetl,41,Wesvariontia County
1350,23,Xilhuan Altepetl,41,Wesvariontia County
1351,23,Xilhuan Altepetl,41,Wesvariontia County
1352,23,Xilhuan Altepetl,41,Wesvariontia County
1353,23,Xilhuan Altepetl,41,Wesvariontia County
1354,23,Xilhuan Altepetl,41,Wesvariontia County
1355,23,Xilhuan Altepetl,114,Velarionia Land
1356,23,Xilhuan Altepetl,114,Velarionia Land
1357,0,Neutrals,0,
1358,0,Neutrals,0,
1359,0,Neutrals,0,
1360,0,Neutrals,0,
1361,0,Neutrals,0,
1362,0,Neutrals,0,
1363,0,Neutrals,0,
1364,0,Neutrals,0,
1365,0,Neutrals,0,
1366,0,Neutrals,0,
1367,0,Neutrals,0,
1368,22,Sultanate of Kanchasuyu,10,Saium County
1369,0,Neutrals,0,
1370,22,Sultanate of Kanchasuyu,10,Saium County
1371,22,Sultanate of Kanchasuyu,10,Saium County
1372,22,Sultanate of Kanchasuyu,10,Saium County
1373,22,Sultanate of Kanchasuyu,10,Saium County
1374,22,Sultanate of Kanchasuyu,10,Saium County
1375,22,Sultanate of Kanchasuyu,10,Saium County
1376,0,Neutrals,0,
1377,22,Sultanate of Kanchasuyu,2,Laqtia County
1378,22,Sultanate of Kanchasuyu,2,Laqtia County
1379,22,Sultanate of Kanchasuyu,2,Laqtia County
1380,22,Sultanate of Kanchasuyu,2,Laqtia County
1381,22,Sultanate of Kanchasuyu,5,Markia Margrave
1382,22,Sultanate of Kanchasuyu,5,Markia Margrave
1383,22,Sultanate of Kanchasuyu,5,Markia Margrave
1384,22,Sultanate of Kanchasuyu,5,Markia Margrave
1385,22,Sultanate of Kanchasuyu,11,Qocha County
1386,22,Sultanate of Kanchasuyu,11,Qocha County
1387,22,Sultanate of Kanchasuyu,6,Borcunumia County
1388,22,Sultanate of Kanchasuyu,6,Borcunumia County
1389,22,Sultanate of Kanchasuyu,13,Sirgodulum County
1390,22,Sultanate of Kanchasuyu,13,Sirgodulum County
1391,22,Sultanate of Kanchasuyu,13,Sirgodulum County
1392,0,Neutrals,0,
1393,0,Neutrals,0,
1394,0,Neutrals,0,
1395,0,Neutrals,0,
1396,0,Neutrals,0,
1397,0,Neutrals,0,
1398,0,Neutrals,0,
1399,0,Neutrals,0,
1400,29,Beylik of Lugrancanta,95,Nialmayu Earldom
1401,0,Neutrals,0,
1402,0,Neutrals,0,
1403,0,Neutrals,0,
1404,0,Neutrals,0,
1405,0,Neutrals,0,
1406,0,Neutrals,0,
1407,0,Neutrals,0,
1408,29,Beylik of Lugrancanta,126,Tralinia Territory
1409,29,Beylik of Lugrancanta,126,Tralinia Territory
1410,29,Beylik of Lugrancanta,126,Tralinia Territory
1411,29,Beylik of Lugrancanta,126,Tralinia Territory
1412,29,Beylik of Lugrancanta,126,Tralinia Territory
1413,29,Beylik of Lugrancanta,126,Tralinia Territory
1414,26,Raamkoda,64,Kalijurik Istekoda
1415,26,Raamkoda,64,Kalijurik Istekoda
1416,26,Raamkoda,64,Kalijurik Istekoda
1417,26,Raamkoda,64,Kalijurik Istekoda
1418,26,Raamkoda,64,Kalijurik Istekoda
1419,23,Xilhuan Altepetl,38,Mosyan Earldom
1420,23,Xilhuan Altepetl,0,
1421,23,Xilhuan Altepetl,0,
1422,23,Xilhuan Altepetl,0,
1423,23,Xilhuan Altepetl,47,Buratesa County
1424,23,Xilhuan Altepetl,47,Buratesa County
1425,23,Xilhuan Altepetl,47,Buratesa County
1426,23,Xilhuan Altepetl,47,Buratesa County
1427,23,Xilhuan Altepetl,47,Buratesa County
1428,23,Xilhuan Altepetl,47,Buratesa County
1429,23,Xilhuan Altepetl,47,Buratesa County
1430,23,Xilhuan Altepetl,47,Buratesa County
1431,23,Xilhuan Altepetl,48,Hueca County
1432,23,Xilhuan Altepetl,48,Hueca County
1433,23,Xilhuan Altepetl,42,Auiatlan County
1434,23,Xilhuan Altepetl,27,Archco County
1435,23,Xilhuan Altepetl,41,Wesvariontia County
1436,23,Xilhuan Altepetl,41,Wesvariontia County
1437,23,Xilhuan Altepetl,41,Wesvariontia County
1438,23,Xilhuan Altepetl,41,Wesvariontia County
1439,23,Xilhuan Altepetl,41,Wesvariontia County
1440,23,Xilhuan Altepetl,41,Wesvariontia County
1441,23,Xilhuan Altepetl,41,Wesvariontia County
1442,23,Xilhuan Altepetl,41,Wesvariontia County
1443,23,Xilhuan Altepetl,41,Wesvariontia County
1444,23,Xilhuan Altepetl,41,Wesvariontia County
1445,23,Xilhuan Altepetl,41,Wesvariontia County
1446,23,Xilhuan Altepetl,41,Wesvariontia County
1447,23,Xilhuan Altepetl,114,Velarionia Land
1448,23,Xilhuan Altepetl,114,Velarionia Land
1449,23,Xilhuan Altepetl,114,Velarionia Land
1450,23,Xilhuan Altepetl,114,Velarionia Land
1451,23,Xilhuan Altepetl,114,Velarionia Land
1452,0,Neutrals,0,
1453,0,Neutrals,0,
1454,0,Neutrals,0,
1455,0,Neutrals,0,
1456,0,Neutrals,0,
1457,0,Neutrals,0,
1458,0,Neutrals,0,
1459,0,Neutrals,0,
1460,23,Xilhuan Altepetl,0,
1461,0,Neutrals,0,
1462,0,Neutrals,0,
1463,22,Sultanate of Kanchasuyu,10,Saium County
1464,22,Sultanate of Kanchasuyu,10,Saium County
1465,22,Sultanate of Kanchasuyu,10,Saium County
1466,22,Sultanate of Kanchasuyu,10,Saium County
1467,22,Sultanate of Kanchasuyu,10,Saium County
1468,22,Sultanate of Kanchasuyu,10,Saium County
1469,22,Sultanate of Kanchasuyu,10,Saium County
1470,22,Sultanate of Kanchasuyu,10,Saium County
1471,22,Sultanate of Kanchasuyu,2,Laqtia County
1472,22,Sultanate of Kanchasuyu,2,Laqtia County
1473,22,Sultanate of Kanchasuyu,2,Laqtia County
1474,22,Sultanate of Kanchasuyu,2,Laqtia County
1475,22,Sultanate of Kanchasuyu,2,Laqtia County
1476,22,Sultanate of Kanchasuyu,2,Laqtia County
1477,22,Sultanate of Kanchasuyu,5,Markia Margrave
1478,22,Sultanate of Kanchasuyu,5,Markia Margrave
1479,22,Sultanate of Kanchasuyu,5,Markia Margrave
1480,22,Sultanate of Kanchasuyu,5,Markia Margrave
1481,22,Sultanate of Kanchasuyu,5,Markia Margrave
1482,22,Sultanate of Kanchasuyu,5,Markia Margrave
1483,22,Sultanate of Kanchasuyu,11,Qocha County
1484,22,Sultanate of Kanchasuyu,5,Markia Margrave
1485,22,Sultanate of Kanchasuyu,11,Qocha County
1486,22,Sultanate of Kanchasuyu,6,Borcunumia County
1487,22,Sultanate of Kanchasuyu,6,Borcunumia County
1488,22,Sultanate of Kanchasuyu,6,Borcunumia County
1489,22,Sultanate of Kanchasuyu,6,Borcunumia County
1490,22,Sultanate of Kanchasuyu,13,Sirgodulum County
1491,22,Sultanate of Kanchasuyu,13,Sirgodulum County
1492,22,Sultanate of Kanchasuyu,13,Sirgodulum County
1493,22,Sultanate of Kanchasuyu,20,Binovium County
1494,22,Sultanate of Kanchasuyu,20,Binovium County
1495,22,Sultanate of Kanchasuyu,20,Binovium County
1496,22,Sultanate of Kanchasuyu,20,Binovium County
1497,22,Sultanate of Kanchasuyu,20,Binovium County
1498,22,Sultanate of Kanchasuyu,20,Binovium County
1499,22,Sultanate of Kanchasuyu,20,Binovium County
1500,28,Emirate of Riagan,125,Veliaguria Land
1501,28,Emirate of Riagan,125,Veliaguria Land
1502,22,Sultanate of Kanchasuyu,20,Binovium County
1503,22,Sultanate of Kanchasuyu,20,Binovium County
1504,0,Neutrals,0,
1505,0,Neutrals,0,
1506,0,Neutrals,0,
1507,0,Neutrals,0,
1508,0,Neutrals,0,
1509,0,Neutrals,0,
1510,0,Neutrals,0,
1511,0,Neutrals,0,
1512,29,Beylik of Lugrancanta,126,Tralinia Territory
1513,29,Beylik of Lugrancanta,126,Tralinia Territory
1514,29,Beylik of Lugrancanta,126,Tralinia Territory
1515,29,Beylik of Lugrancanta,126,Tralinia Territory
1516,26,Raamkoda,64,Kalijurik Istekoda
1517,26,Raamkoda,64,Kalijurik Istekoda
1518,26,Raamkoda,64,Kalijurik Istekoda
1519,26,Raamkoda,64,Kalijurik Istekoda
1520,26,Raamkoda,64,Kalijurik Istekoda
1521,23,Xilhuan Altepetl,38,Mosyan Earldom
1522,23,Xilhuan Altepetl,0,
1523,23,Xilhuan Altepetl,0,
1524,23,Xilhuan Altepetl,47,Buratesa County
1525,23,Xilhuan Altepetl,47,Buratesa County
1526,23,Xilhuan Altepetl,47,Buratesa County
1527,23,Xilhuan Altepetl,47,Buratesa County
1528,23,Xilhuan Altepetl,47,Buratesa County
1529,23,Xilhuan Altepetl,47,Buratesa County
1530,23,Xilhuan Altepetl,47,Buratesa County
1531,23,Xilhuan Altepetl,44,Drupiba County
1532,23,Xilhuan Altepetl,48,Hueca County
1533,23,Xilhuan Altepetl,48,Hueca County
1534,23,Xilhuan Altepetl,27,Archco County
1535,23,Xilhuan Altepetl,27,Archco County
1536,23,Xilhuan Altepetl,27,Archco County
1537,23,Xilhuan Altepetl,41,Wesvariontia County
1538,23,Xilhuan Altepetl,41,Wesvariontia County
1539,23,Xilhuan Altepetl,41,Wesvariontia County
1540,23,Xilhuan Altepetl,41,Wesvariontia County
1541,23,Xilhuan Altepetl,41,Wesvariontia County
1542,23,Xilhuan Altepetl,41,Wesvariontia County
1543,23,Xilhuan Altepetl,41,Wesvariontia County
1544,23,Xilhuan Altepetl,41,Wesvariontia County
1545,23,Xilhuan Altepetl,41,Wesvariontia County
1546,23,Xilhuan Altepetl,41,Wesvariontia County
1547,23,Xilhuan Altepetl,41,Wesvariontia County
1548,23,Xilhuan Altepetl,41,Wesvariontia County
1549,0,Neutrals,0,
1550,0,Neutrals,0,
1551,23,Xilhuan Altepetl,114,Velarionia Land
1552,23,Xilhuan Altepetl,114,Velarionia Land
1553,23,Xilhuan Altepetl,114,Velarionia Land
1554,23,Xilhuan Altepetl,114,Velarionia Land
1555,23,Xilhuan Altepetl,114,Velarionia Land
1556,0,Neutrals,0,
1557,0,Neutrals,0,
1558,0,Neutrals,0,
1559,0,Neutrals,0,
1560,0,Neutrals,0,
1561,0,Neutrals,0,
1562,0,Neutrals,0,
1563,0,Neutrals,0,
1564,0,Neutrals,0,
1565,0,Neutrals,0,
1566,0,Neutrals,0,
1567,22,Sultanate of Kanchasuyu,10,Saium County
1568,22,Sultanate of Kanchasuyu,10,Saium County
1569,22,Sultanate of Kanchasuyu,10,Saium County
1570,22,Sultanate of Kanchasuyu,10,Saium County
1571,22,Sultanate of Kanchasuyu,10,Saium County
1572,22,Sultanate of Kanchasuyu,2,Laqtia County
1573,22,Sultanate of Kanchasuyu,2,Laqtia County
1574,22,Sultanate of Kanchasuyu,2,Laqtia County
1575,22,Sultanate of Kanchasuyu,2,Laqtia County
1576,22,Sultanate of Kanchasuyu,2,Laqtia County
1577,22,Sultanate of Kanchasuyu,21,Marsu County
1578,22,Sultanate of Kanchasuyu,21,Marsu County
1579,22,Sultanate of Kanchasuyu,21,Marsu County
1580,22,Sultanate of Kanchasuyu,21,Marsu County
1581,22,Sultanate of Kanchasuyu,23,Apaor County
1582,22,Sultanate of Kanchasuyu,23,Apaor County
1583,22,Sultanate of Kanchasuyu,5,Markia Margrave
1584,0,Neutrals,0,
1585,0,Neutrals,0,
1586,0,Neutrals,0,
1587,0,Neutrals,0,
1588,0,Neutrals,0,
1589,0,Neutrals,0,
1590,0,Neutrals,0,
1591,22,Sultanate of Kanchasuyu,13,Sirgodulum County
1592,22,Sultanate of Kanchasuyu,13,Sirgodulum County
1593,22,Sultanate of Kanchasuyu,20,Binovium County
1594,22,Sultanate of Kanchasuyu,20,Binovium County
1595,22,Sultanate of Kanchasuyu,20,Binovium County
1596,22,Sultanate of Kanchasuyu,20,Binovium County
1597,22,Sultanate of Kanchasuyu,20,Binovium County
1598,22,Sultanate of Kanchasuyu,20,Binovium County
1599,0,Neutrals,0,
1600,0,Neutrals,0,
1601,0,Neutrals,0,
1602,0,Neutrals,0,
1603,0,Neutrals,0,
1604,0,Neutrals,0,
1605,0,Neutrals,0,
1606,29,Beylik of Lugrancanta,126,Tralinia Territory
1607,29,Beylik of Lugrancanta,126,Tralinia Territory
1608,29,Beylik of Lugrancanta,126,Tralinia Territory
1609,26,Raamkoda,64,Kalijurik Istekoda
1610,26,Raamkoda,64,Kalijurik Istekoda
1611,26,Raamkoda,64,Kalijurik Istekoda
1612,26,Raamkoda,64,Kalijurik Istekoda
1613,26,Raamkoda,64,Kalijurik Istekoda
1614,23,Xilhuan Altepetl,38,Mosyan Earldom
1615,23,Xilhuan Altepetl,0,
1616,23,Xilhuan Altepetl,0,
1617,23,Xilhuan Altepetl,47,Buratesa County
1618,23,Xilhuan Altepetl,47,Buratesa County
1619,23,Xilhuan Altepetl,47,Buratesa County
1620,23,Xilhuan Altepetl,47,Buratesa County
1621,23,Xilhuan Altepetl,47,Buratesa County
1622,23,Xilhuan Altepetl,47,Buratesa County
1623,23,Xilhuan Altepetl,44,Drupiba County
1624,23,Xilhuan Altepetl,44,Drupiba County
1625,23,Xilhuan Altepetl,48,Hueca County
1626,23,Xilhuan Altepetl,27,Archco County
1627,23,Xilhuan Altepetl,27,Archco County
1628,23,Xilhuan Altepetl,27,Archco County
1629,23,Xilhuan Altepetl,27,Archco County
1630,23,Xilhuan Altepetl,41,Wesvariontia County
1631,23,Xilhuan Altepetl,41,Wesvariontia County
1632,23,Xilhuan Altepetl,41,Wesvariontia County
1633,23,Xilhuan Altepetl,41,Wesvariontia County
1634,23,Xilhuan Altepetl,41,Wesvariontia County
1635,23,Xilhuan Altepetl,41,Wesvariontia County
1636,23,Xilhuan Altepetl,41,Wesvariontia County
1637,23,Xilhuan Altepetl,41,Wesvariontia County
1638,23,Xilhuan Altepetl,41,Wesvariontia County
1639,23,Xilhuan Altepetl,41,Wesvariontia County
1640,23,Xilhuan Altepetl,41,Wesvariontia County
1641,23,Xilhuan Altepetl,41,Wesvariontia County
1642,23,Xilhuan Altepetl,41,Wesvariontia County
1643,0,Neutrals,0,
1644,0,Neutrals,0,
1645,0,Neutrals,0,
1646,0,Neutrals,0,
1647,0,Neutrals,0,
1648,23,Xilhuan Altepetl,114,Velarionia Land
1649,23,Xilhuan Altepetl,114,Velarionia Land
1650,23,Xilhuan Altepetl,114,Velarionia Land
1651,23,Xilhuan Altepetl,114,Velarionia Land
1652,0,Neutrals,0,
1653,0,Neutrals,0,
1654,0,Neutrals,0,
1655,0,Neutrals,0,
1656,0,Neutrals,0,
1657,0,Neutrals,0,
1658,0,Neutrals,0,
1659,0,Neutrals,0,
1660,0,Neutrals,0,
1661,0,Neutrals,0,
1662,0,Neutrals,0,
1663,22,Sultanate of Kanchasuyu,10,Saium County
1664,0,Neutrals,0,
1665,22,Sultanate of Kanchasuyu,10,Saium County
1666,22,Sultanate of Kanchasuyu,10,Saium County
1667,22,Sultanate of Kanchasuyu,2,Laqtia County
1668,22,Sultanate of Kanchasuyu,2,Laqtia County
1669,22,Sultanate of Kanchasuyu,2,Laqtia County
1670,22,Sultanate of Kanchasuyu,2,Laqtia County
1671,22,Sultanate of Kanchasuyu,2,Laqtia County
1672,0,Neutrals,0,
1673,22,Sultanate of Kanchasuyu,21,Marsu County
1674,22,Sultanate of Kanchasuyu,21,Marsu County
1675,22,Sultanate of Kanchasuyu,21,Marsu County
1676,22,Sultanate of Kanchasuyu,23,Apaor County
1677,22,Sultanate of Kanchasuyu,23,Apaor County
1678,22,Sultanate of Kanchasuyu,23,Apaor County
1679,0,Neutrals,0,
1680,22,Sultanate of Kanchasuyu,14,Sumior Landgrave
1681,22,Sultanate of Kanchasuyu,14,Sumior Landgrave
1682,22,Sultanate of Kanchasuyu,23,Apaor County
1683,22,Sultanate of Kanchasuyu,14,Sumior Landgrave
1684,22,Sultanate of Kanchasuyu,14,Sumior Landgrave
1685,22,Sultanate of Kanchasuyu,14,Sumior Landgrave
1686,22,Sultanate of Kanchasuyu,14,Sumior Landgrave
1687,22,Sultanate of Kanchasuyu,14,Sumior Landgrave
1688,22,Sultanate of Kanchasuyu,14,Sumior Landgrave
1689,22,Sultanate of Kanchasuyu,13,Sirgodulum County
1690,22,Sultanate of Kanchasuyu,13,Sirgodulum County
1691,22,Sultanate of Kanchasuyu,14,Sumior Landgrave
1692,22,Sultanate of Kanchasuyu,13,Sirgodulum County
1693,22,Sultanate of Kanchasuyu,20,Binovium County
1694,22,Sultanate of Kanchasuyu,13,Sirgodulum County
1695,22,Sultanate of Kanchasuyu,20,Binovium County
1696,22,Sultanate of Kanchasuyu,20,Binovium County
1697,22,Sultanate of Kanchasuyu,20,Binovium County
1698,22,Sultanate of Kanchasuyu,20,Binovium County
1699,0,Neutrals,0,
1700,0,Neutrals,0,
1701,0,Neutrals,0,
1702,0,Neutrals,0,
1703,0,Neutrals,0,
1704,0,Neutrals,0,
1705,0,Neutrals,0,
1706,0,Neutrals,0,
1707,0,Neutrals,0,
1708,0,Neutrals,0,
1709,29,Beylik of Lugrancanta,126,Tralinia Territory
1710,29,Beylik of Lugrancanta,126,Tralinia Territory
1711,29,Beylik of Lugrancanta,126,Tralinia Territory
1712,29,Beylik of Lugrancanta,126,Tralinia Territory
1713,26,Raamkoda,64,Kalijurik Istekoda
1714,26,Raamkoda,64,Kalijurik Istekoda
1715,26,Raamkoda,64,Kalijurik Istekoda
1716,26,Raamkoda,64,Kalijurik Istekoda
1717,23,Xilhuan Altepetl,38,Mosyan Earldom
1718,23,Xilhuan Altepetl,38,Mosyan Earldom
1719,23,Xilhuan Altepetl,0,
1720,23,Xilhuan Altepetl,47,Buratesa County
1721,23,Xilhuan Altepetl,47,Buratesa County
1722,23,Xilhuan Altepetl,47,Buratesa County
1723,23,Xilhuan Altepetl,44,Drupiba County
1724,23,Xilhuan Altepetl,47,Buratesa County
1725,23,Xilhuan Altepetl,47,Buratesa County
1726,23,Xilhuan Altepetl,47,Buratesa County
1727,23,Xilhuan Altepetl,44,Drupiba County
1728,23,Xilhuan Altepetl,44,Drupiba County
1729,23,Xilhuan Altepetl,48,Hueca County
1730,23,Xilhuan Altepetl,48,Hueca County
1731,23,Xilhuan Altepetl,27,Archco County
1732,23,Xilhuan Altepetl,27,Archco County
1733,23,Xilhuan Altepetl,27,Archco County
1734,23,Xilhuan Altepetl,41,Wesvariontia County
1735,23,Xilhuan Altepetl,41,Wesvariontia County
1736,23,Xilhuan Altepetl,41,Wesvariontia County
1737,23,Xilhuan Altepetl,41,Wesvariontia County
1738,23,Xilhuan Altepetl,41,Wesvariontia County
1739,23,Xilhuan Altepetl,41,Wesvariontia County
1740,23,Xilhuan Altepetl,41,Wesvariontia County
1741,23,Xilhuan Altepetl,41,Wesvariontia County
1742,23,Xilhuan Altepetl,41,Wesvariontia County
1743,23,Xilhuan Altepetl,41,Wesvariontia County
1744,0,Neutrals,0,
1745,0,Neutrals,0,
1746,0,Neutrals,0,
1747,0,Neutrals,0,
1748,0,Neutrals,0,
1749,0,Neutrals,0,
1750,0,Neutrals,0,
1751,23,Xilhuan Altepetl,114,Velarionia Land
1752,23,Xilhuan Altepetl,114,Velarionia Land
1753,0,Neutrals,0,
1754,0,Neutrals,0,
1755,0,Neutrals,0,
1756,0,Neutrals,0,
1757,23,Xilhuan Altepetl,0,
1758,0,Neutrals,0,
1759,0,Neutrals,0,
1760,0,Neutrals,0,
1761,0,Neutrals,0,
1762,22,Sultanate of Kanchasuyu,24,Kancha County
1763,22,Sultanate of Kanchasuyu,24,Kancha County
1764,22,Sultanate of Kanchasuyu,2,Laqtia County
1765,22,Sultanate of Kanchasuyu,2,Laqtia County
1766,22,Sultanate of Kanchasuyu,2,Laqtia County
1767,22,Sultanate of Kanchasuyu,2,Laqtia County
1768,22,Sultanate of Kanchasuyu,21,Marsu County
1769,22,Sultanate of Kanchasuyu,21,Marsu County
1770,22,Sultanate of Kanchasuyu,21,Marsu County
1771,22,Sultanate of Kanchasuyu,21,Marsu County
1772,22,Sultanate of Kanchasuyu,21,Marsu County
1773,22,Sultanate of Kanchasuyu,21,Marsu County
1774,22,Sultanate of Kanchasuyu,21,Marsu County
1775,22,Sultanate of Kanchasuyu,23,Apaor County
1776,22,Sultanate of Kanchasuyu,23,Apaor County
1777,22,Sultanate of Kanchasuyu,23,Apaor County
1778,22,Sultanate of Kanchasuyu,23,Apaor County
1779,22,Sultanate of Kanchasuyu,23,Apaor County
1780,22,Sultanate of Kanchasuyu,14,Sumior Landgrave
1781,22,Sultanate of Kanchasuyu,23,Apaor County
1782,22,Sultanate of Kanchasuyu,14,Sumior Landgrave
1783,22,Sultanate of Kanchasuyu,14,Sumior Landgrave
1784,22,Sultanate of Kanchasuyu,14,Sumior Landgrave
1785,22,Sultanate of Kanchasuyu,14,Sumior Landgrave
1786,22,Sultanate of Kanchasuyu,14,Sumior Landgrave
1787,22,Sultanate of Kanchasuyu,20,Binovium County
1788,22,Sultanate of Kanchasuyu,20,Binovium County
1789,22,Sultanate of Kanchasuyu,20,Binovium County
1790,22,Sultanate of Kanchasuyu,20,Binovium County
1791,22,Sultanate of Kanchasuyu,20,Binovium County
1792,22,Sultanate of Kanchasuyu,20,Binovium County
1793,0,Neutrals,0,
1794,0,Neutrals,0,
1795,0,Neutrals,0,
1796,0,Neutrals,0,
1797,0,Neutrals,0,
1798,0,Neutrals,0,
1799,0,Neutrals,0,
1800,0,Neutrals,0,
1801,0,Neutrals,0,
1802,29,Beylik of Lugrancanta,126,Tralinia Territory
1803,29,Beylik of Lugrancanta,126,Tralinia Territory
1804,29,Beylik of Lugrancanta,126,Tralinia Territory
1805,29,Beylik of Lugrancanta,126,Tralinia Territory
1806,26,Raamkoda,64,Kalijurik Istekoda
1807,29,Beylik of Lugrancanta,0,
1808,26,Raamkoda,64,Kalijurik Istekoda
1809,23,Xilhuan Altepetl,0,
1810,23,Xilhuan Altepetl,0,
1811,23,Xilhuan Altepetl,0,
1812,23,Xilhuan Altepetl,47,Buratesa County
1813,23,Xilhuan Altepetl,47,Buratesa County
1814,23,Xilhuan Altepetl,44,Drupiba County
1815,23,Xilhuan Altepetl,44,Drupiba County
1816,23,Xilhuan Altepetl,44,Drupiba County
1817,23,Xilhuan Altepetl,47,Buratesa County
1818,23,Xilhuan Altepetl,44,Drupiba County
1819,23,Xilhuan Altepetl,44,Drupiba County
1820,23,Xilhuan Altepetl,44,Drupiba County
1821,23,Xilhuan Altepetl,48,Hueca County
1822,23,Xilhuan Altepetl,48,Hueca County
1823,23,Xilhuan Altepetl,27,Archco County
1824,23,Xilhuan Altepetl,27,Archco County
1825,23,Xilhuan Altepetl,27,Archco County
1826,23,Xilhuan Altepetl,41,Wesvariontia County
1827,23,Xilhuan Altepetl,41,Wesvariontia County
1828,23,Xilhuan Altepetl,41,Wesvariontia County
1829,23,Xilhuan Altepetl,41,Wesvariontia County
1830,23,Xilhuan Altepetl,41,Wesvariontia County
1831,23,Xilhuan Altepetl,41,Wesvariontia County
1832,23,Xilhuan Altepetl,41,Wesvariontia County
1833,23,Xilhuan Altepetl,41,Wesvariontia County
1834,23,Xilhuan Altepetl,41,Wesvariontia County
1835,23,Xilhuan Altepetl,41,Wesvariontia County
1836,23,Xilhuan Altepetl,41,Wesvariontia County
1837,0,Neutrals,0,
1838,0,Neutrals,0,
1839,0,Neutrals,0,
1840,0,Neutrals,0,
1841,0,Neutrals,0,
1842,23,Xilhuan Altepetl,114,Velarionia Land
1843,0,Neutrals,0,
1844,0,Neutrals,0,
1845,0,Neutrals,0,
1846,0,Neutrals,0,
1847,0,Neutrals,0,
1848,0,Neutrals,0,
1849,0,Neutrals,0,
1850,0,Neutrals,0,
1851,0,Neutrals,0,
1852,22,Sultanate of Kanchasuyu,24,Kancha County
1853,22,Sultanate of Kanchasuyu,9,Qochruyu County
1854,22,Sultanate of Kanchasuyu,24,Kancha County
1855,22,Sultanate of Kanchasuyu,24,Kancha County
1856,22,Sultanate of Kanchasuyu,24,Kancha County
1857,22,Sultanate of Kanchasuyu,24,Kancha County
1858,22,Sultanate of Kanchasuyu,24,Kancha County
1859,22,Sultanate of Kanchasuyu,21,Marsu County
1860,22,Sultanate of Kanchasuyu,21,Marsu County
1861,22,Sultanate of Kanchasuyu,21,Marsu County
1862,22,Sultanate of Kanchasuyu,21,Marsu County
1863,0,Neutrals,0,
1864,22,Sultanate of Kanchasuyu,23,Apaor County
1865,22,Sultanate of Kanchasuyu,17,Asisumarru County
1866,22,Sultanate of Kanchasuyu,17,Asisumarru County
1867,22,Sultanate of Kanchasuyu,23,Apaor County
1868,22,Sultanate of Kanchasuyu,17,Asisumarru County
1869,22,Sultanate of Kanchasuyu,23,Apaor County
1870,0,Neutrals,0,
1871,0,Neutrals,0,
1872,0,Neutrals,0,
1873,0,Neutrals,0,
1874,0,Neutrals,0,
1875,22,Sultanate of Kanchasuyu,14,Sumior Landgrave
1876,0,Neutrals,0,
1877,0,Neutrals,0,
1878,0,Neutrals,0,
1879,0,Neutrals,0,
1880,0,Neutrals,0,
1881,0,Neutrals,0,
1882,0,Neutrals,0,
1883,0,Neutrals,0,
1884,0,Neutrals,0,
1885,0,Neutrals,0,
1886,0,Neutrals,0,
1887,0,Neutrals,0,
1888,0,Neutrals,0,
1889,0,Neutrals,0,
1890,29,Beylik of Lugrancanta,126,Tralinia Territory
1891,29,Beylik of Lugrancanta,126,Tralinia Territory
1892,29,Beylik of Lugrancanta,126,Tralinia Territory
1893,29,Beylik of Lugrancanta,126,Tralinia Territory
1894,29,Beylik of Lugrancanta,126,Tralinia Territory
1895,29,Beylik of Lugrancanta,0,
1896,23,Xilhuan Altepetl,0,
1897,23,Xilhuan Altepetl,0,
1898,23,Xilhuan Altepetl,47,Buratesa County
1899,23,Xilhuan Altepetl,47,Buratesa County
1900,23,Xilhuan Altepetl,47,Buratesa County
1901,23,Xilhuan Altepetl,44,Drupiba County
1902,23,Xilhuan Altepetl,44,Drupiba County
1903,23,Xilhuan Altepetl,44,Drupiba County
1904,23,Xilhuan Altepetl,44,Drupiba County
1905,23,Xilhuan Altepetl,44,Drupiba County
1906,23,Xilhuan Altepetl,44,Drupiba County
1907,23,Xilhuan Altepetl,44,Drupiba County
1908,23,Xilhuan Altepetl,48,Hueca County
1909,23,Xilhuan Altepetl,48,Hueca County
1910,23,Xilhuan Altepetl,48,Hueca County
1911,23,Xilhuan Altepetl,27,Archco County
1912,23,Xilhuan Altepetl,27,Archco County
1913,23,Xilhuan Altepetl,27,Archco County
1914,23,Xilhuan Altepetl,36,Corathionia Earldom
1915,23,Xilhuan Altepetl,41,Wesvariontia County
1916,23,Xilhuan Altepetl,36,Corathionia Earldom
1917,23,Xilhuan Altepetl,36,Corathionia Earldom
1918,23,Xilhuan Altepetl,36,Corathionia Earldom
1919,23,Xilhuan Altepetl,36,Corathionia Earldom
1920,23,Xilhuan Altepetl,51,Aurpan County
1921,23,Xilhuan Altepetl,51,Aurpan County
1922,23,Xilhuan Altepetl,51,Aurpan County
1923,23,Xilhuan Altepetl,51,Aurpan County
1924,0,Neutrals,0,
1925,0,Neutrals,0,
1926,0,Neutrals,0,
1927,0,Neutrals,0,
1928,0,Neutrals,0,
1929,0,Neutrals,0,
1930,0,Neutrals,0,
1931,0,Neutrals,0,
1932,0,Neutrals,0,
1933,0,Neutrals,0,
1934,0,Neutrals,0,
1935,0,Neutrals,0,
1936,0,Neutrals,0,
1937,0,Neutrals,0,
1938,0,Neutrals,0,
1939,0,Neutrals,0,
1940,22,Sultanate of Kanchasuyu,9,Qochruyu County
1941,22,Sultanate of Kanchasuyu,9,Qochruyu County
1942,22,Sultanate of Kanchasuyu,9,Qochruyu County
1943,22,Sultanate of Kanchasuyu,24,Kancha County
1944,22,Sultanate of Kanchasuyu,24,Kancha County
1945,22,Sultanate of Kanchasuyu,24,Kancha County
1946,22,Sultanate of Kanchasuyu,24,Kancha County
1947,22,Sultanate of Kanchasuyu,24,Kancha County
1948,22,Sultanate of Kanchasuyu,21,Marsu County
1949,22,Sultanate of Kanchasuyu,24,Kancha County
1950,22,Sultanate of Kanchasuyu,21,Marsu County
1951,22,Sultanate of Kanchasuyu,17,Asisumarru County
1952,22,Sultanate of Kanchasuyu,21,Marsu County
1953,22,Sultanate of Kanchasuyu,17,Asisumarru County
1954,22,Sultanate of Kanchasuyu,17,Asisumarru County
1955,22,Sultanate of Kanchasuyu,17,Asisumarru County
1956,22,Sultanate of Kanchasuyu,17,Asisumarru County
1957,22,Sultanate of Kanchasuyu,17,Asisumarru County
1958,0,Neutrals,0,
1959,0,Neutrals,0,
1960,0,Neutrals,0,
1961,0,Neutrals,0,
1962,0,Neutrals,0,
1963,0,Neutrals,0,
1964,0,Neutrals,0,
1965,0,Neutrals,0,
1966,0,Neutrals,0,
1967,0,Neutrals,0,
1968,0,Neutrals,0,
1969,0,Neutrals,0,
1970,0,Neutrals,0,
1971,29,Beylik of Lugrancanta,126,Tralinia Territory
1972,29,Beylik of Lugrancanta,126,Tralinia Territory
1973,29,Beylik of Lugrancanta,126,Tralinia Territory
1974,29,Beylik of Lugrancanta,126,Tralinia Territory
1975,29,Beylik of Lugrancanta,0,
1976,29,Beylik of Lugrancanta,0,
1977,23,Xilhuan Altepetl,0,
1978,23,Xilhuan Altepetl,47,Buratesa County
1979,23,Xilhuan Altepetl,47,Buratesa County
1980,23,Xilhuan Altepetl,44,Drupiba County
1981,23,Xilhuan Altepetl,44,Drupiba County
1982,23,Xilhuan Altepetl,44,Drupiba County
1983,23,Xilhuan Altepetl,44,Drupiba County
1984,23,Xilhuan Altepetl,44,Drupiba County
1985,23,Xilhuan Altepetl,44,Drupiba County
1986,23,Xilhuan Altepetl,44,Drupiba County
1987,23,Xilhuan Altepetl,44,Drupiba County
1988,23,Xilhuan Altepetl,48,Hueca County
1989,23,Xilhuan Altepetl,48,Hueca County
1990,23,Xilhuan Altepetl,48,Hueca County
1991,23,Xilhuan Altepetl,48,Hueca County
1992,23,Xilhuan Altepetl,48,Hueca County
1993,23,Xilhuan Altepetl,48,Hueca County
1994,23,Xilhuan Altepetl,36,Corathionia Earldom
1995,23,Xilhuan Altepetl,36,Corathionia Earldom
1996,23,Xilhuan Altepetl,36,Corathionia Earldom
1997,23,Xilhuan Altepetl,36,Corathionia Earldom
1998,23,Xilhuan Altepetl,36,Corathionia Earldom
1999,23,Xilhuan Altepetl,36,Corathionia Earldom
2000,23,Xilhuan Altepetl,51,Aurpan County
2001,23,Xilhuan Altepetl,51,Aurpan County
2002,23,Xilhuan Altepetl,51,Aurpan County
2003,23,Xilhuan Altepetl,51,Aurpan County
2004,0,Neutrals,0,
2005,0,Neutrals,0,
2006,0,Neutrals,0,
2007,0,Neutrals,0,
2008,0,Neutrals,0,
2009,23,Xilhuan Altepetl,113,Brecaoirt Region
2010,23,Xilhuan Altepetl,113,Brecaoirt Region
2011,23,Xilhuan Altepetl,114,Velarionia Land
2012,23,Xilhuan Altepetl,114,Velarionia Land
2013,0,Neutrals,0,
2014,22,Sultanate of Kanchasuyu,108,Killatheonku Territory
2015,22,Sultanate of Kanchasuyu,9,Qochruyu County
2016,22,Sultanate of Kanchasuyu,9,Qochruyu County
2017,22,Sultanate of Kanchasuyu,9,Qochruyu County
2018,22,Sultanate of Kanchasuyu,24,Kancha County
2019,22,Sultanate of Kanchasuyu,24,Kancha County
2020,22,Sultanate of Kanchasuyu,1,Ruyurein County
2021,22,Sultanate of Kanchasuyu,1,Ruyurein County
2022,0,Neutrals,0,
2023,22,Sultanate of Kanchasuyu,21,Marsu County
2024,22,Sultanate of Kanchasuyu,109,Sasumiyuqtia Tribe
2025,22,Sultanate of Kanchasuyu,17,Asisumarru County
2026,22,Sultanate of Kanchasuyu,17,Asisumarru County
2027,22,Sultanate of Kanchasuyu,17,Asisumarru County
2028,22,Sultanate of Kanchasuyu,17,Asisumarru County
2029,22,Sultanate of Kanchasuyu,17,Asisumarru County
2030,22,Sultanate of Kanchasuyu,17,Asisumarru County
2031,22,Sultanate of Kanchasuyu,17,Asisumarru County
2032,0,Neutrals,0,
2033,0,Neutrals,0,
2034,0,Neutrals,0,
2035,0,Neutrals,0,
2036,0,Neutrals,0,
2037,0,Neutrals,0,
2038,0,Neutrals,0,
2039,0,Neutrals,0,
2040,29,Beylik of Lugrancanta,126,Tralinia Territory
2041,29,Beylik of Lugrancanta,126,Tralinia Territory
2042,29,Beylik of Lugrancanta,126,Tralinia Territory
2043,29,Beylik of Lugrancanta,126,Tralinia Territory
2044,29,Beylik of Lugrancanta,126,Tralinia Territory
2045,29,Beylik of Lugrancanta,0,
2046,29,Beylik of Lugrancanta,0,
2047,29,Beylik of Lugrancanta,0,
2048,29,Beylik of Lugrancanta,37,Maia County
2049,23,Xilhuan Altepetl,47,Buratesa County
2050,23,Xilhuan Altepetl,37,Maia County
2051,23,Xilhuan Altepetl,45,Alcocateco County
2052,23,Xilhuan Altepetl,45,Alcocateco County
2053,23,Xilhuan Altepetl,45,Alcocateco County
2054,23,Xilhuan Altepetl,45,Alcocateco County
2055,23,Xilhuan Altepetl,45,Alcocateco County
2056,23,Xilhuan Altepetl,46,Confleba County
2057,23,Xilhuan Altepetl,48,Hueca County
2058,23,Xilhuan Altepetl,48,Hueca County
2059,23,Xilhuan Altepetl,48,Hueca County
2060,23,Xilhuan Altepetl,48,Hueca County
2061,23,Xilhuan Altepetl,48,Hueca County
2062,23,Xilhuan Altepetl,48,Hueca County
2063,23,Xilhuan Altepetl,48,Hueca County
2064,23,Xilhuan Altepetl,36,Corathionia Earldom
2065,23,Xilhuan Altepetl,36,Corathionia Earldom
2066,23,Xilhuan Altepetl,36,Corathionia Earldom
2067,23,Xilhuan Altepetl,36,Corathionia Earldom
2068,23,Xilhuan Altepetl,36,Corathionia Earldom
2069,23,Xilhuan Altepetl,51,Aurpan County
2070,23,Xilhuan Altepetl,51,Aurpan County
2071,23,Xilhuan Altepetl,51,Aurpan County
2072,23,Xilhuan Altepetl,51,Aurpan County
2073,0,Neutrals,0,
2074,0,Neutrals,0,
2075,0,Neutrals,0,
2076,0,Neutrals,0,
2077,0,Neutrals,0,
2078,0,Neutrals,0,
2079,0,Neutrals,0,
2080,0,Neutrals,0,
2081,0,Neutrals,0,
2082,0,Neutrals,0,
2083,0,Neutrals,0,
2084,23,Xilhuan Altepetl,113,Brecaoirt Region
2085,23,Xilhuan Altepetl,115,Zeltharioria Islands
2086,0,Neutrals,0,
2087,0,Neutrals,0,
2088,0,Neutrals,0,
2089,22,Sultanate of Kanchasuyu,9,Qochruyu County
2090,22,Sultanate of Kanchasuyu,9,Qochruyu County
2091,22,Sultanate of Kanchasuyu,9,Qochruyu County
2092,22,Sultanate of Kanchasuyu,109,Sasumiyuqtia Tribe
2093,22,Sultanate of Kanchasuyu,9,Qochruyu County
2094,22,Sultanate of Kanchasuyu,9,Qochruyu County
2095,22,Sultanate of Kanchasuyu,9,Qochruyu County
2096,22,Sultanate of Kanchasuyu,1,Ruyurein County
2097,22,Sultanate of Kanchasuyu,1,Ruyurein County
2098,0,Neutrals,0,
2099,22,Sultanate of Kanchasuyu,17,Asisumarru County
2100,22,Sultanate of Kanchasuyu,17,Asisumarru County
2101,22,Sultanate of Kanchasuyu,17,Asisumarru County
2102,0,Neutrals,0,
2103,0,Neutrals,0,
2104,0,Neutrals,0,
2105,0,Neutrals,0,
2106,0,Neutrals,0,
2107,0,Neutrals,0,
2108,0,Neutrals,0,
2109,0,Neutrals,0,
2110,0,Neutrals,0,
2111,0,Neutrals,0,
2112,29,Beylik of Lugrancanta,126,Tralinia Territory
2113,29,Beylik of Lugrancanta,126,Tralinia Territory
2114,29,Beylik of Lugrancanta,126,Tralinia Territory
2115,29,Beylik of Lugrancanta,126,Tralinia Territory
2116,29,Beylik of Lugrancanta,0,
2117,29,Beylik of Lugrancanta,0,
2118,29,Beylik of Lugrancanta,0,
2119,29,Beylik of Lugrancanta,0,
2120,29,Beylik of Lugrancanta,30,Glen County
2121,23,Xilhuan Altepetl,37,Maia County
2122,23,Xilhuan Altepetl,37,Maia County
2123,23,Xilhuan Altepetl,45,Alcocateco County
2124,23,Xilhuan Altepetl,45,Alcocateco County
2125,23,Xilhuan Altepetl,45,Alcocateco County
2126,23,Xilhuan Altepetl,45,Alcocateco County
2127,23,Xilhuan Altepetl,45,Alcocateco County
2128,23,Xilhuan Altepetl,46,Confleba County
2129,23,Xilhuan Altepetl,46,Confleba County
2130,23,Xilhuan Altepetl,46,Confleba County
2131,23,Xilhuan Altepetl,48,Hueca County
2132,23,Xilhuan Altepetl,48,Hueca County
2133,23,Xilhuan Altepetl,48,Hueca County
2134,23,Xilhuan Altepetl,48,Hueca County
2135,23,Xilhuan Altepetl,48,Hueca County
2136,23,Xilhuan Altepetl,36,Corathionia Earldom
2137,23,Xilhuan Altepetl,36,Corathionia Earldom
2138,23,Xilhuan Altepetl,36,Corathionia Earldom
2139,23,Xilhuan Altepetl,51,Aurpan County
2140,23,Xilhuan Altepetl,51,Aurpan County
2141,23,Xilhuan Altepetl,51,Aurpan County
2142,23,Xilhuan Altepetl,51,Aurpan County
2143,23,Xilhuan Altepetl,51,Aurpan County
2144,0,Neutrals,0,
2145,0,Neutrals,0,
2146,0,Neutrals,0,
2147,0,Neutrals,0,
2148,0,Neutrals,0,
2149,0,Neutrals,0,
2150,0,Neutrals,0,
2151,0,Neutrals,0,
2152,23,Xilhuan Altepetl,113,Brecaoirt Region
2153,23,Xilhuan Altepetl,113,Brecaoirt Region
2154,0,Neutrals,0,
2155,0,Neutrals,0,
2156,0,Neutrals,0,
2157,22,Sultanate of Kanchasuyu,9,Qochruyu County
2158,22,Sultanate of Kanchasuyu,9,Qochruyu County
2159,22,Sultanate of Kanchasuyu,9,Qochruyu County
2160,22,Sultanate of Kanchasuyu,109,Sasumiyuqtia Tribe
2161,22,Sultanate of Kanchasuyu,109,Sasumiyuqtia Tribe
2162,22,Sultanate of Kanchasuyu,9,Qochruyu County
2163,22,Sultanate of Kanchasuyu,9,Qochruyu County
2164,22,Sultanate of Kanchasuyu,109,Sasumiyuqtia Tribe
2165,22,Sultanate of Kanchasuyu,109,Sasumiyuqtia Tribe
2166,22,Sultanate of Kanchasuyu,109,Sasumiyuqtia Tribe
2167,22,Sultanate of Kanchasuyu,17,Asisumarru County
2168,22,Sultanate of Kanchasuyu,17,Asisumarru County
2169,22,Sultanate of Kanchasuyu,17,Asisumarru County
2170,0,Neutrals,0,
2171,0,Neutrals,0,
2172,0,Neutrals,0,
2173,0,Neutrals,0,
2174,0,Neutrals,0,
2175,0,Neutrals,0,
2176,0,Neutrals,0,
2177,0,Neutrals,0,
2178,24,City-state of Saheranahvaria,54,Magnarionia Province
2179,29,Beylik of Lugrancanta,126,Tralinia Territory
2180,29,Beylik of Lugrancanta,126,Tralinia Territory
2181,29,Beylik of Lugrancanta,0,
2182,29,Beylik of Lugrancanta,0,
2183,29,Beylik of Lugrancanta,0,
2184,29,Beylik of Lugrancanta,0,
2185,29,Beylik of Lugrancanta,0,
2186,29,Beylik of Lugrancanta,30,Glen County
2187,29,Beylik of Lugrancanta,30,Glen County
2188,23,Xilhuan Altepetl,37,Maia County
2189,23,Xilhuan Altepetl,37,Maia County
2190,23,Xilhuan Altepetl,45,Alcocateco County
2191,23,Xilhuan Altepetl,45,Alcocateco County
2192,23,Xilhuan Altepetl,45,Alcocateco County
2193,23,Xilhuan Altepetl,46,Confleba County
2194,23,Xilhuan Altepetl,46,Confleba County
2195,23,Xilhuan Altepetl,46,Confleba County
2196,23,Xilhuan Altepetl,46,Confleba County
2197,23,Xilhuan Altepetl,46,Confleba County
2198,23,Xilhuan Altepetl,48,Hueca County
2199,23,Xilhuan Altepetl,48,Hueca County
2200,23,Xilhuan Altepetl,48,Hueca County
2201,23,Xilhuan Altepetl,48,Hueca County
2202,23,Xilhuan Altepetl,48,Hueca County
2203,23,Xilhuan Altepetl,51,Aurpan County
2204,23,Xilhuan Altepetl,51,Aurpan County
2205,23,Xilhuan Altepetl,51,Aurpan County
2206,23,Xilhuan Altepetl,51,Aurpan County
2207,23,Xilhuan Altepetl,51,Aurpan County
2208,23,Xilhuan Altepetl,51,Aurpan County
2209,23,Xilhuan Altepetl,51,Aurpan County
2210,23,Xilhuan Altepetl,51,Aurpan County
2211,23,Xilhuan Altepetl,51,Aurpan County
2212,0,Neutrals,0,
2213,0,Neutrals,0,
2214,0,Neutrals,0,
2215,0,Neutrals,0,
2216,23,Xilhuan Altepetl,113,Brecaoirt Region
2217,0,Neutrals,0,
2218,0,Neutrals,0,
2219,0,Neutrals,0,
2220,0,Neutrals,0,
2221,22,Sultanate of Kanchasuyu,109,Sasumiyuqtia Tribe
2222,22,Sultanate of Kanchasuyu,109,Sasumiyuqtia Tribe
2223,22,Sultanate of Kanchasuyu,109,Sasumiyuqtia Tribe
2224,22,Sultanate of Kanchasuyu,109,Sasumiyuqtia Tribe
2225,22,Sultanate of Kanchasuyu,9,Qochruyu County
2226,22,Sultanate of Kanchasuyu,9,Qochruyu County
2227,22,Sultanate of Kanchasuyu,109,Sasumiyuqtia Tribe
2228,22,Sultanate of Kanchasuyu,109,Sasumiyuqtia Tribe
2229,22,Sultanate of Kanchasuyu,109,Sasumiyuqtia Tribe
2230,22,Sultanate of Kanchasuyu,109,Sasumiyuqtia Tribe
2231,22,Sultanate of Kanchasuyu,17,Asisumarru County
2232,22,Sultanate of Kanchasuyu,17,Asisumarru County
2233,22,Sultanate of Kanchasuyu,17,Asisumarru County
2234,22,Sultanate of Kanchasuyu,17,Asisumarru County
2235,22,Sultanate of Kanchasuyu,17,Asisumarru County
2236,22,Sultanate of Kanchasuyu,109,Sasumiyuqtia Tribe
2237,22,Sultanate of Kanchasuyu,109,Sasumiyuqtia Tribe
2238,0,Neutrals,0,
2239,0,Neutrals,0,
2240,0,Neutrals,0,
2241,0,Neutrals,0,
2242,0,Neutrals,0,
2243,0,Neutrals,0,
2244,0,Neutrals,0,
2245,0,Neutrals,0,
2246,24,City-state of Saheranahvaria,54,Magnarionia Province
2247,24,City-state of Saheranahvaria,54,Magnarionia Province
2248,24,City-state of Saheranahvaria,54,Magnarionia Province
2249,24,City-state of Saheranahvaria,54,Magnarionia Province
2250,24,City-state of Saheranahvaria,54,Magnarionia Province
2251,24,City-state of Saheranahvaria,54,Magnarionia Province
2252,29,Beylik of Lugrancanta,137,Magnarionia Zone
2253,29,Beylik of Lugrancanta,0,
2254,29,Beylik of Lugrancanta,0,
2255,29,Beylik of Lugrancanta,0,
2256,29,Beylik of Lugrancanta,30,Glen County
2257,29,Beylik of Lugrancanta,30,Glen County
2258,23,Xilhuan Altepetl,37,Maia County
2259,23,Xilhuan Altepetl,37,Maia County
2260,23,Xilhuan Altepetl,37,Maia County
2261,23,Xilhuan Altepetl,37,Maia County
2262,23,Xilhuan Altepetl,45,Alcocateco County
2263,23,Xilhuan Altepetl,45,Alcocateco County
2264,23,Xilhuan Altepetl,46,Confleba County
2265,23,Xilhuan Altepetl,46,Confleba County
2266,23,Xilhuan Altepetl,46,Confleba County
2267,23,Xilhuan Altepetl,46,Confleba County
2268,23,Xilhuan Altepetl,48,Hueca County
2269,23,Xilhuan Altepetl,48,Hueca County
2270,23,Xilhuan Altepetl,48,Hueca County
2271,23,Xilhuan Altepetl,28,Nototitlanco County
2272,23,Xilhuan Altepetl,48,Hueca County
2273,23,Xilhuan Altepetl,51,Aurpan County
2274,23,Xilhuan Altepetl,51,Aurpan County
2275,23,Xilhuan Altepetl,51,Aurpan County
2276,23,Xilhuan Altepetl,51,Aurpan County
2277,23,Xilhuan Altepetl,51,Aurpan County
2278,23,Xilhuan Altepetl,51,Aurpan County
2279,0,Neutrals,0,
2280,0,Neutrals,0,
2281,0,Neutrals,0,
2282,0,Neutrals,0,
2283,0,Neutrals,0,
2284,0,Neutrals,0,
2285,0,Neutrals,0,
2286,0,Neutrals,0,
2287,0,Neutrals,0,
2288,0,Neutrals,0,
2289,0,Neutrals,0,
2290,0,Neutrals,0,
2291,0,Neutrals,0,
2292,0,Neutrals,0,
2293,22,Sultanate of Kanchasuyu,109,Sasumiyuqtia Tribe
2294,22,Sultanate of Kanchasuyu,109,Sasumiyuqtia Tribe
2295,22,Sultanate of Kanchasuyu,109,Sasumiyuqtia Tribe
2296,22,Sultanate of Kanchasuyu,3,Maria Barony
2297,22,Sultanate of Kanchasuyu,109,Sasumiyuqtia Tribe
2298,22,Sultanate of Kanchasuyu,109,Sasumiyuqtia Tribe
2299,22,Sultanate of Kanchasuyu,3,Maria Barony
2300,0,Neutrals,0,
2301,22,Sultanate of Kanchasuyu,109,Sasumiyuqtia Tribe
2302,0,Neutrals,0,
2303,0,Neutrals,0,
2304,0,Neutrals,0,
2305,0,Neutrals,0,
2306,0,Neutrals,0,
2307,0,Neutrals,0,
2308,0,Neutrals,0,
2309,0,Neutrals,0,
2310,24,City-state of Saheranahvaria,54,Magnarionia Province
2311,24,City-state of Saheranahvaria,54,Magnarionia Province
2312,24,City-state of Saheranahvaria,53,Kutvaladosva Governorate
2313,24,City-state of Saheranahvaria,54,Magnarionia Province
2314,24,City-state of Saheranahvaria,54,Magnarionia Province
2315,24,City-state of Saheranahvaria,54,Magnarionia Province
2316,24,City-state of Saheranahvaria,54,Magnarionia Province
2317,29,Beylik of Lugrancanta,137,Magnarionia Zone
2318,29,Beylik of Lugrancanta,0,
2319,29,Beylik of Lugrancanta,0,
2320,29,Beylik of Lugrancanta,0,
2321,29,Beylik of Lugrancanta,30,Glen County
2322,29,Beylik of Lugrancanta,30,Glen County
2323,23,Xilhuan Altepetl,37,Maia County
2324,23,Xilhuan Altepetl,37,Maia County
2325,23,Xilhuan Altepetl,37,Maia County
2326,23,Xilhuan Altepetl,46,Confleba County
2327,23,Xilhuan Altepetl,46,Confleba County
2328,23,Xilhuan Altepetl,46,Confleba County
2329,23,Xilhuan Altepetl,46,Confleba County
2330,23,Xilhuan Altepetl,46,Confleba County
2331,23,Xilhuan Altepetl,46,Confleba County
2332,23,Xilhuan Altepetl,34,Ariateranno Earldom
2333,23,Xilhuan Altepetl,34,Ariateranno Earldom
2334,23,Xilhuan Altepetl,28,Nototitlanco County
2335,23,Xilhuan Altepetl,28,Nototitlanco County
2336,23,Xilhuan Altepetl,50,Tlamaco Earldom
2337,23,Xilhuan Altepetl,28,Nototitlanco County
2338,23,Xilhuan Altepetl,33,Huatlacanco Earldom
2339,23,Xilhuan Altepetl,51,Aurpan County
2340,23,Xilhuan Altepetl,51,Aurpan County
2341,23,Xilhuan Altepetl,51,Aurpan County
2342,23,Xilhuan Altepetl,33,Huatlacanco Earldom
2343,0,Neutrals,0,
2344,0,Neutrals,0,
2345,0,Neutrals,0,
2346,0,Neutrals,0,
2347,0,Neutrals,0,
2348,23,Xilhuan Altepetl,115,Zeltharioria Islands
2349,0,Neutrals,0,
2350,0,Neutrals,0,
2351,22,Sultanate of Kanchasuyu,109,Sasumiyuqtia Tribe
2352,22,Sultanate of Kanchasuyu,3,Maria Barony
2353,22,Sultanate of Kanchasuyu,3,Maria Barony
2354,22,Sultanate of Kanchasuyu,3,Maria Barony
2355,22,Sultanate of Kanchasuyu,3,Maria Barony
2356,22,Sultanate of Kanchasuyu,3,Maria Barony
2357,22,Sultanate of Kanchasuyu,3,Maria Barony
2358,22,Sultanate of Kanchasuyu,3,Maria Barony
2359,22,Sultanate of Kanchasuyu,3,Maria Barony
2360,22,Sultanate of Kanchasuyu,3,Maria Barony
2361,22,Sultanate of Kanchasuyu,3,Maria Barony
2362,0,Neutrals,0,
2363,0,Neutrals,0,
2364,0,Neutrals,0,
2365,0,Neutrals,0,
2366,0,Neutrals,0,
2367,0,Neutrals,0,
2368,0,Neutrals,0,
2369,0,Neutrals,0,
2370,0,Neutrals,0,
2371,24,City-state of Saheranahvaria,53,Kutvaladosva Governorate
2372,24,City-state of Saheranahvaria,53,Kutvaladosva Governorate
2373,24,City-state of Saheranahvaria,54,Magnarionia Province
2374,24,City-state of Saheranahvaria,54,Magnarionia Province
2375,24,City-state of Saheranahvaria,54,Magnarionia Province
2376,24,City-state of Saheranahvaria,54,Magnarionia Province
2377,24,City-state of Saheranahvaria,54,Magnarionia Province
2378,29,Beylik of Lugrancanta,0,
2379,29,Beylik of Lugrancanta,0,
2380,29,Beylik of Lugrancanta,0,
2381,29,Beylik of Lugrancanta,30,Glen County
2382,29,Beylik of Lugrancanta,30,Glen County
2383,23,Xilhuan Altepetl,37,Maia County
2384,23,Xilhuan Altepetl,37,Maia County
2385,23,Xilhuan Altepetl,37,Maia County
2386,23,Xilhuan Altepetl,46,Confleba County
2387,23,Xilhuan Altepetl,46,Confleba County
2388,23,Xilhuan Altepetl,46,Confleba County
2389,23,Xilhuan Altepetl,46,Confleba County
2390,23,Xilhuan Altepetl,46,Confleba County
2391,23,Xilhuan Altepetl,46,Confleba County
2392,23,Xilhuan Altepetl,34,Ariateranno Earldom
2393,23,Xilhuan Altepetl,34,Ariateranno Earldom
2394,23,Xilhuan Altepetl,34,Ariateranno Earldom
2395,23,Xilhuan Altepetl,34,Ariateranno Earldom
2396,23,Xilhuan Altepetl,50,Tlamaco Earldom
2397,23,Xilhuan Altepetl,28,Nototitlanco County
2398,23,Xilhuan Altepetl,33,Huatlacanco Earldom
2399,23,Xilhuan Altepetl,33,Huatlacanco Earldom
2400,23,Xilhuan Altepetl,33,Huatlacanco Earldom
2401,23,Xilhuan Altepetl,33,Huatlacanco Earldom
2402,23,Xilhuan Altepetl,33,Huatlacanco Earldom
2403,0,Neutrals,0,
2404,0,Neutrals,0,
2405,0,Neutrals,0,
2406,0,Neutrals,0,
2407,0,Neutrals,0,
2408,0,Neutrals,0,
2409,0,Neutrals,0,
2410,0,Neutrals,0,
2411,0,Neutrals,0,
2412,0,Neutrals,0,
2413,22,Sultanate of Kanchasuyu,3,Maria Barony
2414,22,Sultanate of Kanchasuyu,3,Maria Barony
2415,22,Sultanate of Kanchasuyu,3,Maria Barony
2416,22,Sultanate of Kanchasuyu,3,Maria Barony
2417,22,Sultanate of Kanchasuyu,3,Maria Barony
2418,22,Sultanate of Kanchasuyu,3,Maria Barony
2419,22,Sultanate of Kanchasuyu,3,Maria Barony
2420,22,Sultanate of Kanchasuyu,3,Maria Barony
2421,0,Neutrals,0,
2422,0,Neutrals,0,
2423,0,Neutrals,0,
2424,0,Neutrals,0,
2425,0,Neutrals,0,
2426,0,Neutrals,0,
2427,0,Neutrals,0,
2428,0,Neutrals,0,
2429,0,Neutrals,0,
2430,0,Neutrals,0,
2431,0,Neutrals,0,
2432,0,Neutrals,0,
2433,0,Neutrals,0,
2434,0,Neutrals,0,
2435,0,Neutrals,0,
2436,24,City-state of Saheranahvaria,53,Kutvaladosva Governorate
2437,24,City-state of Saheranahvaria,53,Kutvaladosva Governorate
2438,24,City-state of Saheranahvaria,53,Kutvaladosva Governorate
2439,24,City-state of Saheranahvaria,53,Kutvaladosva Governorate
2440,24,City-state of Saheranahvaria,53,Kutvaladosva Governorate
2441,24,City-state of Saheranahvaria,53,Kutvaladosva Governorate
2442,24,City-state of Saheranahvaria,54,Magnarionia Province
2443,24,City-state of Saheranahvaria,54,Magnarionia Province
2444,29,Beylik of Lugrancanta,0,
2445,29,Beylik of Lugrancanta,0,
2446,29,Beylik of Lugrancanta,0,
2447,29,Beylik of Lugrancanta,0,
2448,29,Beylik of Lugrancanta,30,Glen County
2449,29,Beylik of Lugrancanta,30,Glen County
2450,23,Xilhuan Altepetl,37,Maia County
2451,23,Xilhuan Altepetl,46,Confleba County
2452,23,Xilhuan Altepetl,46,Confleba County
2453,23,Xilhuan Altepetl,46,Confleba County
2454,23,Xilhuan Altepetl,46,Confleba County
2455,23,Xilhuan Altepetl,46,Confleba County
2456,23,Xilhuan Altepetl,46,Confleba County
2457,23,Xilhuan Altepetl,46,Confleba County
2458,23,Xilhuan Altepetl,34,Ariateranno Earldom
2459,23,Xilhuan Altepetl,34,Ariateranno Earldom
2460,23,Xilhuan Altepetl,34,Ariateranno Earldom
2461,23,Xilhuan Altepetl,34,Ariateranno Earldom
2462,23,Xilhuan Altepetl,50,Tlamaco Earldom
2463,23,Xilhuan Altepetl,50,Tlamaco Earldom
2464,23,Xilhuan Altepetl,32,Oveliava Earldom
2465,23,Xilhuan Altepetl,33,Huatlacanco Earldom
2466,23,Xilhuan Altepetl,33,Huatlacanco Earldom
2467,23,Xilhuan Altepetl,33,Huatlacanco Earldom
2468,0,Neutrals,0,
2469,0,Neutrals,0,
2470,0,Neutrals,0,
2471,0,Neutrals,0,
2472,0,Neutrals,0,
2473,0,Neutrals,0,
2474,0,Neutrals,0,
2475,0,Neutrals,0,
2476,0,Neutrals,0,
2477,0,Neutrals,0,
2478,0,Neutrals,0,
2479,0,Neutrals,0,
2480,0,Neutrals,0,
2481,0,Neutrals,0,
2482,0,Neutrals,0,
2483,0,Neutrals,0,
2484,0,Neutrals,0,
2485,0,Neutrals,0,
2486,0,Neutrals,0,
2487,22,Sultanate of Kanchasuyu,19,Ausuyumi County
2488,22,Sultanate of Kanchasuyu,19,Ausuyumi County
2489,22,Sultanate of Kanchasuyu,3,Maria Barony
2490,22,Sultanate of Kanchasuyu,3,Maria Barony
2491,22,Sultanate of Kanchasuyu,3,Maria Barony
2492,22,Sultanate of Kanchasuyu,3,Maria Barony
2493,22,Sultanate of Kanchasuyu,3,Maria Barony
2494,22,Sultanate of Kanchasuyu,3,Maria Barony
2495,0,Neutrals,0,
2496,0,Neutrals,0,
2497,0,Neutrals,0,
2498,0,Neutrals,0,
2499,0,Neutrals,0,
2500,24,City-state of Saheranahvaria,116,Makorkosionia Island
2501,24,City-state of Saheranahvaria,116,Makorkosionia Island
2502,24,City-state of Saheranahvaria,116,Makorkosionia Island
2503,24,City-state of Saheranahvaria,116,Makorkosionia Island
2504,0,Neutrals,0,
2505,0,Neutrals,0,
2506,0,Neutrals,0,
2507,0,Neutrals,0,
2508,0,Neutrals,0,
2509,24,City-state of Saheranahvaria,53,Kutvaladosva Governorate
2510,24,City-state of Saheranahvaria,53,Kutvaladosva Governorate
2511,24,City-state of Saheranahvaria,53,Kutvaladosva Governorate
2512,24,City-state of Saheranahvaria,53,Kutvaladosva Governorate
2513,24,City-state of Saheranahvaria,53,Kutvaladosva Governorate
2514,24,City-state of Saheranahvaria,53,Kutvaladosva Governorate
2515,24,City-state of Saheranahvaria,53,Kutvaladosva Governorate
2516,24,City-state of Saheranahvaria,53,Kutvaladosva Governorate
2517,24,City-state of Saheranahvaria,53,Kutvaladosva Governorate
2518,24,City-state of Saheranahvaria,53,Kutvaladosva Governorate
2519,24,City-state of Saheranahvaria,53,Kutvaladosva Governorate
2520,29,Beylik of Lugrancanta,30,Glen County
2521,29,Beylik of Lugrancanta,0,
2522,29,Beylik of Lugrancanta,30,Glen County
2523,29,Beylik of Lugrancanta,30,Glen County
2524,29,Beylik of Lugrancanta,30,Glen County
2525,23,Xilhuan Altepetl,37,Maia County
2526,23,Xilhuan Altepetl,46,Confleba County
2527,23,Xilhuan Altepetl,46,Confleba County
2528,23,Xilhuan Altepetl,46,Confleba County
2529,23,Xilhuan Altepetl,46,Confleba County
2530,23,Xilhuan Altepetl,46,Confleba County
2531,23,Xilhuan Altepetl,46,Confleba County
2532,23,Xilhuan Altepetl,46,Confleba County
2533,23,Xilhuan Altepetl,34,Ariateranno Earldom
2534,23,Xilhuan Altepetl,34,Ariateranno Earldom
2535,23,Xilhuan Altepetl,34,Ariateranno Earldom
2536,23,Xilhuan Altepetl,34,Ariateranno Earldom
2537,23,Xilhuan Altepetl,32,Oveliava Earldom
2538,23,Xilhuan Altepetl,32,Oveliava Earldom
2539,23,Xilhuan Altepetl,32,Oveliava Earldom
2540,23,Xilhuan Altepetl,32,Oveliava Earldom
2541,23,Xilhuan Altepetl,29,Fomaraunium County
2542,0,Neutrals,0,
2543,0,Neutrals,0,
2544,0,Neutrals,0,
2545,0,Neutrals,0,
2546,0,Neutrals,0,
2547,0,Neutrals,0,
2548,0,Neutrals,0,
2549,0,Neutrals,0,
2550,23,Xilhuan Altepetl,113,Brecaoirt Region
2551,0,Neutrals,0,
2552,0,Neutrals,0,
2553,0,Neutrals,0,
2554,0,Neutrals,0,
2555,23,Xilhuan Altepetl,113,Brecaoirt Region
2556,23,Xilhuan Altepetl,113,Brecaoirt Region
2557,23,Xilhuan Altepetl,113,Brecaoirt Region
2558,23,Xilhuan Altepetl,113,Brecaoirt Region
2559,23,Xilhuan Altepetl,113,Brecaoirt Region
2560,0,Neutrals,0,
2561,0,Neutrals,0,
2562,0,Neutrals,0,
2563,0,Neutrals,0,
2564,22,Sultanate of Kanchasuyu,19,Ausuyumi County
2565,22,Sultanate of Kanchasuyu,19,Ausuyumi County
2566,22,Sultanate of Kanchasuyu,19,Ausuyumi County
2567,22,Sultanate of Kanchasuyu,19,Ausuyumi County
2568,22,Sultanate of Kanchasuyu,3,Maria Barony
2569,22,Sultanate of Kanchasuyu,3,Maria Barony
2570,0,Neutrals,0,
2571,0,Neutrals,0,
2572,0,Neutrals,0,
2573,0,Neutrals,0,
2574,0,Neutrals,0,
2575,0,Neutrals,0,
2576,0,Neutrals,0,
2577,0,Neutrals,0,
2578,24,City-state of Saheranahvaria,116,Makorkosionia Island
2579,0,Neutrals,0,
2580,0,Neutrals,0,
2581,0,Neutrals,0,
2582,0,Neutrals,0,
2583,0,Neutrals,0,
2584,0,Neutrals,0,
2585,0,Neutrals,0,
2586,24,City-state of Saheranahvaria,53,Kutvaladosva Governorate
2587,24,City-state of Saheranahvaria,53,Kutvaladosva Governorate
2588,24,City-state of Saheranahvaria,53,Kutvaladosva Governorate
2589,24,City-state of Saheranahvaria,53,Kutvaladosva Governorate
2590,24,City-state of Saheranahvaria,53,Kutvaladosva Governorate
2591,24,City-state of Saheranahvaria,53,Kutvaladosva Governorate
2592,24,City-state of Saheranahvaria,53,Kutvaladosva Governorate
2593,24,City-state of Saheranahvaria,53,Kutvaladosva Governorate
2594,24,City-state of Saheranahvaria,53,Kutvaladosva Governorate
2595,29,Beylik of Lugrancanta,30,Glen County
2596,29,Beylik of Lugrancanta,30,Glen County
2597,29,Beylik of Lugrancanta,30,Glen County
2598,29,Beylik of Lugrancanta,30,Glen County
2599,29,Beylik of Lugrancanta,30,Glen County
2600,25,Latocail Naharcan,61,Necarastlan Earldom
2601,25,Latocail Naharcan,61,Necarastlan Earldom
2602,23,Xilhuan Altepetl,46,Confleba County
2603,23,Xilhuan Altepetl,46,Confleba County
2604,23,Xilhuan Altepetl,43,Preme Earldom
2605,23,Xilhuan Altepetl,43,Preme Earldom
2606,23,Xilhuan Altepetl,43,Preme Earldom
2607,23,Xilhuan Altepetl,43,Preme Earldom
2608,23,Xilhuan Altepetl,43,Preme Earldom
2609,23,Xilhuan Altepetl,43,Preme Earldom
2610,23,Xilhuan Altepetl,34,Ariateranno Earldom
2611,23,Xilhuan Altepetl,34,Ariateranno Earldom
2612,23,Xilhuan Altepetl,34,Ariateranno Earldom
2613,23,Xilhuan Altepetl,40,Pullum County
2614,23,Xilhuan Altepetl,40,Pullum County
2615,0,Neutrals,0,
2616,0,Neutrals,0,
2617,0,Neutrals,0,
2618,0,Neutrals,0,
2619,0,Neutrals,0,
2620,0,Neutrals,0,
2621,0,Neutrals,0,
2622,0,Neutrals,0,
2623,0,Neutrals,0,
2624,0,Neutrals,0,
2625,0,Neutrals,0,
2626,0,Neutrals,0,
2627,23,Xilhuan Altepetl,113,Brecaoirt Region
2628,23,Xilhuan Altepetl,113,Brecaoirt Region
2629,0,Neutrals,0,
2630,0,Neutrals,0,
2631,0,Neutrals,0,
2632,0,Neutrals,0,
2633,22,Sultanate of Kanchasuyu,19,Ausuyumi County
2634,22,Sultanate of Kanchasuyu,19,Ausuyumi County
2635,22,Sultanate of Kanchasuyu,19,Ausuyumi County
2636,22,Sultanate of Kanchasuyu,19,Ausuyumi County
2637,22,Sultanate of Kanchasuyu,3,Maria Barony
2638,22,Sultanate of Kanchasuyu,3,Maria Barony
2639,0,Neutrals,0,
2640,0,Neutrals,0,
2641,0,Neutrals,0,
2642,0,Neutrals,0,
2643,0,Neutrals,0,
2644,0,Neutrals,0,
2645,0,Neutrals,0,
2646,0,Neutrals,0,
2647,0,Neutrals,0,
2648,0,Neutrals,0,
2649,24,City-state of Saheranahvaria,53,Kutvaladosva Governorate
2650,24,City-state of Saheranahvaria,53,Kutvaladosva Governorate
2651,24,City-state of Saheranahvaria,53,Kutvaladosva Governorate
2652,24,City-state of Saheranahvaria,53,Kutvaladosva Governorate
2653,24,City-state of Saheranahvaria,53,Kutvaladosva Governorate
2654,24,City-state of Saheranahvaria,53,Kutvaladosva Governorate
2655,24,City-state of Saheranahvaria,53,Kutvaladosva Governorate
2656,24,City-state of Saheranahvaria,53,Kutvaladosva Governorate
2657,25,Latocail Naharcan,58,Sarahacan Earldom
2658,25,Latocail Naharcan,61,Necarastlan Earldom
2659,25,Latocail Naharcan,61,Necarastlan Earldom
2660,25,Latocail Naharcan,61,Necarastlan Earldom
2661,29,Beylik of Lugrancanta,30,Glen County
2662,25,Latocail Naharcan,61,Necarastlan Earldom
2663,25,Latocail Naharcan,61,Necarastlan Earldom
2664,25,Latocail Naharcan,61,Necarastlan Earldom
2665,25,Latocail Naharcan,57,Bretarpan County
2666,23,Xilhuan Altepetl,43,Preme Earldom
2667,23,Xilhuan Altepetl,43,Preme Earldom
2668,23,Xilhuan Altepetl,43,Preme Earldom
2669,23,Xilhuan Altepetl,43,Preme Earldom
2670,23,Xilhuan Altepetl,43,Preme Earldom
2671,23,Xilhuan Altepetl,43,Preme Earldom
2672,23,Xilhuan Altepetl,43,Preme Earldom
2673,23,Xilhuan Altepetl,43,Preme Earldom
2674,23,Xilhuan Altepetl,34,Ariateranno Earldom
2675,23,Xilhuan Altepetl,35,Napanverte County
2676,23,Xilhuan Altepetl,40,Pullum County
2677,23,Xilhuan Altepetl,40,Pullum County
2678,23,Xilhuan Altepetl,40,Pullum County
2679,0,Neutrals,0,
2680,0,Neutrals,0,
2681,0,Neutrals,0,
2682,0,Neutrals,0,
2683,0,Neutrals,0,
2684,0,Neutrals,0,
2685,23,Xilhuan Altepetl,113,Brecaoirt Region
2686,0,Neutrals,0,
2687,0,Neutrals,0,
2688,22,Sultanate of Kanchasuyu,19,Ausuyumi County
2689,22,Sultanate of Kanchasuyu,19,Ausuyumi County
2690,22,Sultanate of Kanchasuyu,3,Maria Barony
2691,22,Sultanate of Kanchasuyu,3,Maria Barony
2692,0,Neutrals,0,
2693,0,Neutrals,0,
2694,0,Neutrals,0,
2695,0,Neutrals,0,
2696,0,Neutrals,0,
2697,0,Neutrals,0,
2698,0,Neutrals,0,
2699,0,Neutrals,0,
2700,0,Neutrals,0,
2701,0,Neutrals,0,
2702,0,Neutrals,0,
2703,0,Neutrals,0,
2704,0,Neutrals,0,
2705,24,City-state of Saheranahvaria,53,Kutvaladosva Governorate
2706,24,City-state of Saheranahvaria,53,Kutvaladosva Governorate
2707,24,City-state of Saheranahvaria,53,Kutvaladosva Governorate
2708,24,City-state of Saheranahvaria,53,Kutvaladosva Governorate
2709,24,City-state of Saheranahvaria,53,Kutvaladosva Governorate
2710,25,Latocail Naharcan,58,Sarahacan Earldom
2711,25,Latocail Naharcan,58,Sarahacan Earldom
2712,25,Latocail Naharcan,58,Sarahacan Earldom
2713,25,Latocail Naharcan,61,Necarastlan Earldom
2714,25,Latocail Naharcan,61,Necarastlan Earldom
2715,25,Latocail Naharcan,61,Necarastlan Earldom
2716,25,Latocail Naharcan,61,Necarastlan Earldom
2717,25,Latocail Naharcan,57,Bretarpan County
2718,25,Latocail Naharcan,57,Bretarpan County
2719,25,Latocail Naharcan,57,Bretarpan County
2720,25,Latocail Naharcan,57,Bretarpan County
2721,23,Xilhuan Altepetl,43,Preme Earldom
2722,23,Xilhuan Altepetl,43,Preme Earldom
2723,23,Xilhuan Altepetl,43,Preme Earldom
2724,23,Xilhuan Altepetl,43,Preme Earldom
2725,23,Xilhuan Altepetl,43,Preme Earldom
2726,23,Xilhuan Altepetl,43,Preme Earldom
2727,23,Xilhuan Altepetl,43,Preme Earldom
2728,23,Xilhuan Altepetl,43,Preme Earldom
2729,23,Xilhuan Altepetl,35,Napanverte County
2730,23,Xilhuan Altepetl,35,Napanverte County
2731,23,Xilhuan Altepetl,35,Napanverte County
2732,0,Neutrals,0,
2733,0,Neutrals,0,
2734,0,Neutrals,0,
2735,0,Neutrals,0,
2736,0,Neutrals,0,
2737,0,Neutrals,0,
2738,0,Neutrals,0,
2739,23,Xilhuan Altepetl,113,Brecaoirt Region
2740,0,Neutrals,0,
2741,0,Neutrals,0,
2742,0,Neutrals,0,
2743,22,Sultanate of Kanchasuyu,3,Maria Barony
2744,22,Sultanate of Kanchasuyu,3,Maria Barony
2745,22,Sultanate of Kanchasuyu,3,Maria Barony
2746,22,Sultanate of Kanchasuyu,3,Maria Barony
2747,0,Neutrals,0,
2748,0,Neutrals,0,
2749,0,Neutrals,0,
2750,0,Neutrals,0,
2751,24,City-state of Saheranahvaria,53,Kutvaladosva Governorate
2752,24,City-state of Saheranahvaria,53,Kutvaladosva Governorate
2753,24,City-state of Saheranahvaria,53,Kutvaladosva Governorate
2754,24,City-state of Saheranahvaria,53,Kutvaladosva Governorate
2755,25,Latocail Naharcan,58,Sarahacan Earldom
2756,25,Latocail Naharcan,58,Sarahacan Earldom
2757,25,Latocail Naharcan,58,Sarahacan Earldom
2758,25,Latocail Naharcan,58,Sarahacan Earldom
2759,25,Latocail Naharcan,57,Bretarpan County
2760,25,Latocail Naharcan,61,Necarastlan Earldom
2761,25,Latocail Naharcan,57,Bretarpan County
2762,25,Latocail Naharcan,57,Bretarpan County
2763,25,Latocail Naharcan,57,Bretarpan County
2764,25,Latocail Naharcan,57,Bretarpan County
2765,25,Latocail Naharcan,117,Balactlania Land
2766,25,Latocail Naharcan,117,Balactlania Land
2767,23,Xilhuan Altepetl,43,Preme Earldom
2768,23,Xilhuan Altepetl,43,Preme Earldom
2769,23,Xilhuan Altepetl,43,Preme Earldom
2770,23,Xilhuan Altepetl,43,Preme Earldom
2771,23,Xilhuan Altepetl,43,Preme Earldom
2772,23,Xilhuan Altepetl,43,Preme Earldom
2773,23,Xilhuan Altepetl,43,Preme Earldom
2774,23,Xilhuan Altepetl,35,Napanverte County
2775,23,Xilhuan Altepetl,35,Napanverte County
2776,23,Xilhuan Altepetl,35,Napanverte County
2777,0,Neutrals,0,
2778,0,Neutrals,0,
2779,0,Neutrals,0,
2780,0,Neutrals,0,
2781,0,Neutrals,0,
2782,0,Neutrals,0,
2783,0,Neutrals,0,
2784,0,Neutrals,0,
2785,0,Neutrals,0,
2786,0,Neutrals,0,
2787,22,Sultanate of Kanchasuyu,3,Maria Barony
2788,0,Neutrals,0,
2789,0,Neutrals,0,
2790,0,Neutrals,0,
2791,0,Neutrals,0,
2792,0,Neutrals,0,
2793,0,Neutrals,0,
2794,24,City-state of Saheranahvaria,53,Kutvaladosva Governorate
2795,24,City-state of Saheranahvaria,53,Kutvaladosva Governorate
2796,25,Latocail Naharcan,58,Sarahacan Earldom
2797,25,Latocail Naharcan,58,Sarahacan Earldom
2798,25,Latocail Naharcan,58,Sarahacan Earldom
2799,25,Latocail Naharcan,58,Sarahacan Earldom
2800,25,Latocail Naharcan,58,Sarahacan Earldom
2801,25,Latocail Naharcan,57,Bretarpan County
2802,25,Latocail Naharcan,57,Bretarpan County
2803,25,Latocail Naharcan,57,Bretarpan County
2804,25,Latocail Naharcan,57,Bretarpan County
2805,25,Latocail Naharcan,57,Bretarpan County
2806,25,Latocail Naharcan,117,Balactlania Land
2807,25,Latocail Naharcan,117,Balactlania Land
2808,25,Latocail Naharcan,117,Balactlania Land
2809,23,Xilhuan Altepetl,43,Preme Earldom
2810,23,Xilhuan Altepetl,43,Preme Earldom
2811,23,Xilhuan Altepetl,43,Preme Earldom
2812,23,Xilhuan Altepetl,31,Temoac County
2813,23,Xilhuan Altepetl,31,Temoac County
2814,23,Xilhuan Altepetl,49,Texcoaxaxaco County
2815,23,Xilhuan Altepetl,49,Texcoaxaxaco County
2816,23,Xilhuan Altepetl,49,Texcoaxaxaco County
2817,23,Xilhuan Altepetl,35,Napanverte County
2818,23,Xilhuan Altepetl,35,Napanverte County
2819,23,Xilhuan Altepetl,35,Napanverte County
2820,23,Xilhuan Altepetl,35,Napanverte County
2821,0,Neutrals,0,
2822,0,Neutrals,0,
2823,0,Neutrals,0,
2824,0,Neutrals,0,
2825,0,Neutrals,0,
2826,0,Neutrals,0,
2827,0,Neutrals,0,
2828,22,Sultanate of Kanchasuyu,3,Maria Barony
2829,0,Neutrals,0,
2830,0,Neutrals,0,
2831,0,Neutrals,0,
2832,0,Neutrals,0,
2833,0,Neutrals,0,
2834,0,Neutrals,0,
2835,0,Neutrals,0,
2836,25,Latocail Naharcan,58,Sarahacan Earldom
2837,25,Latocail Naharcan,58,Sarahacan Earldom
2838,25,Latocail Naharcan,58,Sarahacan Earldom
2839,25,Latocail Naharcan,58,Sarahacan Earldom
2840,25,Latocail Naharcan,58,Sarahacan Earldom
2841,25,Latocail Naharcan,58,Sarahacan Earldom
2842,25,Latocail Naharcan,58,Sarahacan Earldom
2843,25,Latocail Naharcan,58,Sarahacan Earldom
2844,25,Latocail Naharcan,58,Sarahacan Earldom
2845,25,Latocail Naharcan,57,Bretarpan County
2846,25,Latocail Naharcan,57,Bretarpan County
2847,25,Latocail Naharcan,57,Bretarpan County
2848,25,Latocail Naharcan,117,Balactlania Land
2849,25,Latocail Naharcan,117,Balactlania Land
2850,25,Latocail Naharcan,56,Leabania County
2851,25,Latocail Naharcan,56,Leabania County
2852,23,Xilhuan Altepetl,52,Iztaco Earldom
2853,23,Xilhuan Altepetl,52,Iztaco Earldom
2854,23,Xilhuan Altepetl,52,Iztaco Earldom
2855,23,Xilhuan Altepetl,31,Temoac County
2856,23,Xilhuan Altepetl,52,Iztaco Earldom
2857,23,Xilhuan Altepetl,52,Iztaco Earldom
2858,23,Xilhuan Altepetl,49,Texcoaxaxaco County
2859,23,Xilhuan Altepetl,49,Texcoaxaxaco County
2860,23,Xilhuan Altepetl,49,Texcoaxaxaco County
2861,23,Xilhuan Altepetl,35,Napanverte County
2862,23,Xilhuan Altepetl,35,Napanverte County
2863,23,Xilhuan Altepetl,35,Napanverte County
2864,0,Neutrals,0,
2865,0,Neutrals,0,
2866,0,Neutrals,0,
2867,0,Neutrals,0,
2868,0,Neutrals,0,
2869,0,Neutrals,0,
2870,0,Neutrals,0,
2871,23,Xilhuan Altepetl,113,Brecaoirt Region
2872,23,Xilhuan Altepetl,113,Brecaoirt Region
2873,0,Neutrals,0,
2874,0,Neutrals,0,
2875,0,Neutrals,0,
2876,0,Neutrals,0,
2877,0,Neutrals,0,
2878,0,Neutrals,0,
2879,0,Neutrals,0,
2880,0,Neutrals,0,
2881,0,Neutrals,0,
2882,0,Neutrals,0,
2883,0,Neutrals,0,
2884,0,Neutrals,0,
2885,0,Neutrals,0,
2886,0,Neutrals,0,
2887,25,Latocail Naharcan,58,Sarahacan Earldom
2888,25,Latocail Naharcan,58,Sarahacan Earldom
2889,25,Latocail Naharcan,58,Sarahacan Earldom
2890,25,Latocail Naharcan,58,Sarahacan Earldom
2891,25,Latocail Naharcan,58,Sarahacan Earldom
2892,25,Latocail Naharcan,58,Sarahacan Earldom
2893,25,Latocail Naharcan,58,Sarahacan Earldom
2894,25,Latocail Naharcan,58,Sarahacan Earldom
2895,25,Latocail Naharcan,58,Sarahacan Earldom
2896,25,Latocail Naharcan,58,Sarahacan Earldom
2897,25,Latocail Naharcan,55,Caidistlan County
2898,25,Latocail Naharcan,57,Bretarpan County
2899,25,Latocail Naharcan,57,Bretarpan County
2900,25,Latocail Naharcan,56,Leabania County
2901,25,Latocail Naharcan,56,Leabania County
2902,25,Latocail Naharcan,56,Leabania County
2903,25,Latocail Naharcan,56,Leabania County
2904,23,Xilhuan Altepetl,52,Iztaco Earldom
2905,23,Xilhuan Altepetl,52,Iztaco Earldom
2906,23,Xilhuan Altepetl,52,Iztaco Earldom
2907,23,Xilhuan Altepetl,52,Iztaco Earldom
2908,23,Xilhuan Altepetl,52,Iztaco Earldom
2909,23,Xilhuan Altepetl,52,Iztaco Earldom
2910,23,Xilhuan Altepetl,39,Madaspan County
2911,23,Xilhuan Altepetl,39,Madaspan County
2912,23,Xilhuan Altepetl,39,Madaspan County
2913,23,Xilhuan Altepetl,35,Napanverte County
2914,23,Xilhuan Altepetl,35,Napanverte County
2915,23,Xilhuan Altepetl,35,Napanverte County
2916,23,Xilhuan Altepetl,35,Napanverte County
2917,23,Xilhuan Altepetl,35,Napanverte County
2918,0,Neutrals,0,
2919,0,Neutrals,0,
2920,0,Neutrals,0,
2921,0,Neutrals,0,
2922,0,Neutrals,0,
2923,23,Xilhuan Altepetl,113,Brecaoirt Region
2924,23,Xilhuan Altepetl,113,Brecaoirt Region
2925,0,Neutrals,0,
2926,0,Neutrals,0,
2927,0,Neutrals,0,
2928,0,Neutrals,0,
2929,0,Neutrals,0,
2930,0,Neutrals,0,
2931,0,Neutrals,0,
2932,0,Neutrals,0,
2933,0,Neutrals,0,
2934,0,Neutrals,0,
2935,0,Neutrals,0,
2936,0,Neutrals,0,
2937,25,Latocail Naharcan,58,Sarahacan Earldom
2938,25,Latocail Naharcan,58,Sarahacan Earldom
2939,25,Latocail Naharcan,58,Sarahacan Earldom
2940,25,Latocail Naharcan,58,Sarahacan Earldom
2941,25,Latocail Naharcan,58,Sarahacan Earldom
2942,25,Latocail Naharcan,58,Sarahacan Earldom
2943,25,Latocail Naharcan,58,Sarahacan Earldom
2944,25,Latocail Naharcan,58,Sarahacan Earldom
2945,25,Latocail Naharcan,58,Sarahacan Earldom
2946,25,Latocail Naharcan,58,Sarahacan Earldom
2947,25,Latocail Naharcan,58,Sarahacan Earldom
2948,25,Latocail Naharcan,55,Caidistlan County
2949,25,Latocail Naharcan,55,Caidistlan County
2950,25,Latocail Naharcan,55,Caidistlan County
2951,25,Latocail Naharcan,57,Bretarpan County
2952,25,Latocail Naharcan,56,Leabania County
2953,25,Latocail Naharcan,56,Leabania County
2954,25,Latocail Naharcan,56,Leabania County
2955,25,Latocail Naharcan,56,Leabania County
2956,23,Xilhuan Altepetl,52,Iztaco Earldom
2957,23,Xilhuan Altepetl,52,Iztaco Earldom
2958,23,Xilhuan Altepetl,52,Iztaco Earldom
2959,23,Xilhuan Altepetl,52,Iztaco Earldom
2960,23,Xilhuan Altepetl,52,Iztaco Earldom
2961,23,Xilhuan Altepetl,52,Iztaco Earldom
2962,23,Xilhuan Altepetl,39,Madaspan County
2963,23,Xilhuan Altepetl,39,Madaspan County
2964,23,Xilhuan Altepetl,39,Madaspan County
2965,23,Xilhuan Altepetl,113,Brecaoirt Region
2966,23,Xilhuan Altepetl,113,Brecaoirt Region
2967,23,Xilhuan Altepetl,35,Napanverte County
2968,23,Xilhuan Altepetl,113,Brecaoirt Region
2969,0,Neutrals,0,
2970,0,Neutrals,0,
2971,0,Neutrals,0,
2972,0,Neutrals,0,
2973,0,Neutrals,0,
2974,0,Neutrals,0,
2975,0,Neutrals,0,
2976,0,Neutrals,0,
2977,0,Neutrals,0,
2978,0,Neutrals,0,
2979,0,Neutrals,0,
2980,0,Neutrals,0,
2981,0,Neutrals,0,
2982,0,Neutrals,0,
2983,23,Xilhuan Altepetl,0,
2984,0,Neutrals,0,
2985,0,Neutrals,0,
2986,0,Neutrals,0,
2987,0,Neutrals,0,
2988,0,Neutrals,0,
2989,0,Neutrals,0,
2990,0,Neutrals,0,
2991,0,Neutrals,0,
2992,25,Latocail Naharcan,62,Florum Earldom
2993,25,Latocail Naharcan,62,Florum Earldom
2994,25,Latocail Naharcan,58,Sarahacan Earldom
2995,25,Latocail Naharcan,62,Florum Earldom
2996,25,Latocail Naharcan,58,Sarahacan Earldom
2997,25,Latocail Naharcan,58,Sarahacan Earldom
2998,25,Latocail Naharcan,58,Sarahacan Earldom
2999,25,Latocail Naharcan,58,Sarahacan Earldom
3000,25,Latocail Naharcan,58,Sarahacan Earldom
3001,25,Latocail Naharcan,58,Sarahacan Earldom
3002,25,Latocail Naharcan,58,Sarahacan Earldom
3003,25,Latocail Naharcan,55,Caidistlan County
3004,25,Latocail Naharcan,55,Caidistlan County
3005,25,Latocail Naharcan,55,Caidistlan County
3006,25,Latocail Naharcan,55,Caidistlan County
3007,25,Latocail Naharcan,55,Caidistlan County
3008,25,Latocail Naharcan,55,Caidistlan County
3009,25,Latocail Naharcan,56,Leabania County
3010,25,Latocail Naharcan,56,Leabania County
3011,32,Nekosdamkoda,130,Mea Area
3012,32,Nekosdamkoda,105,Baoirtlan County
3013,32,Nekosdamkoda,105,Baoirtlan County
3014,23,Xilhuan Altepetl,52,Iztaco Earldom
3015,23,Xilhuan Altepetl,52,Iztaco Earldom
3016,23,Xilhuan Altepetl,52,Iztaco Earldom
3017,23,Xilhuan Altepetl,52,Iztaco Earldom
3018,23,Xilhuan Altepetl,52,Iztaco Earldom
3019,27,Marches of Petrello,70,Spervalom Earldom
3020,23,Xilhuan Altepetl,113,Brecaoirt Region
3021,23,Xilhuan Altepetl,113,Brecaoirt Region
3022,23,Xilhuan Altepetl,113,Brecaoirt Region
3023,23,Xilhuan Altepetl,113,Brecaoirt Region
3024,23,Xilhuan Altepetl,113,Brecaoirt Region
3025,23,Xilhuan Altepetl,113,Brecaoirt Region
3026,23,Xilhuan Altepetl,113,Brecaoirt Region
3027,23,Xilhuan Altepetl,113,Brecaoirt Region
3028,0,Neutrals,0,
3029,0,Neutrals,0,
3030,0,Neutrals,0,
3031,0,Neutrals,0,
3032,0,Neutrals,0,
3033,23,Xilhuan Altepetl,113,Brecaoirt Region
3034,0,Neutrals,0,
3035,0,Neutrals,0,
3036,0,Neutrals,0,
3037,0,Neutrals,0,
3038,0,Neutrals,0,
3039,0,Neutrals,0,
3040,0,Neutrals,0,
3041,0,Neutrals,0,
3042,0,Neutrals,0,
3043,25,Latocail Naharcan,62,Florum Earldom
3044,25,Latocail Naharcan,62,Florum Earldom
3045,25,Latocail Naharcan,62,Florum Earldom
3046,25,Latocail Naharcan,62,Florum Earldom
3047,25,Latocail Naharcan,62,Florum Earldom
3048,25,Latocail Naharcan,62,Florum Earldom
3049,25,Latocail Naharcan,58,Sarahacan Earldom
3050,25,Latocail Naharcan,58,Sarahacan Earldom
3051,25,Latocail Naharcan,58,Sarahacan Earldom
3052,25,Latocail Naharcan,58,Sarahacan Earldom
3053,25,Latocail Naharcan,58,Sarahacan Earldom
3054,25,Latocail Naharcan,58,Sarahacan Earldom
3055,25,Latocail Naharcan,55,Caidistlan County
3056,25,Latocail Naharcan,55,Caidistlan County
3057,25,Latocail Naharcan,55,Caidistlan County
3058,25,Latocail Naharcan,55,Caidistlan County
3059,25,Latocail Naharcan,55,Caidistlan County
3060,25,Latocail Naharcan,55,Caidistlan County
3061,25,Latocail Naharcan,55,Caidistlan County
3062,25,Latocail Naharcan,55,Caidistlan County
3063,25,Latocail Naharcan,55,Caidistlan County
3064,32,Nekosdamkoda,130,Mea Area
3065,32,Nekosdamkoda,105,Baoirtlan County
3066,32,Nekosdamkoda,105,Baoirtlan County
3067,32,Nekosdamkoda,127,Salagpan Land
3068,23,Xilhuan Altepetl,52,Iztaco Earldom
3069,27,Marches of Petrello,70,Spervalom Earldom
3070,27,Marches of Petrello,70,Spervalom Earldom
3071,27,Marches of Petrello,70,Spervalom Earldom
3072,27,Marches of Petrello,70,Spervalom Earldom
3073,27,Marches of Petrello,119,Campi Territory
3074,23,Xilhuan Altepetl,113,Brecaoirt Region
3075,23,Xilhuan Altepetl,113,Brecaoirt Region
3076,23,Xilhuan Altepetl,113,Brecaoirt Region
3077,27,Marches of Petrello,79,Casadupia Earldom
3078,27,Marches of Petrello,79,Casadupia Earldom
3079,0,Neutrals,0,
3080,0,Neutrals,0,
3081,0,Neutrals,0,
3082,0,Neutrals,0,
3083,0,Neutrals,0,
3084,0,Neutrals,0,
3085,0,Neutrals,0,
3086,0,Neutrals,0,
3087,0,Neutrals,0,
3088,0,Neutrals,0,
3089,0,Neutrals,0,
3090,25,Latocail Naharcan,62,Florum Earldom
3091,25,Latocail Naharcan,62,Florum Earldom
3092,25,Latocail Naharcan,62,Florum Earldom
3093,25,Latocail Naharcan,62,Florum Earldom
3094,25,Latocail Naharcan,62,Florum Earldom
3095,25,Latocail Naharcan,58,Sarahacan Earldom
3096,25,Latocail Naharcan,58,Sarahacan Earldom
3097,25,Latocail Naharcan,58,Sarahacan Earldom
3098,25,Latocail Naharcan,58,Sarahacan Earldom
3099,25,Latocail Naharcan,58,Sarahacan Earldom
3100,25,Latocail Naharcan,55,Caidistlan County
3101,25,Latocail Naharcan,55,Caidistlan County
3102,25,Latocail Naharcan,55,Caidistlan County
3103,25,Latocail Naharcan,55,Caidistlan County
3104,25,Latocail Naharcan,55,Caidistlan County
3105,25,Latocail Naharcan,55,Caidistlan County
3106,25,Latocail Naharcan,55,Caidistlan County
3107,25,Latocail Naharcan,55,Caidistlan County
3108,25,Latocail Naharcan,55,Caidistlan County
3109,32,Nekosdamkoda,103,Alaklalia County
3110,32,Nekosdamkoda,103,Alaklalia County
3111,32,Nekosdamkoda,103,Alaklalia County
3112,32,Nekosdamkoda,127,Salagpan Land
3113,32,Nekosdamkoda,127,Salagpan Land
3114,32,Nekosdamkoda,127,Salagpan Land
3115,27,Marches of Petrello,70,Spervalom Earldom
3116,27,Marches of Petrello,70,Spervalom Earldom
3117,27,Marches of Petrello,70,Spervalom Earldom
3118,27,Marches of Petrello,70,Spervalom Earldom
3119,27,Marches of Petrello,74,Seglia County
3120,27,Marches of Petrello,74,Seglia County
3121,27,Marches of Petrello,79,Casadupia Earldom
3122,27,Marches of Petrello,79,Casadupia Earldom
3123,27,Marches of Petrello,79,Casadupia Earldom
3124,27,Marches of Petrello,79,Casadupia Earldom
3125,0,Neutrals,0,
3126,0,Neutrals,0,
3127,0,Neutrals,0,
3128,0,Neutrals,0,
3129,0,Neutrals,0,
3130,0,Neutrals,0,
3131,0,Neutrals,0,
3132,0,Neutrals,0,
3133,0,Neutrals,0,
3134,0,Neutrals,0,
3135,0,Neutrals,0,
3136,25,Latocail Naharcan,62,Florum Earldom
3137,25,Latocail Naharcan,59,Cesontiana County
3138,25,Latocail Naharcan,59,Cesontiana County
3139,25,Latocail Naharcan,62,Florum Earldom
3140,25,Latocail Naharcan,59,Cesontiana County
3141,25,Latocail Naharcan,59,Cesontiana County
3142,25,Latocail Naharcan,59,Cesontiana County
3143,25,Latocail Naharcan,58,Sarahacan Earldom
3144,25,Latocail Naharcan,58,Sarahacan Earldom
3145,25,Latocail Naharcan,58,Sarahacan Earldom
3146,25,Latocail Naharcan,58,Sarahacan Earldom
3147,25,Latocail Naharcan,55,Caidistlan County
3148,25,Latocail Naharcan,55,Caidistlan County
3149,25,Latocail Naharcan,55,Caidistlan County
3150,25,Latocail Naharcan,55,Caidistlan County
3151,25,Latocail Naharcan,55,Caidistlan County
3152,25,Latocail Naharcan,55,Caidistlan County
3153,25,Latocail Naharcan,55,Caidistlan County
3154,25,Latocail Naharcan,55,Caidistlan County
3155,25,Latocail Naharcan,55,Caidistlan County
3156,25,Latocail Naharcan,55,Caidistlan County
3157,32,Nekosdamkoda,103,Alaklalia County
3158,32,Nekosdamkoda,103,Alaklalia County
3159,32,Nekosdamkoda,103,Alaklalia County
3160,32,Nekosdamkoda,103,Alaklalia County
3161,32,Nekosdamkoda,127,Salagpan Land
3162,27,Marches of Petrello,70,Spervalom Earldom
3163,27,Marches of Petrello,70,Spervalom Earldom
3164,27,Marches of Petrello,70,Spervalom Earldom
3165,27,Marches of Petrello,70,Spervalom Earldom
3166,27,Marches of Petrello,70,Spervalom Earldom
3167,27,Marches of Petrello,74,Seglia County
3168,27,Marches of Petrello,74,Seglia County
3169,27,Marches of Petrello,74,Seglia County
3170,27,Marches of Petrello,79,Casadupia Earldom
3171,27,Marches of Petrello,79,Casadupia Earldom
3172,27,Marches of Petrello,79,Casadupia Earldom
3173,27,Marches of Petrello,79,Casadupia Earldom
3174,0,Neutrals,0,
3175,0,Neutrals,0,
3176,0,Neutrals,0,
3177,0,Neutrals,0,
3178,0,Neutrals,0,
3179,0,Neutrals,0,
3180,0,Neutrals,0,
3181,0,Neutrals,0,
3182,0,Neutrals,0,
3183,0,Neutrals,0,
3184,0,Neutrals,0,
3185,0,Neutrals,0,
3186,25,Latocail Naharcan,59,Cesontiana County
3187,25,Latocail Naharcan,59,Cesontiana County
3188,25,Latocail Naharcan,59,Cesontiana County
3189,25,Latocail Naharcan,59,Cesontiana County
3190,25,Latocail Naharcan,59,Cesontiana County
3191,25,Latocail Naharcan,59,Cesontiana County
3192,25,Latocail Naharcan,59,Cesontiana County
3193,25,Latocail Naharcan,59,Cesontiana County
3194,25,Latocail Naharcan,59,Cesontiana County
3195,25,Latocail Naharcan,58,Sarahacan Earldom
3196,25,Latocail Naharcan,58,Sarahacan Earldom
3197,25,Latocail Naharcan,58,Sarahacan Earldom
3198,25,Latocail Naharcan,55,Caidistlan County
3199,25,Latocail Naharcan,55,Caidistlan County
3200,25,Latocail Naharcan,55,Caidistlan County
3201,25,Latocail Naharcan,55,Caidistlan County
3202,25,Latocail Naharcan,55,Caidistlan County
3203,25,Latocail Naharcan,55,Caidistlan County
3204,25,Latocail Naharcan,55,Caidistlan County
3205,25,Latocail Naharcan,55,Caidistlan County
3206,25,Latocail Naharcan,60,Breharcan County
3207,25,Latocail Naharcan,60,Breharcan County
3208,32,Nekosdamkoda,103,Alaklalia County
3209,32,Nekosdamkoda,103,Alaklalia County
3210,32,Nekosdamkoda,103,Alaklalia County
3211,32,Nekosdamkoda,127,Salagpan Land
3212,32,Nekosdamkoda,127,Salagpan Land
3213,27,Marches of Petrello,70,Spervalom Earldom
3214,27,Marches of Petrello,73,Chiapan Earldom
3215,27,Marches of Petrello,78,Peaigania Earldom
3216,27,Marches of Petrello,74,Seglia County
3217,27,Marches of Petrello,74,Seglia County
3218,27,Marches of Petrello,74,Seglia County
3219,27,Marches of Petrello,74,Seglia County
3220,27,Marches of Petrello,74,Seglia County
3221,27,Marches of Petrello,79,Casadupia Earldom
3222,27,Marches of Petrello,79,Casadupia Earldom
3223,27,Marches of Petrello,79,Casadupia Earldom
3224,27,Marches of Petrello,79,Casadupia Earldom
3225,27,Marches of Petrello,79,Casadupia Earldom
3226,0,Neutrals,0,
3227,0,Neutrals,0,
3228,0,Neutrals,0,
3229,0,Neutrals,0,
3230,0,Neutrals,0,
3231,23,Xilhuan Altepetl,113,Brecaoirt Region
3232,23,Xilhuan Altepetl,113,Brecaoirt Region
3233,0,Neutrals,0,
3234,0,Neutrals,0,
3235,0,Neutrals,0,
3236,0,Neutrals,0,
3237,30,Herviorum City-state,97,Vinium District
3238,25,Latocail Naharcan,59,Cesontiana County
3239,25,Latocail Naharcan,59,Cesontiana County
3240,25,Latocail Naharcan,59,Cesontiana County
3241,25,Latocail Naharcan,59,Cesontiana County
3242,25,Latocail Naharcan,59,Cesontiana County
3243,25,Latocail Naharcan,59,Cesontiana County
3244,25,Latocail Naharcan,59,Cesontiana County
3245,25,Latocail Naharcan,59,Cesontiana County
3246,25,Latocail Naharcan,59,Cesontiana County
3247,25,Latocail Naharcan,55,Caidistlan County
3248,25,Latocail Naharcan,55,Caidistlan County
3249,25,Latocail Naharcan,55,Caidistlan County
3250,25,Latocail Naharcan,55,Caidistlan County
3251,25,Latocail Naharcan,55,Caidistlan County
3252,25,Latocail Naharcan,55,Caidistlan County
3253,25,Latocail Naharcan,55,Caidistlan County
3254,25,Latocail Naharcan,55,Caidistlan County
3255,25,Latocail Naharcan,55,Caidistlan County
3256,25,Latocail Naharcan,60,Breharcan County
3257,25,Latocail Naharcan,60,Breharcan County
3258,25,Latocail Naharcan,60,Breharcan County
3259,25,Latocail Naharcan,60,Breharcan County
3260,32,Nekosdamkoda,102,Magnakan County
3261,32,Nekosdamkoda,102,Magnakan County
3262,32,Nekosdamkoda,102,Magnakan County
3263,32,Nekosdamkoda,102,Magnakan County
3264,32,Nekosdamkoda,102,Magnakan County
3265,32,Nekosdamkoda,128,Ferrvetarjõere Region
3266,27,Marches of Petrello,73,Chiapan Earldom
3267,27,Marches of Petrello,73,Chiapan Earldom
3268,27,Marches of Petrello,75,Leadaspanco Earldom
3269,27,Marches of Petrello,68,Tonazahualco County
3270,27,Marches of Petrello,68,Tonazahualco County
3271,27,Marches of Petrello,79,Casadupia Earldom
3272,27,Marches of Petrello,79,Casadupia Earldom
3273,27,Marches of Petrello,79,Casadupia Earldom
3274,27,Marches of Petrello,79,Casadupia Earldom
3275,27,Marches of Petrello,79,Casadupia Earldom
3276,27,Marches of Petrello,79,Casadupia Earldom
3277,0,Neutrals,0,
3278,0,Neutrals,0,
3279,0,Neutrals,0,
3280,0,Neutrals,0,
3281,0,Neutrals,0,
3282,0,Neutrals,0,
3283,0,Neutrals,0,
3284,23,Xilhuan Altepetl,113,Brecaoirt Region
3285,0,Neutrals,0,
3286,0,Neutrals,0,
3287,0,Neutrals,0,
3288,0,Neutrals,0,
3289,0,Neutrals,0,
3290,0,Neutrals,0,
3291,30,Herviorum City-state,97,Vinium District
3292,30,Herviorum City-state,97,Vinium District
3293,30,Herviorum City-state,97,Vinium District
3294,25,Latocail Naharcan,59,Cesontiana County
3295,25,Latocail Naharcan,59,Cesontiana County
3296,25,Latocail Naharcan,59,Cesontiana County
3297,25,Latocail Naharcan,59,Cesontiana County
3298,25,Latocail Naharcan,59,Cesontiana County
3299,25,Latocail Naharcan,59,Cesontiana County
3300,25,Latocail Naharcan,59,Cesontiana County
3301,25,Latocail Naharcan,59,Cesontiana County
3302,25,Latocail Naharcan,55,Caidistlan County
3303,25,Latocail Naharcan,55,Caidistlan County
3304,25,Latocail Naharcan,55,Caidistlan County
3305,25,Latocail Naharcan,55,Caidistlan County
3306,25,Latocail Naharcan,55,Caidistlan County
3307,25,Latocail Naharcan,55,Caidistlan County
3308,25,Latocail Naharcan,55,Caidistlan County
3309,25,Latocail Naharcan,55,Caidistlan County
3310,25,Latocail Naharcan,60,Breharcan County
3311,25,Latocail Naharcan,60,Breharcan County
3312,25,Latocail Naharcan,60,Breharcan County
3313,25,Latocail Naharcan,60,Breharcan County
3314,25,Latocail Naharcan,60,Breharcan County
3315,25,Latocail Naharcan,60,Breharcan County
3316,32,Nekosdamkoda,102,Magnakan County
3317,32,Nekosdamkoda,102,Magnakan County
3318,32,Nekosdamkoda,102,Magnakan County
3319,32,Nekosdamkoda,102,Magnakan County
3320,32,Nekosdamkoda,128,Ferrvetarjõere Region
3321,32,Nekosdamkoda,104,Conflegul Landgrave
3322,27,Marches of Petrello,73,Chiapan Earldom
3323,27,Marches of Petrello,68,Tonazahualco County
3324,27,Marches of Petrello,68,Tonazahualco County
3325,27,Marches of Petrello,68,Tonazahualco County
3326,27,Marches of Petrello,79,Casadupia Earldom
3327,27,Marches of Petrello,79,Casadupia Earldom
3328,27,Marches of Petrello,79,Casadupia Earldom
3329,27,Marches of Petrello,79,Casadupia Earldom
3330,27,Marches of Petrello,65,Colanolonia Earldom
3331,27,Marches of Petrello,65,Colanolonia Earldom
3332,27,Marches of Petrello,65,Colanolonia Earldom
3333,27,Marches of Petrello,65,Colanolonia Earldom
3334,0,Neutrals,0,
3335,0,Neutrals,0,
3336,0,Neutrals,0,
3337,0,Neutrals,0,
3338,0,Neutrals,0,
3339,0,Neutrals,0,
3340,0,Neutrals,0,
3341,0,Neutrals,0,
3342,0,Neutrals,0,
3343,0,Neutrals,0,
3344,0,Neutrals,0,
3345,0,Neutrals,0,
3346,0,Neutrals,0,
3347,0,Neutrals,0,
3348,0,Neutrals,0,
3349,0,Neutrals,0,
3350,0,Neutrals,0,
3351,30,Herviorum City-state,97,Vinium District
3352,30,Herviorum City-state,97,Vinium District
3353,30,Herviorum City-state,97,Vinium District
3354,30,Herviorum City-state,96,Theixus District
3355,30,Herviorum City-state,0,
3356,30,Herviorum City-state,0,
3357,35,Duchy of Quenolistes,0,
3358,35,Duchy of Quenolistes,0,
3359,25,Latocail Naharcan,59,Cesontiana County
3360,25,Latocail Naharcan,59,Cesontiana County
3361,25,Latocail Naharcan,59,Cesontiana County
3362,25,Latocail Naharcan,55,Caidistlan County
3363,25,Latocail Naharcan,55,Caidistlan County
3364,25,Latocail Naharcan,55,Caidistlan County
3365,25,Latocail Naharcan,55,Caidistlan County
3366,25,Latocail Naharcan,55,Caidistlan County
3367,25,Latocail Naharcan,55,Caidistlan County
3368,25,Latocail Naharcan,55,Caidistlan County
3369,25,Latocail Naharcan,60,Breharcan County
3370,25,Latocail Naharcan,60,Breharcan County
3371,25,Latocail Naharcan,60,Breharcan County
3372,25,Latocail Naharcan,60,Breharcan County
3373,25,Latocail Naharcan,60,Breharcan County
3374,25,Latocail Naharcan,60,Breharcan County
3375,25,Latocail Naharcan,60,Breharcan County
3376,32,Nekosdamkoda,102,Magnakan County
3377,32,Nekosdamkoda,102,Magnakan County
3378,32,Nekosdamkoda,102,Magnakan County
3379,32,Nekosdamkoda,102,Magnakan County
3380,32,Nekosdamkoda,104,Conflegul Landgrave
3381,32,Nekosdamkoda,104,Conflegul Landgrave
3382,32,Nekosdamkoda,104,Conflegul Landgrave
3383,27,Marches of Petrello,68,Tonazahualco County
3384,27,Marches of Petrello,68,Tonazahualco County
3385,27,Marches of Petrello,68,Tonazahualco County
3386,27,Marches of Petrello,79,Casadupia Earldom
3387,27,Marches of Petrello,79,Casadupia Earldom
3388,27,Marches of Petrello,79,Casadupia Earldom
3389,27,Marches of Petrello,79,Casadupia Earldom
3390,27,Marches of Petrello,65,Colanolonia Earldom
3391,27,Marches of Petrello,65,Colanolonia Earldom
3392,27,Marches of Petrello,65,Colanolonia Earldom
3393,27,Marches of Petrello,65,Colanolonia Earldom
3394,27,Marches of Petrello,65,Colanolonia Earldom
3395,27,Marches of Petrello,65,Colanolonia Earldom
3396,0,Neutrals,0,
3397,27,Marches of Petrello,121,Sarbakorlalia Territory
3398,27,Marches of Petrello,65,Colanolonia Earldom
3399,0,Neutrals,0,
3400,0,Neutrals,0,
3401,0,Neutrals,0,
3402,0,Neutrals,0,
3403,0,Neutrals,0,
3404,0,Neutrals,0,
3405,0,Neutrals,0,
3406,30,Herviorum City-state,96,Theixus District
3407,30,Herviorum City-state,96,Theixus District
3408,30,Herviorum City-state,96,Theixus District
3409,30,Herviorum City-state,96,Theixus District
3410,30,Herviorum City-state,0,
3411,30,Herviorum City-state,0,
3412,35,Duchy of Quenolistes,0,
3413,35,Duchy of Quenolistes,0,
3414,35,Duchy of Quenolistes,0,
3415,35,Duchy of Quenolistes,0,
3416,25,Latocail Naharcan,55,Caidistlan County
3417,25,Latocail Naharcan,55,Caidistlan County
3418,35,Duchy of Quenolistes,134,Caidistlan Area
3419,25,Latocail Naharcan,55,Caidistlan County
3420,25,Latocail Naharcan,55,Caidistlan County
3421,25,Latocail Naharcan,55,Caidistlan County
3422,25,Latocail Naharcan,55,Caidistlan County
3423,25,Latocail Naharcan,60,Breharcan County
3424,25,Latocail Naharcan,60,Breharcan County
3425,25,Latocail Naharcan,60,Breharcan County
3426,25,Latocail Naharcan,60,Breharcan County
3427,25,Latocail Naharcan,60,Breharcan County
3428,25,Latocail Naharcan,60,Breharcan County
3429,25,Latocail Naharcan,60,Breharcan County
3430,25,Latocail Naharcan,60,Breharcan County
3431,32,Nekosdamkoda,102,Magnakan County
3432,32,Nekosdamkoda,102,Magnakan County
3433,32,Nekosdamkoda,102,Magnakan County
3434,32,Nekosdamkoda,129,Mailinsarkia Clan
3435,32,Nekosdamkoda,129,Mailinsarkia Clan
3436,32,Nekosdamkoda,104,Conflegul Landgrave
3437,32,Nekosdamkoda,129,Mailinsarkia Clan
3438,27,Marches of Petrello,68,Tonazahualco County
3439,27,Marches of Petrello,68,Tonazahualco County
3440,27,Marches of Petrello,68,Tonazahualco County
3441,27,Marches of Petrello,79,Casadupia Earldom
3442,27,Marches of Petrello,79,Casadupia Earldom
3443,27,Marches of Petrello,67,Armiabicia Captaincy
3444,27,Marches of Petrello,65,Colanolonia Earldom
3445,27,Marches of Petrello,120,Trerolico Territory
3446,27,Marches of Petrello,65,Colanolonia Earldom
3447,27,Marches of Petrello,65,Colanolonia Earldom
3448,27,Marches of Petrello,65,Colanolonia Earldom
3449,27,Marches of Petrello,65,Colanolonia Earldom
3450,27,Marches of Petrello,65,Colanolonia Earldom
3451,27,Marches of Petrello,65,Colanolonia Earldom
3452,27,Marches of Petrello,65,Colanolonia Earldom
3453,27,Marches of Petrello,65,Colanolonia Earldom
3454,0,Neutrals,0,
3455,0,Neutrals,0,
3456,0,Neutrals,0,
3457,0,Neutrals,0,
3458,0,Neutrals,0,
3459,0,Neutrals,0,
3460,0,Neutrals,0,
3461,0,Neutrals,0,
3462,0,Neutrals,0,
3463,0,Neutrals,0,
3464,0,Neutrals,0,
3465,0,Neutrals,0,
3466,0,Neutrals,0,
3467,0,Neutrals,0,
3468,0,Neutrals,0,
3469,30,Herviorum City-state,96,Theixus District
3470,30,Herviorum City-state,96,Theixus District
3471,30,Herviorum City-state,96,Theixus District
3472,30,Herviorum City-state,96,Theixus District
3473,30,Herviorum City-state,96,Theixus District
3474,30,Herviorum City-state,0,
3475,30,Herviorum City-state,0,
3476,35,Duchy of Quenolistes,0,
3477,35,Duchy of Quenolistes,0,
3478,35,Duchy of Quenolistes,0,
3479,35,Duchy of Quenolistes,0,
3480,35,Duchy of Quenolistes,0,
3481,35,Duchy of Quenolistes,0,
3482,35,Duchy of Quenolistes,134,Caidistlan Area
3483,35,Duchy of Quenolistes,134,Caidistlan Area
3484,25,Latocail Naharcan,55,Caidistlan County
3485,25,Latocail Naharcan,55,Caidistlan County
3486,25,Latocail Naharcan,55,Caidistlan County
3487,25,Latocail Naharcan,60,Breharcan County
3488,25,Latocail Naharcan,60,Breharcan County
3489,25,Latocail Naharcan,60,Breharcan County
3490,25,Latocail Naharcan,60,Breharcan County
3491,25,Latocail Naharcan,60,Breharcan County
3492,25,Latocail Naharcan,60,Breharcan County
3493,25,Latocail Naharcan,60,Breharcan County
3494,25,Latocail Naharcan,60,Breharcan County
3495,25,Latocail Naharcan,60,Breharcan County
3496,32,Nekosdamkoda,102,Magnakan County
3497,32,Nekosdamkoda,129,Mailinsarkia Clan
3498,32,Nekosdamkoda,129,Mailinsarkia Clan
3499,32,Nekosdamkoda,129,Mailinsarkia Clan
3500,32,Nekosdamkoda,129,Mailinsarkia Clan
3501,32,Nekosdamkoda,129,Mailinsarkia Clan
3502,27,Marches of Petrello,68,Tonazahualco County
3503,27,Marches of Petrello,68,Tonazahualco County
3504,27,Marches of Petrello,79,Casadupia Earldom
3505,27,Marches of Petrello,79,Casadupia Earldom
3506,27,Marches of Petrello,67,Armiabicia Captaincy
3507,27,Marches of Petrello,67,Armiabicia Captaincy
3508,27,Marches of Petrello,67,Armiabicia Captaincy
3509,27,Marches of Petrello,65,Colanolonia Earldom
3510,27,Marches of Petrello,65,Colanolonia Earldom
3511,27,Marches of Petrello,65,Colanolonia Earldom
3512,27,Marches of Petrello,69,Fivania Captaincy
3513,27,Marches of Petrello,65,Colanolonia Earldom
3514,27,Marches of Petrello,65,Colanolonia Earldom
3515,27,Marches of Petrello,65,Colanolonia Earldom
3516,27,Marches of Petrello,71,Geria Earldom
3517,27,Marches of Petrello,71,Geria Earldom
3518,27,Marches of Petrello,71,Geria Earldom
3519,27,Marches of Petrello,71,Geria Earldom
3520,27,Marches of Petrello,71,Geria Earldom
3521,0,Neutrals,0,
3522,0,Neutrals,0,
3523,0,Neutrals,0,
3524,31,Duchy of Witfordburia,100,Cuapantema County
3525,0,Neutrals,0,
3526,0,Neutrals,0,
3527,0,Neutrals,0,
3528,0,Neutrals,0,
3529,0,Neutrals,0,
3530,0,Neutrals,0,
3531,0,Neutrals,0,
3532,0,Neutrals,0,
3533,0,Neutrals,0,
3534,0,Neutrals,0,
3535,0,Neutrals,0,
3536,0,Neutrals,0,
3537,30,Herviorum City-state,96,Theixus District
3538,30,Herviorum City-state,96,Theixus District
3539,30,Herviorum City-state,0,
3540,30,Herviorum City-state,0,
3541,35,Duchy of Quenolistes,0,
3542,35,Duchy of Quenolistes,0,
3543,35,Duchy of Quenolistes,0,
3544,35,Duchy of Quenolistes,0,
3545,35,Duchy of Quenolistes,0,
3546,35,Duchy of Quenolistes,0,
3547,35,Duchy of Quenolistes,0,
3548,35,Duchy of Quenolistes,0,
3549,35,Duchy of Quenolistes,0,
3550,35,Duchy of Quenolistes,0,
3551,35,Duchy of Quenolistes,0,
3552,35,Duchy of Quenolistes,0,
3553,25,Latocail Naharcan,60,Breharcan County
3554,25,Latocail Naharcan,60,Breharcan County
3555,25,Latocail Naharcan,60,Breharcan County
3556,25,Latocail Naharcan,60,Breharcan County
3557,25,Latocail Naharcan,60,Breharcan County
3558,25,Latocail Naharcan,60,Breharcan County
3559,25,Latocail Naharcan,60,Breharcan County
3560,25,Latocail Naharcan,60,Breharcan County
3561,25,Latocail Naharcan,60,Breharcan County
3562,32,Nekosdamkoda,0,
3563,32,Nekosdamkoda,0,
3564,32,Nekosdamkoda,129,Mailinsarkia Clan
3565,32,Nekosdamkoda,129,Mailinsarkia Clan
3566,32,Nekosdamkoda,129,Mailinsarkia Clan
3567,32,Nekosdamkoda,129,Mailinsarkia Clan
3568,32,Nekosdamkoda,129,Mailinsarkia Clan
3569,27,Marches of Petrello,79,Casadupia Earldom
3570,27,Marches of Petrello,79,Casadupia Earldom
3571,27,Marches of Petrello,67,Armiabicia Captaincy
3572,27,Marches of Petrello,67,Armiabicia Captaincy
3573,27,Marches of Petrello,66,Sezania Captaincy
3574,27,Marches of Petrello,72,Spersia Earldom
3575,27,Marches of Petrello,72,Spersia Earldom
3576,27,Marches of Petrello,69,Fivania Captaincy
3577,27,Marches of Petrello,69,Fivania Captaincy
3578,27,Marches of Petrello,69,Fivania Captaincy
3579,27,Marches of Petrello,65,Colanolonia Earldom
3580,27,Marches of Petrello,76,Vallanolaqui Earldom
3581,27,Marches of Petrello,76,Vallanolaqui Earldom
3582,27,Marches of Petrello,71,Geria Earldom
3583,27,Marches of Petrello,71,Geria Earldom
3584,0,Neutrals,0,
3585,0,Neutrals,0,
3586,0,Neutrals,0,
3587,0,Neutrals,0,
3588,0,Neutrals,0,
3589,31,Duchy of Witfordburia,100,Cuapantema County
3590,0,Neutrals,0,
3591,31,Duchy of Witfordburia,101,Gerara County
3592,31,Duchy of Witfordburia,101,Gerara County
3593,31,Duchy of Witfordburia,101,Gerara County
3594,31,Duchy of Witfordburia,101,Gerara County
3595,31,Duchy of Witfordburia,98,Sirnorum County
3596,31,Duchy of Witfordburia,98,Sirnorum County
3597,31,Duchy of Witfordburia,98,Sirnorum County
3598,31,Duchy of Witfordburia,98,Sirnorum County
3599,31,Duchy of Witfordburia,98,Sirnorum County
3600,31,Duchy of Witfordburia,98,Sirnorum County
3601,31,Duchy of Witfordburia,98,Sirnorum County
3602,0,Neutrals,0,
3603,0,Neutrals,0,
3604,0,Neutrals,0,
3605,0,Neutrals,0,
3606,0,Neutrals,0,
3607,0,Neutrals,0,
3608,30,Herviorum City-state,96,Theixus District
3609,30,Herviorum City-state,96,Theixus District
3610,30,Herviorum City-state,96,Theixus District
3611,30,Herviorum City-state,0,
3612,30,Herviorum City-state,0,
3613,35,Duchy of Quenolistes,0,
3614,35,Duchy of Quenolistes,0,
3615,35,Duchy of Quenolistes,0,
3616,35,Duchy of Quenolistes,0,
3617,35,Duchy of Quenolistes,0,
3618,35,Duchy of Quenolistes,0,
3619,35,Duchy of Quenolistes,0,
3620,35,Duchy of Quenolistes,0,
3621,35,Duchy of Quenolistes,0,
3622,35,Duchy of Quenolistes,0,
3623,35,Duchy of Quenolistes,0,
3624,35,Duchy of Quenolistes,0,
3625,35,Duchy of Quenolistes,0,
3626,35,Duchy of Quenolistes,0,
3627,25,Latocail Naharcan,60,Breharcan County
3628,25,Latocail Naharcan,60,Breharcan County
3629,25,Latocail Naharcan,60,Breharcan County
3630,25,Latocail Naharcan,60,Breharcan County
3631,25,Latocail Naharcan,60,Breharcan County
3632,25,Latocail Naharcan,60,Breharcan County
3633,32,Nekosdamkoda,135,Breharcan Province
3634,32,Nekosdamkoda,0,
3635,32,Nekosdamkoda,129,Mailinsarkia Clan
3636,32,Nekosdamkoda,129,Mailinsarkia Clan
3637,32,Nekosdamkoda,129,Mailinsarkia Clan
3638,32,Nekosdamkoda,129,Mailinsarkia Clan
3639,32,Nekosdamkoda,129,Mailinsarkia Clan
3640,27,Marches of Petrello,79,Casadupia Earldom
3641,27,Marches of Petrello,79,Casadupia Earldom
3642,27,Marches of Petrello,66,Sezania Captaincy
3643,27,Marches of Petrello,66,Sezania Captaincy
3644,27,Marches of Petrello,66,Sezania Captaincy
3645,27,Marches of Petrello,66,Sezania Captaincy
3646,27,Marches of Petrello,66,Sezania Captaincy
3647,27,Marches of Petrello,72,Spersia Earldom
3648,27,Marches of Petrello,72,Spersia Earldom
3649,27,Marches of Petrello,77,Ponteleo Earldom
3650,27,Marches of Petrello,69,Fivania Captaincy
3651,27,Marches of Petrello,69,Fivania Captaincy
3652,27,Marches of Petrello,69,Fivania Captaincy
3653,27,Marches of Petrello,69,Fivania Captaincy
3654,27,Marches of Petrello,76,Vallanolaqui Earldom
3655,27,Marches of Petrello,76,Vallanolaqui Earldom
3656,27,Marches of Petrello,76,Vallanolaqui Earldom
3657,27,Marches of Petrello,71,Geria Earldom
3658,27,Marches of Petrello,121,Sarbakorlalia Territory
3659,27,Marches of Petrello,121,Sarbakorlalia Territory
3660,27,Marches of Petrello,121,Sarbakorlalia Territory
3661,0,Neutrals,0,
3662,0,Neutrals,0,
3663,0,Neutrals,0,
3664,31,Duchy of Witfordburia,100,Cuapantema County
3665,0,Neutrals,0,
3666,31,Duchy of Witfordburia,101,Gerara County
3667,31,Duchy of Witfordburia,101,Gerara County
3668,31,Duchy of Witfordburia,101,Gerara County
3669,31,Duchy of Witfordburia,98,Sirnorum County
3670,31,Duchy of Witfordburia,101,Gerara County
3671,31,Duchy of Witfordburia,98,Sirnorum County
3672,31,Duchy of Witfordburia,98,Sirnorum County
3673,31,Duchy of Witfordburia,98,Sirnorum County
3674,31,Duchy of Witfordburia,99,Castra County
3675,31,Duchy of Witfordburia,99,Castra County
3676,31,Duchy of Witfordburia,99,Castra County
3677,31,Duchy of Witfordburia,99,Castra County
3678,31,Duchy of Witfordburia,99,Castra County
3679,0,Neutrals,0,
3680,0,Neutrals,0,
3681,0,Neutrals,0,
3682,0,Neutrals,0,
3683,0,Neutrals,0,
3684,0,Neutrals,0,
3685,0,Neutrals,0,
3686,0,Neutrals,0,
3687,0,Neutrals,0,
3688,0,Neutrals,0,
3689,0,Neutrals,0,
3690,0,Neutrals,0,
3691,0,Neutrals,0,
3692,30,Herviorum City-state,96,Theixus District
3693,30,Herviorum City-state,96,Theixus District
3694,30,Herviorum City-state,0,
3695,30,Herviorum City-state,0,
3696,30,Herviorum City-state,0,
3697,35,Duchy of Quenolistes,0,
3698,35,Duchy of Quenolistes,0,
3699,35,Duchy of Quenolistes,0,
3700,35,Duchy of Quenolistes,0,
3701,35,Duchy of Quenolistes,0,
3702,35,Duchy of Quenolistes,0,
3703,35,Duchy of Quenolistes,0,
3704,35,Duchy of Quenolistes,0,
3705,35,Duchy of Quenolistes,0,
3706,35,Duchy of Quenolistes,0,
3707,35,Duchy of Quenolistes,0,
3708,35,Duchy of Quenolistes,0,
3709,35,Duchy of Quenolistes,0,
3710,35,Duchy of Quenolistes,0,
3711,35,Duchy of Quenolistes,0,
3712,35,Duchy of Quenolistes,136,Breharcan Area
3713,25,Latocail Naharcan,60,Breharcan County
3714,25,Latocail Naharcan,60,Breharcan County
3715,25,Latocail Naharcan,60,Breharcan County
3716,25,Latocail Naharcan,60,Breharcan County
3717,25,Latocail Naharcan,60,Breharcan County
3718,25,Latocail Naharcan,60,Breharcan County
3719,32,Nekosdamkoda,0,
3720,32,Nekosdamkoda,0,
3721,32,Nekosdamkoda,129,Mailinsarkia Clan
3722,32,Nekosdamkoda,0,
3723,32,Nekosdamkoda,129,Mailinsarkia Clan
3724,32,Nekosdamkoda,129,Mailinsarkia Clan
3725,27,Marches of Petrello,79,Casadupia Earldom
3726,27,Marches of Petrello,66,Sezania Captaincy
3727,27,Marches of Petrello,66,Sezania Captaincy
3728,27,Marches of Petrello,66,Sezania Captaincy
3729,27,Marches of Petrello,66,Sezania Captaincy
3730,27,Marches of Petrello,77,Ponteleo Earldom
3731,0,Neutrals,0,
3732,27,Marches of Petrello,77,Ponteleo Earldom
3733,27,Marches of Petrello,69,Fivania Captaincy
3734,27,Marches of Petrello,69,Fivania Captaincy
3735,27,Marches of Petrello,69,Fivania Captaincy
3736,27,Marches of Petrello,76,Vallanolaqui Earldom
3737,27,Marches of Petrello,76,Vallanolaqui Earldom
3738,27,Marches of Petrello,76,Vallanolaqui Earldom
3739,27,Marches of Petrello,76,Vallanolaqui Earldom
3740,27,Marches of Petrello,121,Sarbakorlalia Territory
3741,27,Marches of Petrello,121,Sarbakorlalia Territory
3742,27,Marches of Petrello,121,Sarbakorlalia Territory
3743,27,Marches of Petrello,121,Sarbakorlalia Territory
3744,0,Neutrals,0,
3745,0,Neutrals,0,
3746,0,Neutrals,0,
3747,0,Neutrals,0,
3748,0,Neutrals,0,
3749,0,Neutrals,0,
3750,31,Duchy of Witfordburia,100,Cuapantema County
3751,31,Duchy of Witfordburia,100,Cuapantema County
3752,31,Duchy of Witfordburia,100,Cuapantema County
3753,31,Duchy of Witfordburia,101,Gerara County
3754,31,Duchy of Witfordburia,101,Gerara County
3755,31,Duchy of Witfordburia,101,Gerara County
3756,0,Neutrals,0,
3757,31,Duchy of Witfordburia,99,Castra County
3758,31,Duchy of Witfordburia,101,Gerara County
3759,31,Duchy of Witfordburia,99,Castra County
3760,0,Neutrals,0,
3761,0,Neutrals,0,
3762,0,Neutrals,0,
3763,0,Neutrals,0,
3764,0,Neutrals,0,
3765,0,Neutrals,0,
3766,0,Neutrals,0,
3767,0,Neutrals,0,
3768,0,Neutrals,0,
3769,0,Neutrals,0,
3770,0,Neutrals,0,
3771,0,Neutrals,0,
3772,0,Neutrals,0,
3773,0,Neutrals,0,
3774,0,Neutrals,0,
3775,0,Neutrals,0,
3776,0,Neutrals,0,
3777,0,Neutrals,0,
3778,0,Neutrals,0,
3779,0,Neutrals,0,
3780,0,Neutrals,0,
3781,30,Herviorum City-state,0,
3782,30,Herviorum City-state,0,
3783,30,Herviorum City-state,0,
3784,30,Herviorum City-state,0,
3785,30,Herviorum City-state,0,
3786,35,Duchy of Quenolistes,0,
3787,35,Duchy of Quenolistes,0,
3788,35,Duchy of Quenolistes,0,
3789,35,Duchy of Quenolistes,0,
3790,35,Duchy of Quenolistes,0,
3791,35,Duchy of Quenolistes,0,
3792,35,Duchy of Quenolistes,0,
3793,35,Duchy of Quenolistes,0,
3794,35,Duchy of Quenolistes,0,
3795,35,Duchy of Quenolistes,0,
3796,35,Duchy of Quenolistes,0,
3797,35,Duchy of Quenolistes,0,
3798,35,Duchy of Quenolistes,0,
3799,35,Duchy of Quenolistes,0,
3800,35,Duchy of Quenolistes,0,
3801,35,Duchy of Quenolistes,0,
3802,35,Duchy of Quenolistes,0,
3803,35,Duchy of Quenolistes,136,Breharcan Area
3804,35,Duchy of Quenolistes,136,Breharcan Area
3805,25,Latocail Naharcan,60,Breharcan County
3806,25,Latocail Naharcan,60,Breharcan County
3807,32,Nekosdamkoda,0,
3808,32,Nekosdamkoda,0,
3809,32,Nekosdamkoda,0,
3810,32,Nekosdamkoda,0,
3811,32,Nekosdamkoda,0,
3812,32,Nekosdamkoda,0,
3813,32,Nekosdamkoda,129,Mailinsarkia Clan
3814,27,Marches of Petrello,122,Namäekarisza Dependency
3815,27,Marches of Petrello,66,Sezania Captaincy
3816,27,Marches of Petrello,66,Sezania Captaincy
3817,27,Marches of Petrello,66,Sezania Captaincy
3818,27,Marches of Petrello,66,Sezania Captaincy
3819,27,Marches of Petrello,77,Ponteleo Earldom
3820,27,Marches of Petrello,77,Ponteleo Earldom
3821,27,Marches of Petrello,77,Ponteleo Earldom
3822,27,Marches of Petrello,77,Ponteleo Earldom
3823,27,Marches of Petrello,77,Ponteleo Earldom
3824,27,Marches of Petrello,77,Ponteleo Earldom
3825,27,Marches of Petrello,77,Ponteleo Earldom
3826,27,Marches of Petrello,69,Fivania Captaincy
3827,27,Marches of Petrello,77,Ponteleo Earldom
3828,27,Marches of Petrello,76,Vallanolaqui Earldom
3829,27,Marches of Petrello,76,Vallanolaqui Earldom
3830,27,Marches of Petrello,76,Vallanolaqui Earldom
3831,27,Marches of Petrello,76,Vallanolaqui Earldom
3832,27,Marches of Petrello,76,Vallanolaqui Earldom
3833,27,Marches of Petrello,76,Vallanolaqui Earldom
3834,27,Marches of Petrello,121,Sarbakorlalia Territory
3835,27,Marches of Petrello,121,Sarbakorlalia Territory
3836,27,Marches of Petrello,121,Sarbakorlalia Territory
3837,27,Marches of Petrello,121,Sarbakorlalia Territory
3838,27,Marches of Petrello,121,Sarbakorlalia Territory
3839,0,Neutrals,0,
3840,0,Neutrals,0,
3841,31,Duchy of Witfordburia,100,Cuapantema County
3842,31,Duchy of Witfordburia,100,Cuapantema County
3843,31,Duchy of Witfordburia,100,Cuapantema County
3844,31,Duchy of Witfordburia,101,Gerara County
3845,31,Duchy of Witfordburia,101,Gerara County
3846,31,Duchy of Witfordburia,99,Castra County
3847,31,Duchy of Witfordburia,99,Castra County
3848,31,Duchy of Witfordburia,99,Castra County
3849,0,Neutrals,0,
3850,0,Neutrals,0,
3851,0,Neutrals,0,
3852,0,Neutrals,0,
3853,0,Neutrals,0,
3854,0,Neutrals,0,
3855,31,Duchy of Witfordburia,0,
3856,31,Duchy of Witfordburia,0,
3857,31,Duchy of Witfordburia,0,
3858,31,Duchy of Witfordburia,0,
3859,31,Duchy of Witfordburia,0,
3860,31,Duchy of Witfordburia,0,
3861,31,Duchy of Witfordburia,0,
3862,31,Duchy of Witfordburia,0,
3863,31,Duchy of Witfordburia,0,
3864,31,Duchy of Witfordburia,0,
3865,31,Duchy of Witfordburia,0,
3866,0,Neutrals,0,
3867,0,Neutrals,0,
3868,0,Neutrals,0,
3869,0,Neutrals,0,
3870,0,Neutrals,0,
3871,0,Neutrals,0,
3872,0,Neutrals,0,
3873,0,Neutrals,0,
3874,0,Neutrals,0,
3875,0,Neutrals,0,
3876,0,Neutrals,0,
3877,0,Neutrals,0,
3878,30,Herviorum City-state,0,
3879,30,Herviorum City-state,0,
3880,30,Herviorum City-state,0,
3881,30,Herviorum City-state,0,
3882,30,Herviorum City-state,0,
3883,30,Herviorum City-state,0,
3884,35,Duchy of Quenolistes,0,
3885,35,Duchy of Quenolistes,0,
3886,35,Duchy of Quenolistes,0,
3887,35,Duchy of Quenolistes,0,
3888,35,Duchy of Quenolistes,0,
3889,35,Duchy of Quenolistes,0,
3890,35,Duchy of Quenolistes,0,
3891,35,Duchy of Quenolistes,0,
3892,35,Duchy of Quenolistes,0,
3893,35,Duchy of Quenolistes,0,
3894,35,Duchy of Quenolistes,0,
3895,35,Duchy of Quenolistes,0,
3896,35,Duchy of Quenolistes,0,
3897,35,Duchy of Quenolistes,0,
3898,35,Duchy of Quenolistes,0,
3899,35,Duchy of Quenolistes,0,
3900,35,Duchy of Quenolistes,0,
3901,35,Duchy of Quenolistes,0,
3902,35,Duchy of Quenolistes,0,
3903,25,Latocail Naharcan,60,Breharcan County
3904,32,Nekosdamkoda,0,
3905,32,Nekosdamkoda,0,
3906,32,Nekosdamkoda,0,
3907,32,Nekosdamkoda,0,
3908,32,Nekosdamkoda,0,
3909,32,Nekosdamkoda,0,
3910,32,Nekosdamkoda,0,
3911,32,Nekosdamkoda,129,Mailinsarkia Clan
3912,32,Nekosdamkoda,129,Mailinsarkia Clan
3913,32,Nekosdamkoda,129,Mailinsarkia Clan
3914,27,Marches of Petrello,66,Sezania Captaincy
3915,27,Marches of Petrello,66,Sezania Captaincy
3916,27,Marches of Petrello,77,Ponteleo Earldom
3917,27,Marches of Petrello,77,Ponteleo Earldom
3918,27,Marches of Petrello,77,Ponteleo Earldom
3919,0,Neutrals,0,
3920,0,Neutrals,0,
3921,27,Marches of Petrello,76,Vallanolaqui Earldom
3922,27,Marches of Petrello,76,Vallanolaqui Earldom
3923,27,Marches of Petrello,76,Vallanolaqui Earldom
3924,27,Marches of Petrello,76,Vallanolaqui Earldom
3925,27,Marches of Petrello,76,Vallanolaqui Earldom
3926,27,Marches of Petrello,76,Vallanolaqui Earldom
3927,27,Marches of Petrello,76,Vallanolaqui Earldom
3928,27,Marches of Petrello,76,Vallanolaqui Earldom
3929,27,Marches of Petrello,76,Vallanolaqui Earldom
3930,27,Marches of Petrello,76,Vallanolaqui Earldom
3931,27,Marches of Petrello,76,Vallanolaqui Earldom
3932,27,Marches of Petrello,121,Sarbakorlalia Territory
3933,27,Marches of Petrello,121,Sarbakorlalia Territory
3934,27,Marches of Petrello,121,Sarbakorlalia Territory
3935,27,Marches of Petrello,121,Sarbakorlalia Territory
3936,27,Marches of Petrello,121,Sarbakorlalia Territory
3937,27,Marches of Petrello,121,Sarbakorlalia Territory
3938,27,Marches of Petrello,121,Sarbakorlalia Territory
3939,0,Neutrals,0,
3940,0,Neutrals,0,
3941,0,Neutrals,0,
3942,0,Neutrals,0,
3943,31,Duchy of Witfordburia,100,Cuapantema County
3944,31,Duchy of Witfordburia,100,Cuapantema County
3945,31,Duchy of Witfordburia,100,Cuapantema County
3946,0,Neutrals,0,
3947,31,Duchy of Witfordburia,101,Gerara County
3948,31,Duchy of Witfordburia,101,Gerara County
3949,31,Duchy of Witfordburia,0,
3950,0,Neutrals,0,
3951,0,Neutrals,0,
3952,0,Neutrals,0,
3953,0,Neutrals,0,
3954,0,Neutrals,0,
3955,31,Duchy of Witfordburia,0,
3956,31,Duchy of Witfordburia,0,
3957,31,Duchy of Witfordburia,0,
3958,31,Duchy of Witfordburia,0,
3959,31,Duchy of Witfordburia,0,
3960,31,Duchy of Witfordburia,0,
3961,31,Duchy of Witfordburia,0,
3962,31,Duchy of Witfordburia,0,
3963,31,Duchy of Witfordburia,0,
3964,31,Duchy of Witfordburia,0,
3965,0,Neutrals,0,
3966,0,Neutrals,0,
3967,0,Neutrals,0,
3968,0,Neutrals,0,
3969,0,Neutrals,0,
3970,0,Neutrals,0,
3971,0,Neutrals,0,
3972,0,Neutrals,0,
3973,0,Neutrals,0,
3974,0,Neutrals,0,
3975,0,Neutrals,0,
3976,0,Neutrals,0,
3977,0,Neutrals,0,
3978,30,Herviorum City-state,0,
3979,30,Herviorum City-state,0,
3980,30,Herviorum City-state,0,
3981,30,Herviorum City-state,0,
3982,35,Duchy of Quenolistes,0,
3983,35,Duchy of Quenolistes,0,
3984,35,Duchy of Quenolistes,0,
3985,35,Duchy of Quenolistes,0,
3986,35,Duchy of Quenolistes,0,
3987,35,Duchy of Quenolistes,0,
3988,35,Duchy of Quenolistes,0,
3989,35,Duchy of Quenolistes,0,
3990,35,Duchy of Quenolistes,0,
3991,35,Duchy of Quenolistes,0,
3992,35,Duchy of Quenolistes,0,
3993,35,Duchy of Quenolistes,0,
3994,36,Duchy of Eleral,0,
3995,36,Duchy of Eleral,0,
3996,35,Duchy of Quenolistes,0,
3997,35,Duchy of Quenolistes,0,
3998,35,Duchy of Quenolistes,0,
3999,35,Duchy of Quenolistes,0,
4000,35,Duchy of Quenolistes,0,
4001,35,Duchy of Quenolistes,0,
4002,32,Nekosdamkoda,0,
4003,32,Nekosdamkoda,0,
4004,32,Nekosdamkoda,0,
4005,32,Nekosdamkoda,0,
4006,32,Nekosdamkoda,0,
4007,32,Nekosdamkoda,0,
4008,32,Nekosdamkoda,0,
4009,32,Nekosdamkoda,0,
4010,32,Nekosdamkoda,0,
4011,32,Nekosdamkoda,129,Mailinsarkia Clan
4012,32,Nekosdamkoda,129,Mailinsarkia Clan
4013,32,Nekosdamkoda,129,Mailinsarkia Clan
4014,34,Duchy of Petlancia,0,
4015,27,Marches of Petrello,77,Ponteleo Earldom
4016,34,Duchy of Petlancia,0,
4017,34,Duchy of Petlancia,133,Morromarvi Earldom
4018,34,Duchy of Petlancia,0,
4019,0,Neutrals,0,
4020,0,Neutrals,0,
4021,0,Neutrals,0,
4022,0,Neutrals,0,
4023,0,Neutrals,0,
4024,0,Neutrals,0,
4025,0,Neutrals,0,
4026,27,Marches of Petrello,76,Vallanolaqui Earldom
4027,27,Marches of Petrello,76,Vallanolaqui Earldom
4028,27,Marches of Petrello,76,Vallanolaqui Earldom
4029,27,Marches of Petrello,76,Vallanolaqui Earldom
4030,27,Marches of Petrello,76,Vallanolaqui Earldom
4031,27,Marches of Petrello,76,Vallanolaqui Earldom
4032,27,Marches of Petrello,76,Vallanolaqui Earldom
4033,27,Marches of Petrello,76,Vallanolaqui Earldom
4034,27,Marches of Petrello,76,Vallanolaqui Earldom
4035,27,Marches of Petrello,76,Vallanolaqui Earldom
4036,27,Marches of Petrello,76,Vallanolaqui Earldom
4037,27,Marches of Petrello,76,Vallanolaqui Earldom
4038,27,Marches of Petrello,76,Vallanolaqui Earldom
4039,27,Marches of Petrello,76,Vallanolaqui Earldom
4040,27,Marches of Petrello,121,Sarbakorlalia Territory
4041,27,Marches of Petrello,121,Sarbakorlalia Territory
4042,27,Marches of Petrello,121,Sarbakorlalia Territory
4043,0,Neutrals,0,
4044,0,Neutrals,0,
4045,0,Neutrals,0,
4046,0,Neutrals,0,
4047,0,Neutrals,0,
4048,0,Neutrals,0,
4049,0,Neutrals,0,
4050,0,Neutrals,0,
4051,0,Neutrals,0,
4052,0,Neutrals,0,
4053,0,Neutrals,0,
4054,0,Neutrals,0,
4055,31,Duchy of Witfordburia,0,
4056,31,Duchy of Witfordburia,0,
4057,31,Duchy of Witfordburia,0,
4058,31,Duchy of Witfordburia,0,
4059,31,Duchy of Witfordburia,0,
4060,0,Neutrals,0,
4061,0,Neutrals,0,
4062,0,Neutrals,0,
4063,0,Neutrals,0,
4064,31,Duchy of Witfordburia,0,
4065,31,Duchy of Witfordburia,0,
4066,31,Duchy of Witfordburia,0,
4067,31,Duchy of Witfordburia,0,
4068,31,Duchy of Witfordburia,0,
4069,31,Duchy of Witfordburia,0,
4070,31,Duchy of Witfordburia,0,
4071,31,Duchy of Witfordburia,0,
4072,31,Duchy of Witfordburia,0,
4073,31,Duchy of Witfordburia,0,
4074,31,Duchy of Witfordburia,0,
4075,36,Duchy of Eleral,0,
4076,36,Duchy of Eleral,0,
4077,36,Duchy of Eleral,0,
4078,36,Duchy of Eleral,0,
4079,0,Neutrals,0,
4080,0,Neutrals,0,
4081,0,Neutrals,0,
4082,0,Neutrals,0,
4083,0,Neutrals,0,
4084,0,Neutrals,0,
4085,0,Neutrals,0,
4086,0,Neutrals,0,
4087,0,Neutrals,0,
4088,0,Neutrals,0,
4089,30,Herviorum City-state,0,
4090,30,Herviorum City-state,0,
4091,30,Herviorum City-state,0,
4092,30,Herviorum City-state,0,
4093,30,Herviorum City-state,0,
4094,35,Duchy of Quenolistes,0,
4095,36,Duchy of Eleral,0,
4096,36,Duchy of Eleral,0,
4097,36,Duchy of Eleral,0,
4098,36,Duchy of Eleral,0,
4099,35,Duchy of Quenolistes,0,
4100,36,Duchy of Eleral,0,
4101,36,Duchy of Eleral,0,
4102,35,Duchy of Quenolistes,0,
4103,35,Duchy of Quenolistes,0,
4104,35,Duchy of Quenolistes,0,
4105,36,Duchy of Eleral,0,
4106,36,Duchy of Eleral,0,
4107,36,Duchy of Eleral,0,
4108,36,Duchy of Eleral,0,
4109,36,Duchy of Eleral,0,
4110,36,Duchy of Eleral,0,
4111,35,Duchy of Quenolistes,0,
4112,36,Duchy of Eleral,0,
4113,32,Nekosdamkoda,0,
4114,32,Nekosdamkoda,0,
4115,32,Nekosdamkoda,0,
4116,32,Nekosdamkoda,0,
4117,32,Nekosdamkoda,0,
4118,32,Nekosdamkoda,0,
4119,32,Nekosdamkoda,0,
4120,32,Nekosdamkoda,0,
4121,32,Nekosdamkoda,0,
4122,32,Nekosdamkoda,0,
4123,32,Nekosdamkoda,0,
4124,32,Nekosdamkoda,0,
4125,32,Nekosdamkoda,129,Mailinsarkia Clan
4126,34,Duchy of Petlancia,0,
4127,34,Duchy of Petlancia,0,
4128,34,Duchy of Petlancia,0,
4129,34,Duchy of Petlancia,0,
4130,34,Duchy of Petlancia,0,
4131,34,Duchy of Petlancia,0,
4132,0,Neutrals,0,
4133,0,Neutrals,0,
4134,0,Neutrals,0,
4135,0,Neutrals,0,
4136,0,Neutrals,0,
4137,0,Neutrals,0,
4138,0,Neutrals,0,
4139,0,Neutrals,0,
4140,0,Neutrals,0,
4141,0,Neutrals,0,
4142,0,Neutrals,0,
4143,0,Neutrals,0,
4144,0,Neutrals,0,
4145,0,Neutrals,0,
4146,0,Neutrals,0,
4147,0,Neutrals,0,
4148,27,Marches of Petrello,76,Vallanolaqui Earldom
4149,27,Marches of Petrello,76,Vallanolaqui Earldom
4150,27,Marches of Petrello,76,Vallanolaqui Earldom
4151,27,Marches of Petrello,76,Vallanolaqui Earldom
4152,27,Marches of Petrello,76,Vallanolaqui Earldom
4153,27,Marches of Petrello,76,Vallanolaqui Earldom
4154,27,Marches of Petrello,76,Vallanolaqui Earldom
4155,27,Marches of Petrello,76,Vallanolaqui Earldom
4156,27,Marches of Petrello,76,Vallanolaqui Earldom
4157,0,Neutrals,0,
4158,0,Neutrals,0,
4159,0,Neutrals,0,
4160,27,Marches of Petrello,121,Sarbakorlalia Territory
4161,27,Marches of Petrello,121,Sarbakorlalia Territory
4162,27,Marches of Petrello,121,Sarbakorlalia Territory
4163,27,Marches of Petrello,121,Sarbakorlalia Territory
4164,0,Neutrals,0,
4165,0,Neutrals,0,
4166,0,Neutrals,0,
4167,0,Neutrals,0,
4168,0,Neutrals,0,
4169,0,Neutrals,0,
4170,0,Neutrals,0,
4171,0,Neutrals,0,
4172,0,Neutrals,0,
4173,0,Neutrals,0,
4174,31,Duchy of Witfordburia,0,
4175,31,Duchy of Witfordburia,0,
4176,0,Neutrals,0,
4177,0,Neutrals,0,
4178,0,Neutrals,0,
4179,0,Neutrals,0,
4180,0,Neutrals,0,
4181,0,Neutrals,0,
4182,31,Duchy of Witfordburia,0,
4183,31,Duchy of Witfordburia,0,
4184,31,Duchy of Witfordburia,0,
4185,31,Duchy of Witfordburia,0,
4186,31,Duchy of Witfordburia,0,
4187,31,Duchy of Witfordburia,0,
4188,31,Duchy of Witfordburia,0,
4189,31,Duchy of Witfordburia,0,
4190,31,Duchy of Witfordburia,0,
4191,31,Duchy of Witfordburia,0,
4192,36,Duchy of Eleral,0,
4193,36,Duchy of Eleral,0,
4194,36,Duchy of Eleral,0,
4195,36,Duchy of Eleral,0,
4196,36,Duchy of Eleral,0,
4197,36,Duchy of Eleral,0,
4198,36,Duchy of Eleral,0,
4199,36,Duchy of Eleral,0,
4200,36,Duchy of Eleral,0,
4201,36,Duchy of Eleral,0,
4202,36,Duchy of Eleral,0,
4203,36,Duchy of Eleral,0,
4204,36,Duchy of Eleral,0,
4205,36,Duchy of Eleral,0,
4206,36,Duchy of Eleral,0,
4207,36,Duchy of Eleral,0,
4208,36,Duchy of Eleral,0,
4209,36,Duchy of Eleral,0,
4210,36,Duchy of Eleral,0,
4211,36,Duchy of Eleral,0,
4212,36,Duchy of Eleral,0,
4213,36,Duchy of Eleral,0,
4214,36,Duchy of Eleral,0,
4215,36,Duchy of Eleral,0,
4216,36,Duchy of Eleral,0,
4217,36,Duchy of Eleral,0,
4218,36,Duchy of Eleral,0,
4219,36,Duchy of Eleral,0,
4220,36,Duchy of Eleral,0,
4221,36,Duchy of Eleral,0,
4222,36,Duchy of Eleral,0,
4223,36,Duchy of Eleral,0,
4224,36,Duchy of Eleral,0,
4225,36,Duchy of Eleral,0,
4226,36,Duchy of Eleral,0,
4227,36,Duchy of Eleral,0,
4228,32,Nekosdamkoda,0,
4229,32,Nekosdamkoda,0,
4230,32,Nekosdamkoda,0,
4231,32,Nekosdamkoda,0,
4232,32,Nekosdamkoda,0,
4233,32,Nekosdamkoda,0,
4234,32,Nekosdamkoda,0,
4235,32,Nekosdamkoda,0,
4236,32,Nekosdamkoda,0,
4237,32,Nekosdamkoda,0,
4238,32,Nekosdamkoda,0,
4239,32,Nekosdamkoda,129,Mailinsarkia Clan
4240,32,Nekosdamkoda,129,Mailinsarkia Clan
4241,34,Duchy of Petlancia,0,
4242,34,Duchy of Petlancia,0,
4243,34,Duchy of Petlancia,0,
4244,34,Duchy of Petlancia,0,
4245,34,Duchy of Petlancia,0,
4246,34,Duchy of Petlancia,0,
4247,34,Duchy of Petlancia,0,
4248,0,Neutrals,0,
4249,0,Neutrals,0,
4250,0,Neutrals,0,
4251,0,Neutrals,0,
4252,0,Neutrals,0,
4253,0,Neutrals,0,
4254,0,Neutrals,0,
4255,0,Neutrals,0,
4256,0,Neutrals,0,
4257,0,Neutrals,0,
4258,0,Neutrals,0,
4259,0,Neutrals,0,
4260,0,Neutrals,0,
4261,0,Neutrals,0,
4262,0,Neutrals,0,
4263,0,Neutrals,0,
4264,0,Neutrals,0,
4265,0,Neutrals,0,
4266,0,Neutrals,0,
4267,0,Neutrals,0,
4268,0,Neutrals,0,
4269,0,Neutrals,0,
4270,0,Neutrals,0,
4271,0,Neutrals,0,
4272,0,Neutrals,0,
4273,0,Neutrals,0,
4274,0,Neutrals,0,
4275,0,Neutrals,0,
4276,27,Marches of Petrello,121,Sarbakorlalia Territory
4277,0,Neutrals,0,
4278,0,Neutrals,0,
4279,0,Neutrals,0,
4280,0,Neutrals,0,
4281,0,Neutrals,0,
4282,0,Neutrals,0,
4283,31,Duchy of Witfordburia,0,
4284,31,Duchy of Witfordburia,0,
4285,31,Duchy of Witfordburia,0,
4286,0,Neutrals,0,
4287,0,Neutrals,0,
4288,0,Neutrals,0,
4289,0,Neutrals,0,
4290,0,Neutrals,0,
4291,0,Neutrals,0,
4292,0,Neutrals,0,
4293,0,Neutrals,0,
4294,31,Duchy of Witfordburia,0,
4295,31,Duchy of Witfordburia,0,
4296,31,Duchy of Witfordburia,0,
4297,31,Duchy of Witfordburia,0,
4298,31,Duchy of Witfordburia,0,
4299,31,Duchy of Witfordburia,0,
4300,31,Duchy of Witfordburia,0,
4301,31,Duchy of Witfordburia,0,
4302,31,Duchy of Witfordburia,0,
4303,36,Duchy of Eleral,0,
4304,36,Duchy of Eleral,0,
4305,36,Duchy of Eleral,0,
4306,36,Duchy of Eleral,0,
4307,36,Duchy of Eleral,0,
4308,36,Duchy of Eleral,0,
4309,36,Duchy of Eleral,0,
4310,36,Duchy of Eleral,0,
4311,36,Duchy of Eleral,0,
4312,36,Duchy of Eleral,0,
4313,36,Duchy of Eleral,0,
4314,36,Duchy of Eleral,0,
4315,36,Duchy of Eleral,0,
4316,36,Duchy of Eleral,0,
4317,36,Duchy of Eleral,0,
4318,36,Duchy of Eleral,0,
4319,36,Duchy of Eleral,0,
4320,36,Duchy of Eleral,0,
4321,36,Duchy of Eleral,0,
4322,36,Duchy of Eleral,0,
4323,36,Duchy of Eleral,0,
4324,36,Duchy of Eleral,0,
4325,36,Duchy of Eleral,0,
4326,36,Duchy of Eleral,0,
4327,36,Duchy of Eleral,0,
4328,36,Duchy of Eleral,0,
4329,36,Duchy of Eleral,0,
4330,32,Nekosdamkoda,0,
4331,32,Nekosdamkoda,0,
4332,32,Nekosdamkoda,0,
4333,36,Duchy of Eleral,0,
4334,36,Duchy of Eleral,0,
4335,32,Nekosdamkoda,0,
4336,32,Nekosdamkoda,0,
4337,32,Nekosdamkoda,0,
4338,32,Nekosdamkoda,0,
4339,32,Nekosdamkoda,0,
4340,32,Nekosdamkoda,0,
4341,32,Nekosdamkoda,0,
4342,32,Nekosdamkoda,0,
4343,32,Nekosdamkoda,0,
4344,32,Nekosdamkoda,0,
4345,34,Duchy of Petlancia,0,
4346,34,Duchy of Petlancia,0,
4347,34,Duchy of Petlancia,0,
4348,34,Duchy of Petlancia,0,
4349,34,Duchy of Petlancia,0,
4350,34,Duchy of Petlancia,0,
4351,34,Duchy of Petlancia,0,
4352,34,Duchy of Petlancia,0,
4353,34,Duchy of Petlancia,0,
4354,34,Duchy of Petlancia,0,
4355,34,Duchy of Petlancia,0,
4356,34,Duchy of Petlancia,0,
4357,34,Duchy of Petlancia,0,
4358,34,Duchy of Petlancia,0,
4359,34,Duchy of Petlancia,0,
4360,34,Duchy of Petlancia,0,
4361,0,Neutrals,0,
4362,0,Neutrals,0,
4363,0,Neutrals,0,
4364,0,Neutrals,0,
4365,0,Neutrals,0,
4366,0,Neutrals,0,
4367,0,Neutrals,0,
4368,0,Neutrals,0,
4369,0,Neutrals,0,
4370,0,Neutrals,0,
4371,27,Marches of Petrello,121,Sarbakorlalia Territory
4372,27,Marches of Petrello,0,
4373,0,Neutrals,0,
4374,0,Neutrals,0,
4375,0,Neutrals,0,
4376,0,Neutrals,0,
4377,0,Neutrals,0,
4378,0,Neutrals,0,
4379,31,Duchy of Witfordburia,0,
4380,31,Duchy of Witfordburia,0,
4381,31,Duchy of Witfordburia,0,
4382,0,Neutrals,0,
4383,0,Neutrals,0,
4384,0,Neutrals,0,
4385,0,Neutrals,0,
4386,31,Duchy of Witfordburia,0,
4387,31,Duchy of Witfordburia,0,
4388,31,Duchy of Witfordburia,0,
4389,31,Duchy of Witfordburia,0,
4390,31,Duchy of Witfordburia,0,
4391,31,Duchy of Witfordburia,0,
4392,31,Duchy of Witfordburia,0,
4393,31,Duchy of Witfordburia,0,
4394,31,Duchy of Witfordburia,0,
4395,31,Duchy of Witfordburia,0,
4396,31,Duchy of Witfordburia,0,
4397,31,Duchy of Witfordburia,0,
4398,31,Duchy of Witfordburia,0,
4399,33,Duchy of Temalimco,0,
4400,33,Duchy of Temalimco,0,
4401,33,Duchy of Temalimco,0,
4402,33,Duchy of Temalimco,0,
4403,36,Duchy of Eleral,0,
4404,36,Duchy of Eleral,0,
4405,36,Duchy of Eleral,0,
4406,36,Duchy of Eleral,0,
4407,36,Duchy of Eleral,0,
4408,36,Duchy of Eleral,0,
4409,36,Duchy of Eleral,0,
4410,36,Duchy of Eleral,0,
4411,36,Duchy of Eleral,0,
4412,36,Duchy of Eleral,0,
4413,36,Duchy of Eleral,0,
4414,36,Duchy of Eleral,0,
4415,36,Duchy of Eleral,0,
4416,36,Duchy of Eleral,0,
4417,36,Duchy of Eleral,0,
4418,36,Duchy of Eleral,0,
4419,36,Duchy of Eleral,0,
4420,36,Duchy of Eleral,0,
4421,36,Duchy of Eleral,0,
4422,32,Nekosdamkoda,0,
4423,32,Nekosdamkoda,0,
4424,32,Nekosdamkoda,0,
4425,32,Nekosdamkoda,0,
4426,32,Nekosdamkoda,0,
4427,32,Nekosdamkoda,0,
4428,32,Nekosdamkoda,0,
4429,32,Nekosdamkoda,0,
4430,32,Nekosdamkoda,0,
4431,32,Nekosdamkoda,0,
4432,32,Nekosdamkoda,0,
4433,32,Nekosdamkoda,0,
4434,32,Nekosdamkoda,0,
4435,32,Nekosdamkoda,0,
4436,32,Nekosdamkoda,0,
4437,34,Duchy of Petlancia,0,
4438,34,Duchy of Petlancia,0,
4439,34,Duchy of Petlancia,0,
4440,34,Duchy of Petlancia,0,
4441,34,Duchy of Petlancia,0,
4442,34,Duchy of Petlancia,0,
4443,34,Duchy of Petlancia,0,
4444,34,Duchy of Petlancia,0,
4445,34,Duchy of Petlancia,0,
4446,34,Duchy of Petlancia,0,
4447,34,Duchy of Petlancia,0,
4448,34,Duchy of Petlancia,0,
4449,34,Duchy of Petlancia,0,
4450,34,Duchy of Petlancia,0,
4451,34,Duchy of Petlancia,0,
4452,34,Duchy of Petlancia,0,
4453,34,Duchy of Petlancia,0,
4454,0,Neutrals,0,
4455,0,Neutrals,0,
4456,0,Neutrals,0,
4457,0,Neutrals,0,
4458,0,Neutrals,0,
4459,0,Neutrals,0,
4460,0,Neutrals,0,
4461,0,Neutrals,0,
4462,0,Neutrals,0,
4463,0,Neutrals,0,
4464,0,Neutrals,0,
4465,0,Neutrals,0,
4466,0,Neutrals,0,
4467,0,Neutrals,0,
4468,31,Duchy of Witfordburia,0,
4469,31,Duchy of Witfordburia,0,
4470,31,Duchy of Witfordburia,0,
4471,0,Neutrals,0,
4472,0,Neutrals,0,
4473,31,Duchy of Witfordburia,0,
4474,31,Duchy of Witfordburia,0,
4475,31,Duchy of Witfordburia,0,
4476,31,Duchy of Witfordburia,0,
4477,31,Duchy of Witfordburia,0,
4478,31,Duchy of Witfordburia,0,
4479,31,Duchy of Witfordburia,0,
4480,31,Duchy of Witfordburia,0,
4481,31,Duchy of Witfordburia,0,
4482,31,Duchy of Witfordburia,0,
4483,31,Duchy of Witfordburia,0,
4484,31,Duchy of Witfordburia,0,
4485,31,Duchy of Witfordburia,0,
4486,31,Duchy of Witfordburia,0,
4487,31,Duchy of Witfordburia,0,
4488,31,Duchy of Witfordburia,0,
4489,31,Duchy of Witfordburia,0,
4490,33,Duchy of Temalimco,0,
4491,33,Duchy of Temalimco,0,
4492,33,Duchy of Temalimco,0,
4493,33,Duchy of Temalimco,0,
4494,33,Duchy of Temalimco,0,
4495,33,Duchy of Temalimco,0,
4496,33,Duchy of Temalimco,0,
4497,36,Duchy of Eleral,0,
4498,36,Duchy of Eleral,0,
4499,36,Duchy of Eleral,0,
4500,36,Duchy of Eleral,0,
4501,36,Duchy of Eleral,0,
4502,36,Duchy of Eleral,0,
4503,36,Duchy of Eleral,0,
4504,36,Duchy of Eleral,0,
4505,36,Duchy of Eleral,0,
4506,36,Duchy of Eleral,0,
4507,36,Duchy of Eleral,0,
4508,36,Duchy of Eleral,0,
4509,36,Duchy of Eleral,0,
4510,36,Duchy of Eleral,0,
4511,36,Duchy of Eleral,0,
4512,36,Duchy of Eleral,0,
4513,32,Nekosdamkoda,0,
4514,32,Nekosdamkoda,0,
4515,32,Nekosdamkoda,0,
4516,32,Nekosdamkoda,0,
4517,32,Nekosdamkoda,0,
4518,32,Nekosdamkoda,0,
4519,32,Nekosdamkoda,0,
4520,32,Nekosdamkoda,0,
4521,32,Nekosdamkoda,0,
4522,32,Nekosdamkoda,0,
4523,32,Nekosdamkoda,0,
4524,32,Nekosdamkoda,0,
4525,32,Nekosdamkoda,0,
4526,34,Duchy of Petlancia,0,
4527,34,Duchy of Petlancia,0,
4528,34,Duchy of Petlancia,0,
4529,34,Duchy of Petlancia,0,
4530,34,Duchy of Petlancia,0,
4531,34,Duchy of Petlancia,0,
4532,34,Duchy of Petlancia,0,
4533,34,Duchy of Petlancia,0,
4534,34,Duchy of Petlancia,0,
4535,34,Duchy of Petlancia,0,
4536,34,Duchy of Petlancia,0,
4537,34,Duchy of Petlancia,0,
4538,34,Duchy of Petlancia,0,
4539,34,Duchy of Petlancia,0,
4540,34,Duchy of Petlancia,0,
4541,34,Duchy of Petlancia,0,
4542,34,Duchy of Petlancia,0,
4543,0,Neutrals,0,
4544,0,Neutrals,0,
4545,0,Neutrals,0,
4546,0,Neutrals,0,
4547,0,Neutrals,0,
4548,0,Neutrals,0,
4549,0,Neutrals,0,
4550,0,Neutrals,0,
4551,0,Neutrals,0,
4552,0,Neutrals,0,
4553,0,Neutrals,0,
4554,0,Neutrals,0,
4555,31,Duchy of Witfordburia,0,
4556,31,Duchy of Witfordburia,0,
4557,31,Duchy of Witfordburia,0,
4558,0,Neutrals,0,
4559,31,Duchy of Witfordburia,0,
4560,31,Duchy of Witfordburia,0,
4561,31,Duchy of Witfordburia,0,
4562,31,Duchy of Witfordburia,0,
4563,31,Duchy of Witfordburia,0,
4564,31,Duchy of Witfordburia,0,
4565,31,Duchy of Witfordburia,0,
4566,31,Duchy of Witfordburia,0,
4567,31,Duchy of Witfordburia,0,
4568,31,Duchy of Witfordburia,0,
4569,31,Duchy of Witfordburia,0,
4570,31,Duchy of Witfordburia,0,
4571,31,Duchy of Witfordburia,0,
4572,31,Duchy of Witfordburia,0,
4573,31,Duchy of Witfordburia,0,
4574,33,Duchy of Temalimco,0,
4575,33,Duchy of Temalimco,0,
4576,33,Duchy of Temalimco,0,
4577,33,Duchy of Temalimco,0,
4578,33,Duchy of Temalimco,0,
4579,33,Duchy of Temalimco,0,
4580,33,Duchy of Temalimco,0,
4581,33,Duchy of Temalimco,0,
4582,36,Duchy of Eleral,0,
4583,36,Duchy of Eleral,0,
4584,36,Duchy of Eleral,0,
4585,36,Duchy of Eleral,0,
4586,36,Duchy of Eleral,0,
4587,36,Duchy of Eleral,0,
4588,36,Duchy of Eleral,0,
4589,36,Duchy of Eleral,0,
4590,36,Duchy of Eleral,0,
4591,36,Duchy of Eleral,0,
4592,36,Duchy of Eleral,0,
4593,36,Duchy of Eleral,0,
4594,36,Duchy of Eleral,0,
4595,36,Duchy of Eleral,0,
4596,36,Duchy of Eleral,0,
4597,32,Nekosdamkoda,0,
4598,32,Nekosdamkoda,0,
4599,32,Nekosdamkoda,0,
4600,32,Nekosdamkoda,0,
4601,32,Nekosdamkoda,0,
4602,32,Nekosdamkoda,0,
4603,32,Nekosdamkoda,0,
4604,32,Nekosdamkoda,0,
4605,32,Nekosdamkoda,0,
4606,32,Nekosdamkoda,0,
4607,32,Nekosdamkoda,0,
4608,32,Nekosdamkoda,0,
4609,32,Nekosdamkoda,0,
4610,34,Duchy of Petlancia,0,
4611,34,Duchy of Petlancia,0,
4612,34,Duchy of Petlancia,0,
4613,34,Duchy of Petlancia,0,
4614,34,Duchy of Petlancia,0,
4615,34,Duchy of Petlancia,0,
4616,34,Duchy of Petlancia,0,
4617,34,Duchy of Petlancia,0,
4618,34,Duchy of Petlancia,0,
4619,34,Duchy of Petlancia,0,
4620,34,Duchy of Petlancia,0,
4621,34,Duchy of Petlancia,0,
4622,34,Duchy of Petlancia,0,
4623,34,Duchy of Petlancia,0,
4624,0,Neutrals,0,
4625,0,Neutrals,0,
4626,0,Neutrals,0,
4627,0,Neutrals,0,
4628,0,Neutrals,0,
4629,0,Neutrals,0,
4630,0,Neutrals,0,
4631,0,Neutrals,0,
4632,31,Duchy of Witfordburia,0,
4633,31,Duchy of Witfordburia,0,
4634,31,Duchy of Witfordburia,0,
4635,31,Duchy of Witfordburia,0,
4636,31,Duchy of Witfordburia,0,
4637,31,Duchy of Witfordburia,0,
4638,31,Duchy of Witfordburia,0,
4639,31,Duchy of Witfordburia,0,
4640,31,Duchy of Witfordburia,0,
4641,31,Duchy of Witfordburia,0,
4642,31,Duchy of Witfordburia,0,
4643,31,Duchy of Witfordburia,0,
4644,31,Duchy of Witfordburia,0,
4645,31,Duchy of Witfordburia,0,
4646,33,Duchy of Temalimco,0,
4647,33,Duchy of Temalimco,0,
4648,33,Duchy of Temalimco,0,
4649,33,Duchy of Temalimco,0,
4650,33,Duchy of Temalimco,0,
4651,33,Duchy of Temalimco,0,
4652,33,Duchy of Temalimco,0,
4653,33,Duchy of Temalimco,0,
4654,33,Duchy of Temalimco,0,
4655,33,Duchy of Temalimco,0,
4656,33,Duchy of Temalimco,0,
4657,36,Duchy of Eleral,0,
4658,33,Duchy of Temalimco,0,
4659,36,Duchy of Eleral,0,
4660,36,Duchy of Eleral,0,
4661,36,Duchy of Eleral,0,
4662,36,Duchy of Eleral,0,
4663,36,Duchy of Eleral,0,
4664,36,Duchy of Eleral,0,
4665,36,Duchy of Eleral,0,
4666,36,Duchy of Eleral,0,
4667,36,Duchy of Eleral,0,
4668,36,Duchy of Eleral,0,
4669,36,Duchy of Eleral,0,
4670,36,Duchy of Eleral,0,
4671,36,Duchy of Eleral,0,
4672,36,Duchy of Eleral,0,
4673,36,Duchy of Eleral,0,
4674,36,Duchy of Eleral,0,
4675,32,Nekosdamkoda,0,
4676,32,Nekosdamkoda,0,
4677,32,Nekosdamkoda,0,
4678,32,Nekosdamkoda,0,
4679,32,Nekosdamkoda,0,
4680,32,Nekosdamkoda,0,
4681,32,Nekosdamkoda,0,
4682,32,Nekosdamkoda,0,
4683,32,Nekosdamkoda,0,
4684,32,Nekosdamkoda,0,
4685,32,Nekosdamkoda,0,
4686,34,Duchy of Petlancia,0,
4687,34,Duchy of Petlancia,0,
4688,34,Duchy of Petlancia,0,
4689,34,Duchy of Petlancia,0,
4690,34,Duchy of Petlancia,0,
4691,34,Duchy of Petlancia,0,
4692,34,Duchy of Petlancia,0,
4693,34,Duchy of Petlancia,0,
4694,34,Duchy of Petlancia,0,
4695,34,Duchy of Petlancia,0,
4696,34,Duchy of Petlancia,0,
4697,34,Duchy of Petlancia,0,
4698,34,Duchy of Petlancia,0,
4699,34,Duchy of Petlancia,0,
4700,0,Neutrals,0,
4701,0,Neutrals,0,
4702,0,Neutrals,0,
4703,0,Neutrals,0,
4704,0,Neutrals,0,
4705,0,Neutrals,0,
4706,0,Neutrals,0,
4707,31,Duchy of Witfordburia,0,
4708,31,Duchy of Witfordburia,0,
4709,31,Duchy of Witfordburia,0,
4710,31,Duchy of Witfordburia,0,
4711,31,Duchy of Witfordburia,0,
4712,31,Duchy of Witfordburia,0,
4713,31,Duchy of Witfordburia,0,
4714,31,Duchy of Witfordburia,0,
4715,31,Duchy of Witfordburia,0,
4716,31,Duchy of Witfordburia,0,
4717,31,Duchy of Witfordburia,0,
4718,31,Duchy of Witfordburia,0,
4719,31,Duchy of Witfordburia,0,
4720,31,Duchy of Witfordburia,0,
4721,31,Duchy of Witfordburia,0,
4722,33,Duchy of Temalimco,0,
4723,33,Duchy of Temalimco,0,
4724,33,Duchy of Temalimco,0,
4725,33,Duchy of Temalimco,0,
4726,33,Duchy of Temalimco,0,
4727,33,Duchy of Temalimco,0,
4728,33,Duchy of Temalimco,0,
4729,33,Duchy of Temalimco,0,
4730,33,Duchy of Temalimco,0,
4731,33,Duchy of Temalimco,0,
4732,33,Duchy of Temalimco,0,
4733,33,Duchy of Temalimco,0,
4734,33,Duchy of Temalimco,0,
4735,33,Duchy of Temalimco,0,
4736,36,Duchy of Eleral,0,
4737,36,Duchy of Eleral,0,
4738,36,Duchy of Eleral,0,
4739,36,Duchy of Eleral,0,
4740,36,Duchy of Eleral,0,
4741,36,Duchy of Eleral,0,
4742,32,Nekosdamkoda,0,
4743,32,Nekosdamkoda,0,
4744,32,Nekosdamkoda,0,
4745,36,Duchy of Eleral,0,
4746,36,Duchy of Eleral,0,
4747,36,Duchy of Eleral,0,
4748,36,Duchy of Eleral,0,
4749,36,Duchy of Eleral,0,
4750,36,Duchy of Eleral,0,
4751,32,Nekosdamkoda,0,
4752,32,Nekosdamkoda,0,
4753,32,Nekosdamkoda,0,
4754,32,Nekosdamkoda,0,
4755,32,Nekosdamkoda,0,
4756,32,Nekosdamkoda,0,
4757,32,Nekosdamkoda,0,
4758,32,Nekosdamkoda,0,
4759,32,Nekosdamkoda,0,
4760,34,Duchy of Petlancia,0,
4761,34,Duchy of Petlancia,0,
4762,34,Duchy of Petlancia,0,
4763,34,Duchy of Petlancia,0,
4764,34,Duchy of Petlancia,0,
4765,34,Duchy of Petlancia,0,
4766,34,Duchy of Petlancia,0,
4767,34,Duchy of Petlancia,0,
4768,34,Duchy of Petlancia,0,
4769,34,Duchy of Petlancia,0,
4770,34,Duchy of Petlancia,0,
4771,34,Duchy of Petlancia,0,
4772,34,Duchy of Petlancia,0,
4773,0,Neutrals,0,
4774,0,Neutrals,0,
4775,0,Neutrals,0,
4776,0,Neutrals,0,
4777,0,Neutrals,0,
4778,0,Neutrals,0,
4779,0,Neutrals,0,
4780,0,Neutrals,0,
4781,0,Neutrals,0,
4782,0,Neutrals,0,
4783,0,Neutrals,0,
4784,0,Neutrals,0,
4785,31,Duchy of Witfordburia,0,
4786,31,Duchy of Witfordburia,0,
4787,31,Duchy of Witfordburia,0,
4788,31,Duchy of Witfordburia,0,
4789,31,Duchy of Witfordburia,0,
4790,31,Duchy of Witfordburia,0,
4791,31,Duchy of Witfordburia,0,
4792,31,Duchy of Witfordburia,0,
4793,31,Duchy of Witfordburia,0,
4794,31,Duchy of Witfordburia,0,
4795,31,Duchy of Witfordburia,0,
4796,31,Duchy of Witfordburia,0,
4797,31,Duchy of Witfordburia,0,
4798,33,Duchy of Temalimco,0,
4799,33,Duchy of Temalimco,0,
4800,33,Duchy of Temalimco,0,
4801,33,Duchy of Temalimco,0,
4802,33,Duchy of Temalimco,0,
4803,33,Duchy of Temalimco,0,
4804,33,Duchy of Temalimco,0,
4805,33,Duchy of Temalimco,0,
4806,33,Duchy of Temalimco,0,
4807,33,Duchy of Temalimco,0,
4808,33,Duchy of Temalimco,0,
4809,33,Duchy of Temalimco,0,
4810,33,Duchy of Temalimco,0,
4811,33,Duchy of Temalimco,0,
4812,33,Duchy of Temalimco,0,
4813,33,Duchy of Temalimco,0,
4814,33,Duchy of Temalimco,0,
4815,36,Duchy of Eleral,0,
4816,36,Duchy of Eleral,0,
4817,33,Duchy of Temalimco,0,
4818,33,Duchy of Temalimco,0,
4819,33,Duchy of Temalimco,0,
4820,32,Nekosdamkoda,0,
4821,32,Nekosdamkoda,0,
4822,32,Nekosdamkoda,0,
4823,32,Nekosdamkoda,0,
4824,32,Nekosdamkoda,0,
4825,36,Duchy of Eleral,0,
4826,36,Duchy of Eleral,0,
4827,32,Nekosdamkoda,0,
4828,32,Nekosdamkoda,0,
4829,32,Nekosdamkoda,0,
4830,32,Nekosdamkoda,0,
4831,32,Nekosdamkoda,0,
4832,32,Nekosdamkoda,0,
4833,32,Nekosdamkoda,0,
4834,32,Nekosdamkoda,0,
4835,32,Nekosdamkoda,0,
4836,32,Nekosdamkoda,0,
4837,32,Nekosdamkoda,0,
4838,34,Duchy of Petlancia,0,
4839,34,Duchy of Petlancia,0,
4840,34,Duchy of Petlancia,0,
4841,34,Duchy of Petlancia,0,
4842,34,Duchy of Petlancia,0,
4843,34,Duchy of Petlancia,0,
4844,34,Duchy of Petlancia,0,
4845,34,Duchy of Petlancia,0,
4846,34,Duchy of Petlancia,0,
4847,34,Duchy of Petlancia,0,
4848,34,Duchy of Petlancia,0,
4849,34,Duchy of Petlancia,0,
4850,34,Duchy of Petlancia,0,
4851,34,Duchy of Petlancia,0,
4852,34,Duchy of Petlancia,0,
4853,0,Neutrals,0,
4854,0,Neutrals,0,
4855,0,Neutrals,0,
4856,0,Neutrals,0,
4857,0,Neutrals,0,
4858,0,Neutrals,0,
4859,0,Neutrals,0,
4860,0,Neutrals,0,
4861,34,Duchy of Petlancia,0,
4862,0,Neutrals,0,
4863,0,Neutrals,0,
4864,0,Neutrals,0,
4865,0,Neutrals,0,
4866,0,Neutrals,0,
4867,0,Neutrals,0,
4868,31,Duchy of Witfordburia,0,
4869,31,Duchy of Witfordburia,0,
4870,31,Duchy of Witfordburia,0,
4871,31,Duchy of Witfordburia,0,
4872,31,Duchy of Witfordburia,0,
4873,31,Duchy of Witfordburia,0,
4874,31,Duchy of Witfordburia,0,
4875,31,Duchy of Witfordburia,0,
4876,31,Duchy of Witfordburia,0,
4877,31,Duchy of Witfordburia,0,
4878,33,Duchy of Temalimco,0,
4879,31,Duchy of Witfordburia,0,
4880,33,Duchy of Temalimco,0,
4881,33,Duchy of Temalimco,0,
4882,33,Duchy of Temalimco,0,
4883,33,Duchy of Temalimco,0,
4884,33,Duchy of Temalimco,0,
4885,33,Duchy of Temalimco,0,
4886,33,Duchy of Temalimco,0,
4887,33,Duchy of Temalimco,0,
4888,33,Duchy of Temalimco,0,
4889,33,Duchy of Temalimco,0,
4890,33,Duchy of Temalimco,0,
4891,33,Duchy of Temalimco,0,
4892,33,Duchy of Temalimco,0,
4893,33,Duchy of Temalimco,0,
4894,33,Duchy of Temalimco,0,
4895,33,Duchy of Temalimco,0,
4896,33,Duchy of Temalimco,0,
4897,33,Duchy of Temalimco,0,
4898,33,Duchy of Temalimco,0,
4899,33,Duchy of Temalimco,0,
4900,33,Duchy of Temalimco,0,
4901,33,Duchy of Temalimco,0,
4902,33,Duchy of Temalimco,0,
4903,33,Duchy of Temalimco,0,
4904,32,Nekosdamkoda,0,
4905,32,Nekosdamkoda,0,
4906,32,Nekosdamkoda,0,
4907,32,Nekosdamkoda,0,
4908,32,Nekosdamkoda,0,
4909,32,Nekosdamkoda,0,
4910,32,Nekosdamkoda,0,
4911,32,Nekosdamkoda,0,
4912,32,Nekosdamkoda,0,
4913,32,Nekosdamkoda,0,
4914,32,Nekosdamkoda,0,
4915,32,Nekosdamkoda,0,
4916,32,Nekosdamkoda,0,
4917,32,Nekosdamkoda,0,
4918,32,Nekosdamkoda,0,
4919,32,Nekosdamkoda,0,
4920,32,Nekosdamkoda,0,
4921,34,Duchy of Petlancia,0,
4922,34,Duchy of Petlancia,0,
4923,34,Duchy of Petlancia,0,
4924,34,Duchy of Petlancia,0,
4925,34,Duchy of Petlancia,0,
4926,34,Duchy of Petlancia,0,
4927,34,Duchy of Petlancia,0,
4928,34,Duchy of Petlancia,0,
4929,34,Duchy of Petlancia,0,
4930,34,Duchy of Petlancia,0,
4931,34,Duchy of Petlancia,0,
4932,0,Neutrals,0,
4933,0,Neutrals,0,
4934,0,Neutrals,0,
4935,0,Neutrals,0,
4936,0,Neutrals,0,
4937,0,Neutrals,0,
4938,0,Neutrals,0,
4939,0,Neutrals,0,
4940,0,Neutrals,0,
4941,0,Neutrals,0,
4942,0,Neutrals,0,
4943,0,Neutrals,0,
4944,0,Neutrals,0,
4945,0,Neutrals,0,
4946,0,Neutrals,0,
4947,0,Neutrals,0,
4948,0,Neutrals,0,
4949,0,Neutrals,0,
4950,0,Neutrals,0,
4951,0,Neutrals,0,
4952,0,Neutrals,0,
4953,0,Neutrals,0,
4954,0,Neutrals,0,
4955,0,Neutrals,0,
4956,0,Neutrals,0,
4957,0,Neutrals,0,
4958,0,Neutrals,0,
4959,0,Neutrals,0,
4960,31,Duchy of Witfordburia,0,
4961,31,Duchy of Witfordburia,0,
4962,31,Duchy of Witfordburia,0,
4963,31,Duchy of Witfordburia,0,
4964,31,Duchy of Witfordburia,0,
4965,31,Duchy of Witfordburia,0,
4966,31,Duchy of Witfordburia,0,
4967,31,Duchy of Witfordburia,0,
4968,31,Duchy of Witfordburia,0,
4969,31,Duchy of Witfordburia,0,
4970,33,Duchy of Temalimco,0,
4971,33,Duchy of Temalimco,0,
4972,33,Duchy of Temalimco,0,
4973,33,Duchy of Temalimco,0,
4974,33,Duchy of Temalimco,0,
4975,33,Duchy of Temalimco,0,
4976,33,Duchy of Temalimco,0,
4977,33,Duchy of Temalimco,0,
4978,33,Duchy of Temalimco,0,
4979,33,Duchy of Temalimco,0,
4980,33,Duchy of Temalimco,0,
4981,33,Duchy of Temalimco,0,
4982,33,Duchy of Temalimco,0,
4983,33,Duchy of Temalimco,0,
4984,33,Duchy of Temalimco,0,
4985,33,Duchy of Temalimco,0,
4986,33,Duchy of Temalimco,0,
4987,33,Duchy of Temalimco,0,
4988,33,Duchy of Temalimco,0,
4989,33,Duchy of Temalimco,0,
4990,33,Duchy of Temalimco,0,
4991,33,Duchy of Temalimco,0,
4992,33,Duchy of Temalimco,0,
4993,33,Duchy of Temalimco,0,
4994,33,Duchy of Temalimco,0,
4995,32,Nekosdamkoda,0,
4996,32,Nekosdamkoda,0,
4997,32,Nekosdamkoda,0,
4998,32,Nekosdamkoda,0,
4999,32,Nekosdamkoda,0,
5000,32,Nekosdamkoda,0,
5001,32,Nekosdamkoda,0,
5002,32,Nekosdamkoda,0,
5003,32,Nekosdamkoda,0,
5004,32,Nekosdamkoda,0,
5005,32,Nekosdamkoda,0,
5006,32,Nekosdamkoda,0,
5007,32,Nekosdamkoda,0,
5008,32,Nekosdamkoda,0,
5009,32,Nekosdamkoda,0,
5010,32,Nekosdamkoda,0,
5011,34,Duchy of Petlancia,0,
5012,32,Nekosdamkoda,0,
5013,34,Duchy of Petlancia,0,
5014,34,Duchy of Petlancia,0,
5015,34,Duchy of Petlancia,0,
5016,34,Duchy of Petlancia,0,
5017,34,Duchy of Petlancia,0,
5018,34,Duchy of Petlancia,0,
5019,34,Duchy of Petlancia,0,
5020,34,Duchy of Petlancia,0,
5021,34,Duchy of Petlancia,0,
5022,34,Duchy of Petlancia,0,
5023,34,Duchy of Petlancia,0,
5024,34,Duchy of Petlancia,0,
5025,34,Duchy of Petlancia,0,
5026,34,Duchy of Petlancia,0,
5027,34,Duchy of Petlancia,0,
5028,34,Duchy of Petlancia,0,
5029,34,Duchy of Petlancia,0,
5030,34,Duchy of Petlancia,0,
5031,34,Duchy of Petlancia,0,
5032,34,Duchy of Petlancia,0,
5033,34,Duchy of Petlancia,0,
5034,0,Neutrals,0,
5035,0,Neutrals,0,
5036,0,Neutrals,0,
5037,0,Neutrals,0,
5038,0,Neutrals,0,
5039,0,Neutrals,0,
5040,0,Neutrals,0,
5041,0,Neutrals,0,
5042,0,Neutrals,0,
5043,0,Neutrals,0,
5044,0,Neutrals,0,
5045,0,Neutrals,0,
5046,0,Neutrals,0,
5047,0,Neutrals,0,
5048,0,Neutrals,0,
5049,0,Neutrals,0,
5050,0,Neutrals,0,
5051,0,Neutrals,0,
5052,0,Neutrals,0,
5053,0,Neutrals,0,
5054,34,Duchy of Petlancia,0,
5055,0,Neutrals,0,
5056,0,Neutrals,0,
5057,0,Neutrals,0,
5058,0,Neutrals,0,
5059,0,Neutrals,0,
5060,0,Neutrals,0,
5061,0,Neutrals,0,
5062,0,Neutrals,0,
5063,0,Neutrals,0,
5064,31,Duchy of Witfordburia,0,
5065,31,Duchy of Witfordburia,0,
5066,31,Duchy of Witfordburia,0,
5067,31,Duchy of Witfordburia,0,
5068,31,Duchy of Witfordburia,0,
5069,31,Duchy of Witfordburia,0,
5070,31,Duchy of Witfordburia,0,
5071,31,Duchy of Witfordburia,0,
5072,31,Duchy of Witfordburia,0,
5073,31,Duchy of Witfordburia,0,
5074,33,Duchy of Temalimco,0,
5075,33,Duchy of Temalimco,0,
5076,33,Duchy of Temalimco,0,
5077,33,Duchy of Temalimco,0,
5078,33,Duchy of Temalimco,0,
5079,33,Duchy of Temalimco,0,
5080,33,Duchy of Temalimco,0,
5081,33,Duchy of Temalimco,0,
5082,33,Duchy of Temalimco,0,
5083,33,Duchy of Temalimco,0,
5084,33,Duchy of Temalimco,0,
5085,33,Duchy of Temalimco,0,
5086,33,Duchy of Temalimco,0,
5087,33,Duchy of Temalimco,0,
5088,33,Duchy of Temalimco,0,
5089,33,Duchy of Temalimco,0,
5090,33,Duchy of Temalimco,0,
5091,33,Duchy of Temalimco,0,
5092,33,Duchy of Temalimco,0,
5093,33,Duchy of Temalimco,0,
5094,33,Duchy of Temalimco,0,
5095,33,Duchy of Temalimco,0,
5096,33,Duchy of Temalimco,0,
5097,33,Duchy of Temalimco,0,
5098,33,Duchy of Temalimco,0,
5099,33,Duchy of Temalimco,0,
5100,32,Nekosdamkoda,0,
5101,32,Nekosdamkoda,0,
5102,32,Nekosdamkoda,0,
5103,32,Nekosdamkoda,0,
5104,32,Nekosdamkoda,0,
5105,32,Nekosdamkoda,0,
5106,32,Nekosdamkoda,0,
5107,32,Nekosdamkoda,0,
5108,32,Nekosdamkoda,0,
5109,32,Nekosdamkoda,0,
5110,32,Nekosdamkoda,0,
5111,34,Duchy of Petlancia,0,
5112,34,Duchy of Petlancia,0,
5113,34,Duchy of Petlancia,0,
5114,34,Duchy of Petlancia,0,
5115,34,Duchy of Petlancia,0,
5116,34,Duchy of Petlancia,0,
5117,32,Nekosdamkoda,0,
5118,34,Duchy of Petlancia,0,
5119,34,Duchy of Petlancia,0,
5120,34,Duchy of Petlancia,0,
5121,34,Duchy of Petlancia,0,
5122,34,Duchy of Petlancia,0,
5123,34,Duchy of Petlancia,0,
5124,34,Duchy of Petlancia,0,
5125,34,Duchy of Petlancia,0,
5126,34,Duchy of Petlancia,0,
5127,34,Duchy of Petlancia,0,
5128,34,Duchy of Petlancia,0,
5129,34,Duchy of Petlancia,0,
5130,34,Duchy of Petlancia,0,
5131,34,Duchy of Petlancia,0,
5132,34,Duchy of Petlancia,0,
5133,34,Duchy of Petlancia,0,
5134,34,Duchy of Petlancia,0,
5135,34,Duchy of Petlancia,0,
5136,34,Duchy of Petlancia,0,
5137,34,Duchy of Petlancia,0,
5138,34,Duchy of Petlancia,0,
5139,34,Duchy of Petlancia,0,
5140,34,Duchy of Petlancia,0,
5141,34,Duchy of Petlancia,0,
5142,0,Neutrals,0,
5143,34,Duchy of Petlancia,0,
5144,0,Neutrals,0,
5145,0,Neutrals,0,
5146,0,Neutrals,0,
5147,0,Neutrals,0,
5148,0,Neutrals,0,
5149,0,Neutrals,0,
5150,0,Neutrals,0,
5151,0,Neutrals,0,
5152,0,Neutrals,0,
5153,34,Duchy of Petlancia,0,
5154,34,Duchy of Petlancia,0,
5155,34,Duchy of Petlancia,0,
5156,0,Neutrals,0,
5157,0,Neutrals,0,
5158,0,Neutrals,0,
5159,0,Neutrals,0,
5160,0,Neutrals,0,
5161,0,Neutrals,0,
5162,31,Duchy of Witfordburia,0,
5163,31,Duchy of Witfordburia,0,
5164,31,Duchy of Witfordburia,0,
5165,31,Duchy of Witfordburia,0,
5166,31,Duchy of Witfordburia,0,
5167,31,Duchy of Witfordburia,0,
5168,31,Duchy of Witfordburia,0,
5169,31,Duchy of Witfordburia,0,
5170,31,Duchy of Witfordburia,0,
5171,33,Duchy of Temalimco,0,
5172,33,Duchy of Temalimco,0,
5173,33,Duchy of Temalimco,0,
5174,33,Duchy of Temalimco,0,
5175,33,Duchy of Temalimco,0,
5176,33,Duchy of Temalimco,0,
5177,33,Duchy of Temalimco,0,
5178,33,Duchy of Temalimco,0,
5179,33,Duchy of Temalimco,0,
5180,33,Duchy of Temalimco,0,
5181,33,Duchy of Temalimco,0,
5182,33,Duchy of Temalimco,0,
5183,33,Duchy of Temalimco,0,
5184,33,Duchy of Temalimco,0,
5185,33,Duchy of Temalimco,0,
5186,33,Duchy of Temalimco,0,
5187,33,Duchy of Temalimco,0,
5188,33,Duchy of Temalimco,0,
5189,33,Duchy of Temalimco,0,
5190,33,Duchy of Temalimco,0,
5191,33,Duchy of Temalimco,0,
5192,33,Duchy of Temalimco,0,
5193,33,Duchy of Temalimco,0,
5194,33,Duchy of Temalimco,0,
5195,33,Duchy of Temalimco,0,
5196,33,Duchy of Temalimco,0,
5197,33,Duchy of Temalimco,0,
5198,33,Duchy of Temalimco,0,
5199,32,Nekosdamkoda,0,
5200,33,Duchy of Temalimco,0,
5201,32,Nekosdamkoda,0,
5202,32,Nekosdamkoda,0,
5203,32,Nekosdamkoda,0,
5204,32,Nekosdamkoda,0,
5205,32,Nekosdamkoda,0,
5206,34,Duchy of Petlancia,0,
5207,32,Nekosdamkoda,0,
5208,32,Nekosdamkoda,0,
5209,34,Duchy of Petlancia,0,
5210,34,Duchy of Petlancia,0,
5211,34,Duchy of Petlancia,0,
5212,34,Duchy of Petlancia,0,
5213,34,Duchy of Petlancia,0,
5214,34,Duchy of Petlancia,0,
5215,34,Duchy of Petlancia,0,
5216,34,Duchy of Petlancia,0,
5217,34,Duchy of Petlancia,0,
5218,34,Duchy of Petlancia,0,
5219,34,Duchy of Petlancia,0,
5220,34,Duchy of Petlancia,0,
5221,34,Duchy of Petlancia,0,
5222,34,Duchy of Petlancia,0,
5223,34,Duchy of Petlancia,0,
5224,34,Duchy of Petlancia,0,
5225,34,Duchy of Petlancia,0,
5226,34,Duchy of Petlancia,0,
5227,34,Duchy of Petlancia,0,
5228,34,Duchy of Petlancia,0,
5229,34,Duchy of Petlancia,0,
5230,34,Duchy of Petlancia,0,
5231,34,Duchy of Petlancia,0,
5232,34,Duchy of Petlancia,0,
5233,34,Duchy of Petlancia,0,
5234,34,Duchy of Petlancia,0,
5235,34,Duchy of Petlancia,0,
5236,34,Duchy of Petlancia,0,
5237,34,Duchy of Petlancia,0,
5238,34,Duchy of Petlancia,0,
5239,34,Duchy of Petlancia,0,
5240,34,Duchy of Petlancia,0,
5241,34,Duchy of Petlancia,0,
5242,34,Duchy of Petlancia,0,
5243,0,Neutrals,0,
5244,0,Neutrals,0,
5245,0,Neutrals,0,
5246,0,Neutrals,0,
5247,0,Neutrals,0,
5248,0,Neutrals,0,
5249,0,Neutrals,0,
5250,34,Duchy of Petlancia,0,
5251,34,Duchy of Petlancia,0,
5252,34,Duchy of Petlancia,0,
5253,34,Duchy of Petlancia,0,
5254,34,Duchy of Petlancia,0,
5255,34,Duchy of Petlancia,0,
5256,0,Neutrals,0,
5257,0,Neutrals,0,
5258,0,Neutrals,0,
5259,0,Neutrals,0,
5260,0,Neutrals,0,
5261,0,Neutrals,0,
5262,31,Duchy of Witfordburia,0,
5263,31,Duchy of Witfordburia,0,
5264,31,Duchy of Witfordburia,0,
5265,31,Duchy of Witfordburia,0,
5266,31,Duchy of Witfordburia,0,
5267,31,Duchy of Witfordburia,0,
5268,31,Duchy of Witfordburia,0,
5269,31,Duchy of Witfordburia,0,
5270,33,Duchy of Temalimco,0,
5271,33,Duchy of Temalimco,0,
5272,33,Duchy of Temalimco,0,
5273,33,Duchy of Temalimco,0,
5274,33,Duchy of Temalimco,0,
5275,33,Duchy of Temalimco,0,
5276,33,Duchy of Temalimco,0,
5277,33,Duchy of Temalimco,0,
5278,33,Duchy of Temalimco,0,
5279,33,Duchy of Temalimco,0,
5280,33,Duchy of Temalimco,0,
5281,33,Duchy of Temalimco,0,
5282,33,Duchy of Temalimco,0,
5283,33,Duchy of Temalimco,0,
5284,33,Duchy of Temalimco,0,
5285,33,Duchy of Temalimco,0,
5286,33,Duchy of Temalimco,0,
5287,33,Duchy of Temalimco,0,
5288,33,Duchy of Temalimco,0,
5289,33,Duchy of Temalimco,0,
5290,33,Duchy of Temalimco,0,
5291,33,Duchy of Temalimco,0,
5292,33,Duchy of Temalimco,0,
5293,33,Duchy of Temalimco,0,
5294,33,Duchy of Temalimco,0,
5295,33,Duchy of Temalimco,0,
5296,33,Duchy of Temalimco,0,
5297,33,Duchy of Temalimco,0,
5298,33,Duchy of Temalimco,0,
5299,33,Duchy of Temalimco,0,
5300,33,Duchy of Temalimco,0,
5301,33,Duchy of Temalimco,0,
5302,33,Duchy of Temalimco,0,
5303,33,Duchy of Temalimco,0,
5304,34,Duchy of Petlancia,0,
5305,34,Duchy of Petlancia,0,
5306,34,Duchy of Petlancia,0,
5307,34,Duchy of Petlancia,0,
5308,34,Duchy of Petlancia,0,
5309,34,Duchy of Petlancia,0,
5310,34,Duchy of Petlancia,0,
5311,34,Duchy of Petlancia,0,
5312,34,Duchy of Petlancia,0,
5313,34,Duchy of Petlancia,0,
5314,34,Duchy of Petlancia,0,
5315,34,Duchy of Petlancia,0,
5316,34,Duchy of Petlancia,0,
5317,34,Duchy of Petlancia,0,
5318,34,Duchy of Petlancia,0,
5319,34,Duchy of Petlancia,0,
5320,34,Duchy of Petlancia,0,
5321,34,Duchy of Petlancia,0,
5322,34,Duchy of Petlancia,0,
5323,34,Duchy of Petlancia,0,
5324,34,Duchy of Petlancia,0,
5325,34,Duchy of Petlancia,0,
5326,34,Duchy of Petlancia,0,
5327,34,Duchy of Petlancia,0,
5328,34,Duchy of Petlancia,0,
5329,34,Duchy of Petlancia,0,
5330,34,Duchy of Petlancia,0,
5331,34,Duchy of Petlancia,0,
5332,34,Duchy of Petlancia,0,
5333,34,Duchy of Petlancia,0,
5334,34,Duchy of Petlancia,0,
5335,34,Duchy of Petlancia,0,
5336,34,Duchy of Petlancia,0,
5337,34,Duchy of Petlancia,0,
5338,34,Duchy of Petlancia,0,
5339,34,Duchy of Petlancia,0,
5340,34,Duchy of Petlancia,0,
5341,0,Neutrals,0,
5342,0,Neutrals,0,
5343,0,Neutrals,0,
5344,34,Duchy of Petlancia,0,
5345,34,Duchy of Petlancia,0,
5346,34,Duchy of Petlancia,0,
5347,34,Duchy of Petlancia,0,
5348,34,Duchy of Petlancia,0,
5349,34,Duchy of Petlancia,0,
5350,34,Duchy of Petlancia,0,
5351,0,Neutrals,0,
5352,0,Neutrals,0,
5353,0,Neutrals,0,
5354,0,Neutrals,0,
5355,0,Neutrals,0,
5356,0,Neutrals,0,
5357,0,Neutrals,0,
5358,0,Neutrals,0,
5359,31,Duchy of Witfordburia,0,
5360,31,Duchy of Witfordburia,0,
5361,31,Duchy of Witfordburia,0,
5362,31,Duchy of Witfordburia,0,
5363,31,Duchy of Witfordburia,0,
5364,31,Duchy of Witfordburia,0,
5365,31,Duchy of Witfordburia,0,
5366,33,Duchy of Temalimco,0,
5367,33,Duchy of Temalimco,0,
5368,33,Duchy of Temalimco,0,
5369,33,Duchy of Temalimco,0,
5370,33,Duchy of Temalimco,0,
5371,33,Duchy of Temalimco,0,
5372,33,Duchy of Temalimco,0,
5373,33,Duchy of Temalimco,0,
5374,33,Duchy of Temalimco,0,
5375,33,Duchy of Temalimco,0,
5376,33,Duchy of Temalimco,0,
5377,33,Duchy of Temalimco,0,
5378,33,Duchy of Temalimco,0,
5379,33,Duchy of Temalimco,0,
5380,33,Duchy of Temalimco,0,
5381,33,Duchy of Temalimco,0,
5382,33,Duchy of Temalimco,0,
5383,33,Duchy of Temalimco,0,
5384,33,Duchy of Temalimco,0,
5385,33,Duchy of Temalimco,0,
5386,33,Duchy of Temalimco,0,
5387,33,Duchy of Temalimco,0,
5388,33,Duchy of Temalimco,0,
5389,33,Duchy of Temalimco,0,
5390,33,Duchy of Temalimco,0,
5391,33,Duchy of Temalimco,0,
5392,33,Duchy of Temalimco,0,
5393,33,Duchy of Temalimco,0,
5394,33,Duchy of Temalimco,0,
5395,33,Duchy of Temalimco,0,
5396,33,Duchy of Temalimco,0,
5397,33,Duchy of Temalimco,0,
5398,33,Duchy of Temalimco,0,
5399,33,Duchy of Temalimco,0,
5400,34,Duchy of Petlancia,0,
5401,34,Duchy of Petlancia,0,
5402,34,Duchy of Petlancia,0,
5403,34,Duchy of Petlancia,0,
5404,34,Duchy of Petlancia,0,
5405,34,Duchy of Petlancia,0,
5406,34,Duchy of Petlancia,0,
5407,34,Duchy of Petlancia,0,
5408,34,Duchy of Petlancia,0,
5409,34,Duchy of Petlancia,0,
5410,34,Duchy of Petlancia,0,
5411,34,Duchy of Petlancia,0,
5412,34,Duchy of Petlancia,0,
5413,34,Duchy of Petlancia,0,
5414,34,Duchy of Petlancia,0,
5415,34,Duchy of Petlancia,0,
5416,34,Duchy of Petlancia,0,
5417,34,Duchy of Petlancia,0,
5418,34,Duchy of Petlancia,0,
5419,34,Duchy of Petlancia,0,
5420,34,Duchy of Petlancia,0,
5421,34,Duchy of Petlancia,0,
5422,34,Duchy of Petlancia,0,
5423,34,Duchy of Petlancia,0,
5424,34,Duchy of Petlancia,0,
5425,34,Duchy of Petlancia,0,
5426,34,Duchy of Petlancia,0,
5427,34,Duchy of Petlancia,0,
5428,34,Duchy of Petlancia,0,
5429,34,Duchy of Petlancia,0,
5430,34,Duchy of Petlancia,0,
5431,34,Duchy of Petlancia,0,
5432,34,Duchy of Petlancia,0,
5433,34,Duchy of Petlancia,0,
5434,34,Duchy of Petlancia,0,
5435,34,Duchy of Petlancia,0,
5436,34,Duchy of Petlancia,0,
5437,0,Neutrals,0,
5438,0,Neutrals,0,
5439,0,Neutrals,0,
5440,0,Neutrals,0,
5441,0,Neutrals,0,
5442,0,Neutrals,0,
5443,34,Duchy of Petlancia,0,
5444,34,Duchy of Petlancia,0,
5445,0,Neutrals,0,
5446,0,Neutrals,0,
